# Blender 4.1.1
# www.blender.org
mtllib enemy.mtl
o ICO球
v -0.548849 0.026622 -0.396086
v -0.596261 -0.077333 0.079743
v -0.779473 0.339733 -0.099027
v -0.415925 0.015362 0.525115
v -0.185304 -0.297748 0.228054
v -0.108585 -0.129545 -0.541855
v -0.291794 0.287521 -0.720628
v 0.116097 -0.330019 -0.156112
v 0.373154 -0.069122 -0.480653
v 0.296435 -0.237326 0.289260
v -0.487678 0.489720 0.621601
v -0.076719 0.269304 0.769913
v -0.664951 0.794151 -0.239975
v -0.712364 0.690195 0.235857
v 0.076719 0.605710 -0.769913
v -0.363548 0.761880 -0.624145
v 0.712364 0.184819 -0.235857
v 0.487678 0.385293 -0.621601
v 0.363548 0.113133 0.624145
v 0.664951 0.080863 0.239975
v -0.373154 0.944135 0.480653
v -0.296435 1.112339 -0.289260
v 0.415925 0.859651 -0.525115
v 0.779473 0.535280 0.099027
v 0.291794 0.587493 0.720628
v -0.116097 1.205032 0.156112
v 0.108585 1.004558 0.541855
v 0.185304 1.172762 -0.228054
v 0.596261 0.952346 -0.079743
v 0.548849 0.848391 0.396086
v -0.401430 -0.312765 -0.251921
v -0.317433 -0.342560 -0.279731
v -0.274567 -0.380808 -0.206136
v -0.332070 -0.374651 -0.132842
v -0.410476 -0.332599 -0.161138
v -0.807472 0.170041 0.331333
v -0.773066 0.187726 0.416305
v -0.786756 0.278227 0.434713
v -0.829624 0.316475 0.361118
v -0.842427 0.249612 0.297226
v -0.762876 0.424039 -0.501169
v -0.741027 0.510737 -0.528060
v -0.683523 0.504580 -0.601355
v -0.669833 0.414078 -0.619762
v -0.718876 0.364301 -0.557844
v 0.068888 0.152044 -0.864348
v 0.139196 0.212750 -0.873751
v 0.217602 0.170698 -0.845455
v 0.195752 0.084001 -0.818564
v 0.103842 0.072473 -0.830240
v 0.572748 -0.252376 -0.171325
v 0.637465 -0.203928 -0.124621
v 0.628419 -0.223761 -0.033838
v 0.558111 -0.284467 -0.024435
v 0.523705 -0.302152 -0.109407
v -0.039522 -0.241847 0.608480
v 0.052388 -0.230319 0.620158
v 0.065192 -0.163456 0.684050
v -0.018805 -0.133660 0.711860
v -0.083522 -0.182109 0.665156
v -0.637465 1.078941 0.124621
v -0.572748 1.127389 0.171325
v -0.523705 1.177165 0.109407
v -0.558111 1.159481 0.024435
v -0.628419 1.098774 0.033838
v -0.065192 1.038469 -0.684050
v -0.052388 1.105332 -0.620158
v 0.039522 1.116860 -0.608480
v 0.083522 1.057122 -0.665156
v 0.018805 1.008674 -0.711860
v 0.786756 0.596786 -0.434713
v 0.773066 0.687288 -0.416305
v 0.807472 0.704973 -0.331333
v 0.842427 0.625401 -0.297226
v 0.829624 0.558538 -0.361118
v 0.741027 0.364277 0.528060
v 0.762876 0.450974 0.501169
v 0.718876 0.510712 0.557844
v 0.669833 0.460936 0.619762
v 0.683523 0.370434 0.601355
v -0.139196 0.662263 0.873751
v -0.068888 0.722970 0.864348
v -0.103842 0.802540 0.830240
v -0.195752 0.791012 0.818564
v -0.217602 0.704316 0.845455
v 0.400883 1.186540 0.251596
v 0.409929 1.206374 0.160813
v 0.331523 1.248426 0.132517
v 0.274020 1.254583 0.205812
v 0.316886 1.216335 0.279406
v -0.471334 -0.561380 -0.285881
v -0.435138 -0.574219 -0.297865
v -0.416666 -0.590701 -0.266151
v -0.441446 -0.588048 -0.234568
v -0.475232 -0.569927 -0.246761
v -1.126364 0.132348 0.497492
v -1.111538 0.139968 0.534108
v -1.117438 0.178967 0.542041
v -1.135910 0.195448 0.510327
v -1.141427 0.166636 0.482795
v -1.017883 0.437524 -0.757121
v -1.008468 0.474883 -0.768709
v -0.983689 0.472230 -0.800292
v -0.977789 0.433231 -0.808225
v -0.998923 0.411782 -0.781543
v 0.169452 0.026289 -1.188067
v 0.199749 0.052449 -1.192119
v 0.233535 0.034328 -1.179926
v 0.224120 -0.003031 -1.168338
v 0.184514 -0.007999 -1.173370
v 0.809599 -0.525428 -0.163170
v 0.837486 -0.504551 -0.143045
v 0.833588 -0.513097 -0.103925
v 0.803291 -0.539256 -0.099873
v 0.788465 -0.546877 -0.136489
v -0.021707 -0.460131 0.896154
v 0.017898 -0.455164 0.901186
v 0.023415 -0.426351 0.928719
v -0.012780 -0.413512 0.940702
v -0.040668 -0.434389 0.920577
v -0.837486 1.379564 0.143045
v -0.809599 1.400441 0.163171
v -0.788465 1.421890 0.136489
v -0.803291 1.414270 0.099873
v -0.833588 1.388111 0.103925
v -0.023415 1.301365 -0.928719
v -0.017898 1.330177 -0.901186
v 0.021707 1.335144 -0.896154
v 0.040668 1.309402 -0.920577
v 0.012780 1.288525 -0.940702
v 1.117438 0.696046 -0.542041
v 1.111538 0.735045 -0.534108
v 1.126364 0.742666 -0.497492
v 1.141427 0.708377 -0.482795
v 1.135910 0.679565 -0.510327
v 1.008468 0.400130 0.768709
v 1.017883 0.437489 0.757121
v 0.998923 0.463232 0.781543
v 0.977790 0.441782 0.808224
v 0.983689 0.402784 0.800292
v -0.199749 0.822565 1.192119
v -0.169452 0.848724 1.188067
v -0.184514 0.883012 1.173370
v -0.224120 0.878045 1.168338
v -0.233535 0.840686 1.179926
v 0.468600 1.430202 0.284256
v 0.472498 1.438748 0.245136
v 0.438711 1.456869 0.232943
v 0.413932 1.459522 0.264527
v 0.432404 1.443041 0.296240
v -0.535000 -0.659783 -0.327564
v -0.474587 -0.681213 -0.347567
v -0.443756 -0.708722 -0.294635
v -0.485114 -0.704294 -0.241919
v -0.541506 -0.674048 -0.262271
v -1.257562 0.080023 0.546719
v -1.232816 0.092742 0.607833
v -1.242663 0.157833 0.621073
v -1.273494 0.185342 0.568141
v -1.282703 0.137252 0.522188
v -1.147875 0.432882 -0.830976
v -1.132160 0.495236 -0.850318
v -1.090802 0.490808 -0.903033
v -1.080956 0.425717 -0.916272
v -1.116228 0.389917 -0.871739
v 0.171070 -0.018393 -1.330808
v 0.221637 0.025268 -1.337571
v 0.278029 -0.004977 -1.317220
v 0.262314 -0.067332 -1.297879
v 0.196210 -0.075623 -1.306277
v 0.901268 -0.637442 -0.200903
v 0.947814 -0.602597 -0.167313
v 0.941308 -0.616861 -0.102020
v 0.890740 -0.660522 -0.095256
v 0.865994 -0.673242 -0.156370
v -0.032492 -0.577040 0.988838
v 0.033613 -0.568749 0.997236
v 0.042821 -0.520659 1.043189
v -0.017591 -0.499229 1.063191
v -0.064138 -0.534075 1.029600
v -0.947814 1.477610 0.167313
v -0.901268 1.512455 0.200904
v -0.865995 1.548255 0.156370
v -0.890741 1.535536 0.095257
v -0.941308 1.491874 0.102020
v -0.042821 1.395673 -1.043189
v -0.033613 1.443762 -0.997236
v 0.032491 1.452053 -0.988837
v 0.064138 1.409088 -1.029600
v 0.017591 1.374243 -1.063191
v 1.242663 0.717180 -0.621072
v 1.232816 0.782271 -0.607833
v 1.257563 0.794991 -0.546719
v 1.282703 0.737761 -0.522188
v 1.273495 0.689672 -0.568141
v 1.132160 0.379777 0.850318
v 1.147875 0.442132 0.830977
v 1.116229 0.485097 0.871739
v 1.080956 0.449296 0.916272
v 1.090803 0.384205 0.903033
v -0.221637 0.849745 1.337571
v -0.171070 0.893407 1.330808
v -0.196210 0.950637 1.306277
v -0.262314 0.942345 1.297879
v -0.278029 0.879991 1.317220
v 0.531719 1.527366 0.325615
v 0.538225 1.541631 0.260321
v 0.481833 1.571877 0.239970
v 0.440474 1.576305 0.292685
v 0.471306 1.548796 0.345617
v -0.542076 -0.736941 -0.326635
v -0.514016 -0.746894 -0.335925
v -0.499697 -0.759671 -0.311340
v -0.518906 -0.757614 -0.286856
v -0.545098 -0.743566 -0.296308
v -1.320959 0.091700 0.589716
v -1.309466 0.097608 0.618100
v -1.314039 0.127840 0.624250
v -1.328359 0.140617 0.599665
v -1.332636 0.118281 0.578322
v -1.185513 0.440868 -0.898236
v -1.178214 0.469829 -0.907219
v -1.159005 0.467773 -0.931703
v -1.154432 0.437541 -0.937852
v -1.170815 0.420913 -0.917168
v 0.211764 -0.047067 -1.390189
v 0.235250 -0.026788 -1.393330
v 0.261442 -0.040836 -1.383878
v 0.254143 -0.069797 -1.374894
v 0.223440 -0.073648 -1.378795
v 0.951362 -0.691894 -0.177888
v 0.972980 -0.675710 -0.162286
v 0.969959 -0.682335 -0.131960
v 0.946472 -0.702614 -0.128819
v 0.934979 -0.708522 -0.157204
v -0.019518 -0.606323 1.059396
v 0.011185 -0.602472 1.063296
v 0.015462 -0.580136 1.084640
v -0.012598 -0.570183 1.093930
v -0.034216 -0.586367 1.078328
v -0.972981 1.550723 0.162286
v -0.951362 1.566907 0.177888
v -0.934979 1.583535 0.157204
v -0.946472 1.577627 0.128819
v -0.969959 1.557349 0.131960
v -0.015462 1.455150 -1.084639
v -0.011185 1.477486 -1.063296
v 0.019518 1.481336 -1.059395
v 0.034216 1.461381 -1.078328
v 0.012598 1.445197 -1.093930
v 1.314039 0.747173 -0.624250
v 1.309466 0.777405 -0.618100
v 1.320959 0.783313 -0.589715
v 1.332636 0.756732 -0.578322
v 1.328359 0.734397 -0.599665
v 1.178214 0.405184 0.907219
v 1.185513 0.434145 0.898236
v 1.170815 0.454100 0.917168
v 1.154432 0.437473 0.937852
v 1.159005 0.407240 0.931703
v -0.235250 0.901802 1.393330
v -0.211763 0.922081 1.390189
v -0.223440 0.948662 1.378795
v -0.254143 0.944811 1.374894
v -0.261441 0.915850 1.383877
v 0.538794 1.604524 0.324685
v 0.541816 1.611149 0.294358
v 0.515624 1.625197 0.284906
v 0.496415 1.627254 0.309390
v 0.510735 1.614477 0.333975
v 0.244981 0.982028 0.517232
v 0.344681 0.953680 0.488040
v 0.438305 0.913454 0.453223
v 0.165173 0.901027 0.617992
v 0.205392 0.812309 0.663898
v 0.245622 0.717891 0.696493
v 0.495186 0.783967 0.508727
v 0.443956 0.727688 0.584910
v 0.382312 0.669405 0.651235
v 0.582713 0.897993 0.269158
v 0.597058 0.926660 0.166357
v 0.603532 0.943640 0.060218
v 0.639596 0.768506 0.324661
v 0.696335 0.700667 0.263226
v 0.740864 0.631017 0.194220
v 0.675134 0.846429 -0.032010
v 0.722025 0.756997 0.005391
v 0.755584 0.663293 0.046489
v 0.495881 1.039692 -0.124600
v 0.408920 1.094525 -0.156642
v 0.315427 1.136477 -0.189724
v 0.567482 0.942481 -0.216828
v 0.533886 0.924862 -0.317608
v 0.488295 0.901777 -0.412394
v 0.259438 1.107699 -0.327999
v 0.311203 1.044297 -0.397972
v 0.360705 0.970210 -0.458440
v 0.104486 1.211302 -0.119884
v 0.040268 1.225293 -0.034585
v -0.027861 1.225472 0.048806
v 0.048497 1.182524 -0.258159
v -0.057450 1.175066 -0.275915
v -0.163038 1.155992 -0.285035
v -0.177427 1.206714 0.029804
v -0.220769 1.192552 -0.067750
v -0.256615 1.166012 -0.165762
v -0.050579 1.175665 0.276789
v 0.000564 1.138246 0.363852
v 0.048080 1.087635 0.446172
v -0.200145 1.156906 0.257787
v -0.260472 1.105505 0.330688
v -0.313020 1.042344 0.400296
v -0.031728 1.006634 0.546932
v -0.138725 0.996875 0.539709
v -0.243263 0.980102 0.520058
v 0.028934 0.360451 0.785666
v 0.109496 0.431807 0.781920
v 0.190751 0.500170 0.764024
v 0.051211 0.213176 0.755711
v 0.148376 0.174769 0.729640
v 0.244535 0.144600 0.691703
v 0.327441 0.451684 0.718768
v 0.348061 0.347185 0.702934
v 0.358949 0.243389 0.676402
v 0.724957 0.204202 0.209885
v 0.756419 0.303463 0.182437
v 0.775244 0.403740 0.147993
v 0.704121 0.095393 0.105913
v 0.720055 0.113560 0.000976
v 0.724940 0.141041 -0.103028
v 0.789964 0.436015 0.000261
v 0.782110 0.359793 -0.075400
v 0.760496 0.282125 -0.146789
v 0.487649 0.525570 -0.615215
v 0.477693 0.631407 -0.598026
v 0.456142 0.733864 -0.572847
v 0.382335 0.446729 -0.691218
v 0.293889 0.493804 -0.730673
v 0.201881 0.543515 -0.756342
v 0.328552 0.802297 -0.618894
v 0.255009 0.750842 -0.678390
v 0.179604 0.690789 -0.726386
v -0.355033 0.880435 -0.549374
v -0.341487 0.962431 -0.480897
v -0.325563 1.034324 -0.402324
v -0.469446 0.781646 -0.534073
v -0.541173 0.790015 -0.454191
v -0.601794 0.795816 -0.365381
v -0.419139 1.044343 -0.283050
v -0.504807 0.979917 -0.272729
v -0.580958 0.904624 -0.261409
v -0.638535 0.778385 0.316418
v -0.569046 0.839072 0.371957
v -0.489585 0.889892 0.423910
v -0.674091 0.637302 0.360179
v -0.631103 0.592840 0.448332
v -0.575429 0.549272 0.529562
v -0.419826 0.827651 0.543672
v -0.447297 0.730441 0.580978
v -0.470115 0.628114 0.605564
v 0.469446 0.093367 0.534073
v 0.541173 0.084998 0.454191
v 0.601794 0.079197 0.365381
v 0.355033 -0.005421 0.549374
v 0.341487 -0.087417 0.480897
v 0.325563 -0.159310 0.402324
v 0.580958 -0.029611 0.261409
v 0.504807 -0.104904 0.272729
v 0.419139 -0.169330 0.283050
v 0.674091 0.237711 -0.360178
v 0.631103 0.282174 -0.448332
v 0.575429 0.325741 -0.529562
v 0.638534 0.096628 -0.316418
v 0.569046 0.035942 -0.371957
v 0.489585 -0.014879 -0.423910
v 0.470115 0.246900 -0.605564
v 0.447297 0.144572 -0.580978
v 0.419826 0.047363 -0.543672
v -0.051211 0.661837 -0.755711
v -0.148376 0.700244 -0.729640
v -0.244535 0.730413 -0.691703
v -0.028934 0.514563 -0.785666
v -0.109496 0.443206 -0.781920
v -0.190751 0.374844 -0.764025
v -0.358949 0.631624 -0.676402
v -0.348061 0.527829 -0.702934
v -0.327441 0.423330 -0.718768
v -0.704121 0.779620 -0.105913
v -0.720055 0.761453 -0.000976
v -0.724940 0.733972 0.103028
v -0.724957 0.670812 -0.209885
v -0.756419 0.571550 -0.182437
v -0.775244 0.471274 -0.147993
v -0.760496 0.592889 0.146789
v -0.782110 0.515220 0.075400
v -0.789964 0.438998 -0.000261
v -0.382335 0.428285 0.691218
v -0.293889 0.381209 0.730673
v -0.201881 0.331499 0.756342
v -0.487649 0.349443 0.615215
v -0.477693 0.243607 0.598026
v -0.456142 0.141149 0.572847
v -0.179604 0.184224 0.726386
v -0.255009 0.124171 0.678390
v -0.328552 0.072717 0.618894
v -0.048497 -0.307510 0.258159
v 0.057450 -0.300052 0.275916
v 0.163038 -0.280979 0.285035
v -0.104486 -0.336289 0.119884
v -0.040268 -0.350279 0.034585
v 0.027861 -0.350459 -0.048806
v 0.256615 -0.290998 0.165762
v 0.220769 -0.317539 0.067750
v 0.177427 -0.331700 -0.029804
v 0.200145 -0.281892 -0.257787
v 0.260472 -0.230492 -0.330688
v 0.313020 -0.167331 -0.400296
v 0.050579 -0.300651 -0.276789
v -0.000565 -0.263232 -0.363852
v -0.048080 -0.212622 -0.446172
v 0.243263 -0.105089 -0.520058
v 0.138725 -0.121862 -0.539709
v 0.031728 -0.131621 -0.546932
v -0.165173 -0.026013 -0.617992
v -0.205392 0.062704 -0.663898
v -0.245622 0.157123 -0.696493
v -0.244981 -0.107014 -0.517232
v -0.344681 -0.078667 -0.488040
v -0.438305 -0.038440 -0.453223
v -0.382312 0.205608 -0.651235
v -0.443956 0.147326 -0.584910
v -0.495186 0.091046 -0.508727
v -0.360705 -0.095197 0.458440
v -0.311203 -0.169284 0.397972
v -0.259438 -0.232686 0.327999
v -0.488295 -0.026764 0.412394
v -0.533886 -0.049849 0.317608
v -0.567482 -0.067467 0.216828
v -0.315427 -0.261464 0.189724
v -0.408920 -0.219511 0.156642
v -0.495881 -0.164678 0.124600
v -0.639596 0.106507 -0.324661
v -0.696335 0.174346 -0.263226
v -0.740864 0.243996 -0.194220
v -0.582713 -0.022979 -0.269158
v -0.597058 -0.051647 -0.166357
v -0.603532 -0.068627 -0.060218
v -0.755584 0.211721 -0.046489
v -0.722025 0.118016 -0.005391
v -0.675134 0.028584 0.032010
v -0.418232 -0.323543 -0.182590
v -0.419141 -0.316848 -0.206569
v -0.413456 -0.313070 -0.230528
v -0.383669 -0.316259 -0.268494
v -0.362178 -0.322946 -0.279174
v -0.339314 -0.331992 -0.283180
v -0.298700 -0.353775 -0.268523
v -0.284509 -0.364604 -0.251144
v -0.276064 -0.373972 -0.229660
v -0.280750 -0.384246 -0.182636
v -0.293471 -0.384250 -0.161215
v -0.311115 -0.380995 -0.143932
v -0.354625 -0.365561 -0.129527
v -0.376677 -0.354736 -0.133667
v -0.396027 -0.343355 -0.144468
v -0.837054 0.225686 0.296208
v -0.828783 0.202961 0.302191
v -0.818596 0.183668 0.314219
v -0.796391 0.163856 0.352340
v -0.786319 0.165073 0.375094
v -0.778223 0.173195 0.397210
v -0.771591 0.207829 0.430306
v -0.773636 0.231307 0.438385
v -0.778820 0.255619 0.440026
v -0.796926 0.296837 0.422359
v -0.808262 0.310130 0.404599
v -0.819562 0.317034 0.383497
v -0.837385 0.307873 0.339482
v -0.842345 0.292611 0.320426
v -0.844145 0.272565 0.305744
v -0.733576 0.370086 -0.539061
v -0.746633 0.383088 -0.522295
v -0.756811 0.401631 -0.509134
v -0.763902 0.448511 -0.499599
v -0.760194 0.472739 -0.504060
v -0.752365 0.494292 -0.513799
v -0.726961 0.520076 -0.545872
v -0.711612 0.522047 -0.565396
v -0.696595 0.516824 -0.584576
v -0.673804 0.485880 -0.613934
v -0.668026 0.462871 -0.621538
v -0.666575 0.438090 -0.623654
v -0.677892 0.393182 -0.609724
v -0.689670 0.376990 -0.594900
v -0.703789 0.366897 -0.577028
v 0.085715 0.086850 -0.838427
v 0.073193 0.106393 -0.847479
v 0.067257 0.128868 -0.856438
v 0.078575 0.173776 -0.870367
v 0.094837 0.192273 -0.874117
v 0.115702 0.205832 -0.875332
v 0.163310 0.211804 -0.869284
v 0.185883 0.203694 -0.862550
v 0.204713 0.189598 -0.854342
v 0.222819 0.148381 -0.836675
v 0.220507 0.124871 -0.828763
v 0.211281 0.102600 -0.822475
v 0.174862 0.071155 -0.817604
v 0.150862 0.064735 -0.819448
v 0.126329 0.065067 -0.823770
v 0.529240 -0.294434 -0.132037
v 0.540177 -0.282634 -0.151058
v 0.555138 -0.268150 -0.164733
v 0.591557 -0.236704 -0.169604
v 0.609824 -0.222499 -0.160373
v 0.625731 -0.211121 -0.144942
v 0.643554 -0.201960 -0.100927
v 0.643907 -0.204981 -0.076200
v 0.638777 -0.212433 -0.052988
v 0.613373 -0.238217 -0.020915
v 0.595325 -0.254289 -0.014865
v 0.576246 -0.270273 -0.015950
v 0.542723 -0.295369 -0.040142
v 0.531216 -0.302281 -0.061129
v 0.524555 -0.304708 -0.085012
v -0.082678 -0.199858 0.648226
v -0.074241 -0.216848 0.632077
v -0.059444 -0.231403 0.618299
v -0.015934 -0.246837 0.603893
v 0.008966 -0.246363 0.604528
v 0.032600 -0.240750 0.610059
v 0.066123 -0.215654 0.634252
v 0.073074 -0.198371 0.650794
v 0.072884 -0.180346 0.667991
v 0.050092 -0.149402 0.697348
v 0.029488 -0.139194 0.706936
v 0.005737 -0.133668 0.712034
v -0.041872 -0.139640 0.705985
v -0.061557 -0.150614 0.695369
v -0.076046 -0.165224 0.681322
v -0.638777 1.087446 0.052988
v -0.643907 1.079994 0.076200
v -0.643554 1.076973 0.100927
v -0.625732 1.086134 0.144942
v -0.609824 1.097513 0.160373
v -0.591557 1.111718 0.169604
v -0.555138 1.143163 0.164733
v -0.540177 1.157648 0.151058
v -0.529241 1.169447 0.132037
v -0.524555 1.179721 0.085012
v -0.531216 1.177294 0.061129
v -0.542723 1.170382 0.040142
v -0.576246 1.145287 0.015950
v -0.595325 1.129302 0.014865
v -0.613373 1.113230 0.020915
v -0.005737 1.008682 -0.712033
v -0.029488 1.014208 -0.706936
v -0.050092 1.024415 -0.697348
v -0.072884 1.055360 -0.667990
v -0.073074 1.073384 -0.650794
v -0.066123 1.090667 -0.634252
v -0.032600 1.115763 -0.610059
v -0.008966 1.121377 -0.604528
v 0.015934 1.121850 -0.603893
v 0.059444 1.106416 -0.618298
v 0.074241 1.091861 -0.632077
v 0.082678 1.074871 -0.648226
v 0.076046 1.040237 -0.681322
v 0.061557 1.025628 -0.695369
v 0.041872 1.014653 -0.705985
v 0.819562 0.557980 -0.383497
v 0.808262 0.564883 -0.404599
v 0.796926 0.578177 -0.422359
v 0.778820 0.619394 -0.440026
v 0.773636 0.643707 -0.438385
v 0.771591 0.667184 -0.430306
v 0.778223 0.701819 -0.397210
v 0.786319 0.709941 -0.375094
v 0.796391 0.711157 -0.352340
v 0.818596 0.691345 -0.314219
v 0.828783 0.672053 -0.302191
v 0.837054 0.649327 -0.296208
v 0.844145 0.602448 -0.305744
v 0.842345 0.582402 -0.320426
v 0.837385 0.567140 -0.339482
v 0.696595 0.358189 0.584576
v 0.711612 0.352966 0.565396
v 0.726961 0.354938 0.545872
v 0.752364 0.380722 0.513799
v 0.760194 0.402275 0.504060
v 0.763902 0.426503 0.499599
v 0.756811 0.473382 0.509134
v 0.746633 0.491925 0.522295
v 0.733576 0.504927 0.539061
v 0.703790 0.508116 0.577028
v 0.689670 0.498024 0.594900
v 0.677892 0.481831 0.609724
v 0.666574 0.436923 0.623654
v 0.668026 0.412143 0.621539
v 0.673804 0.389133 0.613933
v -0.204713 0.685415 0.854342
v -0.185883 0.671320 0.862550
v -0.163310 0.663209 0.869284
v -0.115702 0.669181 0.875332
v -0.094837 0.682740 0.874117
v -0.078575 0.701237 0.870367
v -0.067257 0.746145 0.856438
v -0.073193 0.768621 0.847479
v -0.085715 0.788163 0.838427
v -0.126329 0.809946 0.823770
v -0.150862 0.810278 0.819448
v -0.174862 0.803859 0.817604
v -0.211281 0.772413 0.822475
v -0.220507 0.750143 0.828763
v -0.222819 0.726633 0.836675
v 0.338767 1.205767 0.282855
v 0.361631 1.196721 0.278849
v 0.383122 1.190034 0.268169
v 0.412909 1.186845 0.230203
v 0.418594 1.190623 0.206244
v 0.417685 1.197318 0.182265
v 0.395480 1.217130 0.144143
v 0.376130 1.228511 0.133342
v 0.354078 1.239336 0.129202
v 0.310568 1.254770 0.143607
v 0.292924 1.258025 0.160890
v 0.280203 1.258021 0.182311
v 0.275517 1.247747 0.229335
v 0.283963 1.238379 0.250819
v 0.298153 1.227550 0.268198
v -0.184076 -0.201247 -0.439237
v -0.235216 -0.248422 -0.367644
v -0.278585 -0.293173 -0.313979
v -0.415468 -0.244618 -0.268658
v -0.445373 -0.173877 -0.298062
v -0.488303 -0.093334 -0.338509
v -0.028819 -0.339777 -0.172684
v -0.127965 -0.344117 -0.183512
v -0.208728 -0.355502 -0.194047
v -0.237090 -0.317478 0.092778
v -0.271837 -0.328713 -0.000133
v -0.302437 -0.345469 -0.074605
v -0.430209 -0.276939 -0.120717
v -0.468005 -0.223499 -0.070928
v -0.521066 -0.165168 -0.009706
v -0.658976 0.021500 0.167638
v -0.702176 0.089883 0.228341
v -0.748623 0.140027 0.281456
v -0.805587 0.269698 0.225874
v -0.789631 0.288967 0.143006
v -0.785577 0.309697 0.044106
v -0.784722 0.378660 0.329994
v -0.757597 0.456258 0.302861
v -0.739205 0.551869 0.275515
v -0.534362 0.085553 0.475394
v -0.616093 0.134131 0.440936
v -0.692555 0.168847 0.419928
v -0.583944 0.413339 0.542067
v -0.650344 0.360562 0.486993
v -0.714864 0.316331 0.449927
v -0.669294 0.313969 -0.514716
v -0.631661 0.244495 -0.479356
v -0.597894 0.155428 -0.445383
v -0.757258 0.371791 -0.240112
v -0.741748 0.393957 -0.337557
v -0.740997 0.411319 -0.422357
v -0.589372 0.395085 -0.615621
v -0.508958 0.369034 -0.634275
v -0.420267 0.335711 -0.669645
v -0.611682 0.542569 -0.585623
v -0.543209 0.595466 -0.588220
v -0.469850 0.663499 -0.602975
v -0.678122 0.685798 -0.337510
v -0.687082 0.610870 -0.404838
v -0.705391 0.552603 -0.466180
v 0.067371 0.052664 -0.758621
v 0.023141 0.012229 -0.696157
v -0.030692 -0.045766 -0.633181
v -0.157291 0.242430 -0.756714
v -0.064312 0.211312 -0.781493
v 0.010410 0.182335 -0.814204
v 0.217150 0.071451 -0.739593
v 0.253096 0.041071 -0.666943
v 0.302195 -0.004013 -0.590890
v 0.252757 0.212734 -0.783416
v 0.307763 0.257983 -0.734224
v 0.381332 0.309992 -0.688286
v 0.097355 0.462302 -0.790771
v 0.111595 0.363198 -0.805019
v 0.124985 0.281264 -0.829527
v 0.443318 -0.282776 -0.113184
v 0.357310 -0.285936 -0.122445
v 0.258771 -0.304042 -0.136220
v 0.436400 -0.123759 -0.360481
v 0.480014 -0.161398 -0.277363
v 0.523240 -0.201660 -0.214088
v 0.499387 -0.253957 0.025288
v 0.443393 -0.241689 0.090151
v 0.383387 -0.239990 0.171537
v 0.613963 -0.155028 0.009964
v 0.619302 -0.089804 0.066625
v 0.638035 -0.020119 0.137481
v 0.670798 0.051716 -0.191324
v 0.641935 -0.040181 -0.160511
v 0.628705 -0.122707 -0.137978
v -0.132701 -0.131429 0.621974
v -0.201048 -0.088477 0.590722
v -0.288893 -0.046103 0.563982
v -0.129531 -0.262466 0.358710
v -0.090963 -0.237939 0.448922
v -0.060998 -0.228779 0.529615
v -0.027237 -0.052476 0.698085
v -0.039130 0.032740 0.707576
v -0.054497 0.129373 0.733140
v 0.203356 -0.220714 0.401004
v 0.138993 -0.209097 0.478139
v 0.088781 -0.209993 0.548645
v 0.249731 0.021457 0.632414
v 0.171028 -0.041807 0.637995
v 0.109647 -0.101031 0.652765
v -0.613963 1.030042 -0.009964
v -0.619302 0.964817 -0.066625
v -0.638035 0.895132 -0.137481
v -0.670798 0.823297 0.191324
v -0.641935 0.915195 0.160511
v -0.628705 0.997721 0.137978
v -0.499387 1.128970 -0.025288
v -0.443393 1.116702 -0.090151
v -0.383387 1.115003 -0.171537
v -0.436400 0.998773 0.360481
v -0.480014 1.036411 0.277363
v -0.523240 1.076674 0.214088
v -0.258771 1.179055 0.136220
v -0.357310 1.160949 0.122445
v -0.443317 1.157790 0.113184
v 0.027237 0.927489 -0.698085
v 0.039130 0.842273 -0.707576
v 0.054497 0.745641 -0.733140
v -0.249731 0.853557 -0.632414
v -0.171028 0.916821 -0.637995
v -0.109647 0.976045 -0.652765
v 0.132701 1.006442 -0.621975
v 0.201048 0.963491 -0.590722
v 0.288893 0.921117 -0.563982
v -0.203356 1.095727 -0.401004
v -0.138993 1.084110 -0.478139
v -0.088781 1.085006 -0.548645
v 0.129531 1.137480 -0.358710
v 0.090963 1.112952 -0.448922
v 0.060998 1.103792 -0.529615
v 0.784722 0.496353 -0.329994
v 0.757597 0.418756 -0.302861
v 0.739204 0.323144 -0.275515
v 0.583944 0.461674 -0.542067
v 0.650344 0.514451 -0.486993
v 0.714864 0.558683 -0.449926
v 0.805587 0.605315 -0.225875
v 0.789631 0.586046 -0.143006
v 0.785577 0.565317 -0.044106
v 0.534361 0.789460 -0.475394
v 0.616093 0.740883 -0.440936
v 0.692555 0.706167 -0.419928
v 0.658976 0.853514 -0.167638
v 0.702176 0.785130 -0.228341
v 0.748624 0.734987 -0.281456
v 0.611682 0.332444 0.585623
v 0.543209 0.279547 0.588220
v 0.469850 0.211515 0.602975
v 0.678122 0.189216 0.337510
v 0.687082 0.264143 0.404838
v 0.705391 0.322411 0.466180
v 0.589372 0.479928 0.615621
v 0.508958 0.505980 0.634275
v 0.420267 0.539302 0.669645
v 0.757258 0.503223 0.240112
v 0.741748 0.481056 0.337557
v 0.740998 0.463694 0.422357
v 0.597894 0.719586 0.445383
v 0.631661 0.630518 0.479356
v 0.669294 0.561045 0.514716
v -0.252757 0.662280 0.783416
v -0.307763 0.617030 0.734224
v -0.381332 0.565021 0.688286
v -0.097355 0.412712 0.790771
v -0.111595 0.511816 0.805019
v -0.124985 0.593750 0.829527
v -0.217150 0.803563 0.739593
v -0.253096 0.833942 0.666943
v -0.302195 0.879027 0.590890
v -0.067372 0.822349 0.758621
v -0.023141 0.862785 0.696157
v 0.030692 0.920780 0.633181
v 0.157291 0.632583 0.756714
v 0.064312 0.663701 0.781493
v -0.010410 0.692678 0.814204
v 0.208497 1.229993 0.193910
v 0.127897 1.218976 0.183472
v 0.028811 1.214771 0.172679
v 0.184068 1.076241 0.439231
v 0.235147 1.123281 0.367603
v 0.278354 1.167664 0.313842
v 0.302207 1.219960 0.074468
v 0.271769 1.203572 0.000092
v 0.237082 1.192472 -0.092783
v 0.429978 1.151430 0.120580
v 0.467937 1.098358 0.070888
v 0.521057 1.040162 0.009701
v 0.415237 1.119109 0.268521
v 0.445304 1.048735 0.298022
v 0.488295 0.968328 0.338504
v -0.478575 -0.566024 -0.256005
v -0.478966 -0.563139 -0.266338
v -0.476516 -0.561511 -0.276662
v -0.463681 -0.562885 -0.293023
v -0.454420 -0.565767 -0.297625
v -0.444567 -0.569665 -0.299351
v -0.427066 -0.579052 -0.293035
v -0.420951 -0.583718 -0.285546
v -0.417312 -0.587755 -0.276288
v -0.419331 -0.592182 -0.256025
v -0.424812 -0.592184 -0.246794
v -0.432416 -0.590781 -0.239346
v -0.451165 -0.584131 -0.233139
v -0.460668 -0.579466 -0.234923
v -0.469006 -0.574562 -0.239578
v -1.139112 0.156326 0.482357
v -1.135548 0.146533 0.484935
v -1.131158 0.138220 0.490118
v -1.121589 0.129683 0.506545
v -1.117249 0.130207 0.516350
v -1.113760 0.133707 0.525880
v -1.110902 0.148631 0.540142
v -1.111784 0.158748 0.543623
v -1.114017 0.169225 0.544330
v -1.121820 0.186986 0.536717
v -1.126705 0.192714 0.529064
v -1.131574 0.195689 0.519971
v -1.139254 0.191742 0.501004
v -1.141392 0.185165 0.492793
v -1.142167 0.176527 0.486466
v -1.005257 0.414275 -0.773449
v -1.010883 0.419877 -0.766224
v -1.015270 0.427868 -0.760553
v -1.018325 0.448069 -0.756444
v -1.016727 0.458509 -0.758367
v -1.013353 0.467797 -0.762563
v -1.002406 0.478907 -0.776384
v -0.995793 0.479757 -0.784797
v -0.989322 0.477506 -0.793062
v -0.979500 0.464172 -0.805713
v -0.977011 0.454257 -0.808990
v -0.976385 0.443579 -0.809901
v -0.981262 0.424227 -0.803899
v -0.986337 0.417249 -0.797511
v -0.992422 0.412901 -0.789809
v 0.176703 -0.001804 -1.176898
v 0.171307 0.006618 -1.180798
v 0.168749 0.016303 -1.184659
v 0.173626 0.035654 -1.190661
v 0.180634 0.043625 -1.192277
v 0.189625 0.049468 -1.192801
v 0.210140 0.052041 -1.190195
v 0.219867 0.048546 -1.187293
v 0.227981 0.042472 -1.183756
v 0.235783 0.024711 -1.176143
v 0.234787 0.014580 -1.172734
v 0.230811 0.004983 -1.170024
v 0.215118 -0.008567 -1.167924
v 0.204776 -0.011333 -1.168720
v 0.194204 -0.011190 -1.170582
v 0.790850 -0.543551 -0.146241
v 0.795563 -0.538467 -0.154437
v 0.802010 -0.532225 -0.160330
v 0.817704 -0.518675 -0.162429
v 0.825575 -0.512554 -0.158451
v 0.832430 -0.507650 -0.151801
v 0.840110 -0.503703 -0.132835
v 0.840262 -0.505005 -0.122180
v 0.838051 -0.508216 -0.112178
v 0.827104 -0.519327 -0.098357
v 0.819327 -0.526252 -0.095749
v 0.811106 -0.533140 -0.096217
v 0.796660 -0.543954 -0.106642
v 0.791702 -0.546933 -0.115686
v 0.788831 -0.547978 -0.125977
v -0.040304 -0.442037 0.913282
v -0.036668 -0.449359 0.906323
v -0.030292 -0.455631 0.900385
v -0.011543 -0.462281 0.894178
v -0.000813 -0.462077 0.894452
v 0.009371 -0.459658 0.896835
v 0.023816 -0.448844 0.907260
v 0.026812 -0.441397 0.914388
v 0.026730 -0.433630 0.921798
v 0.016909 -0.420295 0.934449
v 0.008030 -0.415897 0.938581
v -0.002205 -0.413515 0.940777
v -0.022720 -0.416089 0.938171
v -0.031203 -0.420817 0.933596
v -0.037446 -0.427113 0.927543
v -0.838052 1.383229 0.112178
v -0.840262 1.380018 0.122180
v -0.840110 1.378716 0.132835
v -0.832430 1.382664 0.151802
v -0.825575 1.387567 0.158451
v -0.817704 1.393688 0.162429
v -0.802010 1.407238 0.160330
v -0.795563 1.413480 0.154437
v -0.790851 1.418565 0.146241
v -0.788831 1.422992 0.125977
v -0.791702 1.421946 0.115686
v -0.796660 1.418967 0.106642
v -0.811106 1.408153 0.096217
v -0.819327 1.401265 0.095750
v -0.827105 1.394340 0.098357
v 0.002205 1.288529 -0.940777
v -0.008030 1.290910 -0.938581
v -0.016909 1.295309 -0.934449
v -0.026730 1.308643 -0.921798
v -0.026812 1.316410 -0.914388
v -0.023817 1.323857 -0.907260
v -0.009371 1.334672 -0.896835
v 0.000813 1.337091 -0.894452
v 0.011543 1.337295 -0.894178
v 0.030292 1.330644 -0.900385
v 0.036668 1.324372 -0.906323
v 0.040304 1.317051 -0.913282
v 0.037446 1.302126 -0.927543
v 0.031203 1.295831 -0.933596
v 0.022720 1.291102 -0.938171
v 1.131574 0.679324 -0.519971
v 1.126705 0.682299 -0.529064
v 1.121820 0.688027 -0.536717
v 1.114017 0.705789 -0.544330
v 1.111784 0.716265 -0.543623
v 1.110902 0.726382 -0.540141
v 1.113760 0.741307 -0.525880
v 1.117249 0.744807 -0.516350
v 1.121589 0.745331 -0.506545
v 1.131158 0.736793 -0.490118
v 1.135548 0.728480 -0.484935
v 1.139112 0.718687 -0.482357
v 1.142167 0.698486 -0.486465
v 1.141392 0.689848 -0.492793
v 1.139254 0.683272 -0.501004
v 0.989322 0.397507 0.793062
v 0.995793 0.395256 0.784797
v 1.002407 0.396106 0.776384
v 1.013353 0.407217 0.762563
v 1.016727 0.416504 0.758367
v 1.018325 0.426944 0.756444
v 1.015270 0.447145 0.760553
v 1.010884 0.455136 0.766224
v 1.005257 0.460739 0.773449
v 0.992422 0.462113 0.789809
v 0.986337 0.457764 0.797511
v 0.981262 0.450786 0.803899
v 0.976385 0.431435 0.809901
v 0.977011 0.420756 0.808990
v 0.979501 0.410841 0.805713
v -0.227981 0.832541 1.183756
v -0.219867 0.826467 1.187293
v -0.210140 0.822972 1.190195
v -0.189625 0.825546 1.192801
v -0.180634 0.831388 1.192277
v -0.173626 0.839359 1.190661
v -0.168749 0.858711 1.184659
v -0.171307 0.868396 1.180798
v -0.176703 0.876817 1.176898
v -0.194204 0.886204 1.170582
v -0.204776 0.886347 1.168720
v -0.215118 0.883581 1.167925
v -0.230811 0.870030 1.170024
v -0.234787 0.860433 1.172733
v -0.235783 0.850303 1.176143
v 0.441833 1.438487 0.297726
v 0.451685 1.434589 0.296000
v 0.460946 1.431707 0.291398
v 0.473782 1.430333 0.275037
v 0.476232 1.431961 0.264713
v 0.475840 1.434846 0.254380
v 0.466272 1.443383 0.237953
v 0.457933 1.448287 0.233298
v 0.448430 1.452952 0.231514
v 0.429681 1.459603 0.237722
v 0.422078 1.461006 0.245169
v 0.416596 1.461004 0.254400
v 0.414577 1.456577 0.274664
v 0.418216 1.452540 0.283921
v 0.424331 1.447873 0.291410
v 0.352462 1.273138 0.265249
v 0.384414 1.333941 0.267075
v 0.411482 1.392617 0.279274
v 0.395142 1.407196 0.251222
v 0.366244 1.350153 0.235881
v 0.326212 1.296560 0.220183
v -0.623166 1.212447 0.059636
v -0.690059 1.279907 0.082350
v -0.752273 1.350850 0.094967
v -0.739159 1.357591 0.127355
v -0.675476 1.287403 0.118366
v -0.602097 1.223277 0.111669
v -0.870991 0.245016 0.443562
v -0.960719 0.216970 0.470088
v -1.046136 0.194737 0.505758
v -1.040918 0.160241 0.498742
v -0.954917 0.178610 0.462285
v -0.862608 0.189597 0.432289
v -0.666220 1.175274 0.065394
v -0.719860 1.254176 0.086336
v -0.779072 1.327711 0.098551
v -0.897241 0.268438 0.398495
v -0.978889 0.233181 0.438894
v -1.062476 0.209316 0.477707
v -0.037582 1.107965 -0.735866
v -0.023864 1.179655 -0.800779
v -0.020365 1.246476 -0.868495
v 0.011652 1.235119 -0.879096
v 0.011740 1.167026 -0.812567
v 0.013854 1.089719 -0.752896
v -0.905082 0.227494 0.359371
v -0.984316 0.204841 0.411812
v -1.067356 0.183830 0.453353
v -0.029742 1.148909 -0.696741
v -0.018437 1.207995 -0.773698
v -0.015485 1.271962 -0.844142
v -0.811735 0.432170 -0.577480
v -0.878669 0.436488 -0.648492
v -0.951458 0.437953 -0.709829
v -0.934686 0.415183 -0.731432
v -0.860019 0.411168 -0.672514
v -0.784791 0.395589 -0.612186
v 0.026540 1.155968 -0.689590
v 0.020521 1.212881 -0.768748
v 0.019548 1.276356 -0.839691
v -0.798355 0.485259 -0.593948
v -0.869408 0.473236 -0.659890
v -0.943130 0.470999 -0.720080
v 0.053484 1.119387 -0.724296
v 0.039171 1.187561 -0.792771
v 0.036320 1.253585 -0.861294
v -0.763143 0.481489 -0.638830
v -0.845034 0.470626 -0.690957
v -0.921211 0.468652 -0.748017
v -0.754760 0.426070 -0.650102
v -0.839231 0.432266 -0.698759
v -0.915993 0.434156 -0.755033
v 0.870991 0.629997 -0.443562
v 0.960719 0.658044 -0.470088
v 1.046136 0.680277 -0.505758
v 1.062476 0.665698 -0.477707
v 0.978889 0.641832 -0.438894
v 0.897241 0.606576 -0.398495
v 0.862608 0.685416 -0.432289
v 0.954917 0.696404 -0.462285
v 1.040918 0.714773 -0.498742
v 0.112070 0.118594 -0.937103
v 0.141823 0.084273 -1.023579
v 0.160251 0.052398 -1.111369
v 0.173574 0.022069 -1.098369
v 0.156639 0.050546 -1.009122
v 0.133474 0.069869 -0.916216
v 0.883677 0.696246 -0.380257
v 0.969500 0.703900 -0.426269
v 1.054033 0.721513 -0.466354
v 0.155123 0.155768 -0.942861
v 0.171624 0.110004 -1.027564
v 0.187049 0.075538 -1.114954
v 0.905082 0.647520 -0.359371
v 0.984316 0.670172 -0.411812
v 1.067356 0.691184 -0.453353
v 0.203135 0.130017 -0.925533
v 0.204857 0.092180 -1.015571
v 0.216935 0.059509 -1.104168
v 0.189755 0.076928 -0.909066
v 0.195596 0.055432 -1.004173
v 0.208607 0.026463 -1.093918
v 0.798355 0.389754 0.593947
v 0.869408 0.401778 0.659890
v 0.943130 0.404014 0.720080
v 0.921211 0.406361 0.748017
v 0.845034 0.404387 0.690957
v 0.763143 0.393524 0.638830
v 0.811735 0.442843 0.577480
v 0.878669 0.438525 0.648492
v 0.951458 0.437060 0.709829
v 0.632129 -0.317783 -0.149585
v 0.696263 -0.391291 -0.144611
v 0.757852 -0.463605 -0.150956
v 0.739159 -0.482578 -0.127355
v 0.675476 -0.412389 -0.118366
v 0.602097 -0.348263 -0.111669
v 0.784791 0.479424 0.612186
v 0.860019 0.463846 0.672514
v 0.934687 0.459830 0.731432
v 0.671759 -0.288115 -0.120985
v 0.723694 -0.370756 -0.124815
v 0.782520 -0.445138 -0.133154
v 0.754760 0.448943 0.650102
v 0.839231 0.442747 0.698759
v 0.915993 0.440857 0.755033
v 0.666220 -0.300260 -0.065394
v 0.719860 -0.379162 -0.086336
v 0.779072 -0.452698 -0.098551
v 0.623166 -0.337434 -0.059636
v 0.690059 -0.404893 -0.082350
v 0.752273 -0.475837 -0.094966
v -0.155123 0.719245 0.942860
v -0.171624 0.765009 1.027564
v -0.187049 0.799476 1.114953
v -0.216935 0.815505 1.104168
v -0.204857 0.782834 1.015571
v -0.203135 0.744996 0.925533
v -0.112070 0.756419 0.937102
v -0.141823 0.790740 1.023579
v -0.160250 0.822615 1.111369
v -0.026540 -0.280954 0.689590
v -0.020521 -0.337868 0.768748
v -0.019548 -0.401342 0.839691
v -0.036320 -0.378572 0.861294
v -0.039171 -0.312548 0.792771
v -0.053484 -0.244374 0.724296
v -0.133474 0.805145 0.916217
v -0.156639 0.824467 1.009122
v -0.173574 0.852945 1.098369
v 0.029742 -0.273895 0.696741
v 0.018437 -0.332982 0.773698
v 0.015485 -0.396948 0.844142
v -0.404940 -0.382241 -0.248839
v -0.421658 -0.450013 -0.256262
v -0.445738 -0.511316 -0.270004
v -0.449186 -0.518876 -0.235401
v -0.425492 -0.458420 -0.217782
v -0.410480 -0.394386 -0.193247
v -0.189756 0.798085 0.909066
v -0.195596 0.819581 1.004173
v -0.208607 0.848551 1.093918
v 0.037582 -0.232952 0.735866
v 0.023864 -0.304641 0.800779
v 0.020365 -0.371462 0.868495
v -0.353504 -0.400486 -0.265869
v -0.386055 -0.462642 -0.268050
v -0.413721 -0.522673 -0.280605
v -0.013854 -0.214706 0.752896
v -0.011740 -0.292012 0.812567
v -0.011652 -0.360105 0.879096
v -0.327254 -0.423907 -0.220802
v -0.367885 -0.478854 -0.236855
v -0.397381 -0.537252 -0.252553
v 0.403898 1.254893 0.248219
v 0.420017 1.321312 0.255287
v 0.443499 1.381260 0.268674
v -0.362467 -0.420137 -0.175920
v -0.392259 -0.476245 -0.205789
v -0.419300 -0.534905 -0.224615
v 0.409437 1.267038 0.192628
v 0.423851 1.329718 0.216807
v 0.446947 1.388820 0.234071
v -0.671759 1.163129 0.120985
v -0.723695 1.245769 0.124815
v -0.782520 1.320152 0.133154
v 0.361425 1.292790 0.175301
v 0.390618 1.347543 0.204814
v 0.417061 1.404849 0.223285
v -0.632129 1.192796 0.149585
v -0.696263 1.266304 0.144611
v -0.757852 1.338618 0.150956
v -0.883677 0.178768 0.380256
v -0.969500 0.171114 0.426269
v -1.054032 0.153500 0.466354
v -0.547085 -0.667535 -0.277700
v -0.547738 -0.662719 -0.294946
v -0.543649 -0.660002 -0.312178
v -0.522226 -0.662296 -0.339485
v -0.506769 -0.667106 -0.347166
v -0.490324 -0.673612 -0.350047
v -0.461114 -0.689279 -0.339505
v -0.450907 -0.697067 -0.327006
v -0.444833 -0.703805 -0.311554
v -0.448203 -0.711194 -0.277732
v -0.457352 -0.711197 -0.262326
v -0.470043 -0.708856 -0.249896
v -0.501336 -0.697755 -0.239535
v -0.517197 -0.689970 -0.242512
v -0.531114 -0.681784 -0.250281
v -1.278838 0.120044 0.521456
v -1.272890 0.103700 0.525759
v -1.265563 0.089824 0.534410
v -1.249592 0.075574 0.561828
v -1.242348 0.076449 0.578193
v -1.236525 0.082291 0.594100
v -1.231755 0.107201 0.617903
v -1.233227 0.124087 0.623714
v -1.236955 0.141573 0.624894
v -1.249977 0.171217 0.612187
v -1.258130 0.180778 0.599414
v -1.266258 0.185744 0.584237
v -1.279076 0.179155 0.552580
v -1.282644 0.168178 0.538875
v -1.283939 0.153761 0.528314
v -1.126801 0.394077 -0.858230
v -1.136192 0.403428 -0.846171
v -1.143512 0.416765 -0.836705
v -1.148613 0.450482 -0.829847
v -1.145946 0.467907 -0.833056
v -1.140315 0.483409 -0.840061
v -1.122044 0.501953 -0.863129
v -1.111005 0.503371 -0.877171
v -1.100204 0.499615 -0.890965
v -1.083812 0.477359 -0.912080
v -1.079656 0.460810 -0.917550
v -1.078612 0.442987 -0.919071
v -1.086752 0.410688 -0.909052
v -1.095223 0.399042 -0.898391
v -1.105378 0.391784 -0.885536
v 0.183172 -0.065283 -1.312165
v 0.174166 -0.051227 -1.318675
v 0.169896 -0.035062 -1.325119
v 0.178037 -0.002763 -1.335138
v 0.189733 0.010541 -1.337834
v 0.204739 0.020293 -1.338709
v 0.238981 0.024588 -1.334359
v 0.255215 0.018755 -1.329515
v 0.268759 0.008617 -1.323612
v 0.281781 -0.021028 -1.310905
v 0.280118 -0.037937 -1.305215
v 0.273482 -0.053955 -1.300692
v 0.247289 -0.076571 -1.297189
v 0.230027 -0.081188 -1.298516
v 0.212382 -0.080950 -1.301623
v 0.869976 -0.667691 -0.172647
v 0.877842 -0.659204 -0.186327
v 0.888602 -0.648786 -0.196163
v 0.914796 -0.626170 -0.199666
v 0.927933 -0.615954 -0.193026
v 0.939375 -0.607770 -0.181928
v 0.952193 -0.601181 -0.150271
v 0.952447 -0.603354 -0.132488
v 0.948758 -0.608714 -0.115793
v 0.930486 -0.627258 -0.092725
v 0.917505 -0.638817 -0.088373
v 0.903784 -0.650314 -0.089154
v 0.879673 -0.668363 -0.106554
v 0.871397 -0.673335 -0.121648
v 0.866606 -0.675080 -0.138825
v -0.063531 -0.546840 1.017424
v -0.057462 -0.559060 1.005809
v -0.046820 -0.569528 0.995899
v -0.015526 -0.580629 0.985538
v 0.002383 -0.580288 0.985995
v 0.019380 -0.576251 0.989973
v 0.043491 -0.558201 1.007373
v 0.048491 -0.545771 1.019271
v 0.048354 -0.532807 1.031639
v 0.031961 -0.510551 1.052754
v 0.017143 -0.503210 1.059649
v 0.000060 -0.499235 1.063316
v -0.034182 -0.503530 1.058965
v -0.048340 -0.511423 1.051330
v -0.058761 -0.521930 1.041228
v -0.948758 1.483727 0.115793
v -0.952447 1.478367 0.132488
v -0.952193 1.476195 0.150271
v -0.939375 1.482783 0.181928
v -0.927934 1.490967 0.193026
v -0.914796 1.501184 0.199666
v -0.888603 1.523800 0.196163
v -0.877842 1.534217 0.186327
v -0.869976 1.542704 0.172647
v -0.866606 1.550093 0.138825
v -0.871397 1.548348 0.121648
v -0.879673 1.543376 0.106554
v -0.903784 1.525327 0.089154
v -0.917506 1.513830 0.088373
v -0.930487 1.502271 0.092725
v -0.000060 1.374249 -1.063316
v -0.017143 1.378223 -1.059649
v -0.031961 1.385565 -1.052753
v -0.048354 1.407821 -1.031639
v -0.048491 1.420784 -1.019270
v -0.043491 1.433215 -1.007373
v -0.019381 1.451264 -0.989973
v -0.002383 1.455302 -0.985995
v 0.015526 1.455642 -0.985538
v 0.046820 1.444542 -0.995899
v 0.057462 1.434073 -1.005809
v 0.063531 1.421854 -1.017424
v 0.058761 1.396944 -1.041227
v 0.048340 1.386436 -1.051330
v 0.034182 1.378544 -1.058965
v 1.266258 0.689270 -0.584237
v 1.258131 0.694235 -0.599414
v 1.249977 0.703796 -0.612187
v 1.236955 0.733441 -0.624894
v 1.233227 0.750927 -0.623714
v 1.231755 0.767812 -0.617903
v 1.236525 0.792723 -0.594099
v 1.242348 0.798564 -0.578193
v 1.249592 0.799439 -0.561828
v 1.265563 0.785190 -0.534410
v 1.272890 0.771314 -0.525759
v 1.278839 0.754969 -0.521456
v 1.283939 0.721252 -0.528314
v 1.282644 0.706835 -0.538875
v 1.279076 0.695858 -0.552580
v 1.100204 0.375398 0.890965
v 1.111005 0.371642 0.877171
v 1.122044 0.373060 0.863129
v 1.140315 0.391605 0.840061
v 1.145946 0.407106 0.833056
v 1.148613 0.424531 0.829847
v 1.143513 0.458248 0.836705
v 1.136192 0.471585 0.846171
v 1.126802 0.480936 0.858230
v 1.105378 0.483230 0.885536
v 1.095223 0.475971 0.898391
v 1.086752 0.464325 0.909052
v 1.078613 0.432026 0.919071
v 1.079657 0.414203 0.917550
v 1.083812 0.397654 0.912080
v -0.268759 0.866397 1.323612
v -0.255215 0.856259 1.329515
v -0.238981 0.850425 1.334359
v -0.204739 0.854721 1.338709
v -0.189733 0.864473 1.337834
v -0.178037 0.877776 1.335137
v -0.169896 0.910075 1.325119
v -0.174165 0.926240 1.318675
v -0.183172 0.940296 1.312165
v -0.212382 0.955963 1.301623
v -0.230027 0.956201 1.298515
v -0.247289 0.951585 1.297189
v -0.273482 0.928968 1.300692
v -0.280118 0.912951 1.305215
v -0.281781 0.896041 1.310905
v 0.487043 1.541195 0.348097
v 0.503488 1.534689 0.345216
v 0.518945 1.529879 0.337535
v 0.540368 1.527585 0.310228
v 0.544457 1.530303 0.292996
v 0.543803 1.535118 0.275750
v 0.527833 1.549367 0.248332
v 0.513916 1.557553 0.240563
v 0.498055 1.565339 0.237585
v 0.466761 1.576439 0.247946
v 0.454071 1.578781 0.260377
v 0.444922 1.578778 0.275783
v 0.441552 1.571388 0.309604
v 0.447626 1.564650 0.325056
v 0.457832 1.556862 0.337555
v 1.190024 0.685243 -0.533421
v 1.227354 0.686217 -0.548739
v 1.253358 0.686392 -0.559305
v 1.262309 0.733140 -0.514634
v 1.235335 0.727895 -0.508913
v 1.196725 0.720238 -0.499981
v 0.238163 -0.027352 -1.220350
v 0.249542 -0.045805 -1.254395
v 0.257759 -0.058946 -1.277798
v 0.273035 0.001669 -1.296599
v 0.263162 0.008236 -1.271158
v 0.249599 0.018024 -1.234425
v 1.056982 0.393528 0.801826
v 1.090684 0.386549 0.822910
v 1.114201 0.381273 0.837296
v 1.073998 0.385578 0.888540
v 1.054840 0.390387 0.868597
v 1.026885 0.396750 0.840188
v 0.190059 -0.033386 -1.226461
v 0.192252 -0.052991 -1.261674
v 0.193500 -0.067006 -1.285961
v 1.068417 0.438904 0.787752
v 1.104303 0.440590 0.806148
v 1.129478 0.441887 0.818494
v 0.846220 -0.569895 -0.176419
v 0.870504 -0.599861 -0.188310
v 0.887252 -0.620615 -0.197065
v 0.852963 -0.655415 -0.153774
v 0.839933 -0.630888 -0.149714
v 0.820552 -0.595946 -0.144012
v 1.045388 0.470169 0.817415
v 1.076876 0.477827 0.841475
v 1.098714 0.483653 0.858119
v 0.880092 -0.544538 -0.151975
v 0.910844 -0.569662 -0.159198
v 0.932499 -0.586742 -0.164411
v 1.019720 0.444117 0.849822
v 1.046306 0.446800 0.880071
v 1.064426 0.448852 0.901410
v 0.875358 -0.554918 -0.104460
v 0.905206 -0.582024 -0.102610
v 0.926175 -0.600608 -0.100940
v 0.838560 -0.586690 -0.099539
v 0.861380 -0.619864 -0.096748
v 0.877018 -0.643051 -0.094366
v -0.208562 0.834980 1.249234
v -0.214289 0.840564 1.288796
v -0.218217 0.843944 1.316382
v -0.273035 0.873345 1.296599
v -0.263162 0.866777 1.271158
v -0.249599 0.856990 1.234425
v -0.171764 0.866753 1.244313
v -0.170463 0.878405 1.282935
v -0.169061 0.886387 1.309808
v -0.025226 -0.505388 0.934014
v -0.028902 -0.537861 0.957702
v -0.031677 -0.560696 0.973786
v -0.062440 -0.518930 1.013411
v -0.056329 -0.500624 0.993029
v -0.048255 -0.474122 0.963678
v -0.190059 0.908399 1.226461
v -0.192252 0.928004 1.261674
v -0.193500 0.942019 1.285961
v 0.022878 -0.499355 0.940126
v 0.028388 -0.530675 0.964981
v 0.032582 -0.552636 0.981951
v -0.493587 -0.597092 -0.300339
v -0.511574 -0.621956 -0.312362
v -0.525357 -0.641134 -0.321565
v -0.531682 -0.655000 -0.258094
v -0.517212 -0.634319 -0.255774
v -0.498321 -0.607472 -0.252825
v -0.238163 0.902366 1.220350
v -0.249542 0.920818 1.254395
v -0.257759 0.933959 1.277798
v 0.029579 -0.464360 0.973566
v 0.036369 -0.488997 1.004807
v 0.041534 -0.505889 1.026621
v -0.449624 -0.612686 -0.314895
v -0.459215 -0.640529 -0.329698
v -0.466630 -0.661965 -0.341009
v -0.014383 -0.448765 0.988122
v -0.015989 -0.470425 1.022142
v -0.017193 -0.485057 1.046065
v -0.427188 -0.632704 -0.276376
v -0.432494 -0.664370 -0.283823
v -0.436659 -0.688706 -0.289555
v 0.490536 1.465197 0.298527
v 0.508361 1.489694 0.310453
v 0.522084 1.508736 0.319621
v 0.463357 1.529568 0.339065
v 0.456002 1.508267 0.327789
v 0.446573 1.480792 0.313082
v -0.457285 -0.629482 -0.238015
v -0.468339 -0.660532 -0.238136
v -0.476864 -0.684402 -0.238311
v 0.495271 1.475578 0.251012
v 0.513999 1.502057 0.253865
v 0.528409 1.522603 0.256149
v -0.880092 1.419551 0.151975
v -0.910844 1.444675 0.159198
v -0.932499 1.461755 0.164411
v -0.926175 1.475621 0.100940
v -0.905206 1.457037 0.102610
v -0.875358 1.429931 0.104461
v 0.454234 1.497588 0.236202
v 0.465126 1.528270 0.236227
v 0.473591 1.552005 0.236366
v -0.846220 1.444908 0.176419
v -0.870504 1.474874 0.188310
v -0.887252 1.495628 0.197065
v -1.178430 0.113129 0.517832
v -1.213546 0.097519 0.530173
v -1.237870 0.086241 0.538481
v -1.262309 0.141874 0.514635
v -1.235335 0.147118 0.508913
v -1.196725 0.154775 0.499981
v 0.424137 1.500810 0.274564
v 0.429281 1.532108 0.281914
v 0.433387 1.556309 0.287610
v -0.820552 1.470960 0.144012
v -0.839934 1.505901 0.149714
v -0.852963 1.530429 0.153774
v -1.160423 0.122385 0.562305
v -1.192099 0.108542 0.583139
v -1.213815 0.098606 0.597889
v -0.838560 1.461704 0.099539
v -0.861380 1.494878 0.096748
v -0.877019 1.518064 0.094366
v -1.167588 0.169752 0.571939
v -1.200633 0.164955 0.594614
v -1.223386 0.161880 0.610759
v -1.190024 0.189770 0.533421
v -1.227354 0.188796 0.548739
v -1.253357 0.188621 0.559305
v -0.029580 1.339373 -0.973566
v -0.036369 1.364011 -1.004807
v -0.041534 1.380902 -1.026621
v 0.017193 1.360071 -1.046065
v 0.015989 1.345438 -1.022142
v 0.014383 1.323779 -0.988122
v -0.022878 1.374368 -0.940126
v -0.028388 1.405689 -0.964980
v -0.032582 1.427650 -0.981950
v -1.068417 0.436110 -0.787752
v -1.104303 0.434423 -0.806148
v -1.129477 0.433126 -0.818494
v -1.098714 0.391360 -0.858119
v -1.076876 0.397186 -0.841475
v -1.045388 0.404844 -0.817415
v 0.025226 1.380401 -0.934014
v 0.028902 1.412874 -0.957702
v 0.031677 1.435709 -0.973786
v -1.056982 0.481485 -0.801826
v -1.090684 0.488464 -0.822910
v -1.114201 0.493740 -0.837296
v 0.048255 1.349136 -0.963677
v 0.056329 1.375637 -0.993030
v 0.062440 1.393943 -1.013411
v -1.026885 0.478263 -0.840188
v -1.054840 0.484626 -0.868597
v -1.073998 0.489436 -0.888540
v -1.019720 0.430896 -0.849822
v -1.046306 0.428213 -0.880071
v -1.064426 0.426161 -0.901410
v 1.167588 0.705261 -0.571939
v 1.200633 0.710058 -0.594613
v 1.223387 0.713133 -0.610759
v 1.160423 0.752628 -0.562305
v 1.192099 0.766471 -0.583139
v 1.213815 0.776408 -0.597889
v 0.171764 0.008261 -1.244313
v 0.170463 -0.003391 -1.282934
v 0.169061 -0.011373 -1.309808
v 1.178431 0.761884 -0.517832
v 1.213546 0.777495 -0.530173
v 1.237870 0.788772 -0.538481
v 0.208562 0.040033 -1.249235
v 0.214289 0.034449 -1.288796
v 0.218218 0.031070 -1.316382
v -0.545798 -0.745459 -0.303676
v -0.545495 -0.745287 -0.312761
v -0.544074 -0.741678 -0.320984
v -0.537479 -0.742384 -0.329390
v -0.530163 -0.746928 -0.332304
v -0.521464 -0.748065 -0.334692
v -0.512472 -0.752888 -0.331447
v -0.509257 -0.758141 -0.324759
v -0.504299 -0.760180 -0.317416
v -0.505337 -0.762455 -0.307004
v -0.511669 -0.763429 -0.300554
v -0.516300 -0.761281 -0.293031
v -0.525934 -0.757864 -0.289841
v -0.534065 -0.755485 -0.293139
v -0.540882 -0.749846 -0.295236
v -1.333370 0.111829 0.582345
v -1.331632 0.103930 0.586498
v -1.326706 0.096658 0.588848
v -1.321790 0.092272 0.597288
v -1.320202 0.093732 0.606120
v -1.315230 0.095643 0.613488
v -1.313762 0.103312 0.620816
v -1.316788 0.111559 0.623156
v -1.316372 0.120566 0.624325
v -1.320381 0.129692 0.620414
v -1.326108 0.132775 0.614062
v -1.328553 0.136984 0.606383
v -1.332500 0.134955 0.596638
v -1.335282 0.128060 0.591406
v -1.334940 0.122208 0.584456
v -1.176821 0.425301 -0.915429
v -1.182396 0.431148 -0.911260
v -1.185210 0.436690 -0.904624
v -1.186780 0.447070 -0.902513
v -1.186046 0.455279 -0.906352
v -1.182615 0.463599 -0.907640
v -1.176990 0.469307 -0.914741
v -1.172970 0.468551 -0.922861
v -1.166027 0.468134 -0.928715
v -1.160980 0.461282 -0.935215
v -1.161239 0.452623 -0.937972
v -1.158370 0.444028 -0.938724
v -1.160876 0.434085 -0.935640
v -1.167064 0.429507 -0.930802
v -1.170226 0.424595 -0.923835
v 0.221617 -0.069111 -1.384664
v 0.218746 -0.062059 -1.389633
v 0.214953 -0.053940 -1.391167
v 0.217459 -0.043997 -1.394251
v 0.224572 -0.038943 -1.396803
v 0.230863 -0.032423 -1.396044
v 0.241404 -0.031101 -1.394704
v 0.249078 -0.035869 -1.393690
v 0.256352 -0.039118 -1.389310
v 0.260361 -0.048244 -1.385398
v 0.258398 -0.057085 -1.384596
v 0.256195 -0.064773 -1.380271
v 0.248132 -0.071736 -1.379192
v 0.239652 -0.073272 -1.382089
v 0.230609 -0.073933 -1.381419
v 0.940917 -0.707709 -0.161941
v 0.946881 -0.704300 -0.167896
v 0.950267 -0.698219 -0.173746
v 0.958331 -0.691257 -0.174824
v 0.965627 -0.688114 -0.170403
v 0.970669 -0.682020 -0.165920
v 0.974615 -0.679992 -0.156175
v 0.974801 -0.683399 -0.147747
v 0.972891 -0.683773 -0.138867
v 0.967266 -0.689482 -0.131765
v 0.961725 -0.696671 -0.131238
v 0.953862 -0.701056 -0.129973
v 0.946439 -0.706612 -0.135329
v 0.944469 -0.709588 -0.143691
v 0.939879 -0.709984 -0.151529
v -0.030988 -0.593155 1.076961
v -0.026643 -0.600064 1.072956
v -0.022600 -0.604544 1.066156
v -0.012966 -0.607961 1.062966
v -0.004247 -0.608008 1.065541
v 0.004557 -0.605763 1.065193
v 0.011979 -0.600207 1.070549
v 0.013009 -0.595091 1.077993
v 0.014420 -0.587460 1.082730
v 0.009374 -0.580608 1.089230
v 0.001277 -0.579163 1.093105
v -0.006641 -0.574928 1.094532
v -0.017182 -0.576250 1.093193
v -0.023229 -0.582236 1.089991
v -0.029520 -0.585487 1.084289
v -0.972891 1.558786 0.138867
v -0.974801 1.558412 0.147747
v -0.974615 1.555005 0.156175
v -0.970669 1.557034 0.165920
v -0.965627 1.563128 0.170403
v -0.958331 1.566270 0.174824
v -0.950267 1.573232 0.173746
v -0.946881 1.579313 0.167896
v -0.940917 1.582722 0.161941
v -0.939880 1.584997 0.151529
v -0.944469 1.584601 0.143691
v -0.946439 1.581625 0.135329
v -0.953862 1.576069 0.129973
v -0.961725 1.571684 0.131238
v -0.967266 1.564495 0.131765
v 0.006641 1.449942 -1.094532
v -0.001277 1.454176 -1.093104
v -0.009374 1.455622 -1.089230
v -0.014420 1.462473 -1.082730
v -0.013009 1.470104 -1.077993
v -0.011979 1.475221 -1.070549
v -0.004557 1.480777 -1.065192
v 0.004247 1.483022 -1.065540
v 0.012966 1.482975 -1.062966
v 0.022600 1.479558 -1.066156
v 0.026643 1.475077 -1.072955
v 0.030988 1.468168 -1.076961
v 0.029520 1.460500 -1.084288
v 0.023229 1.457250 -1.089991
v 0.017181 1.451264 -1.093193
v 1.328554 0.738030 -0.606383
v 1.326108 0.742238 -0.614062
v 1.320381 0.745322 -0.620414
v 1.316372 0.754447 -0.624325
v 1.316788 0.763454 -0.623156
v 1.313762 0.771702 -0.620816
v 1.315230 0.779370 -0.613488
v 1.320202 0.781282 -0.606120
v 1.321790 0.782742 -0.597288
v 1.326706 0.778355 -0.588848
v 1.331632 0.771084 -0.586498
v 1.333370 0.763185 -0.582345
v 1.334941 0.752805 -0.584456
v 1.335282 0.746953 -0.591406
v 1.332500 0.740058 -0.596638
v 1.166027 0.406880 0.928715
v 1.172971 0.406462 0.922861
v 1.176990 0.405706 0.914742
v 1.182615 0.411414 0.907640
v 1.186047 0.419734 0.906352
v 1.186780 0.427943 0.902513
v 1.185210 0.438323 0.904624
v 1.182396 0.443865 0.911260
v 1.176821 0.449712 0.915430
v 1.170227 0.450418 0.923836
v 1.167064 0.445506 0.930802
v 1.160877 0.440928 0.935641
v 1.158371 0.430985 0.938725
v 1.161239 0.422390 0.937972
v 1.160981 0.413731 0.935215
v -0.256352 0.914132 1.389310
v -0.249078 0.910883 1.393690
v -0.241404 0.906115 1.394704
v -0.230863 0.907437 1.396044
v -0.224572 0.913957 1.396803
v -0.217459 0.919011 1.394251
v -0.214953 0.928954 1.391167
v -0.218746 0.937072 1.389633
v -0.221617 0.944124 1.384664
v -0.230609 0.948947 1.381419
v -0.239652 0.948285 1.382089
v -0.248132 0.946749 1.379192
v -0.256195 0.939787 1.380271
v -0.258398 0.932099 1.384596
v -0.260361 0.923258 1.385398
v 0.518183 1.615648 0.332743
v 0.526881 1.614511 0.330354
v 0.534197 1.609968 0.327440
v 0.540792 1.609262 0.319034
v 0.542213 1.612870 0.310811
v 0.542517 1.613043 0.301726
v 0.537600 1.617429 0.293286
v 0.530784 1.623068 0.291189
v 0.522652 1.625447 0.287891
v 0.513019 1.628864 0.291081
v 0.508388 1.631012 0.298604
v 0.502055 1.630038 0.305055
v 0.501018 1.627763 0.315466
v 0.505976 1.625724 0.322809
v 0.509191 1.620471 0.329497
v 0.537413 1.549157 0.328251
v 0.539862 1.571793 0.328272
v 0.539927 1.591603 0.326658
v 0.503672 1.604463 0.338662
v 0.493201 1.588344 0.343721
v 0.481708 1.568916 0.346695
v -0.059846 -0.549882 1.045282
v -0.051489 -0.565328 1.059772
v -0.041835 -0.578261 1.071372
v -0.013902 -0.557350 1.091530
v -0.015539 -0.538415 1.085716
v -0.016928 -0.517752 1.076255
v -0.494696 -0.722615 -0.251231
v -0.504614 -0.738588 -0.264073
v -0.513271 -0.750730 -0.277212
v -0.488451 -0.753388 -0.308847
v -0.472670 -0.742008 -0.304788
v -0.456561 -0.726698 -0.299838
v 0.543412 1.562310 0.268047
v 0.544887 1.582811 0.277842
v 0.543831 1.600163 0.287475
v -0.959103 1.497271 0.167792
v -0.966909 1.518620 0.166509
v -0.971388 1.537859 0.164319
v -0.967483 1.546420 0.125136
v -0.961884 1.529637 0.116079
v -0.953104 1.510423 0.107588
v -0.546693 -0.694727 -0.269997
v -0.548169 -0.715227 -0.279792
v -0.547112 -0.732580 -0.289425
v 0.491415 1.590198 0.249282
v 0.501332 1.606171 0.262123
v 0.509990 1.618314 0.275262
v -0.916185 1.529400 0.198765
v -0.930959 1.545533 0.192453
v -0.943455 1.558770 0.184477
v -1.277337 0.079149 0.557783
v -1.296125 0.082153 0.570288
v -1.311515 0.087129 0.581838
v -1.326602 0.121473 0.567117
v -1.315542 0.126355 0.551342
v -1.300518 0.131918 0.535164
v 0.453280 1.594281 0.297889
v 0.469389 1.609591 0.302838
v 0.485170 1.620971 0.306897
v -0.883660 1.562409 0.157702
v -0.903715 1.573183 0.158058
v -0.922287 1.580254 0.157752
v -1.254520 0.090877 0.614134
v -1.277012 0.091977 0.617490
v -1.296664 0.094762 0.618514
v -0.906478 1.550681 0.101352
v -0.922828 1.563360 0.110856
v -0.937137 1.572621 0.121077
v -1.263599 0.150895 0.626342
v -1.284617 0.142250 0.627716
v -1.302573 0.133824 0.626459
v -1.292027 0.176259 0.577536
v -1.308430 0.163497 0.586834
v -1.321076 0.150332 0.594694
v -0.038776 1.412526 -1.057812
v -0.031122 1.429980 -1.070267
v -0.022352 1.445224 -1.079526
v 0.013902 1.432364 -1.091530
v 0.015538 1.413429 -1.085716
v 0.016928 1.392766 -1.076255
v -0.030285 1.456867 -1.015441
v -0.024010 1.467122 -1.034775
v -0.016826 1.474083 -1.051950
v -1.162691 0.434123 -0.848098
v -1.174156 0.436363 -0.867641
v -1.181834 0.438895 -0.885797
v -1.162843 0.413111 -0.910259
v -1.149714 0.403179 -0.899124
v -1.133511 0.394507 -0.885683
v 0.030667 1.464512 -1.007697
v 0.027047 1.473526 -1.028288
v 0.022844 1.479059 -1.046909
v -1.148201 0.491618 -0.865932
v -1.162019 0.484524 -0.882579
v -1.172404 0.476314 -0.897404
v 0.059846 1.424895 -1.045282
v 0.051489 1.440342 -1.059772
v 0.041835 1.453275 -1.071372
v -1.110067 0.487534 -0.914539
v -1.130076 0.481103 -0.923294
v -1.147585 0.473657 -0.929039
v -1.100988 0.427517 -0.926746
v -1.122471 0.430830 -0.933520
v -1.141676 0.434595 -0.936984
v 1.263599 0.724119 -0.626342
v 1.284617 0.732763 -0.627716
v 1.302574 0.741190 -0.626459
v 1.321076 0.724681 -0.594694
v 1.308430 0.711516 -0.586834
v 1.292027 0.698754 -0.577536
v 1.254520 0.784136 -0.614134
v 1.277012 0.783037 -0.617490
v 1.296665 0.780251 -0.618514
v 0.178886 -0.026472 -1.350502
v 0.190453 -0.034882 -1.368219
v 0.202643 -0.042253 -1.382078
v 0.217730 -0.076597 -1.367356
v 0.209870 -0.079084 -1.349272
v 0.202067 -0.079241 -1.327883
v 1.277337 0.795864 -0.557783
v 1.296125 0.792860 -0.570288
v 1.311515 0.787884 -0.581838
v 0.225512 0.013787 -1.356738
v 0.229509 -0.001160 -1.373442
v 0.232989 -0.016051 -1.386136
v 1.300518 0.743095 -0.535164
v 1.315542 0.748658 -0.551342
v 1.326602 0.753540 -0.567117
v 0.277509 -0.014101 -1.337973
v 0.273064 -0.024520 -1.357724
v 0.266830 -0.034202 -1.373923
v 0.263018 -0.071596 -1.320140
v 0.260926 -0.072680 -1.342785
v 0.257400 -0.071621 -1.362317
v 1.148201 0.383396 0.865932
v 1.162019 0.390490 0.882579
v 1.172404 0.398699 0.897404
v 1.147585 0.401356 0.929039
v 1.130076 0.393910 0.923294
v 1.110067 0.387479 0.914539
v 1.162691 0.440890 0.848098
v 1.174157 0.438650 0.867641
v 1.181835 0.436118 0.885797
v 0.916185 -0.654387 -0.198764
v 0.930958 -0.670520 -0.192453
v 0.943455 -0.683757 -0.184477
v 0.922287 -0.705241 -0.157752
v 0.903715 -0.698170 -0.158058
v 0.883660 -0.687396 -0.157702
v 1.133511 0.480507 0.885683
v 1.149714 0.471834 0.899124
v 1.162843 0.461902 0.910259
v 0.959103 -0.622257 -0.167792
v 0.966909 -0.643607 -0.166509
v 0.971388 -0.662846 -0.164319
v 1.100988 0.447497 0.926746
v 1.122471 0.444184 0.933520
v 1.141676 0.440418 0.936984
v 0.953104 -0.635410 -0.107588
v 0.961884 -0.654624 -0.116079
v 0.967483 -0.671407 -0.125136
v 0.906478 -0.675668 -0.101352
v 0.922828 -0.688347 -0.110856
v 0.937137 -0.697608 -0.121077
v -0.225512 0.861227 1.356738
v -0.229509 0.876173 1.373442
v -0.232989 0.891065 1.386136
v -0.266830 0.909215 1.373923
v -0.273063 0.899533 1.357723
v -0.277509 0.889115 1.337973
v -0.178886 0.901485 1.350502
v -0.190453 0.909895 1.368218
v -0.202643 0.917267 1.382077
v -0.030667 -0.589498 1.007697
v -0.027047 -0.598512 1.028289
v -0.022844 -0.604045 1.046910
v -0.202066 0.954254 1.327883
v -0.209870 0.954097 1.349272
v -0.217730 0.951611 1.367356
v 0.030285 -0.581853 1.015441
v 0.024010 -0.592109 1.034775
v 0.016826 -0.599069 1.051950
v -0.540694 -0.681574 -0.330201
v -0.543144 -0.704210 -0.330222
v -0.543208 -0.724019 -0.328608
v -0.263018 0.946609 1.320140
v -0.260926 0.947694 1.342785
v -0.257400 0.946635 1.362316
v 0.038776 -0.537512 1.057812
v 0.031122 -0.554966 1.070268
v 0.022352 -0.570210 1.079527
v -0.484990 -0.701333 -0.348644
v -0.496483 -0.720761 -0.345671
v -0.506954 -0.736879 -0.340612
v -0.466624 -0.206690 0.040591
v -0.431794 -0.250579 -0.031964
v -0.406656 -0.294489 -0.093894
v -0.395059 -0.250007 0.072914
v -0.382393 -0.279908 -0.006623
v -0.374999 -0.313142 -0.076502
v -0.316456 -0.287232 0.094786
v -0.327024 -0.306772 0.005847
v -0.339037 -0.330756 -0.069492
v -0.702167 0.279589 0.458357
v -0.693893 0.239890 0.455496
v -0.690360 0.201539 0.442481
v -0.632378 0.304809 0.498465
v -0.620797 0.243347 0.492867
v -0.614085 0.183875 0.473866
v -0.562907 0.331901 0.554032
v -0.549572 0.243871 0.543264
v -0.536687 0.158565 0.518775
v -0.211419 -0.344419 -0.232154
v -0.225445 -0.329154 -0.267124
v -0.248388 -0.311433 -0.295624
v -0.133716 -0.327469 -0.240544
v -0.156954 -0.304045 -0.293969
v -0.190997 -0.276359 -0.338886
v -0.043571 -0.316449 -0.253034
v -0.080665 -0.283667 -0.327815
v -0.125673 -0.243193 -0.393989
v -0.268598 -0.355742 -0.092814
v -0.239986 -0.361033 -0.121204
v -0.219005 -0.361052 -0.156024
v -0.221880 -0.344069 -0.028965
v -0.178873 -0.352100 -0.074007
v -0.145040 -0.352296 -0.126905
v -0.169531 -0.339349 0.046140
v -0.111233 -0.350685 -0.021058
v -0.059395 -0.351141 -0.094238
v -0.434803 -0.245309 -0.233903
v -0.443901 -0.251664 -0.194795
v -0.442604 -0.262414 -0.155611
v -0.473366 -0.176199 -0.245395
v -0.486257 -0.187236 -0.184939
v -0.485453 -0.202702 -0.124086
v -0.524281 -0.101801 -0.262012
v -0.539907 -0.120767 -0.175763
v -0.541606 -0.139788 -0.088139
v -0.768449 0.379304 0.366285
v -0.750078 0.367790 0.400674
v -0.731479 0.346318 0.429755
v -0.733415 0.455523 0.357428
v -0.705490 0.436146 0.410227
v -0.676132 0.404414 0.455770
v -0.706151 0.544342 0.353417
v -0.667683 0.512747 0.428015
v -0.624048 0.471086 0.494372
v -0.633021 0.562201 -0.558393
v -0.657633 0.570487 -0.527116
v -0.682613 0.567511 -0.495182
v -0.576201 0.623523 -0.547144
v -0.614895 0.634784 -0.498988
v -0.653042 0.631750 -0.449203
v -0.520565 0.697981 -0.544180
v -0.577599 0.710263 -0.476069
v -0.630701 0.709773 -0.403800
v 0.231677 0.243199 -0.797896
v 0.200811 0.265985 -0.811340
v 0.164058 0.279466 -0.822299
v 0.274909 0.302591 -0.756440
v 0.226361 0.336378 -0.777521
v 0.170139 0.358785 -0.794251
v 0.330223 0.368917 -0.721954
v 0.258908 0.413541 -0.753029
v 0.180054 0.449460 -0.776148
v 0.630654 -0.136855 -0.021235
v 0.638906 -0.124907 -0.059206
v 0.638456 -0.119750 -0.099528
v 0.643707 -0.063757 0.018784
v 0.655686 -0.046687 -0.040446
v 0.655795 -0.037254 -0.102526
v 0.670450 0.011905 0.065775
v 0.685810 0.032639 -0.020115
v 0.687776 0.049891 -0.108100
v 0.012539 -0.052733 0.698265
v 0.051222 -0.061984 0.689856
v 0.084980 -0.078430 0.674281
v 0.020525 0.030764 0.707189
v 0.079768 0.014976 0.693620
v 0.132768 -0.009051 0.670026
v 0.029933 0.120326 0.730388
v 0.113143 0.093954 0.709808
v 0.190812 0.063259 0.677123
v -0.650115 0.183936 -0.384735
v -0.697057 0.236258 -0.329043
v -0.734388 0.298350 -0.276187
v -0.667696 0.260478 -0.434536
v -0.700554 0.294895 -0.393562
v -0.726492 0.340303 -0.358803
v -0.693157 0.323584 -0.484380
v -0.714458 0.345009 -0.457178
v -0.731103 0.375103 -0.435502
v -0.086645 0.008976 -0.666201
v -0.125490 0.081636 -0.701618
v -0.153592 0.161376 -0.731526
v -0.019504 0.048383 -0.717064
v -0.049275 0.098383 -0.740657
v -0.066212 0.154710 -0.762641
v 0.038169 0.076117 -0.772016
v 0.017958 0.108102 -0.786885
v 0.008024 0.144740 -0.801431
v 0.286727 -0.275357 -0.211143
v 0.331976 -0.232248 -0.275463
v 0.380659 -0.180022 -0.329735
v 0.372702 -0.266635 -0.176790
v 0.401966 -0.236626 -0.223546
v 0.438237 -0.200122 -0.259530
v 0.452532 -0.270200 -0.149779
v 0.470592 -0.250910 -0.180672
v 0.494828 -0.227273 -0.203178
v -0.277181 -0.109588 0.508751
v -0.240688 -0.170933 0.454456
v -0.192909 -0.224002 0.400202
v -0.197030 -0.132104 0.550184
v -0.173950 -0.174963 0.510518
v -0.138235 -0.211929 0.474450
v -0.131087 -0.160256 0.594613
v -0.117091 -0.187987 0.568389
v -0.093141 -0.211775 0.545735
v -0.670450 0.863109 -0.065775
v -0.685810 0.842375 0.020115
v -0.687776 0.825122 0.108100
v -0.643707 0.938770 -0.018784
v -0.655686 0.921701 0.040446
v -0.655795 0.912268 0.102526
v -0.630654 1.011868 0.021235
v -0.638906 0.999921 0.059206
v -0.638456 0.994764 0.099528
v -0.336801 1.151192 -0.110397
v -0.407355 1.142844 -0.050393
v -0.474618 1.146594 0.000367
v -0.301408 1.174279 -0.031295
v -0.380047 1.159695 0.003582
v -0.456051 1.157803 0.034751
v -0.270904 1.185063 0.052347
v -0.361379 1.166476 0.063151
v -0.444946 1.161846 0.073648
v 0.277181 0.984602 -0.508751
v 0.197030 1.007117 -0.550184
v 0.131087 1.035269 -0.594613
v 0.240688 1.045947 -0.454456
v 0.173950 1.049976 -0.510518
v 0.117091 1.063000 -0.568388
v 0.192909 1.099016 -0.400202
v 0.138235 1.086943 -0.474450
v 0.093141 1.086788 -0.545735
v 0.766910 0.647973 -0.050216
v 0.776455 0.644262 -0.142645
v 0.796864 0.644100 -0.224489
v 0.737684 0.727834 -0.078692
v 0.755684 0.701001 -0.159742
v 0.783376 0.681119 -0.234505
v 0.699962 0.800374 -0.115541
v 0.729747 0.750591 -0.188221
v 0.766718 0.712723 -0.253903
v 0.455599 0.606511 0.631533
v 0.530180 0.555728 0.609024
v 0.602638 0.513664 0.599245
v 0.502750 0.659559 0.576709
v 0.561224 0.595036 0.571153
v 0.622028 0.539901 0.574990
v 0.549530 0.701847 0.512942
v 0.595715 0.622242 0.526284
v 0.644934 0.556592 0.545845
v 0.043563 1.191443 0.253029
v 0.080657 1.158661 0.327810
v 0.125664 1.118187 0.393984
v 0.133648 1.202327 0.240503
v 0.156885 1.178903 0.293929
v 0.190929 1.151218 0.338845
v 0.211188 1.218910 0.232017
v 0.225215 1.203645 0.266987
v 0.248157 1.185924 0.295487
v 0.337418 0.838444 0.589564
v 0.255089 0.907154 0.579591
v 0.281782 0.828699 0.623847
v 0.324745 0.748586 0.647560
v 0.384627 0.792219 0.589796
v 0.422477 0.847779 0.524170
v 0.341830 0.889644 0.548035
v -0.330223 0.506096 0.721954
v -0.258908 0.461473 0.753029
v -0.180054 0.425554 0.776148
v -0.274909 0.572422 0.756440
v -0.226361 0.538635 0.777521
v -0.170139 0.516229 0.794251
v -0.231677 0.631814 0.797896
v -0.200811 0.609029 0.811340
v -0.164058 0.595547 0.822299
v 0.262811 1.044629 0.443479
v 0.345593 1.016564 0.423423
v 0.423688 0.987564 0.390213
v 0.289075 1.098578 0.374265
v 0.346860 1.077011 0.362489
v 0.401317 1.058764 0.337103
v 0.313909 1.150659 0.319216
v 0.351241 1.136051 0.312469
v 0.386349 1.124963 0.295231
v 0.684123 0.801325 0.147649
v 0.642168 0.824259 0.244150
v 0.691984 0.759312 0.198035
v 0.729851 0.705214 0.131208
v 0.703059 0.783596 0.086882
v 0.660194 0.863782 0.063240
v 0.649186 0.856738 0.156275
v 0.520565 0.177033 0.544180
v 0.577599 0.164750 0.476069
v 0.630701 0.165241 0.403800
v 0.576201 0.251491 0.547144
v 0.614895 0.240229 0.498988
v 0.653042 0.243264 0.449203
v 0.633021 0.312812 0.558393
v 0.657633 0.304527 0.527116
v 0.682613 0.307502 0.495182
v 0.524273 0.976795 0.262007
v 0.539899 0.995761 0.175758
v 0.541597 1.014781 0.088134
v 0.473298 1.051058 0.245355
v 0.486189 1.062094 0.184899
v 0.485385 1.077561 0.124046
v 0.434572 1.119800 0.233766
v 0.443670 1.126155 0.194658
v 0.442373 1.136905 0.155474
v 0.425667 1.031930 -0.296071
v 0.496422 1.009906 -0.217924
v 0.473935 0.988029 -0.306479
v 0.427859 0.974663 -0.387254
v 0.377937 1.039517 -0.341124
v 0.340177 1.093707 -0.274312
v 0.420063 1.061171 -0.237087
v 0.706151 0.330671 -0.353417
v 0.667682 0.362267 -0.428014
v 0.624048 0.403927 -0.494372
v 0.733415 0.419490 -0.357428
v 0.705490 0.438867 -0.410227
v 0.676132 0.470600 -0.455770
v 0.768449 0.495709 -0.366285
v 0.750077 0.507223 -0.400674
v 0.731479 0.528695 -0.429755
v 0.466615 1.081684 -0.040596
v 0.395051 1.125001 -0.072919
v 0.316447 1.162226 -0.094791
v 0.431726 1.125437 0.031923
v 0.382324 1.154767 0.006583
v 0.326955 1.181631 -0.005888
v 0.406425 1.168980 0.093757
v 0.374768 1.187633 0.076365
v 0.338807 1.205247 0.069355
v -0.080771 1.211574 -0.128395
v 0.019272 1.207539 -0.168063
v -0.071024 1.198773 -0.192478
v -0.163885 1.184566 -0.191334
v -0.141431 1.206311 -0.102738
v -0.095321 1.219808 -0.022004
v -0.028898 1.220426 -0.088440
v -0.029933 0.754687 -0.730388
v -0.113143 0.781060 -0.709808
v -0.190812 0.811754 -0.677123
v -0.020525 0.844249 -0.707189
v -0.079768 0.860037 -0.693620
v -0.132768 0.884064 -0.670026
v -0.012539 0.927747 -0.698265
v -0.051222 0.936997 -0.689856
v -0.084980 0.953443 -0.674281
v 0.169522 1.214343 -0.046145
v 0.111225 1.225679 0.021053
v 0.059387 1.226135 0.094233
v 0.221812 1.218927 0.028924
v 0.178804 1.226959 0.073966
v 0.144972 1.227154 0.126865
v 0.268367 1.230233 0.092676
v 0.239755 1.235524 0.121067
v 0.218775 1.235543 0.155887
v -0.135314 1.091992 0.418959
v -0.129882 1.144035 0.324828
v -0.189783 1.100302 0.382496
v -0.227614 1.044842 0.448218
v -0.137298 1.053471 0.472604
v -0.044458 1.067815 0.471487
v -0.077250 1.114416 0.396792
v -0.019286 0.445719 0.796573
v 0.051659 0.500429 0.792484
v 0.115373 0.561989 0.778564
v -0.055089 0.530660 0.808867
v -0.003667 0.566569 0.805813
v 0.038861 0.611780 0.796302
v -0.086982 0.605215 0.832091
v -0.053078 0.627560 0.830108
v -0.026348 0.657570 0.823982
v -0.038169 0.798897 0.772016
v -0.017958 0.766912 0.786885
v -0.008024 0.730273 0.801431
v 0.019504 0.826631 0.717064
v 0.049275 0.776631 0.740657
v 0.066212 0.720303 0.762641
v 0.086645 0.866037 0.666201
v 0.125490 0.793378 0.701618
v 0.153592 0.713637 0.731526
v 0.205681 0.315728 0.751699
v 0.101161 0.296391 0.769036
v 0.181757 0.254498 0.745042
v 0.268551 0.237015 0.713615
v 0.267841 0.328827 0.733529
v 0.241270 0.417366 0.750297
v 0.164996 0.365308 0.767580
v 0.716487 0.252309 0.295493
v 0.743317 0.332947 0.266844
v 0.758334 0.418359 0.243989
v 0.714432 0.305573 0.371695
v 0.733724 0.360836 0.348962
v 0.743629 0.421423 0.335761
v 0.723741 0.349245 0.443257
v 0.736462 0.384536 0.427591
v 0.742584 0.424015 0.420065
v 0.693157 0.551429 0.484380
v 0.714458 0.530005 0.457178
v 0.731103 0.499910 0.435502
v 0.667696 0.614535 0.434536
v 0.700554 0.580119 0.393562
v 0.726492 0.534710 0.358803
v 0.650115 0.691078 0.384735
v 0.697057 0.638755 0.329043
v 0.734388 0.576663 0.276187
v 0.766665 0.255665 0.036664
v 0.738613 0.186687 0.114471
v 0.749481 0.193714 0.021418
v 0.756639 0.226210 -0.066440
v 0.776233 0.299865 -0.011507
v 0.782154 0.359456 0.060882
v 0.765158 0.275581 0.099646
v 0.562907 0.543113 -0.554032
v 0.549572 0.631142 -0.543264
v 0.536687 0.716449 -0.518774
v 0.632378 0.570205 -0.498465
v 0.620797 0.631667 -0.492867
v 0.614085 0.691139 -0.473866
v 0.702167 0.595424 -0.458357
v 0.693893 0.635124 -0.455496
v 0.690360 0.673475 -0.442482
v 0.730770 0.744798 -0.315620
v 0.714473 0.742597 -0.352798
v 0.701097 0.729546 -0.388901
v 0.676087 0.798468 -0.280343
v 0.651819 0.793673 -0.338059
v 0.630112 0.774836 -0.393888
v 0.624979 0.867276 -0.244271
v 0.592834 0.857074 -0.327370
v 0.559083 0.833404 -0.407015
v 0.348471 0.628795 -0.681296
v 0.406224 0.538866 -0.668037
v 0.326263 0.571326 -0.705168
v 0.249978 0.622667 -0.724425
v 0.309502 0.682135 -0.682629
v 0.378944 0.719216 -0.631353
v 0.405501 0.630647 -0.647984
v -0.267776 0.916248 -0.577988
v -0.261820 0.982918 -0.518300
v -0.243252 1.044309 -0.455617
v -0.187846 0.958843 -0.599082
v -0.186378 1.004781 -0.556297
v -0.170736 1.048190 -0.513705
v -0.121878 1.003540 -0.626752
v -0.121946 1.033018 -0.598758
v -0.110836 1.061204 -0.571651
v 0.022701 1.111774 -0.522413
v -0.017922 1.110892 -0.523687
v -0.056564 1.101833 -0.532484
v 0.033091 1.124239 -0.439638
v -0.029571 1.122169 -0.443134
v -0.089725 1.108835 -0.455242
v 0.045983 1.151133 -0.351556
v -0.043139 1.146626 -0.360484
v -0.130050 1.129054 -0.373922
v -0.470969 0.919465 -0.409988
v -0.436651 0.866227 -0.497089
v -0.503021 0.865489 -0.430600
v -0.551244 0.878497 -0.351028
v -0.487344 0.947355 -0.352372
v -0.411135 0.999472 -0.369766
v -0.416937 0.939817 -0.442113
v -0.627592 0.856057 0.256731
v -0.569548 0.902133 0.307237
v -0.503640 0.948849 0.346182
v -0.612726 0.934405 0.208891
v -0.572319 0.964551 0.246329
v -0.526246 0.999145 0.271300
v -0.609602 1.009595 0.170785
v -0.583602 1.028347 0.195786
v -0.553788 1.051378 0.211064
v -0.452532 1.145213 0.149779
v -0.470592 1.125924 0.180672
v -0.494828 1.102286 0.203178
v -0.372702 1.141649 0.176790
v -0.401966 1.111640 0.223546
v -0.438237 1.075135 0.259530
v -0.286727 1.150370 0.211143
v -0.331976 1.107261 0.275463
v -0.380659 1.055035 0.329734
v -0.559217 0.725978 0.475653
v -0.625189 0.716369 0.391071
v -0.592329 0.669677 0.465680
v -0.539764 0.640149 0.537731
v -0.513091 0.728997 0.522864
v -0.496222 0.812917 0.484142
v -0.565577 0.775828 0.432755
v -0.226534 0.917516 0.594341
v -0.201458 0.863867 0.666041
v -0.183185 0.824221 0.738217
v -0.139447 0.935475 0.606005
v -0.140700 0.878523 0.672096
v -0.143985 0.834506 0.741403
v -0.050501 0.939596 0.616705
v -0.078642 0.879271 0.681644
v -0.103921 0.834163 0.748287
v 0.443601 0.281526 0.643316
v 0.521124 0.326269 0.618088
v 0.596122 0.362909 0.605921
v 0.428921 0.366608 0.667576
v 0.508284 0.384973 0.636310
v 0.586909 0.400548 0.618214
v 0.417381 0.454863 0.678571
v 0.502830 0.447204 0.642685
v 0.584315 0.440960 0.621796
v 0.470969 -0.044452 0.409988
v 0.436651 0.008786 0.497089
v 0.416937 -0.064804 0.442113
v 0.411134 -0.124458 0.369766
v 0.487344 -0.072342 0.352372
v 0.551244 -0.003483 0.351028
v 0.503021 0.009525 0.430600
v 0.609602 -0.134581 -0.170785
v 0.583602 -0.153334 -0.195786
v 0.553788 -0.176364 -0.211064
v 0.612726 -0.059392 -0.208891
v 0.572319 -0.089538 -0.246329
v 0.526246 -0.124132 -0.271300
v 0.627592 0.018957 -0.256731
v 0.569548 -0.027120 -0.307237
v 0.503640 -0.073836 -0.346182
v 0.766335 0.361606 -0.204786
v 0.776484 0.441628 -0.251063
v 0.797303 0.510540 -0.295028
v 0.783944 0.422026 -0.140893
v 0.788856 0.481718 -0.204344
v 0.805381 0.535650 -0.264094
v 0.790857 0.489669 -0.082415
v 0.793592 0.530976 -0.165687
v 0.808345 0.568205 -0.239926
v 0.559217 0.149035 -0.475653
v 0.625189 0.158644 -0.391071
v 0.565577 0.099186 -0.432755
v 0.496222 0.062096 -0.484142
v 0.513091 0.146016 -0.522864
v 0.539764 0.234865 -0.537731
v 0.592329 0.205336 -0.465680
v 0.086982 0.269798 -0.832091
v 0.053078 0.247454 -0.830108
v 0.026348 0.217444 -0.823982
v 0.055089 0.344353 -0.808867
v 0.003667 0.308444 -0.805813
v -0.038861 0.263233 -0.796302
v 0.019286 0.429294 -0.796573
v -0.051659 0.374585 -0.792484
v -0.115373 0.313024 -0.778563
v 0.130835 0.774853 -0.709963
v 0.094525 0.858680 -0.692571
v 0.064538 0.937414 -0.688473
v 0.197425 0.820015 -0.670351
v 0.142927 0.887970 -0.665326
v 0.096511 0.955527 -0.671087
v 0.254785 0.867646 -0.620511
v 0.181003 0.923421 -0.630162
v 0.120350 0.979198 -0.648194
v -0.205681 0.559285 -0.751699
v -0.101161 0.578623 -0.769035
v -0.164996 0.509706 -0.767580
v -0.241270 0.457647 -0.750297
v -0.267841 0.546187 -0.733529
v -0.268551 0.637998 -0.713615
v -0.181757 0.620515 -0.745042
v -0.723741 0.525768 -0.443257
v -0.736462 0.490478 -0.427591
v -0.742584 0.450999 -0.420065
v -0.714432 0.569441 -0.371695
v -0.733724 0.514177 -0.348962
v -0.743629 0.453591 -0.335761
v -0.716487 0.622704 -0.295493
v -0.743317 0.542066 -0.266844
v -0.758334 0.456654 -0.243988
v -0.584664 0.950177 -0.174082
v -0.582316 1.001079 -0.096291
v -0.589526 1.053611 -0.030690
v -0.520090 1.010571 -0.189109
v -0.536855 1.042307 -0.109580
v -0.560076 1.079929 -0.040319
v -0.450004 1.066447 -0.192091
v -0.488365 1.082198 -0.108856
v -0.528891 1.105965 -0.038799
v -0.766665 0.619348 -0.036664
v -0.738613 0.688327 -0.114471
v -0.765158 0.599433 -0.099646
v -0.782154 0.515558 -0.060882
v -0.776233 0.575149 0.011507
v -0.756639 0.648803 0.066440
v -0.749481 0.681300 -0.021418
v -0.701097 0.145467 0.388901
v -0.714473 0.132417 0.352798
v -0.730770 0.130215 0.315620
v -0.630112 0.100178 0.393888
v -0.651819 0.081340 0.338059
v -0.676087 0.076546 0.280344
v -0.559083 0.041609 0.407015
v -0.592834 0.017939 0.327370
v -0.624980 0.007737 0.244271
v -0.391363 0.645281 0.662293
v -0.318663 0.672027 0.713745
v -0.260989 0.698543 0.769294
v -0.377017 0.730347 0.637778
v -0.311052 0.731434 0.694880
v -0.256994 0.736929 0.756517
v -0.349515 0.811330 0.610789
v -0.289466 0.787877 0.677811
v -0.242145 0.773312 0.746102
v -0.348471 0.246218 0.681296
v -0.406224 0.336148 0.668037
v -0.405501 0.244367 0.647984
v -0.378944 0.155798 0.631353
v -0.309502 0.192878 0.682629
v -0.249978 0.252346 0.724425
v -0.326263 0.303687 0.705168
v -0.045983 -0.276120 0.351556
v 0.043139 -0.271612 0.360484
v 0.130050 -0.254041 0.373922
v -0.033091 -0.249226 0.439638
v 0.029571 -0.247156 0.443134
v 0.089725 -0.233822 0.455242
v -0.022701 -0.236761 0.522413
v 0.017922 -0.235879 0.523687
v 0.056564 -0.226819 0.532484
v 0.121878 -0.128527 0.626753
v 0.121946 -0.158005 0.598758
v 0.110836 -0.186190 0.571651
v 0.187846 -0.083829 0.599082
v 0.186378 -0.129768 0.556298
v 0.170736 -0.173176 0.513705
v 0.267776 -0.041234 0.577988
v 0.261820 -0.107904 0.518300
v 0.243252 -0.169296 0.455617
v 0.080771 -0.336560 0.128395
v -0.019272 -0.332525 0.168064
v 0.028898 -0.345412 0.088440
v 0.095321 -0.344795 0.022004
v 0.141431 -0.331298 0.102738
v 0.163885 -0.309553 0.191334
v 0.071024 -0.323759 0.192478
v 0.450004 -0.191433 0.192091
v 0.488365 -0.207185 0.108856
v 0.528891 -0.230952 0.038799
v 0.520090 -0.135557 0.189109
v 0.536855 -0.167294 0.109580
v 0.560075 -0.204916 0.040319
v 0.584664 -0.075163 0.174082
v 0.582316 -0.126065 0.096291
v 0.589526 -0.178598 0.030690
v 0.270904 -0.310049 -0.052347
v 0.361379 -0.291462 -0.063151
v 0.444946 -0.286833 -0.073648
v 0.301408 -0.299266 0.031295
v 0.380047 -0.284682 -0.003582
v 0.456051 -0.282790 -0.034751
v 0.336801 -0.276178 0.110397
v 0.407355 -0.267831 0.050393
v 0.474618 -0.271581 -0.000367
v 0.135314 -0.216979 -0.418959
v 0.129882 -0.269022 -0.324828
v 0.077250 -0.239403 -0.396792
v 0.044458 -0.192802 -0.471487
v 0.137298 -0.178458 -0.472604
v 0.227614 -0.169829 -0.448218
v 0.189783 -0.225288 -0.382496
v 0.349515 0.063683 -0.610789
v 0.289466 0.087136 -0.677811
v 0.242145 0.101701 -0.746102
v 0.377017 0.144666 -0.637778
v 0.311052 0.143579 -0.694880
v 0.256994 0.138084 -0.756517
v 0.391363 0.229732 -0.662293
v 0.318663 0.202986 -0.713745
v 0.260989 0.176470 -0.769293
v 0.050501 -0.064582 -0.616705
v 0.078642 -0.004258 -0.681644
v 0.103921 0.040851 -0.748287
v 0.139447 -0.060462 -0.606005
v 0.140700 -0.003510 -0.672096
v 0.143985 0.040508 -0.741403
v 0.226534 -0.042503 -0.594341
v 0.201458 0.011147 -0.666041
v 0.183185 0.050793 -0.738217
v -0.337418 0.036569 -0.589564
v -0.255089 -0.032140 -0.579592
v -0.341830 -0.014631 -0.548035
v -0.422477 0.027234 -0.524170
v -0.384627 0.082795 -0.589796
v -0.324745 0.126427 -0.647560
v -0.281782 0.046314 -0.623847
v -0.417381 0.420150 -0.678571
v -0.502830 0.427809 -0.642685
v -0.584315 0.434054 -0.621796
v -0.428921 0.508405 -0.667576
v -0.508284 0.490040 -0.636310
v -0.586909 0.474465 -0.618214
v -0.443601 0.593487 -0.643316
v -0.521124 0.548744 -0.618088
v -0.596122 0.512104 -0.605921
v -0.254785 0.007367 0.620511
v -0.181003 -0.048407 0.630162
v -0.120350 -0.104184 0.648194
v -0.197425 0.054999 0.670351
v -0.142927 -0.012957 0.665326
v -0.096511 -0.080514 0.671087
v -0.130835 0.100161 0.709963
v -0.094525 0.016333 0.692572
v -0.064537 -0.062401 0.688472
v -0.425667 -0.156917 0.296071
v -0.427859 -0.099650 0.387254
v -0.473935 -0.113016 0.306479
v -0.496422 -0.134892 0.217924
v -0.420063 -0.186157 0.237086
v -0.340177 -0.218694 0.274312
v -0.377937 -0.164504 0.341124
v -0.699962 0.074639 0.115541
v -0.729747 0.124423 0.188220
v -0.766718 0.162290 0.253903
v -0.737684 0.147179 0.078692
v -0.755684 0.174013 0.159742
v -0.783376 0.193895 0.234505
v -0.766910 0.227040 0.050216
v -0.776455 0.230751 0.142644
v -0.796864 0.230913 0.224489
v -0.549530 0.173167 -0.512942
v -0.595715 0.252771 -0.526284
v -0.644934 0.318422 -0.545845
v -0.502751 0.215455 -0.576709
v -0.561224 0.279977 -0.571154
v -0.622028 0.335113 -0.574990
v -0.455599 0.268502 -0.631533
v -0.530180 0.319286 -0.609024
v -0.602638 0.361350 -0.599245
v -0.684123 0.073688 -0.147649
v -0.642168 0.050755 -0.244150
v -0.649186 0.018275 -0.156275
v -0.660194 0.011231 -0.063240
v -0.703059 0.091417 -0.086882
v -0.729851 0.169799 -0.131208
v -0.691984 0.115701 -0.198035
v -0.790857 0.385344 0.082415
v -0.793592 0.344038 0.165687
v -0.808345 0.306809 0.239926
v -0.783944 0.452987 0.140893
v -0.788855 0.393295 0.204344
v -0.805381 0.339363 0.264094
v -0.766335 0.513407 0.204786
v -0.776484 0.433385 0.251063
v -0.797303 0.364473 0.295027
v 0.038739 1.149572 -0.695603
v 0.047800 1.140660 -0.704040
v 0.052967 1.130256 -0.713929
v 0.028965 1.208455 -0.772910
v 0.035237 1.202286 -0.778750
v 0.038813 1.195084 -0.785595
v 0.027142 1.272375 -0.843433
v 0.032782 1.266827 -0.848685
v 0.035998 1.260351 -0.854841
v -0.812363 0.447155 -0.576519
v -0.810092 0.461991 -0.579251
v -0.805298 0.475189 -0.585215
v -0.879104 0.446861 -0.647826
v -0.877532 0.457130 -0.649717
v -0.874213 0.466265 -0.653845
v -0.951849 0.447281 -0.709231
v -0.950436 0.456516 -0.710932
v -0.947451 0.464731 -0.714644
v -0.017624 1.155296 -0.690557
v -0.003152 1.158734 -0.687170
v 0.012096 1.159024 -0.686781
v -0.010049 1.212416 -0.769418
v -0.000032 1.214796 -0.767073
v 0.010522 1.214997 -0.766804
v -0.007942 1.275937 -0.840293
v 0.001066 1.278077 -0.838185
v 0.010557 1.278258 -0.837942
v -0.793793 0.399132 -0.600684
v -0.801788 0.407093 -0.590417
v -0.808021 0.418448 -0.582358
v -0.866250 0.413620 -0.664553
v -0.871784 0.419131 -0.657446
v -0.876098 0.426990 -0.651868
v -0.940290 0.417388 -0.724273
v -0.945266 0.422344 -0.717882
v -0.949146 0.429412 -0.712865
v -0.042292 1.118308 -0.726032
v -0.042409 1.129345 -0.715501
v -0.038152 1.139928 -0.705372
v -0.027124 1.186814 -0.793972
v -0.027205 1.194454 -0.786683
v -0.024258 1.201779 -0.779672
v -0.023297 1.252914 -0.862374
v -0.023370 1.259784 -0.855819
v -0.020720 1.266372 -0.849514
v -0.901994 0.263170 0.385246
v -0.905031 0.253824 0.373578
v -0.906134 0.241549 0.364587
v -0.982179 0.229535 0.429723
v -0.984281 0.223066 0.421646
v -0.985045 0.214570 0.415423
v -1.065434 0.206037 0.469460
v -1.067325 0.200219 0.462196
v -1.068011 0.192579 0.456600
v -0.001174 1.089724 -0.753002
v -0.015719 1.093108 -0.749880
v -0.028336 1.099359 -0.744009
v 0.001337 1.167029 -0.812641
v -0.008730 1.169371 -0.810480
v -0.017463 1.173698 -0.806416
v 0.002297 1.235122 -0.879162
v -0.006756 1.237228 -0.877219
v -0.014610 1.241119 -0.873564
v -0.877219 0.256412 0.435997
v -0.884160 0.264552 0.425121
v -0.891080 0.268780 0.412199
v -0.965030 0.224857 0.464851
v -0.969835 0.230492 0.457324
v -0.974625 0.233418 0.448379
v -1.050012 0.201830 0.501049
v -1.054334 0.206897 0.494280
v -1.058641 0.209528 0.486237
v -0.634272 1.203756 0.054440
v -0.645954 1.193967 0.053776
v -0.657006 1.184126 0.057481
v -0.697746 1.273890 0.078754
v -0.705833 1.267115 0.078294
v -0.713483 1.260303 0.080859
v -0.759186 1.345440 0.091732
v -0.766458 1.339347 0.091319
v -0.773337 1.333221 0.093625
v -0.861704 0.201908 0.440863
v -0.862957 0.216284 0.445810
v -0.866131 0.231172 0.446815
v -0.954291 0.187131 0.468220
v -0.955158 0.197082 0.471644
v -0.957355 0.207387 0.472340
v -1.040356 0.167903 0.504079
v -1.041135 0.176852 0.507158
v -1.043111 0.186119 0.507784
v -0.602618 1.224842 0.096731
v -0.606697 1.223356 0.082106
v -0.613743 1.219123 0.069254
v -0.675836 1.288486 0.108027
v -0.678660 1.287457 0.097904
v -0.683537 1.284528 0.089008
v -0.739483 1.358565 0.118056
v -0.742022 1.357640 0.108953
v -0.746408 1.355006 0.100954
v 0.327129 1.292374 0.234588
v 0.332301 1.286637 0.247744
v 0.340990 1.280006 0.258386
v 0.366879 1.347255 0.245852
v 0.370459 1.343284 0.254958
v 0.376474 1.338694 0.262324
v 0.395713 1.404590 0.260189
v 0.398932 1.401019 0.268378
v 0.404341 1.396892 0.275002
v -0.314140 -0.276168 -0.319353
v -0.351472 -0.261560 -0.312606
v -0.386580 -0.250472 -0.295369
v -0.289143 -0.223719 -0.374306
v -0.346928 -0.202152 -0.362530
v -0.401385 -0.183906 -0.337143
v -0.262819 -0.169635 -0.443484
v -0.345602 -0.141570 -0.423428
v -0.423697 -0.112570 -0.390218
v 0.867483 -0.562484 -0.097697
v 0.858037 -0.570896 -0.094530
v 0.848051 -0.579261 -0.095098
v 0.895827 -0.591035 -0.094555
v 0.884577 -0.601053 -0.090783
v 0.872685 -0.611017 -0.091459
v 0.915655 -0.610715 -0.091905
v 0.903036 -0.621952 -0.087675
v 0.889698 -0.633127 -0.088434
v 1.018015 0.431550 0.851858
v 1.018774 0.418580 0.850751
v 1.021798 0.406537 0.846771
v 1.044276 0.431832 0.882497
v 1.045180 0.416386 0.881178
v 1.048782 0.402043 0.876438
v 1.062148 0.432064 0.904130
v 1.063163 0.414738 0.902651
v 1.067202 0.398651 0.897334
v 0.883279 -0.543508 -0.139574
v 0.883464 -0.545089 -0.126632
v 0.880779 -0.548989 -0.114483
v 0.914640 -0.568435 -0.144428
v 0.914860 -0.570318 -0.129016
v 0.911662 -0.574963 -0.114547
v 0.936756 -0.585366 -0.147846
v 0.937003 -0.587478 -0.130558
v 0.933417 -0.592688 -0.114329
v 1.037492 0.468811 0.827455
v 1.030102 0.463529 0.836809
v 1.023938 0.455054 0.844568
v 1.067473 0.476209 0.853433
v 1.058671 0.469918 0.864574
v 1.051330 0.459825 0.873814
v 1.088167 0.481838 0.871531
v 1.078295 0.474782 0.884027
v 1.070061 0.463461 0.894391
v 0.856065 -0.561692 -0.175518
v 0.865625 -0.554258 -0.170687
v 0.873951 -0.548302 -0.162610
v 0.882228 -0.590092 -0.187237
v 0.893614 -0.581238 -0.181483
v 0.903530 -0.574145 -0.171864
v 0.900403 -0.609657 -0.195861
v 0.913174 -0.599726 -0.189407
v 0.924296 -0.591771 -0.178619
v 1.065243 0.450632 0.791920
v 1.059915 0.460337 0.798809
v 1.053082 0.467142 0.807584
v 1.100523 0.454558 0.811113
v 1.094178 0.466117 0.819316
v 1.086040 0.474221 0.829768
v 1.125237 0.457554 0.824063
v 1.118121 0.470518 0.833265
v 1.108992 0.479609 0.844987
v 0.823449 -0.591907 -0.155856
v 0.829173 -0.585731 -0.165812
v 0.837004 -0.578150 -0.172969
v 0.843384 -0.626077 -0.163820
v 0.850201 -0.618722 -0.175677
v 0.859527 -0.609693 -0.184201
v 0.856834 -0.650019 -0.169596
v 0.864480 -0.641770 -0.182895
v 0.874940 -0.631643 -0.192456
v 1.062916 0.402135 0.794362
v 1.067014 0.413415 0.789265
v 1.068954 0.426096 0.786930
v 1.097751 0.396800 0.814021
v 1.102631 0.410235 0.807950
v 1.104943 0.425337 0.805169
v 1.122128 0.392770 0.827325
v 1.127602 0.407839 0.820516
v 1.130195 0.424778 0.817397
v 0.227229 -0.034076 -1.219848
v 0.214668 -0.037435 -1.220813
v 0.201828 -0.037262 -1.223075
v 0.236521 -0.053812 -1.253798
v 0.221560 -0.057814 -1.254947
v 0.206268 -0.057607 -1.257641
v 0.243153 -0.067928 -1.277127
v 0.226373 -0.072415 -1.278416
v 0.209221 -0.072184 -1.281438
v 1.033727 0.390342 0.831406
v 1.041587 0.387608 0.821367
v 1.049620 0.388640 0.811149
v 1.062989 0.382755 0.858139
v 1.072349 0.379499 0.846183
v 1.081916 0.380728 0.834013
v 1.083137 0.377017 0.876809
v 1.093636 0.373365 0.863400
v 1.104367 0.374744 0.849749
v 0.252329 0.006343 -1.229829
v 0.251119 -0.005962 -1.225689
v 0.246290 -0.017618 -1.222397
v 0.266414 -0.005675 -1.265685
v 0.264973 -0.020329 -1.260754
v 0.259222 -0.034211 -1.256834
v 0.276682 -0.013935 -1.290460
v 0.275066 -0.030372 -1.284929
v 0.268616 -0.045942 -1.280532
v 1.197625 0.708225 -0.504439
v 1.196683 0.697733 -0.512124
v 1.194086 0.689745 -0.522097
v 1.236406 0.713588 -0.514222
v 1.235283 0.701093 -0.523374
v 1.232192 0.691579 -0.535253
v 1.263510 0.717092 -0.520589
v 1.262252 0.703077 -0.530855
v 1.258783 0.692407 -0.544178
v -0.789742 0.490978 -0.604855
v -0.780343 0.492186 -0.616811
v -0.771148 0.488987 -0.628555
v -0.863446 0.477194 -0.667440
v -0.856940 0.478030 -0.675715
v -0.850575 0.475816 -0.683845
v -0.937768 0.474559 -0.726869
v -0.931918 0.475310 -0.734311
v -0.926194 0.473319 -0.741622
v 0.048906 1.109047 -0.734195
v 0.040034 1.100101 -0.742797
v 0.027979 1.093381 -0.749298
v 0.036002 1.180404 -0.799623
v 0.029861 1.174212 -0.805577
v 0.021517 1.169560 -0.810077
v 0.033470 1.247149 -0.867456
v 0.027947 1.241581 -0.872810
v 0.020444 1.237398 -0.876856
v -0.757191 0.470039 -0.646533
v -0.753653 0.455949 -0.651189
v -0.752764 0.440774 -0.652485
v -0.840914 0.462700 -0.696288
v -0.838466 0.452947 -0.699512
v -0.837850 0.442444 -0.700408
v -0.917507 0.461525 -0.752811
v -0.915305 0.452754 -0.755710
v -0.914751 0.443309 -0.756516
v 0.891080 0.606234 -0.412199
v 0.884160 0.610461 -0.425121
v 0.877219 0.618601 -0.435997
v 0.974625 0.641595 -0.448379
v 0.969835 0.644521 -0.457324
v 0.965030 0.650156 -0.464851
v 1.058641 0.665485 -0.486237
v 1.054334 0.668116 -0.494280
v 1.050013 0.673183 -0.501050
v -0.759695 0.413274 -0.643955
v -0.766907 0.403359 -0.634877
v -0.775553 0.397179 -0.623933
v -0.842647 0.423409 -0.694504
v -0.847639 0.416546 -0.688221
v -0.853624 0.412268 -0.680645
v -0.919065 0.426192 -0.751207
v -0.923554 0.420020 -0.745557
v -0.928936 0.416173 -0.738744
v 0.866131 0.643841 -0.446815
v 0.862957 0.658729 -0.445810
v 0.861704 0.673106 -0.440863
v 0.957355 0.667626 -0.472340
v 0.955158 0.677931 -0.471644
v 0.954291 0.687883 -0.468220
v 1.043111 0.688894 -0.507784
v 1.041136 0.698161 -0.507158
v 1.040356 0.707110 -0.504079
v 0.122373 0.078673 -0.921230
v 0.114705 0.090640 -0.926773
v 0.111071 0.104403 -0.932259
v 0.148955 0.056640 -1.012592
v 0.143648 0.064923 -1.016428
v 0.141132 0.074450 -1.020226
v 0.166664 0.027549 -1.101489
v 0.161891 0.034998 -1.104939
v 0.159629 0.043565 -1.108354
v 0.865766 0.694314 -0.420597
v 0.870723 0.699288 -0.407054
v 0.876891 0.700033 -0.393120
v 0.957102 0.702563 -0.454192
v 0.960534 0.706006 -0.444818
v 0.964803 0.706521 -0.435173
v 1.042884 0.720311 -0.491464
v 1.045970 0.723407 -0.483034
v 1.049809 0.723871 -0.474361
v 0.118001 0.131902 -0.940789
v 0.127960 0.143229 -0.943085
v 0.140736 0.151532 -0.943829
v 0.145929 0.093484 -1.026130
v 0.152822 0.101325 -1.027719
v 0.161666 0.107072 -1.028235
v 0.163943 0.060682 -1.113664
v 0.170141 0.067732 -1.115093
v 0.178094 0.072901 -1.115556
v 0.890488 0.687901 -0.369776
v 0.896727 0.676087 -0.362411
v 0.901791 0.662171 -0.358748
v 0.974215 0.698124 -0.419015
v 0.978533 0.689946 -0.413917
v 0.982039 0.680314 -0.411381
v 1.058273 0.716319 -0.459830
v 1.062156 0.708966 -0.455246
v 1.065308 0.700303 -0.452965
v 0.169890 0.155189 -0.940125
v 0.183712 0.150223 -0.936002
v 0.195243 0.141591 -0.930976
v 0.181845 0.109603 -1.025671
v 0.191413 0.106165 -1.022817
v 0.199394 0.100191 -1.019338
v 0.196241 0.075177 -1.113251
v 0.204845 0.072085 -1.110684
v 0.212022 0.066713 -1.107556
v 0.906134 0.633464 -0.364587
v 0.905031 0.621189 -0.373578
v 0.901994 0.611843 -0.385246
v 0.985045 0.660444 -0.415423
v 0.984281 0.651947 -0.421646
v 0.982179 0.645478 -0.429723
v 1.068011 0.682435 -0.456600
v 1.067325 0.674794 -0.462196
v 1.065434 0.668977 -0.469460
v 0.206330 0.116351 -0.920157
v 0.204914 0.101955 -0.915312
v 0.199265 0.088317 -0.911461
v 0.207069 0.082720 -1.011849
v 0.206089 0.072755 -1.008496
v 0.202178 0.063316 -1.005831
v 0.218923 0.051002 -1.100821
v 0.218042 0.042041 -1.097806
v 0.214526 0.033552 -1.095409
v 0.771148 0.386026 0.628555
v 0.780343 0.382828 0.616811
v 0.789742 0.384035 0.604855
v 0.850575 0.399197 0.683845
v 0.856940 0.396983 0.675715
v 0.863445 0.397819 0.667440
v 0.926194 0.401694 0.741621
v 0.931918 0.399703 0.734311
v 0.937768 0.400455 0.726869
v 0.176963 0.069061 -0.908479
v 0.162266 0.065131 -0.909608
v 0.147244 0.065334 -0.912254
v 0.186742 0.049987 -1.003766
v 0.176569 0.047266 -1.004548
v 0.166170 0.047407 -1.006379
v 0.200644 0.021566 -1.093552
v 0.191496 0.019119 -1.094255
v 0.182145 0.019246 -1.095902
v 0.805298 0.399824 0.585214
v 0.810093 0.413022 0.579251
v 0.812363 0.427858 0.576519
v 0.874213 0.408748 0.653845
v 0.877532 0.417883 0.649717
v 0.879104 0.428153 0.647826
v 0.947451 0.410283 0.714644
v 0.950436 0.418498 0.710932
v 0.951849 0.427732 0.709231
v 0.605487 -0.343537 -0.125527
v 0.612184 -0.336312 -0.137174
v 0.621346 -0.327442 -0.145548
v 0.677822 -0.409118 -0.127959
v 0.682458 -0.404117 -0.136021
v 0.688799 -0.397977 -0.141817
v 0.741269 -0.479636 -0.135981
v 0.745438 -0.475138 -0.143231
v 0.751140 -0.469617 -0.148443
v 0.808021 0.456565 0.582358
v 0.801788 0.467920 0.590417
v 0.793793 0.475882 0.600684
v 0.876098 0.448023 0.651868
v 0.871784 0.455883 0.657446
v 0.866250 0.461394 0.664553
v 0.949146 0.445601 0.712865
v 0.945266 0.452669 0.717882
v 0.940290 0.457625 0.724273
v 0.643647 -0.308186 -0.148531
v 0.654833 -0.299488 -0.142878
v 0.664574 -0.292520 -0.133429
v 0.704236 -0.384649 -0.143882
v 0.711978 -0.378628 -0.139969
v 0.718721 -0.373805 -0.133428
v 0.765022 -0.457631 -0.150300
v 0.771984 -0.452217 -0.146781
v 0.778048 -0.447880 -0.140899
v 0.775553 0.477835 0.623933
v 0.766907 0.471654 0.634877
v 0.759695 0.461739 0.643955
v 0.853624 0.462745 0.680645
v 0.847639 0.458468 0.688221
v 0.842648 0.451604 0.694504
v 0.928936 0.458840 0.738744
v 0.923554 0.454994 0.745557
v 0.919065 0.448822 0.751207
v 0.675488 -0.286910 -0.106476
v 0.675704 -0.288760 -0.091335
v 0.672563 -0.293324 -0.077121
v 0.726275 -0.369922 -0.114772
v 0.726425 -0.371202 -0.104292
v 0.724250 -0.374361 -0.094453
v 0.784841 -0.444388 -0.124123
v 0.784976 -0.445540 -0.114698
v 0.783021 -0.448380 -0.105850
v 0.752764 0.434239 0.652485
v 0.753653 0.419065 0.651189
v 0.757191 0.404975 0.646532
v 0.837850 0.432569 0.700408
v 0.838466 0.422066 0.699512
v 0.840914 0.412313 0.696288
v 0.914751 0.431704 0.756516
v 0.915305 0.422259 0.755710
v 0.917507 0.413489 0.752811
v 0.657006 -0.309112 -0.057481
v 0.645954 -0.318954 -0.053776
v 0.634272 -0.328742 -0.054440
v 0.713483 -0.385290 -0.080858
v 0.705833 -0.392102 -0.078294
v 0.697746 -0.398877 -0.078754
v 0.773337 -0.458208 -0.093625
v 0.766458 -0.464334 -0.091319
v 0.759186 -0.470427 -0.091732
v -0.195243 0.733422 0.930976
v -0.183712 0.724791 0.936002
v -0.169890 0.719824 0.940125
v -0.199394 0.774822 1.019338
v -0.191413 0.768848 1.022817
v -0.181845 0.765410 1.025671
v -0.212022 0.808301 1.107556
v -0.204845 0.802928 1.110684
v -0.196241 0.799836 1.113251
v 0.613743 -0.344110 -0.069254
v 0.606697 -0.348343 -0.082106
v 0.602618 -0.349828 -0.096731
v 0.683537 -0.409514 -0.089008
v 0.678660 -0.412444 -0.097904
v 0.675836 -0.413472 -0.108026
v 0.746408 -0.479992 -0.100954
v 0.742022 -0.482627 -0.108953
v 0.739483 -0.483552 -0.118056
v -0.140736 0.723481 0.943829
v -0.127960 0.731784 0.943085
v -0.118001 0.743111 0.940789
v -0.161666 0.767941 1.028235
v -0.152822 0.773689 1.027719
v -0.145929 0.781529 1.026130
v -0.178094 0.802113 1.115556
v -0.170141 0.807281 1.115093
v -0.163943 0.814331 1.113664
v -0.052967 -0.255242 0.713929
v -0.047800 -0.265646 0.704040
v -0.038739 -0.274559 0.695603
v -0.038813 -0.320071 0.785595
v -0.035237 -0.327272 0.778750
v -0.028965 -0.333441 0.772910
v -0.035998 -0.385337 0.854841
v -0.032782 -0.391814 0.848685
v -0.027142 -0.397361 0.843433
v -0.111071 0.770611 0.932259
v -0.114705 0.784374 0.926773
v -0.122373 0.796341 0.921230
v -0.141132 0.800564 1.020226
v -0.143648 0.810090 1.016429
v -0.148955 0.818373 1.012592
v -0.159629 0.831449 1.108354
v -0.161891 0.840016 1.104939
v -0.166664 0.847465 1.101489
v -0.012096 -0.284010 0.686781
v 0.003152 -0.283720 0.687170
v 0.017624 -0.280283 0.690557
v -0.010522 -0.339983 0.766804
v 0.000032 -0.339783 0.767073
v 0.010049 -0.337403 0.769418
v -0.010557 -0.403244 0.837942
v -0.001066 -0.403064 0.838185
v 0.007942 -0.400924 0.840293
v -0.415229 -0.388840 -0.206383
v -0.415786 -0.384740 -0.221067
v -0.412304 -0.382427 -0.235739
v -0.428780 -0.454582 -0.226875
v -0.429165 -0.451744 -0.237039
v -0.426755 -0.450142 -0.247194
v -0.452142 -0.515424 -0.243578
v -0.452488 -0.512872 -0.252717
v -0.450321 -0.511432 -0.261850
v -0.147244 0.809680 0.912254
v -0.162266 0.809883 0.909608
v -0.176963 0.805952 0.908479
v -0.166170 0.827606 1.006379
v -0.176569 0.827747 1.004548
v -0.186742 0.825026 1.003766
v -0.182145 0.855768 1.095902
v -0.191496 0.855894 1.094255
v -0.200644 0.853447 1.093552
v 0.038152 -0.264915 0.705372
v 0.042409 -0.254332 0.715501
v 0.042292 -0.243294 0.726032
v 0.024258 -0.326766 0.779672
v 0.027205 -0.319440 0.786683
v 0.027124 -0.311801 0.793972
v 0.020720 -0.391358 0.849514
v 0.023370 -0.384771 0.855819
v 0.023297 -0.377900 0.862374
v -0.394064 -0.384380 -0.258988
v -0.380904 -0.388475 -0.265527
v -0.366903 -0.394014 -0.267980
v -0.414130 -0.451494 -0.263287
v -0.405021 -0.454329 -0.267813
v -0.395329 -0.458163 -0.269511
v -0.438968 -0.512648 -0.276321
v -0.430776 -0.515197 -0.280392
v -0.422061 -0.518645 -0.281919
v -0.199265 0.786696 0.911461
v -0.204914 0.773059 0.915312
v -0.206330 0.758662 0.920157
v -0.202178 0.811698 1.005830
v -0.206089 0.802258 1.008496
v -0.207069 0.792293 1.011849
v -0.214526 0.841461 1.095409
v -0.218042 0.832973 1.097806
v -0.218923 0.824011 1.100821
v 0.028336 -0.224346 0.744009
v 0.015719 -0.218095 0.749880
v 0.001174 -0.214711 0.753002
v 0.017463 -0.298685 0.806416
v 0.008730 -0.294358 0.810480
v -0.001337 -0.292016 0.812641
v 0.014610 -0.366106 0.873564
v 0.006756 -0.362215 0.877219
v -0.002297 -0.360108 0.879162
v -0.342033 -0.407353 -0.259005
v -0.333343 -0.413984 -0.248363
v -0.328172 -0.419721 -0.235207
v -0.378114 -0.467396 -0.263299
v -0.372100 -0.471986 -0.255932
v -0.368520 -0.475957 -0.246826
v -0.406580 -0.526948 -0.276332
v -0.401171 -0.531075 -0.269708
v -0.397952 -0.534646 -0.261519
v 0.365861 1.266667 0.267361
v 0.379862 1.261128 0.264908
v 0.393022 1.257032 0.258368
v 0.393689 1.329461 0.268536
v 0.403380 1.325627 0.266839
v 0.412489 1.322793 0.262312
v 0.419822 1.388589 0.280589
v 0.428537 1.385141 0.279062
v 0.436729 1.382591 0.274991
v -0.027979 -0.218368 0.749298
v -0.040034 -0.225088 0.742797
v -0.048906 -0.234034 0.734195
v -0.021517 -0.294547 0.810077
v -0.029861 -0.299198 0.805577
v -0.036002 -0.305391 0.799623
v -0.020444 -0.362385 0.876856
v -0.027947 -0.366567 0.872810
v -0.033470 -0.372136 0.867455
v -0.331041 -0.426012 -0.206411
v -0.338831 -0.426015 -0.193295
v -0.349635 -0.424021 -0.182711
v -0.370506 -0.480311 -0.226894
v -0.375898 -0.480313 -0.217815
v -0.383377 -0.478933 -0.210489
v -0.399738 -0.538562 -0.243595
v -0.404587 -0.538564 -0.235430
v -0.411313 -0.537323 -0.228842
v 0.411262 1.255080 0.235119
v 0.414743 1.257393 0.220448
v 0.414187 1.261493 0.205764
v 0.425114 1.321441 0.246219
v 0.427524 1.323042 0.236064
v 0.427139 1.325880 0.225900
v 0.448083 1.381376 0.260520
v 0.450250 1.382816 0.251387
v 0.449903 1.385368 0.242247
v -0.672563 1.168337 0.077121
v -0.675704 1.163773 0.091335
v -0.675488 1.161924 0.106476
v -0.724251 1.249374 0.094453
v -0.726425 1.246215 0.104292
v -0.726275 1.244935 0.114772
v -0.783021 1.323393 0.105850
v -0.784976 1.320553 0.114698
v -0.784841 1.319402 0.124123
v -0.376279 -0.414570 -0.173890
v -0.389783 -0.407941 -0.176425
v -0.401632 -0.400972 -0.183040
v -0.401819 -0.472392 -0.204383
v -0.411166 -0.467803 -0.206138
v -0.419368 -0.462979 -0.210717
v -0.427897 -0.531440 -0.223351
v -0.436303 -0.527314 -0.224929
v -0.443678 -0.522976 -0.229047
v 0.400589 1.273625 0.182420
v 0.388740 1.280594 0.175806
v 0.375236 1.287223 0.173270
v 0.417727 1.334278 0.209742
v 0.409525 1.339102 0.205163
v 0.400178 1.343690 0.203408
v 0.441440 1.392920 0.227717
v 0.434064 1.397258 0.223599
v 0.425658 1.401384 0.222021
v -0.664574 1.167533 0.133429
v -0.654833 1.174501 0.142878
v -0.643647 1.183200 0.148531
v -0.718721 1.248818 0.133428
v -0.711978 1.253641 0.139969
v -0.704236 1.259662 0.143882
v -0.778048 1.322893 0.140899
v -0.771984 1.327230 0.146781
v -0.765022 1.332645 0.150300
v -0.901791 0.212842 0.358748
v -0.896727 0.198926 0.362411
v -0.890488 0.187113 0.369776
v -0.982039 0.194700 0.411381
v -0.978533 0.185067 0.413917
v -0.974215 0.176890 0.419015
v -1.065308 0.174710 0.452965
v -1.062155 0.166048 0.455246
v -1.058272 0.158694 0.459830
v 0.348593 1.296674 0.182092
v 0.337788 1.298668 0.192675
v 0.329998 1.298665 0.205792
v 0.381736 1.350232 0.209514
v 0.374257 1.351612 0.216840
v 0.368865 1.351610 0.225919
v 0.409074 1.407267 0.227512
v 0.402348 1.408508 0.234100
v 0.397499 1.408506 0.242265
v -0.621346 1.202455 0.145548
v -0.612184 1.211325 0.137175
v -0.605487 1.218550 0.125527
v -0.688799 1.272990 0.141817
v -0.682458 1.279130 0.136021
v -0.677822 1.284131 0.127959
v -0.751140 1.344630 0.148443
v -0.745438 1.350152 0.143231
v -0.741269 1.354649 0.135981
v -0.876891 0.174980 0.393120
v -0.870724 0.175725 0.407054
v -0.865766 0.180699 0.420597
v -0.964803 0.168492 0.435173
v -0.960534 0.169008 0.444818
v -0.957102 0.172450 0.454192
v -1.049809 0.151143 0.474361
v -1.045970 0.151606 0.483034
v -1.042883 0.154702 0.491464
v -1.270031 0.075070 0.571717
v -1.263385 0.075895 0.586827
v -1.257975 0.081267 0.601490
v -1.290312 0.078900 0.581977
v -1.284985 0.079719 0.594777
v -1.280164 0.084116 0.607037
v -1.308012 0.085151 0.590981
v -1.304534 0.086155 0.601353
v -1.299970 0.089285 0.610843
v -0.904552 1.539869 0.194378
v -0.894661 1.549496 0.185288
v -0.887367 1.557309 0.172683
v -0.921540 1.554363 0.188670
v -0.913474 1.562583 0.180907
v -0.907076 1.569043 0.170409
v -0.937213 1.565832 0.181170
v -0.931547 1.572664 0.174697
v -0.925749 1.577467 0.166696
v 0.477560 1.594420 0.256656
v 0.465883 1.596599 0.268147
v 0.457411 1.596577 0.282338
v 0.490027 1.609811 0.268443
v 0.480421 1.611779 0.278278
v 0.473068 1.611627 0.290059
v 0.502200 1.621484 0.280650
v 0.495209 1.623407 0.288903
v 0.488758 1.622923 0.297783
v -1.296979 0.116068 0.534528
v -1.291515 0.100993 0.538534
v -1.284732 0.088187 0.546479
v -1.312756 0.113195 0.551084
v -1.308324 0.100543 0.554709
v -1.302447 0.089728 0.561143
v -1.325022 0.111637 0.567834
v -1.321969 0.101712 0.571420
v -1.316851 0.093037 0.575807
v -0.951339 1.502075 0.181238
v -0.940797 1.509661 0.191459
v -0.928663 1.519050 0.197603
v -0.960530 1.522889 0.177558
v -0.951753 1.529532 0.186027
v -0.941443 1.537178 0.191332
v -0.966837 1.541991 0.172191
v -0.960142 1.547974 0.178522
v -0.951709 1.553316 0.183109
v 0.533838 1.569467 0.257034
v 0.521002 1.577047 0.249898
v 0.506366 1.584202 0.247119
v 0.536930 1.588974 0.268915
v 0.526152 1.595557 0.263136
v 0.513806 1.601377 0.260570
v 0.537847 1.605511 0.281530
v 0.529373 1.611288 0.277592
v 0.519518 1.615341 0.274916
v -0.509647 -0.716619 -0.249069
v -0.524284 -0.709464 -0.251848
v -0.537120 -0.701884 -0.258983
v -0.517088 -0.733793 -0.262519
v -0.529434 -0.727974 -0.265086
v -0.540211 -0.721391 -0.270865
v -0.522800 -0.747758 -0.276866
v -0.532654 -0.743705 -0.279542
v -0.541128 -0.737927 -0.283480
v -0.959969 1.502959 0.120289
v -0.963374 1.498056 0.135700
v -0.963138 1.496010 0.152098
v -0.967602 1.523732 0.126730
v -0.970485 1.519904 0.139765
v -0.970270 1.517883 0.153503
v -0.971817 1.542980 0.133451
v -0.974136 1.540781 0.143962
v -0.973931 1.538344 0.154672
v 0.545370 1.549401 0.314081
v 0.549132 1.551949 0.298191
v 0.548539 1.556350 0.282272
v 0.546398 1.572297 0.316523
v 0.549491 1.574733 0.303205
v 0.549065 1.578147 0.289749
v 0.544570 1.592989 0.317925
v 0.546808 1.595732 0.307525
v 0.546685 1.597625 0.296704
v -0.460693 -0.728994 -0.284288
v -0.469164 -0.729015 -0.270097
v -0.480841 -0.726836 -0.258606
v -0.476349 -0.744044 -0.292009
v -0.483702 -0.744196 -0.280228
v -0.493309 -0.742228 -0.270392
v -0.492040 -0.755340 -0.299733
v -0.498490 -0.755823 -0.290853
v -0.505482 -0.753901 -0.282599
v -0.032195 -0.521753 1.072372
v -0.045239 -0.529072 1.065340
v -0.054871 -0.538729 1.056007
v -0.028109 -0.542021 1.082559
v -0.038956 -0.548443 1.076729
v -0.047196 -0.556310 1.068785
v -0.022949 -0.561000 1.089388
v -0.031173 -0.566820 1.085006
v -0.038078 -0.572325 1.078471
v 0.496218 1.561952 0.348961
v 0.511398 1.555989 0.346287
v 0.525649 1.551512 0.339217
v 0.505346 1.582827 0.345474
v 0.518184 1.578085 0.343110
v 0.530119 1.574040 0.337272
v 0.513079 1.601223 0.339538
v 0.523420 1.598236 0.337336
v 0.532714 1.594258 0.333037
v -0.242853 0.847098 1.239076
v -0.232997 0.839720 1.243372
v -0.221183 0.835475 1.246897
v -0.255128 0.854996 1.276698
v -0.243390 0.846209 1.281814
v -0.229320 0.841154 1.286012
v -0.264024 0.860131 1.302813
v -0.250858 0.850276 1.308551
v -0.235077 0.844605 1.313259
v 0.830506 -0.592396 -0.107760
v 0.824483 -0.596014 -0.118744
v 0.820997 -0.597284 -0.131244
v 0.851788 -0.626660 -0.106539
v 0.844615 -0.630968 -0.119621
v 0.840463 -0.632481 -0.134508
v 0.866260 -0.650673 -0.105348
v 0.858215 -0.655506 -0.120021
v 0.853558 -0.657202 -0.136719
v -0.196266 0.838601 1.250062
v -0.185345 0.845697 1.249426
v -0.176834 0.855379 1.247463
v -0.199644 0.844876 1.289782
v -0.186638 0.853328 1.289024
v -0.176502 0.864858 1.286687
v -0.201791 0.848780 1.317488
v -0.187204 0.858260 1.316638
v -0.175834 0.871193 1.314016
v -0.047814 -0.483412 0.954817
v -0.043397 -0.492304 0.946365
v -0.035653 -0.499922 0.939153
v -0.055803 -0.511688 0.982477
v -0.050544 -0.522278 0.972411
v -0.041320 -0.531351 0.963822
v -0.061850 -0.531339 1.001575
v -0.055951 -0.543218 0.990284
v -0.045606 -0.553394 0.980651
v -0.170910 0.878883 1.240173
v -0.174017 0.890646 1.235484
v -0.180571 0.900874 1.230746
v -0.169447 0.892851 1.278004
v -0.173146 0.906861 1.272419
v -0.180952 0.919042 1.266777
v -0.167921 0.902590 1.304277
v -0.172071 0.918304 1.298014
v -0.180826 0.931967 1.291685
v -0.012880 -0.508000 0.931613
v 0.000152 -0.507752 0.931946
v 0.012521 -0.504814 0.934841
v -0.014199 -0.540971 0.954842
v 0.001322 -0.540676 0.955239
v 0.016054 -0.537177 0.958686
v -0.015185 -0.564184 0.970579
v 0.002223 -0.563854 0.971023
v 0.018747 -0.559929 0.974890
v -0.502381 -0.602732 -0.264052
v -0.502856 -0.599228 -0.276603
v -0.499881 -0.597251 -0.289143
v -0.522047 -0.628674 -0.269146
v -0.522613 -0.624501 -0.284093
v -0.519069 -0.622146 -0.299027
v -0.537104 -0.648669 -0.273092
v -0.537740 -0.643988 -0.289857
v -0.533765 -0.641346 -0.306609
v -0.201828 0.912275 1.223075
v -0.214668 0.912449 1.220813
v -0.227229 0.909089 1.219848
v -0.206268 0.932620 1.257641
v -0.221560 0.932827 1.254947
v -0.236521 0.928826 1.253797
v -0.209221 0.947197 1.281437
v -0.226373 0.947429 1.278416
v -0.243153 0.942941 1.277126
v 0.030067 -0.491679 0.947503
v 0.033705 -0.482633 0.956161
v 0.033605 -0.473200 0.965161
v 0.036950 -0.521534 0.973766
v 0.041283 -0.510761 0.984077
v 0.041164 -0.499525 0.994797
v 0.042185 -0.542383 0.991805
v 0.047045 -0.530300 1.003370
v 0.046912 -0.517698 1.015393
v -0.484291 -0.598920 -0.309014
v -0.473043 -0.602420 -0.314603
v -0.461076 -0.607155 -0.316700
v -0.500502 -0.624134 -0.322693
v -0.487106 -0.628302 -0.329350
v -0.472854 -0.633941 -0.331847
v -0.512939 -0.643576 -0.333153
v -0.497914 -0.648252 -0.340620
v -0.481928 -0.654576 -0.343420
v -0.246290 0.892631 1.222397
v -0.251119 0.880975 1.225689
v -0.252329 0.868670 1.229829
v -0.259222 0.909225 1.256833
v -0.264973 0.895343 1.260753
v -0.266414 0.880688 1.265685
v -0.268616 0.920956 1.280532
v -0.275066 0.905385 1.284929
v -0.276682 0.888948 1.290460
v 0.021676 -0.457004 0.980526
v 0.010893 -0.451662 0.985545
v -0.001538 -0.448769 0.988212
v 0.026957 -0.480237 1.013096
v 0.014114 -0.473874 1.019073
v -0.000691 -0.470430 1.022250
v 0.030977 -0.496063 1.035918
v 0.016571 -0.488926 1.042622
v -0.000034 -0.485063 1.046186
v -0.439819 -0.618556 -0.309029
v -0.432392 -0.624223 -0.299933
v -0.427972 -0.629127 -0.288689
v -0.447538 -0.647519 -0.322711
v -0.438692 -0.654269 -0.311878
v -0.433428 -0.660109 -0.298487
v -0.453533 -0.669806 -0.333173
v -0.443611 -0.677377 -0.321022
v -0.437706 -0.683927 -0.306002
v 0.458025 1.475260 0.314887
v 0.469992 1.470526 0.312791
v 0.481240 1.467026 0.307201
v 0.469641 1.501679 0.329938
v 0.483893 1.496041 0.327441
v 0.497289 1.491872 0.320784
v 0.478655 1.522179 0.341476
v 0.494641 1.515854 0.338675
v 0.509667 1.511179 0.331208
v -0.026456 -0.451895 0.985047
v -0.036759 -0.457638 0.979490
v -0.044342 -0.465285 0.972139
v -0.030367 -0.474152 1.018480
v -0.042638 -0.480992 1.011862
v -0.051669 -0.490099 1.003107
v -0.033320 -0.489238 1.041957
v -0.047083 -0.496910 1.034534
v -0.057213 -0.507124 1.024714
v -0.430424 -0.634504 -0.264076
v -0.437082 -0.634506 -0.252865
v -0.446317 -0.632802 -0.243819
v -0.436349 -0.666513 -0.269174
v -0.444278 -0.666516 -0.255822
v -0.455277 -0.664486 -0.245049
v -0.440983 -0.691110 -0.273124
v -0.449876 -0.691113 -0.258148
v -0.462213 -0.688837 -0.246064
v 0.496830 1.465357 0.287330
v 0.499806 1.467334 0.274790
v 0.499330 1.470838 0.262240
v 0.515856 1.489884 0.297118
v 0.519400 1.492239 0.282184
v 0.518834 1.496413 0.267237
v 0.530492 1.508949 0.304664
v 0.534467 1.511590 0.287913
v 0.533831 1.516271 0.271148
v -0.880779 1.424002 0.114484
v -0.883464 1.420102 0.126632
v -0.883279 1.418521 0.139574
v -0.911662 1.449976 0.114547
v -0.914860 1.445331 0.129016
v -0.914640 1.443448 0.144428
v -0.933417 1.467702 0.114330
v -0.937003 1.462491 0.130558
v -0.936756 1.460379 0.147846
v -0.469090 -0.624724 -0.236280
v -0.480631 -0.619058 -0.238447
v -0.490759 -0.613102 -0.244100
v -0.482398 -0.654866 -0.236069
v -0.496144 -0.648118 -0.238650
v -0.508206 -0.641024 -0.245383
v -0.492633 -0.678046 -0.235993
v -0.508051 -0.670478 -0.238887
v -0.521580 -0.662521 -0.246439
v 0.487708 1.481208 0.242287
v 0.477581 1.487164 0.236634
v 0.466039 1.492830 0.234467
v 0.504993 1.508762 0.243474
v 0.492931 1.515856 0.236741
v 0.479185 1.522604 0.234160
v 0.518307 1.530123 0.244495
v 0.504778 1.538080 0.236942
v 0.489360 1.545649 0.234048
v -0.873951 1.423316 0.162610
v -0.865625 1.429271 0.170687
v -0.856065 1.436705 0.175518
v -0.903530 1.449159 0.171864
v -0.893614 1.456251 0.181483
v -0.882228 1.465105 0.187237
v -0.924296 1.466784 0.178619
v -0.913174 1.474740 0.189407
v -0.900403 1.484671 0.195861
v -1.193913 0.142253 0.499448
v -1.189584 0.130359 0.502580
v -1.184253 0.120262 0.508875
v -1.231985 0.132204 0.508279
v -1.226830 0.118039 0.512008
v -1.220479 0.106013 0.519505
v -1.258552 0.125146 0.513923
v -1.252770 0.109258 0.518106
v -1.245647 0.095769 0.526515
v 0.443266 1.500908 0.242007
v 0.434031 1.502612 0.251053
v 0.427373 1.502609 0.262264
v 0.452064 1.532224 0.243140
v 0.441065 1.534254 0.253913
v 0.433136 1.534251 0.267265
v 0.458940 1.556439 0.244120
v 0.446603 1.558716 0.256203
v 0.437710 1.558712 0.271179
v -0.837004 1.453163 0.172969
v -0.829173 1.460744 0.165812
v -0.823449 1.466920 0.155856
v -0.859527 1.484706 0.184201
v -0.850201 1.493735 0.175677
v -0.843384 1.501090 0.163821
v -0.874940 1.506656 0.192456
v -0.864480 1.516783 0.182895
v -0.856834 1.525032 0.169596
v -1.172631 0.109892 0.528827
v -1.167359 0.110529 0.540736
v -1.163121 0.114780 0.552311
v -1.206638 0.093664 0.543268
v -1.200360 0.094422 0.557451
v -1.195313 0.099484 0.571237
v -1.230122 0.081917 0.553168
v -1.223081 0.082768 0.569076
v -1.217420 0.088446 0.584539
v 0.424921 1.497232 0.286876
v 0.429341 1.492329 0.298120
v 0.436768 1.486661 0.307216
v 0.430215 1.527847 0.296577
v 0.435479 1.522007 0.309969
v 0.444325 1.515257 0.320802
v 0.434433 1.551530 0.304057
v 0.440338 1.544979 0.319078
v 0.450260 1.537409 0.331228
v -0.820997 1.472297 0.131244
v -0.824483 1.471027 0.118744
v -0.830506 1.467409 0.107760
v -0.840463 1.507494 0.134508
v -0.844616 1.505982 0.119621
v -0.851789 1.501673 0.106539
v -0.853558 1.532215 0.136719
v -0.858215 1.530519 0.120021
v -0.866260 1.525686 0.105348
v -1.159651 0.132907 0.569633
v -1.160721 0.145195 0.573862
v -1.163434 0.157919 0.574720
v -1.191180 0.121073 0.591866
v -1.192455 0.135708 0.596902
v -1.195686 0.150862 0.597925
v -1.212783 0.112661 0.607678
v -1.214214 0.129076 0.613326
v -1.217837 0.146074 0.614474
v -0.848051 1.454275 0.095098
v -0.858037 1.445909 0.094530
v -0.867483 1.437497 0.097697
v -0.872685 1.486030 0.091460
v -0.884577 1.476066 0.090783
v -0.895827 1.466048 0.094555
v -0.889698 1.508140 0.088434
v -0.903037 1.496965 0.087675
v -0.915655 1.485728 0.091905
v -1.172911 0.179492 0.565474
v -1.178844 0.186449 0.556178
v -1.184758 0.190063 0.545134
v -1.206972 0.176555 0.586913
v -1.214038 0.184841 0.575842
v -1.221082 0.189144 0.562689
v -1.230497 0.174891 0.602121
v -1.238422 0.184185 0.589704
v -1.246323 0.189012 0.574951
v 0.001538 1.323783 -0.988212
v -0.010893 1.326675 -0.985544
v -0.021676 1.332018 -0.980526
v 0.000691 1.345443 -1.022250
v -0.014114 1.348888 -1.019072
v -0.026957 1.355250 -1.013096
v 0.000034 1.360076 -1.046186
v -0.016571 1.363940 -1.042622
v -0.030977 1.371077 -1.035918
v -1.194086 0.185268 0.522097
v -1.196682 0.177280 0.512124
v -1.197625 0.166789 0.504439
v -1.232191 0.183434 0.535253
v -1.235283 0.173921 0.523375
v -1.236406 0.161426 0.514222
v -1.258783 0.182607 0.544178
v -1.262251 0.171936 0.530855
v -1.263510 0.157922 0.520589
v -0.033605 1.348213 -0.965161
v -0.033705 1.357647 -0.956161
v -0.030067 1.366692 -0.947503
v -0.041164 1.374539 -0.994796
v -0.041283 1.385774 -0.984077
v -0.036950 1.396547 -0.973766
v -0.046912 1.392711 -1.015393
v -0.047045 1.405313 -1.003370
v -0.042185 1.417396 -0.991804
v -1.053082 0.407872 -0.807584
v -1.059915 0.414676 -0.798809
v -1.065243 0.424382 -0.791920
v -1.086040 0.400792 -0.829768
v -1.094178 0.408897 -0.819316
v -1.100522 0.420455 -0.811113
v -1.108992 0.395405 -0.844987
v -1.118120 0.404495 -0.833265
v -1.125237 0.417459 -0.824063
v -0.012521 1.379827 -0.934841
v -0.000152 1.382765 -0.931946
v 0.012880 1.383013 -0.931613
v -0.016054 1.412190 -0.958686
v -0.001322 1.415689 -0.955238
v 0.014199 1.415985 -0.954842
v -0.018747 1.434942 -0.974890
v -0.002224 1.438867 -0.971023
v 0.015185 1.439198 -0.970579
v -1.068954 0.448918 -0.786930
v -1.067013 0.461598 -0.789265
v -1.062915 0.472879 -0.794362
v -1.104943 0.449677 -0.805169
v -1.102631 0.464779 -0.807950
v -1.097751 0.478213 -0.814021
v -1.130195 0.450235 -0.817397
v -1.127602 0.467174 -0.820516
v -1.122128 0.482243 -0.827325
v 0.035653 1.374935 -0.939153
v 0.043397 1.367317 -0.946365
v 0.047813 1.358425 -0.954817
v 0.041320 1.406364 -0.963822
v 0.050544 1.397292 -0.972410
v 0.055803 1.386701 -0.982477
v 0.045606 1.428407 -0.980650
v 0.055951 1.418231 -0.990284
v 0.061850 1.406353 -1.001575
v -1.049619 0.486373 -0.811149
v -1.041587 0.487405 -0.821367
v -1.033727 0.484672 -0.831406
v -1.081916 0.494285 -0.834013
v -1.072349 0.495514 -0.846183
v -1.062988 0.492259 -0.858139
v -1.104367 0.500270 -0.849749
v -1.093636 0.501648 -0.863400
v -1.083137 0.497996 -0.876809
v 0.044342 1.340298 -0.972139
v 0.036759 1.332652 -0.979490
v 0.026456 1.326908 -0.985047
v 0.051669 1.365112 -1.003107
v 0.042638 1.356006 -1.011862
v 0.030367 1.349165 -1.018480
v 0.057213 1.382138 -1.024714
v 0.047083 1.371924 -1.034534
v 0.033320 1.364251 -1.041956
v -1.021798 0.468476 -0.846771
v -1.018774 0.456433 -0.850751
v -1.018015 0.443464 -0.851858
v -1.048782 0.472970 -0.876438
v -1.045180 0.458628 -0.881178
v -1.044275 0.443181 -0.882497
v -1.067202 0.476362 -0.897334
v -1.063163 0.460275 -0.902651
v -1.062148 0.442950 -0.904130
v 1.184758 0.684951 -0.545134
v 1.178844 0.688564 -0.556178
v 1.172911 0.695521 -0.565474
v 1.221082 0.685869 -0.562689
v 1.214038 0.690172 -0.575842
v 1.206972 0.698459 -0.586913
v 1.246323 0.686002 -0.574951
v 1.238422 0.690829 -0.589704
v 1.230497 0.700122 -0.602121
v -1.023938 0.419959 -0.844568
v -1.030102 0.411485 -0.836809
v -1.037492 0.406202 -0.827455
v -1.051330 0.415188 -0.873814
v -1.058671 0.405095 -0.864574
v -1.067472 0.398804 -0.853433
v -1.070061 0.411552 -0.894391
v -1.078295 0.400231 -0.884027
v -1.088167 0.393175 -0.871531
v 1.163434 0.717094 -0.574720
v 1.160721 0.729819 -0.573861
v 1.159651 0.742106 -0.569633
v 1.195686 0.724151 -0.597925
v 1.192455 0.739306 -0.596902
v 1.191180 0.753940 -0.591866
v 1.217837 0.728940 -0.614474
v 1.214214 0.745938 -0.613326
v 1.212783 0.762352 -0.607678
v 0.180571 -0.025861 -1.230746
v 0.174017 -0.015632 -1.235484
v 0.170910 -0.003869 -1.240173
v 0.180952 -0.044029 -1.266777
v 0.173147 -0.031847 -1.272419
v 0.169447 -0.017837 -1.278004
v 0.180826 -0.056954 -1.291685
v 0.172071 -0.043291 -1.298014
v 0.167921 -0.027577 -1.304277
v 1.163122 0.760233 -0.552311
v 1.167359 0.764484 -0.540736
v 1.172631 0.765121 -0.528827
v 1.195314 0.775529 -0.571236
v 1.200360 0.780591 -0.557451
v 1.206639 0.781350 -0.543268
v 1.217420 0.786567 -0.584539
v 1.223081 0.792245 -0.569076
v 1.230123 0.793096 -0.553168
v 0.176834 0.019635 -1.247463
v 0.185345 0.029316 -1.249426
v 0.196266 0.036413 -1.250062
v 0.176502 0.010155 -1.286687
v 0.186638 0.021685 -1.289024
v 0.199644 0.030137 -1.289782
v 0.175834 0.003821 -1.314016
v 0.187204 0.016753 -1.316638
v 0.201791 0.026233 -1.317488
v 1.184253 0.754752 -0.508875
v 1.189584 0.744654 -0.502580
v 1.193913 0.732760 -0.499448
v 1.220480 0.769000 -0.519505
v 1.226830 0.756974 -0.512008
v 1.231985 0.742809 -0.508279
v 1.245647 0.779244 -0.526515
v 1.252770 0.765756 -0.518106
v 1.258552 0.749867 -0.513923
v 0.221183 0.039538 -1.246897
v 0.232997 0.035293 -1.243372
v 0.242853 0.027916 -1.239076
v 0.229320 0.033860 -1.286012
v 0.243390 0.028804 -1.281814
v 0.255128 0.020018 -1.276698
v 0.235077 0.030408 -1.313259
v 0.250858 0.024738 -1.308551
v 0.264024 0.014883 -1.302813
v -0.531005 -0.764893 -0.315601
v -0.538768 -0.752451 -0.322736
v -0.531700 -0.758093 -0.324986
v -0.522881 -0.758086 -0.327997
v -0.520797 -0.763941 -0.321052
v -0.514773 -0.765321 -0.314077
v -0.522055 -0.766699 -0.308428
v -0.525649 -0.764156 -0.300214
v -0.533736 -0.762556 -0.304560
v -0.540479 -0.756202 -0.305566
v -0.539697 -0.757237 -0.314794
v -1.337027 0.111322 0.609272
v -1.331310 0.099387 0.599739
v -1.330818 0.101522 0.608798
v -1.324802 0.102732 0.615811
v -1.329038 0.110819 0.617682
v -1.327392 0.119850 0.619293
v -1.333899 0.121885 0.612940
v -1.335499 0.127084 0.605373
v -1.338683 0.119425 0.601124
v -1.337921 0.114438 0.593288
v -1.336780 0.106840 0.598564
v -1.183703 0.447504 -0.929514
v -1.187721 0.443772 -0.914154
v -1.187197 0.451578 -0.919218
v -1.183588 0.460170 -0.919240
v -1.180378 0.458500 -0.927828
v -1.172712 0.459005 -0.933103
v -1.174259 0.450193 -0.935709
v -1.170122 0.441888 -0.936585
v -1.177297 0.438137 -0.931970
v -1.179398 0.432473 -0.924874
v -1.185294 0.438993 -0.921778
v 0.240069 -0.057527 -1.400913
v 0.224649 -0.052857 -1.398383
v 0.232447 -0.048785 -1.401459
v 0.237947 -0.041375 -1.400162
v 0.245228 -0.047182 -1.399835
v 0.252777 -0.049328 -1.394810
v 0.250089 -0.058247 -1.395092
v 0.248644 -0.065726 -1.389723
v 0.240312 -0.066689 -1.393785
v 0.231260 -0.067907 -1.391932
v 0.229409 -0.060841 -1.397720
v 0.966671 -0.705842 -0.153460
v 0.960447 -0.700835 -0.167679
v 0.967982 -0.698791 -0.162591
v 0.972687 -0.691672 -0.158846
v 0.972767 -0.696332 -0.150776
v 0.970977 -0.695423 -0.141675
v 0.965947 -0.703253 -0.142165
v 0.957679 -0.706905 -0.139897
v 0.956948 -0.709991 -0.148660
v 0.951171 -0.710250 -0.155968
v 0.958206 -0.707232 -0.161284
v -0.008033 -0.601479 1.088896
v -0.014556 -0.606848 1.074946
v -0.006074 -0.606879 1.078805
v 0.002828 -0.604668 1.077154
v 0.002926 -0.600142 1.085300
v 0.005249 -0.592022 1.089239
v -0.003193 -0.591835 1.093181
v -0.010638 -0.586386 1.094499
v -0.015974 -0.593437 1.091557
v -0.022878 -0.595550 1.085665
v -0.017754 -0.602735 1.082672
v -0.966672 1.580855 0.153461
v -0.972688 1.566685 0.158846
v -0.967983 1.573804 0.162591
v -0.960447 1.575849 0.167679
v -0.958206 1.582246 0.161284
v -0.951171 1.585263 0.155968
v -0.956948 1.585004 0.148660
v -0.957679 1.581918 0.139897
v -0.965947 1.578267 0.142165
v -0.970977 1.570436 0.141675
v -0.972767 1.571345 0.150776
v 0.008033 1.476493 -1.088895
v -0.005250 1.467035 -1.089239
v -0.002926 1.475155 -1.085300
v -0.002828 1.479682 -1.077154
v 0.006074 1.481892 -1.078805
v 0.014556 1.481862 -1.074945
v 0.017754 1.477749 -1.082672
v 0.022878 1.470563 -1.085665
v 0.015974 1.468451 -1.091557
v 0.010638 1.461400 -1.094499
v 0.003193 1.466848 -1.093181
v 1.337027 0.763692 -0.609272
v 1.327392 0.755164 -0.619293
v 1.329038 0.764194 -0.617682
v 1.324802 0.772281 -0.615811
v 1.330818 0.773492 -0.608798
v 1.331310 0.775626 -0.599739
v 1.336780 0.768173 -0.598564
v 1.337921 0.760576 -0.593289
v 1.338683 0.755588 -0.601124
v 1.335500 0.747929 -0.605373
v 1.333899 0.753129 -0.612940
v 1.183704 0.427509 0.929514
v 1.183588 0.414843 0.919240
v 1.187198 0.423435 0.919218
v 1.187721 0.431241 0.914154
v 1.185294 0.436020 0.921778
v 1.179399 0.442540 0.924874
v 1.177298 0.436876 0.931970
v 1.170123 0.433125 0.936585
v 1.174259 0.424820 0.935709
v 1.172712 0.416008 0.933103
v 1.180378 0.416513 0.927828
v -0.240069 0.932541 1.400913
v -0.237947 0.916388 1.400161
v -0.232447 0.923799 1.401459
v -0.224649 0.927870 1.398383
v -0.229409 0.935855 1.397720
v -0.231260 0.942920 1.391932
v -0.240312 0.941702 1.393785
v -0.248644 0.940740 1.389723
v -0.250089 0.933261 1.395092
v -0.252777 0.924342 1.394809
v -0.245228 0.922196 1.399835
v 0.527723 1.632476 0.313651
v 0.535487 1.620034 0.320787
v 0.536415 1.624820 0.312844
v 0.537197 1.623785 0.303616
v 0.530454 1.630139 0.302610
v 0.522368 1.631739 0.298264
v 0.518774 1.634282 0.306478
v 0.511491 1.632904 0.312127
v 0.517516 1.631524 0.319102
v 0.519599 1.625669 0.326047
v 0.528419 1.625677 0.323037
v 0.454309 1.589775 0.313471
v 0.459947 1.583584 0.327719
v 0.469329 1.576374 0.339258
v 0.470507 1.606013 0.315759
v 0.475496 1.600981 0.327704
v 0.483149 1.594732 0.337464
v 0.486893 1.618834 0.316500
v 0.491530 1.615340 0.325827
v 0.496914 1.609893 0.333704
v -0.884265 1.564111 0.141550
v -0.888725 1.562511 0.125716
v -0.896321 1.557914 0.111777
v -0.904515 1.574657 0.144709
v -0.908549 1.573381 0.131481
v -0.914662 1.569442 0.119649
v -0.923884 1.581557 0.147979
v -0.927867 1.580731 0.137774
v -0.931927 1.577423 0.128116
v -1.253584 0.104196 0.623401
v -1.254984 0.119770 0.628753
v -1.258381 0.135907 0.629851
v -1.276540 0.103044 0.625125
v -1.278015 0.116122 0.629562
v -1.280578 0.129735 0.630553
v -1.297330 0.103070 0.624017
v -1.299326 0.113350 0.627339
v -1.300530 0.124226 0.628319
v -0.918515 1.541300 0.095760
v -0.931192 1.530719 0.095069
v -0.943150 1.520029 0.099055
v -0.932983 1.555727 0.106428
v -0.943784 1.547004 0.106054
v -0.953718 1.537823 0.109201
v -0.945270 1.567434 0.118487
v -0.954189 1.561026 0.118778
v -0.961705 1.553243 0.120685
v -1.270369 0.163195 0.618154
v -1.277921 0.171985 0.606371
v -1.285389 0.176597 0.592367
v -1.290473 0.152261 0.620898
v -1.297045 0.159443 0.610993
v -1.303116 0.163542 0.599193
v -1.307737 0.140632 0.621287
v -1.313543 0.145714 0.613467
v -1.317758 0.149572 0.604084
v 0.000675 1.392814 -1.076376
v -0.015073 1.396521 -1.073003
v -0.028756 1.403254 -1.066632
v 0.002090 1.413771 -1.085865
v -0.011083 1.417180 -1.083086
v -0.022683 1.422559 -1.077663
v 0.004000 1.433637 -1.091796
v -0.006210 1.437145 -1.089755
v -0.015636 1.440602 -1.085295
v -1.297188 0.170532 0.563228
v -1.300498 0.160380 0.550613
v -1.301674 0.147104 0.540841
v -1.312856 0.158535 0.575138
v -1.315778 0.149815 0.564731
v -1.316632 0.138816 0.556295
v -1.324852 0.145926 0.586565
v -1.327537 0.138521 0.578907
v -1.327844 0.130296 0.571629
v -0.043845 1.423740 -1.047196
v -0.043946 1.435721 -1.035812
v -0.039359 1.447168 -1.024809
v -0.035139 1.439470 -1.061619
v -0.035039 1.449704 -1.052230
v -0.031363 1.459190 -1.042775
v -0.024707 1.452918 -1.073610
v -0.024105 1.461442 -1.066704
v -0.021714 1.468548 -1.058674
v -1.143269 0.398363 -0.873271
v -1.151949 0.407010 -0.862179
v -1.158686 0.419294 -0.853412
v -1.157952 0.406553 -0.889037
v -1.165376 0.413975 -0.879944
v -1.170929 0.424170 -0.872322
v -1.169459 0.416213 -0.903450
v -1.175665 0.422504 -0.896922
v -1.179744 0.430178 -0.890201
v -0.017166 1.463783 -1.008792
v -0.001479 1.467513 -1.005165
v 0.015039 1.467822 -1.004700
v -0.013042 1.472905 -1.029554
v 0.000195 1.476081 -1.026802
v 0.014065 1.476305 -1.026110
v -0.008371 1.478537 -1.049045
v 0.002216 1.481146 -1.047708
v 0.013113 1.481232 -1.046315
v -1.163381 0.450331 -0.847100
v -1.160933 0.466398 -0.850100
v -1.155725 0.480708 -0.856522
v -1.174805 0.449791 -0.867112
v -1.172830 0.463247 -0.869923
v -1.168361 0.475360 -0.875042
v -1.182567 0.448837 -0.886406
v -1.181233 0.459313 -0.889435
v -1.177459 0.469103 -0.892692
v 0.043844 1.457604 -1.014238
v 0.053640 1.447961 -1.023414
v 0.059262 1.436672 -1.034096
v 0.037844 1.467870 -1.033983
v 0.045927 1.459859 -1.041943
v 0.050820 1.450252 -1.050697
v 0.030432 1.475088 -1.052049
v 0.036380 1.469028 -1.059019
v 0.040717 1.461124 -1.065297
v -1.138907 0.497778 -0.877757
v -1.128751 0.499061 -0.890731
v -1.118758 0.495621 -0.903438
v -1.154477 0.489451 -0.892571
v -1.146129 0.490348 -0.903634
v -1.137518 0.487635 -0.914187
v -1.167348 0.479366 -0.905458
v -1.161286 0.479558 -0.914619
v -1.153906 0.477927 -0.922592
v 0.054871 1.413743 -1.056007
v 0.045238 1.404086 -1.065340
v 0.032195 1.396767 -1.072372
v 0.047196 1.431323 -1.068785
v 0.038956 1.423456 -1.076729
v 0.028109 1.417035 -1.082559
v 0.038077 1.447339 -1.078471
v 0.031173 1.441833 -1.085006
v 0.022949 1.436013 -1.089388
v -1.103669 0.475134 -0.922874
v -1.099878 0.459861 -0.927922
v -1.098872 0.443424 -0.929324
v -1.125062 0.470724 -0.930232
v -1.122174 0.457824 -0.934490
v -1.121025 0.444033 -0.935660
v -1.144835 0.465610 -0.934277
v -1.143390 0.455261 -0.937670
v -1.141634 0.444454 -0.938580
v 1.285389 0.698417 -0.592367
v 1.277921 0.703028 -0.606371
v 1.270369 0.711818 -0.618154
v 1.303116 0.711472 -0.599193
v 1.297045 0.715570 -0.610993
v 1.290473 0.722752 -0.620898
v 1.317758 0.725441 -0.604084
v 1.313543 0.729300 -0.613467
v 1.307737 0.734382 -0.621287
v -1.106365 0.413693 -0.920102
v -1.114215 0.402970 -0.910276
v -1.123549 0.396252 -0.898406
v -1.127210 0.419490 -0.928048
v -1.134069 0.410623 -0.919849
v -1.141674 0.404810 -0.909786
v -1.146139 0.426580 -0.933035
v -1.152277 0.420000 -0.926732
v -1.157603 0.414944 -0.918561
v 1.258382 0.739106 -0.629851
v 1.254984 0.755243 -0.628753
v 1.253585 0.770817 -0.623401
v 1.280578 0.745278 -0.630553
v 1.278015 0.758892 -0.629562
v 1.276540 0.771969 -0.625124
v 1.300530 0.750787 -0.628320
v 1.299327 0.761663 -0.627339
v 1.297330 0.771943 -0.624017
v 0.190084 -0.069712 -1.333340
v 0.181804 -0.056745 -1.339378
v 0.177837 -0.041831 -1.345291
v 0.200115 -0.071141 -1.354043
v 0.193354 -0.060232 -1.359349
v 0.189807 -0.047674 -1.364102
v 0.211090 -0.070550 -1.371725
v 0.206317 -0.061912 -1.376552
v 0.202919 -0.051949 -1.379698
v 1.257975 0.793747 -0.601490
v 1.263385 0.799118 -0.586826
v 1.270031 0.799943 -0.571717
v 1.280165 0.790897 -0.607037
v 1.284985 0.795295 -0.594777
v 1.290312 0.796113 -0.581977
v 1.299970 0.785728 -0.610843
v 1.304534 0.788858 -0.601353
v 1.308012 0.789862 -0.590980
v 0.185330 -0.012100 -1.354513
v 0.196142 0.000145 -1.357024
v 0.209965 0.009171 -1.357808
v 0.195992 -0.023131 -1.371714
v 0.205250 -0.013031 -1.373990
v 0.216728 -0.005227 -1.374488
v 0.207424 -0.034075 -1.385242
v 0.215204 -0.026650 -1.387490
v 0.223859 -0.019884 -1.387440
v 1.284732 0.786826 -0.546479
v 1.291515 0.774020 -0.538533
v 1.296979 0.758946 -0.534528
v 1.302447 0.785285 -0.561143
v 1.308324 0.774471 -0.554709
v 1.312756 0.761818 -0.551084
v 1.316851 0.781977 -0.575807
v 1.321969 0.773302 -0.571420
v 1.325022 0.763376 -0.567834
v 0.241484 0.013125 -1.353804
v 0.256454 0.007710 -1.349362
v 0.268957 -0.001610 -1.343889
v 0.242747 -0.001963 -1.371182
v 0.255290 -0.006755 -1.367633
v 0.265871 -0.014366 -1.362837
v 0.242809 -0.017507 -1.385033
v 0.252586 -0.021961 -1.382740
v 0.261137 -0.027337 -1.378418
v 1.301674 0.727910 -0.540841
v 1.300499 0.714633 -0.550613
v 1.297188 0.704482 -0.563228
v 1.316632 0.736198 -0.556295
v 1.315778 0.725198 -0.564731
v 1.312856 0.716478 -0.575138
v 1.327845 0.744717 -0.571629
v 1.327537 0.736493 -0.578907
v 1.324852 0.729087 -0.586565
v 0.280944 -0.028898 -1.332192
v 0.279391 -0.044505 -1.326980
v 0.273288 -0.059276 -1.322770
v 0.275766 -0.036892 -1.353181
v 0.274320 -0.050077 -1.349063
v 0.269322 -0.062461 -1.345250
v 0.268343 -0.043743 -1.371386
v 0.266802 -0.054325 -1.368868
v 0.263236 -0.064009 -1.365100
v 1.118759 0.379392 0.903438
v 1.128751 0.375952 0.890731
v 1.138907 0.377235 0.877757
v 1.137519 0.387378 0.914187
v 1.146129 0.384665 0.903634
v 1.154478 0.385562 0.892571
v 1.153906 0.397086 0.922592
v 1.161286 0.395455 0.914619
v 1.167348 0.395647 0.905459
v 0.249177 -0.080094 -1.319545
v 0.233255 -0.084340 -1.320810
v 0.216973 -0.084133 -1.323636
v 0.249418 -0.079646 -1.342588
v 0.236042 -0.083127 -1.343943
v 0.222312 -0.083046 -1.346032
v 0.248740 -0.076525 -1.363161
v 0.238207 -0.079016 -1.365044
v 0.227255 -0.079220 -1.365891
v 1.155726 0.394305 0.856523
v 1.160933 0.408615 0.850100
v 1.163381 0.424682 0.847100
v 1.168361 0.399653 0.875043
v 1.172830 0.411766 0.869923
v 1.174805 0.425222 0.867112
v 1.177460 0.405910 0.892692
v 1.181233 0.415700 0.889435
v 1.182567 0.426176 0.886406
v 0.887367 -0.682296 -0.172683
v 0.894661 -0.674483 -0.185288
v 0.904552 -0.664855 -0.194378
v 0.907075 -0.694030 -0.170409
v 0.913474 -0.687570 -0.180907
v 0.921539 -0.679350 -0.188670
v 0.925749 -0.702454 -0.166696
v 0.931546 -0.697651 -0.174697
v 0.937213 -0.690819 -0.181170
v 1.158687 0.455719 0.853413
v 1.151949 0.468003 0.862179
v 1.143269 0.476650 0.873271
v 1.170929 0.450843 0.872322
v 1.165377 0.461038 0.879945
v 1.157953 0.468461 0.889037
v 1.179744 0.444835 0.890201
v 1.175665 0.452510 0.896922
v 1.169459 0.458800 0.903450
v 0.928663 -0.644037 -0.197602
v 0.940797 -0.634648 -0.191458
v 0.951339 -0.627062 -0.181238
v 0.941443 -0.662164 -0.191332
v 0.951752 -0.654519 -0.186027
v 0.960530 -0.647876 -0.177558
v 0.951709 -0.678303 -0.183109
v 0.960142 -0.672961 -0.178522
v 0.966837 -0.666977 -0.172191
v 1.123549 0.478761 0.898406
v 1.114215 0.472043 0.910276
v 1.106365 0.461320 0.920102
v 1.141674 0.470204 0.909787
v 1.134069 0.464390 0.919849
v 1.127210 0.455523 0.928048
v 1.157603 0.460069 0.918561
v 1.152277 0.455013 0.926733
v 1.146139 0.448433 0.933035
v 0.963138 -0.620997 -0.152098
v 0.963374 -0.623043 -0.135700
v 0.959968 -0.627946 -0.120289
v 0.970270 -0.642870 -0.153503
v 0.970485 -0.644891 -0.139765
v 0.967602 -0.648719 -0.126729
v 0.973931 -0.663331 -0.154672
v 0.974136 -0.665768 -0.143962
v 0.971816 -0.667967 -0.133451
v 1.098873 0.431589 0.929324
v 1.099878 0.415152 0.927922
v 1.103669 0.399879 0.922874
v 1.121025 0.430980 0.935660
v 1.122174 0.417189 0.934490
v 1.125063 0.404289 0.930232
v 1.141634 0.430559 0.938580
v 1.143391 0.419752 0.937670
v 1.144835 0.409403 0.934277
v 0.943150 -0.645016 -0.099055
v 0.931192 -0.655706 -0.095069
v 0.918515 -0.666287 -0.095760
v 0.953718 -0.662810 -0.109201
v 0.943783 -0.671991 -0.106054
v 0.932983 -0.680714 -0.106428
v 0.961705 -0.678230 -0.120685
v 0.954189 -0.686013 -0.118778
v 0.945269 -0.692420 -0.118487
v -0.268957 0.876624 1.343889
v -0.256454 0.867303 1.349362
v -0.241484 0.861889 1.353804
v -0.265870 0.889379 1.362837
v -0.255290 0.881768 1.367632
v -0.242747 0.876977 1.371182
v -0.261137 0.902351 1.378418
v -0.252586 0.896975 1.382740
v -0.242808 0.892520 1.385033
v 0.896321 -0.682901 -0.111777
v 0.888724 -0.687497 -0.125717
v 0.884265 -0.689098 -0.141550
v 0.914662 -0.694429 -0.119649
v 0.908549 -0.698368 -0.131481
v 0.904515 -0.699645 -0.144709
v 0.931926 -0.702409 -0.128116
v 0.927867 -0.705718 -0.137774
v 0.923884 -0.706543 -0.147979
v -0.209965 0.865842 1.357808
v -0.196142 0.874868 1.357023
v -0.185330 0.887113 1.354513
v -0.216728 0.880241 1.374488
v -0.205250 0.888045 1.373989
v -0.195992 0.898144 1.371714
v -0.223859 0.894897 1.387440
v -0.215204 0.901664 1.387489
v -0.207424 0.909088 1.385242
v -0.059262 -0.561659 1.034096
v -0.053641 -0.572947 1.023414
v -0.043845 -0.582590 1.014238
v -0.050821 -0.575238 1.050698
v -0.045927 -0.584845 1.041943
v -0.037844 -0.592856 1.033983
v -0.040717 -0.586110 1.065298
v -0.036380 -0.594014 1.059020
v -0.030432 -0.600075 1.052050
v -0.177837 0.916845 1.345291
v -0.181804 0.931759 1.339378
v -0.190084 0.944725 1.333340
v -0.189807 0.922687 1.364101
v -0.193354 0.935246 1.359349
v -0.200115 0.946155 1.354042
v -0.202919 0.926963 1.379698
v -0.206317 0.936925 1.376552
v -0.211090 0.945563 1.371725
v -0.015039 -0.592808 1.004701
v 0.001479 -0.592499 1.005165
v 0.017165 -0.588769 1.008792
v -0.014065 -0.601291 1.026110
v -0.000196 -0.601067 1.026802
v 0.013042 -0.597891 1.029554
v -0.013114 -0.606218 1.046316
v -0.002216 -0.606133 1.047709
v 0.008371 -0.603523 1.049045
v -0.551821 -0.688767 -0.284222
v -0.552413 -0.684365 -0.300141
v -0.548651 -0.681818 -0.316031
v -0.552347 -0.710563 -0.291699
v -0.552772 -0.707150 -0.305154
v -0.549679 -0.704714 -0.318473
v -0.549966 -0.730042 -0.298654
v -0.550089 -0.728149 -0.309475
v -0.547852 -0.725405 -0.319875
v -0.216973 0.959147 1.323636
v -0.233255 0.959354 1.320809
v -0.249177 0.955108 1.319545
v -0.222312 0.958060 1.346032
v -0.236042 0.958141 1.343943
v -0.249418 0.954660 1.342588
v -0.227255 0.954234 1.365891
v -0.238207 0.954029 1.365044
v -0.248740 0.951539 1.363161
v 0.039359 -0.572154 1.024809
v 0.043946 -0.560707 1.035812
v 0.043845 -0.548726 1.047196
v 0.031362 -0.584176 1.042776
v 0.035039 -0.574690 1.052230
v 0.035138 -0.564457 1.061619
v 0.021714 -0.593534 1.058675
v 0.024105 -0.586428 1.066704
v 0.024707 -0.577905 1.073610
v -0.528931 -0.683929 -0.341167
v -0.514679 -0.688405 -0.348237
v -0.499499 -0.694369 -0.350911
v -0.533400 -0.706457 -0.339222
v -0.521465 -0.710502 -0.345059
v -0.508627 -0.715244 -0.347424
v -0.535996 -0.726675 -0.334987
v -0.526701 -0.730653 -0.339286
v -0.516361 -0.733640 -0.341488
v -0.273288 0.934289 1.322770
v -0.279391 0.919518 1.326980
v -0.280944 0.903912 1.332192
v -0.269321 0.937474 1.345250
v -0.274320 0.925090 1.349063
v -0.275765 0.911905 1.353181
v -0.263236 0.939023 1.365100
v -0.266802 0.929339 1.368868
v -0.268343 0.918756 1.371386
v 0.028756 -0.528240 1.066632
v 0.015073 -0.521507 1.073003
v -0.000675 -0.517800 1.076377
v 0.022682 -0.547545 1.077663
v 0.011083 -0.542166 1.083086
v -0.002090 -0.538758 1.085865
v 0.015636 -0.565588 1.085295
v 0.006210 -0.562131 1.089756
v -0.004000 -0.558623 1.091796
v -0.472611 -0.708790 -0.341207
v -0.463228 -0.716001 -0.329669
v -0.457590 -0.722192 -0.315420
v -0.486431 -0.727149 -0.339414
v -0.478777 -0.733397 -0.329654
v -0.473788 -0.738429 -0.317709
v -0.500195 -0.742310 -0.335654
v -0.494811 -0.747757 -0.327777
v -0.490174 -0.751251 -0.318450
vn -0.6399 -0.7424 0.1981
vn -0.5215 -0.8245 0.2196
vn -0.6260 -0.7630 0.1612
vn -0.6851 -0.6545 0.3199
vn -0.5287 -0.8055 0.2678
vn -0.3998 -0.8712 0.2848
vn -0.4023 -0.8830 0.2419
vn -0.3767 -0.8198 0.4312
vn -0.7176 -0.6941 0.0573
vn -0.6369 -0.7466 0.1921
vn -0.7527 -0.6507 0.1003
vn -0.7346 -0.6740 0.0776
vn -0.8043 -0.5684 0.1731
vn -0.8448 -0.4759 0.2448
vn -0.7081 -0.5760 0.4085
vn -0.5414 -0.7361 0.4062
vn -0.3530 -0.7665 0.5366
vn -0.1378 -0.8551 0.4999
vn -0.1879 -0.8990 0.3956
vn -0.2478 -0.9351 0.2533
vn -0.2596 -0.9397 0.2226
vn -0.4012 -0.8731 0.2772
vn -0.2343 -0.9287 0.2873
vn -0.5246 -0.8170 0.2394
vn -0.3678 -0.0335 0.9293
vn -0.5016 -0.2447 0.8298
vn -0.5420 -0.0932 0.8352
vn -0.3077 -0.4303 0.8486
vn -0.3180 -0.2349 0.9185
vn -0.5746 -0.2457 0.7807
vn -0.6042 -0.1119 0.7890
vn -0.4969 -0.3913 0.7745
vn -0.3237 0.2490 0.9128
vn -0.4503 0.1773 0.8751
vn -0.2348 0.0097 0.9720
vn -0.1658 -0.4468 0.8791
vn -0.1816 -0.2223 0.9579
vn -0.1862 -0.6599 0.7279
vn -0.3299 -0.6184 0.7133
vn -0.5176 -0.5373 0.6659
vn -0.5644 -0.3750 0.7354
vn -0.5741 -0.5055 0.6441
vn -0.5443 -0.3794 0.7482
vn -0.5683 -0.2457 0.7853
vn -0.5855 -0.1071 0.8036
vn -0.6559 0.0351 0.7540
vn -0.6159 0.0659 0.7850
vn -0.6095 0.0707 0.7896
vn 0.2595 -0.8880 -0.3797
vn 0.0660 -0.8691 -0.4902
vn 0.1082 -0.9256 -0.3627
vn 0.0909 -0.7375 -0.6692
vn 0.2024 -0.8157 -0.5418
vn 0.0196 -0.8824 -0.4700
vn 0.0651 -0.9330 -0.3539
vn -0.0231 -0.8085 -0.5881
vn 0.3807 -0.9106 -0.1610
vn 0.2641 -0.9474 -0.1807
vn 0.3715 -0.8440 -0.3868
vn 0.1773 -0.6708 -0.7202
vn 0.3026 -0.7621 -0.5723
vn -0.0058 -0.5657 -0.8246
vn -0.0729 -0.6467 -0.7592
vn -0.1570 -0.7359 -0.6587
vn -0.0571 -0.8239 -0.5638
vn -0.1741 -0.7522 -0.6355
vn -0.0286 -0.8118 -0.5833
vn 0.0385 -0.8773 -0.4784
vn 0.1003 -0.9268 -0.3620
vn 0.0763 -0.9757 -0.2056
vn 0.1459 -0.9694 -0.1973
vn 0.1092 -0.9733 -0.2018
vn -0.0065 -0.9512 0.3086
vn 0.0082 -0.9959 0.0901
vn -0.1002 -0.9775 0.1856
vn 0.2196 -0.9754 0.0204
vn 0.1301 -0.9743 0.1839
vn -0.0330 -0.9978 0.0579
vn -0.1284 -0.9801 0.1512
vn 0.0759 -0.9964 -0.0389
vn 0.0659 -0.9150 0.3979
vn 0.3264 -0.9429 0.0659
vn 0.2204 -0.9423 0.2521
vn 0.0356 -0.9977 -0.0578
vn 0.0684 -0.9968 -0.0414
vn -0.0162 -0.9973 0.0711
vn -0.1045 -0.9783 0.1790
vn -0.8384 -0.4079 -0.3615
vn -0.8027 -0.5610 -0.2025
vn -0.7651 -0.5453 -0.3424
vn -0.8740 -0.4859 -0.0044
vn -0.8841 -0.4303 -0.1821
vn -0.7708 -0.6021 -0.2083
vn -0.7400 -0.5817 -0.3377
vn -0.7929 -0.6060 -0.0644
vn -0.7632 -0.2970 -0.5738
vn -0.7332 -0.4125 -0.5406
vn -0.8809 -0.2954 -0.3698
vn -0.9219 -0.3852 0.0414
vn -0.9317 -0.3243 -0.1637
vn -0.7658 -0.6383 -0.0788
vn -0.7883 -0.6115 -0.0678
vn -0.7840 -0.5855 -0.2060
vn -0.7611 -0.5519 -0.3408
vn -0.6648 -0.5782 -0.4730
vn -0.6929 -0.5196 -0.5000
vn -0.6785 -0.5509 -0.4860
vn -0.7282 0.5269 0.4383
vn -0.7441 0.3073 0.5932
vn -0.8192 0.3424 0.4600
vn -0.5403 0.3591 0.7610
vn -0.6300 0.4754 0.6141
vn -0.7839 0.2307 0.5765
vn -0.8466 0.2676 0.4600
vn -0.6780 0.2164 0.7025
vn -0.7543 0.6332 0.1736
vn -0.8272 0.5136 0.2281
vn -0.6449 0.6439 0.4116
vn -0.4287 0.4510 0.7828
vn -0.5346 0.5812 0.6135
vn -0.7220 0.1564 0.6740
vn -0.7095 0.1752 0.6825
vn -0.7806 0.2376 0.5781
vn -0.8385 0.2903 0.4611
vn -0.9120 0.2636 0.3144
vn -0.8997 0.3191 0.2979
vn -0.8975 0.3276 0.2952
vn -0.4015 0.6634 -0.6315
vn -0.6310 0.5553 -0.5417
vn -0.5418 0.5150 -0.6642
vn -0.6536 0.6904 -0.3101
vn -0.5221 0.7121 -0.4694
vn -0.6700 0.4803 -0.5660
vn -0.5879 0.4504 -0.6720
vn -0.7313 0.5352 -0.4228
vn -0.1559 0.6170 -0.7714
vn -0.2843 0.5413 -0.7913
vn -0.2917 0.7513 -0.5919
vn -0.5818 0.7824 -0.2222
vn -0.4329 0.8042 -0.4072
vn -0.7335 0.6788 -0.0352
vn -0.7898 0.5955 -0.1469
vn -0.8385 0.4570 -0.2968
vn -0.7551 0.4683 -0.4589
vn -0.8464 0.4072 -0.3431
vn -0.7478 0.4891 -0.4489
vn -0.6668 0.4871 -0.5640
vn -0.5748 0.4706 -0.6694
vn -0.5029 0.3704 -0.7809
vn -0.4591 0.4097 -0.7883
vn -0.4522 0.4156 -0.7892
vn 0.6347 0.2333 -0.7366
vn 0.4190 0.1828 -0.8894
vn 0.5333 0.0867 -0.8415
vn 0.2909 0.4177 -0.8607
vn 0.4804 0.3565 -0.8013
vn 0.3871 0.1053 -0.9160
vn 0.4903 0.0266 -0.8712
vn 0.2750 0.2252 -0.9347
vn 0.8248 0.1261 -0.5512
vn 0.7520 0.0486 -0.6574
vn 0.6902 0.3312 -0.6433
vn 0.2947 0.5433 -0.7861
vn 0.5115 0.4692 -0.7199
vn 0.0373 0.5484 -0.8354
vn 0.0627 0.4183 -0.9062
vn 0.0955 0.2213 -0.9705
vn 0.2623 0.1488 -0.9534
vn 0.1054 0.1547 -0.9823
vn 0.2672 0.1719 -0.9482
vn 0.3900 0.1123 -0.9139
vn 0.5031 0.0454 -0.8631
vn 0.5738 -0.0966 -0.8133
vn 0.6159 -0.0659 -0.7850
vn 0.6222 -0.0612 -0.7804
vn 0.9485 -0.1689 0.2681
vn 0.9549 -0.2953 0.0306
vn 0.9204 -0.3506 0.1733
vn 0.9881 -0.0820 -0.1300
vn 0.9920 -0.0999 0.0770
vn 0.9266 -0.3760 0.0102
vn 0.8978 -0.4182 0.1377
vn 0.9502 -0.2853 -0.1258
vn 0.8326 -0.1611 0.5299
vn 0.8495 -0.2838 0.4447
vn 0.9439 -0.0359 0.3284
vn 0.9895 0.0642 -0.1296
vn 0.9934 0.0392 0.1076
vn 0.9234 0.0381 -0.3818
vn 0.9290 -0.1094 -0.3534
vn 0.9018 -0.3106 -0.3005
vn 0.9241 -0.3606 -0.1263
vn 0.8842 -0.3736 -0.2803
vn 0.9328 -0.3380 -0.1253
vn 0.9294 -0.3690 0.0120
vn 0.9056 -0.3977 0.1478
vn 0.8302 -0.4920 0.2620
vn 0.8398 -0.4504 0.3031
vn 0.8410 -0.4438 0.3093
vn 0.1061 0.0125 0.9943
vn 0.2360 -0.2184 0.9469
vn 0.0845 -0.1926 0.9776
vn 0.4744 -0.1182 0.8723
vn 0.3057 -0.0265 0.9518
vn 0.2029 -0.2985 0.9326
vn 0.0716 -0.2693 0.9604
vn 0.3611 -0.2907 0.8860
vn -0.1433 0.1523 0.9779
vn -0.1265 0.0036 0.9920
vn 0.1187 0.1574 0.9804
vn 0.5424 0.0071 0.8401
vn 0.3469 0.1084 0.9316
vn 0.7003 -0.1470 0.6986
vn 0.6120 -0.2584 0.7475
vn 0.4660 -0.4037 0.7873
vn 0.3158 -0.3559 0.8795
vn 0.4137 -0.4475 0.7928
vn 0.3291 -0.3359 0.8825
vn 0.2059 -0.2915 0.9342
vn 0.0764 -0.2463 0.9662
vn -0.0880 -0.2695 0.9590
vn -0.0969 -0.2124 0.9724
vn -0.0982 -0.2035 0.9741
vn -0.8817 -0.3596 -0.3055
vn -0.7959 -0.4929 -0.3516
vn -0.8098 -0.4303 -0.3988
vn -0.9408 -0.2962 -0.1649
vn -0.8763 -0.4179 -0.2399
vn -0.7310 -0.6439 -0.2260
vn -0.9239 -0.3820 0.0225
vn -0.8377 -0.5402 -0.0810
vn -0.8066 -0.4492 -0.3841
vn -0.7141 -0.4675 -0.5210
vn -0.8815 -0.3649 -0.2998
vn -0.9378 -0.2566 -0.2340
vn -0.9390 -0.2695 -0.2136
vn -0.9770 -0.1107 -0.1824
vn -0.9853 -0.1254 -0.1161
vn -0.9819 -0.1667 0.0895
vn -0.9529 -0.1919 0.2349
vn -0.8881 -0.4329 0.1548
vn -0.7899 -0.6124 0.0322
vn -0.6661 -0.7343 -0.1311
vn -0.5110 -0.7919 -0.3344
vn -0.5951 -0.6920 -0.4087
vn -0.6897 -0.5267 -0.4969
vn -0.2940 -0.4828 -0.8249
vn -0.2841 -0.6191 -0.7322
vn -0.2239 -0.5901 -0.7757
vn -0.3992 -0.3570 -0.8445
vn -0.3702 -0.4986 -0.7838
vn -0.4254 -0.6820 -0.5949
vn -0.5787 -0.3331 -0.7444
vn -0.5351 -0.5203 -0.6655
vn -0.2429 -0.5987 -0.7633
vn -0.1058 -0.6833 -0.7224
vn -0.1375 -0.7166 -0.6838
vn -0.3009 -0.4843 -0.8215
vn -0.3256 -0.3588 -0.8748
vn -0.3480 -0.3593 -0.8659
vn -0.3146 -0.2080 -0.9262
vn -0.3767 -0.1865 -0.9073
vn -0.5555 -0.1154 -0.8235
vn -0.6688 -0.0613 -0.7409
vn -0.6909 -0.3076 -0.6543
vn -0.6373 -0.5227 -0.5662
vn -0.5145 -0.7090 -0.4822
vn -0.3177 -0.8604 -0.3984
vn -0.2482 -0.8150 -0.5236
vn -0.1419 -0.7210 -0.6782
vn 0.2996 -0.8454 -0.4423
vn 0.1680 -0.9138 -0.3697
vn 0.2404 -0.9104 -0.3368
vn 0.3295 -0.7499 -0.5737
vn 0.2285 -0.8391 -0.4936
vn -0.0274 -0.8995 -0.4361
vn 0.1876 -0.6812 -0.7076
vn 0.0572 -0.7997 -0.5976
vn 0.2189 -0.9117 -0.3477
vn 0.2047 -0.9603 -0.1894
vn 0.2934 -0.8451 -0.4470
vn 0.3830 -0.7657 -0.5168
vn 0.3665 -0.7619 -0.5340
vn 0.4976 -0.6630 -0.5593
vn 0.4671 -0.6361 -0.6142
vn 0.3601 -0.5354 -0.7640
vn 0.2735 -0.4485 -0.8509
vn 0.0823 -0.6149 -0.7843
vn -0.0640 -0.7524 -0.6556
vn -0.1651 -0.8661 -0.4719
vn -0.2191 -0.9484 -0.2290
vn -0.0711 -0.9730 -0.2197
vn 0.1376 -0.9704 -0.1983
vn -0.4241 -0.7679 0.4801
vn -0.5362 -0.6572 0.5297
vn -0.4695 -0.6744 0.5699
vn -0.3912 -0.8540 0.3431
vn -0.4904 -0.7622 0.4226
vn -0.6944 -0.5868 0.4166
vn -0.5014 -0.8487 0.1681
vn -0.6291 -0.7263 0.2771
vn -0.4899 -0.6702 0.5575
vn -0.4746 -0.5589 0.6800
vn -0.5253 -0.5331 0.6632
vn -0.4301 -0.7676 0.4752
vn -0.3416 -0.8481 0.4051
vn -0.3575 -0.8500 0.3870
vn -0.2118 -0.9157 0.3414
vn -0.2374 -0.9303 0.2797
vn -0.3086 -0.9476 0.0831
vn -0.3514 -0.9343 -0.0604
vn -0.5665 -0.8231 0.0398
vn -0.7105 -0.6832 0.1685
vn -0.7885 -0.5217 0.3257
vn -0.7933 -0.3343 0.5088
vn -0.6955 -0.4223 0.5813
vn -0.5330 -0.5290 0.6604
vn -0.9266 0.3760 -0.0102
vn -0.9204 0.3506 -0.1733
vn -0.8978 0.4182 -0.1377
vn -0.9502 0.2853 0.1258
vn -0.9549 0.2953 -0.0306
vn -0.9485 0.1689 -0.2681
vn -0.9881 0.0820 0.1300
vn -0.9920 0.0999 -0.0770
vn -0.9056 0.3977 -0.1478
vn -0.8302 0.4920 -0.2620
vn -0.8398 0.4504 -0.3031
vn -0.9294 0.3690 -0.0120
vn -0.9241 0.3606 0.1263
vn -0.9328 0.3380 0.1253
vn -0.8842 0.3736 0.2803
vn -0.9018 0.3106 0.3005
vn -0.9290 0.1094 0.3534
vn -0.9234 -0.0381 0.3818
vn -0.9895 -0.0642 0.1296
vn -0.9934 -0.0392 -0.1076
vn -0.9439 0.0359 -0.3284
vn -0.8326 0.1611 -0.5299
vn -0.8495 0.2838 -0.4447
vn -0.8410 0.4438 -0.3093
vn -0.2461 0.9328 -0.2634
vn -0.2454 0.9641 -0.1013
vn -0.3100 0.9258 -0.2163
vn -0.0788 0.9198 -0.3844
vn -0.1657 0.9767 -0.1362
vn -0.1328 0.9910 0.0165
vn -0.2099 0.9772 0.0308
vn 0.0720 0.9973 -0.0118
vn -0.4102 0.8547 -0.3182
vn -0.2903 0.9289 -0.2301
vn -0.3744 0.8523 -0.3653
vn -0.3687 0.8516 -0.3725
vn -0.2314 0.8175 -0.5274
vn -0.1265 0.7708 -0.6244
vn 0.0417 0.8868 -0.4602
vn 0.0236 0.9768 -0.2128
vn 0.2153 0.9760 -0.0316
vn 0.2191 0.9484 0.2290
vn 0.0711 0.9730 0.2197
vn -0.1376 0.9704 0.1983
vn -0.2047 0.9603 0.1894
vn -0.1868 0.9821 0.0256
vn -0.1458 0.9694 0.1973
vn -0.2384 0.9655 -0.1044
vn 0.5362 0.6572 -0.5297
vn 0.4241 0.7679 -0.4801
vn 0.4695 0.6744 -0.5699
vn 0.6944 0.5868 -0.4166
vn 0.4904 0.7622 -0.4226
vn 0.3912 0.8540 -0.3431
vn 0.3416 0.8481 -0.4051
vn 0.5014 0.8487 -0.1681
vn 0.4746 0.5589 -0.6800
vn 0.4899 0.6702 -0.5575
vn 0.5253 0.5331 -0.6632
vn 0.5330 0.5290 -0.6604
vn 0.6955 0.4223 -0.5813
vn 0.7933 0.3343 -0.5088
vn 0.7885 0.5217 -0.3257
vn 0.6291 0.7263 -0.2771
vn 0.5665 0.8231 -0.0398
vn 0.3514 0.9343 0.0604
vn 0.3086 0.9476 -0.0831
vn 0.2374 0.9303 -0.2797
vn 0.2118 0.9157 -0.3414
vn 0.3575 0.8500 -0.3870
vn 0.2343 0.9287 -0.2873
vn 0.4301 0.7676 -0.4752
vn 0.9420 0.2988 0.1527
vn 0.9079 0.4170 0.0425
vn 0.9537 0.2915 0.0742
vn 0.8866 0.3002 0.3520
vn 0.8878 0.4432 0.1240
vn 0.8269 0.5609 0.0403
vn 0.8521 0.5228 -0.0250
vn 0.7333 0.6491 0.2024
vn 0.9884 0.1358 0.0673
vn 0.9505 0.2948 0.0980
vn 0.9844 0.1235 0.1251
vn 0.9835 0.1215 0.1340
vn 0.9398 0.0743 0.3337
vn 0.8829 0.0383 0.4681
vn 0.8244 0.2933 0.4841
vn 0.8150 0.4904 0.3088
vn 0.6481 0.6947 0.3120
vn 0.5318 0.8375 0.1255
vn 0.6324 0.7739 0.0338
vn 0.7487 0.6560 -0.0951
vn 0.7796 0.6112 -0.1365
vn 0.8454 0.5342 -0.0047
vn 0.7527 0.6507 -0.1002
vn 0.9064 0.4195 0.0497
vn 0.4106 0.3529 0.8408
vn 0.5374 0.3964 0.7443
vn 0.4734 0.3063 0.8259
vn 0.2322 0.4560 0.8591
vn 0.4774 0.4606 0.7483
vn 0.5721 0.5169 0.6368
vn 0.6160 0.4510 0.6458
vn 0.4472 0.6743 0.5876
vn 0.4212 0.1702 0.8909
vn 0.4550 0.3213 0.8305
vn 0.3685 0.1894 0.9101
vn 0.3603 0.1923 0.9128
vn 0.1639 0.2543 0.9531
vn 0.0184 0.2920 0.9563
vn 0.0998 0.5173 0.8500
vn 0.3243 0.5951 0.7353
vn 0.3472 0.7684 0.5376
vn 0.5110 0.7919 0.3344
vn 0.5951 0.6920 0.4087
vn 0.6897 0.5267 0.4969
vn 0.7141 0.4675 0.5210
vn 0.6026 0.4711 0.6442
vn 0.6929 0.5196 0.4999
vn 0.5322 0.4023 0.7449
vn -0.0188 0.8826 0.4697
vn -0.1055 0.9261 0.3622
vn -0.0644 0.9331 0.3537
vn 0.0252 0.8095 0.5866
vn -0.0634 0.8699 0.4891
vn -0.2538 0.8899 0.3791
vn -0.0864 0.7406 0.6664
vn -0.1971 0.8182 0.5401
vn -0.1003 0.9268 0.3620
vn -0.0756 0.9757 0.2056
vn -0.0384 0.8773 0.4783
vn 0.0578 0.8242 0.5634
vn 0.0286 0.8118 0.5833
vn 0.1745 0.7526 0.6350
vn 0.1583 0.7372 0.6569
vn 0.0761 0.6504 0.7558
vn 0.0101 0.5711 0.8208
vn -0.1716 0.6754 0.7172
vn -0.2959 0.7661 0.5705
vn -0.3643 0.8473 0.3864
vn -0.3734 0.9134 0.1623
vn -0.2584 0.9488 0.1815
vn -0.1066 0.9736 0.2021
vn 0.3252 0.5944 0.7354
vn 0.4278 0.5083 0.7474
vn 0.4339 0.5782 0.6910
vn 0.4122 0.3964 0.8203
vn 0.3520 0.4951 0.7943
vn 0.5343 0.5203 0.6662
vn 0.4922 0.4454 0.7479
vn 0.2429 0.5987 0.7633
vn 0.3055 0.6633 0.6832
vn 0.1376 0.7166 0.6838
vn 0.3009 0.4843 0.8215
vn 0.4360 0.6229 0.6496
vn 0.3480 0.3593 0.8659
vn 0.5580 0.5737 0.5996
vn -0.3871 -0.1053 0.9160
vn -0.5333 -0.0867 0.8415
vn -0.4903 -0.0266 0.8712
vn -0.2750 -0.2252 0.9347
vn -0.4190 -0.1828 0.8894
vn -0.6347 -0.2333 0.7367
vn -0.2909 -0.4177 0.8607
vn -0.4804 -0.3565 0.8013
vn -0.5031 -0.0454 0.8631
vn -0.5738 0.0966 0.8133
vn -0.3900 -0.1123 0.9139
vn -0.2623 -0.1488 0.9534
vn -0.2672 -0.1719 0.9482
vn -0.1054 -0.1547 0.9823
vn -0.0955 -0.2213 0.9705
vn -0.0627 -0.4183 0.9062
vn -0.0373 -0.5484 0.8354
vn -0.2947 -0.5434 0.7861
vn -0.5115 -0.4692 0.7199
vn -0.6902 -0.3312 0.6433
vn -0.8248 -0.1261 0.5512
vn -0.7520 -0.0486 0.6574
vn -0.6222 0.0612 0.7804
vn 0.4364 0.6385 0.6340
vn 0.3035 0.6603 0.6870
vn 0.3130 0.6873 0.6555
vn 0.5596 0.5694 0.6022
vn 0.4352 0.6025 0.6690
vn 0.2565 0.5566 0.7902
vn 0.5844 0.4403 0.6816
vn 0.4250 0.4845 0.7646
vn 0.5523 0.6024 0.5763
vn 0.6645 0.5787 0.4727
vn 0.6774 0.5531 0.4850
vn 0.7315 0.4179 0.5388
vn 0.7616 0.3046 0.5720
vn 0.5939 0.3334 0.7322
vn 0.4106 0.3871 0.8255
vn 0.2164 0.4673 0.8572
vn 0.8155 0.4902 0.3078
vn 0.8673 0.4612 0.1872
vn 0.8199 0.5369 0.1990
vn 0.9250 0.3415 0.1668
vn 0.8782 0.4041 0.2559
vn 0.8380 0.5395 0.0819
vn 0.8933 0.4372 0.1044
vn 0.8066 0.4492 0.3841
vn 0.7611 0.5520 0.3408
vn 0.8815 0.3649 0.2998
vn 0.7840 0.5856 0.2061
vn 0.9390 0.2695 0.2136
vn 0.7882 0.6116 0.0678
vn 0.6700 -0.4803 0.5660
vn 0.5418 -0.5150 0.6642
vn 0.5879 -0.4504 0.6720
vn 0.7313 -0.5352 0.4228
vn 0.6310 -0.5553 0.5417
vn 0.4015 -0.6634 0.6315
vn 0.6536 -0.6904 0.3101
vn 0.5221 -0.7121 0.4694
vn 0.5748 -0.4706 0.6694
vn 0.5029 -0.3704 0.7809
vn 0.4591 -0.4097 0.7883
vn 0.6668 -0.4871 0.5640
vn 0.7551 -0.4683 0.4589
vn 0.7478 -0.4891 0.4489
vn 0.8464 -0.4072 0.3431
vn 0.8385 -0.4570 0.2968
vn 0.7898 -0.5955 0.1469
vn 0.7335 -0.6788 0.0352
vn 0.5818 -0.7824 0.2222
vn 0.4329 -0.8042 0.4072
vn 0.2917 -0.7513 0.5919
vn 0.1559 -0.6170 0.7714
vn 0.2843 -0.5413 0.7913
vn 0.4522 -0.4156 0.7892
vn 0.7702 0.6028 0.2084
vn 0.7636 0.5476 0.3421
vn 0.7395 0.5823 0.3377
vn 0.7912 0.6081 0.0653
vn 0.8009 0.5633 0.2029
vn 0.8359 0.4134 0.3610
vn 0.8712 0.4908 0.0066
vn 0.8813 0.4357 0.1830
vn 0.7653 0.6388 0.0790
vn 0.7173 0.6944 -0.0569
vn 0.7333 0.6756 -0.0760
vn 0.8021 0.5727 -0.1696
vn 0.8426 0.4820 -0.2403
vn 0.9191 0.3921 -0.0385
vn 0.9289 0.3316 0.1650
vn 0.8785 0.3029 0.3695
vn 0.6284 0.7266 -0.2780
vn 0.5396 0.7536 -0.3754
vn 0.5321 0.7936 -0.2950
vn 0.5427 0.6825 -0.4895
vn 0.6056 0.6939 -0.3896
vn 0.4332 0.8312 -0.3484
vn 0.4747 0.7641 -0.4368
vn 0.6933 0.6699 -0.2658
vn 0.6369 0.7467 -0.1920
vn 0.6460 0.6518 -0.3972
vn 0.5246 0.8170 -0.2393
vn 0.5897 0.6167 -0.5215
vn 0.4012 0.8731 -0.2771
vn 0.7839 -0.2307 -0.5765
vn 0.8192 -0.3424 -0.4600
vn 0.8466 -0.2676 -0.4600
vn 0.6780 -0.2164 -0.7025
vn 0.7441 -0.3073 -0.5932
vn 0.7282 -0.5269 -0.4383
vn 0.5403 -0.3591 -0.7610
vn 0.6300 -0.4754 -0.6141
vn 0.8385 -0.2903 -0.4611
vn 0.9120 -0.2636 -0.3144
vn 0.8997 -0.3191 -0.2979
vn 0.7806 -0.2376 -0.5781
vn 0.7220 -0.1564 -0.6740
vn 0.7095 -0.1752 -0.6825
vn 0.6559 -0.0351 -0.7540
vn 0.6095 -0.0707 -0.7896
vn 0.4503 -0.1773 -0.8751
vn 0.3237 -0.2490 -0.9128
vn 0.4287 -0.4510 -0.7828
vn 0.5346 -0.5812 -0.6135
vn 0.6449 -0.6439 -0.4116
vn 0.7543 -0.6332 -0.1736
vn 0.8272 -0.5136 -0.2281
vn 0.8975 -0.3276 -0.2952
vn 0.5214 0.8248 -0.2188
vn 0.6391 0.7438 -0.1958
vn 0.6257 0.7634 -0.1605
vn 0.4000 0.8720 -0.2821
vn 0.5283 0.8066 -0.2652
vn 0.6838 0.6581 -0.3153
vn 0.3776 0.8223 -0.4257
vn 0.5412 0.7392 -0.4010
vn 0.4023 0.8832 -0.2411
vn 0.2599 0.9398 -0.2220
vn 0.2488 0.9355 -0.2509
vn 0.1903 0.9008 -0.3903
vn 0.1411 0.8583 -0.4934
vn 0.3546 0.7704 -0.5299
vn 0.5426 0.6763 -0.4982
vn 0.7070 0.5814 -0.4027
vn 0.0225 0.9769 -0.2124
vn -0.1024 0.9813 -0.1628
vn -0.0317 0.9936 -0.1083
vn -0.2063 0.9482 -0.2415
vn -0.0891 0.9641 -0.2502
vn -0.1206 0.9922 -0.0300
vn -0.1851 0.9744 -0.1278
vn 0.0594 0.9557 -0.2883
vn 0.1046 0.9783 -0.1789
vn -0.0801 0.9486 -0.3063
vn 0.0163 0.9973 -0.0710
vn -0.2171 0.9210 -0.3234
vn -0.0683 0.9968 0.0415
vn -0.2029 0.2985 -0.9326
vn -0.0845 0.1926 -0.9776
vn -0.0716 0.2693 -0.9604
vn -0.3611 0.2907 -0.8860
vn -0.2360 0.2184 -0.9469
vn -0.1061 -0.0125 -0.9943
vn -0.4744 0.1182 -0.8723
vn -0.3057 0.0265 -0.9518
vn -0.0764 0.2463 -0.9662
vn 0.0880 0.2695 -0.9590
vn 0.0969 0.2124 -0.9724
vn -0.2059 0.2915 -0.9342
vn -0.3158 0.3559 -0.8795
vn -0.3291 0.3359 -0.8825
vn -0.4137 0.4475 -0.7928
vn -0.4660 0.4037 -0.7873
vn -0.6120 0.2584 -0.7475
vn -0.7003 0.1470 -0.6986
vn -0.5424 -0.0071 -0.8401
vn -0.3469 -0.1084 -0.9316
vn -0.1187 -0.1574 -0.9804
vn 0.1433 -0.1523 -0.9779
vn 0.1265 -0.0036 -0.9920
vn 0.0982 0.2035 -0.9741
vn 0.0337 0.9978 -0.0574
vn 0.1020 0.9777 -0.1834
vn 0.1289 0.9802 -0.1506
vn -0.0734 0.9965 0.0400
vn -0.0059 0.9961 -0.0883
vn 0.0103 0.9526 -0.3041
vn -0.2142 0.9766 -0.0179
vn -0.1253 0.9756 -0.1803
vn -0.0349 0.9977 0.0582
vn -0.3195 0.9455 -0.0629
vn -0.2144 0.9448 -0.2476
vn -0.0611 0.9178 -0.3923
vn -0.1649 0.8953 0.4139
vn -0.1715 0.8297 0.5311
vn -0.0924 0.8605 0.5010
vn -0.2870 0.7714 0.5680
vn -0.2458 0.8412 0.4815
vn -0.0582 0.8001 0.5971
vn -0.1743 0.7774 0.6044
vn -0.2189 0.9117 0.3477
vn -0.2934 0.8451 0.4470
vn -0.3119 0.7132 0.6277
vn -0.3665 0.7619 0.5340
vn -0.4713 0.6398 0.6070
vn -0.1753 0.7397 0.6497
vn -0.0354 0.7479 0.6629
vn 0.1632 -0.0363 0.9859
vn 0.0826 -0.1804 0.9801
vn 0.0475 -0.1100 0.9928
vn 0.3142 0.0196 0.9492
vn 0.2186 -0.1028 0.9704
vn 0.1626 -0.3609 0.9183
vn 0.4709 -0.0947 0.8771
vn 0.3401 -0.2536 0.9055
vn 0.0590 -0.1310 0.9896
vn 0.1682 -0.0422 0.9848
vn 0.2519 0.0665 0.9655
vn 0.2705 0.0516 0.9613
vn 0.3146 0.2080 0.9262
vn 0.3767 0.1865 0.9073
vn 0.5555 0.1154 0.8235
vn 0.6688 0.0613 0.7409
vn 0.5697 -0.1732 0.8034
vn 0.4167 -0.3528 0.8378
vn 0.2150 -0.4794 0.8508
vn 0.4254 0.6820 0.5949
vn 0.3702 0.4986 0.7838
vn 0.2841 0.6191 0.7322
vn 0.5787 0.3331 0.7444
vn 0.5351 0.5203 0.6655
vn 0.2940 0.4828 0.8249
vn 0.2239 0.5901 0.7757
vn 0.3992 0.3570 0.8445
vn 0.3177 0.8604 0.3984
vn 0.2482 0.8150 0.5236
vn 0.5145 0.7090 0.4822
vn 0.6909 0.3076 0.6543
vn 0.6373 0.5227 0.5662
vn 0.3256 0.3588 0.8748
vn 0.1058 0.6833 0.7224
vn 0.1419 0.7210 0.6782
vn 0.1304 -0.1786 0.9752
vn 0.2608 -0.1544 0.9530
vn 0.2054 -0.0868 0.9748
vn 0.3395 -0.2528 0.9060
vn 0.2282 -0.2379 0.9441
vn 0.3054 -0.0275 0.9518
vn 0.3455 -0.1366 0.9284
vn 0.4187 -0.2586 0.8705
vn 0.3995 -0.1243 0.9083
vn 0.3775 0.0137 0.9259
vn 0.9637 -0.1823 0.1953
vn 0.9221 -0.3416 0.1819
vn 0.9204 -0.3005 0.2501
vn 0.9941 -0.0560 0.0933
vn 0.9712 -0.2100 0.1122
vn 0.8956 -0.4447 0.0045
vn 0.9914 -0.0646 -0.1134
vn 0.9599 -0.2678 -0.0834
vn 0.9219 -0.3125 0.2292
vn 0.9646 -0.1848 0.1880
vn 0.9839 -0.0485 0.1720
vn 0.9876 -0.0517 0.1483
vn 0.9770 0.1107 0.1824
vn 0.9853 0.1254 0.1161
vn 0.9819 0.1667 -0.0895
vn 0.9529 0.1919 -0.2349
vn 0.9640 -0.0690 -0.2569
vn 0.9282 -0.3016 -0.2181
vn 0.8538 -0.5064 -0.1212
vn 0.7310 0.6439 0.2260
vn 0.8763 0.4179 0.2399
vn 0.7959 0.4929 0.3516
vn 0.9239 0.3820 -0.0225
vn 0.8377 0.5402 0.0810
vn 0.8817 0.3596 0.3055
vn 0.8098 0.4303 0.3988
vn 0.9408 0.2962 0.1649
vn 0.6661 0.7343 0.1311
vn 0.8881 0.4329 -0.1548
vn 0.7899 0.6124 -0.0322
vn 0.9378 0.2566 0.2340
vn 0.9375 -0.3168 0.1437
vn 0.9720 -0.2305 0.0465
vn 0.9701 -0.2034 0.1323
vn 0.9600 -0.2675 -0.0823
vn 0.9487 -0.3150 0.0257
vn 0.9919 -0.1010 0.0768
vn 0.9852 -0.1703 -0.0192
vn 0.9606 -0.2276 -0.1596
vn 0.9895 -0.1302 -0.0621
vn 0.9991 -0.0264 0.0326
vn 0.5746 0.2457 -0.7807
vn 0.5420 0.0932 -0.8352
vn 0.6042 0.1119 -0.7890
vn 0.4969 0.3913 -0.7745
vn 0.5016 0.2447 -0.8298
vn 0.3678 0.0335 -0.9293
vn 0.3077 0.4303 -0.8486
vn 0.3180 0.2349 -0.9185
vn 0.5855 0.1071 -0.8036
vn 0.5683 0.2457 -0.7853
vn 0.5644 0.3750 -0.7354
vn 0.5443 0.3794 -0.7482
vn 0.5741 0.5055 -0.6441
vn 0.5176 0.5373 -0.6659
vn 0.3299 0.6184 -0.7133
vn 0.1862 0.6599 -0.7279
vn 0.1658 0.4468 -0.8791
vn 0.1816 0.2223 -0.9579
vn 0.2348 -0.0097 -0.9720
vn 0.5218 0.8378 -0.1607
vn 0.5904 0.7085 -0.3865
vn 0.6601 0.7098 -0.2460
vn 0.3709 0.7603 -0.5333
vn 0.4323 0.8318 -0.3482
vn 0.6512 0.6460 -0.3982
vn 0.7076 0.6518 -0.2730
vn 0.5467 0.6515 -0.5259
vn 0.4103 0.9069 -0.0961
vn 0.2368 0.8176 -0.5248
vn 0.3109 0.8975 -0.3127
vn 0.6075 0.6004 -0.5201
vn 0.5142 0.1303 -0.8477
vn 0.4418 0.2425 -0.8637
vn 0.5196 0.2451 -0.8185
vn 0.3190 0.2350 -0.9181
vn 0.4116 0.1642 -0.8964
vn 0.4801 0.3556 -0.8019
vn 0.3888 0.3153 -0.8657
vn 0.2497 0.2872 -0.9247
vn 0.3523 0.3615 -0.8632
vn 0.4444 0.4330 -0.7842
vn -0.4663 0.6562 -0.5933
vn -0.5324 0.5232 -0.6655
vn -0.4641 0.5573 -0.6885
vn -0.4902 0.7434 -0.4550
vn -0.5413 0.6328 -0.5537
vn -0.6915 0.4129 -0.5927
vn -0.6354 0.7061 -0.3125
vn -0.6985 0.5598 -0.4458
vn -0.4853 0.5479 -0.6814
vn -0.4731 0.6543 -0.5899
vn -0.4269 0.7517 -0.5027
vn -0.4468 0.7491 -0.4892
vn -0.3373 0.8469 -0.4112
vn -0.3800 0.8528 -0.3581
vn -0.4994 0.8462 -0.1857
vn -0.5717 0.8185 -0.0569
vn -0.7218 0.6615 -0.2034
vn -0.7912 0.4948 -0.3593
vn -0.7864 0.3242 -0.5258
vn 0.0870 0.9957 -0.0309
vn -0.0923 0.9689 -0.2297
vn 0.0644 0.9699 -0.2348
vn -0.3160 0.9452 -0.0821
vn -0.1208 0.9923 -0.0289
vn -0.0788 0.9463 -0.3136
vn 0.0585 0.9485 -0.3114
vn -0.2384 0.9319 -0.2733
vn 0.1007 0.9883 0.1145
vn -0.3629 0.9302 0.0556
vn -0.1377 0.9841 0.1124
vn -0.2088 0.9150 -0.3453
vn -0.5546 0.5449 -0.6289
vn -0.5971 0.6110 -0.5198
vn -0.5236 0.6389 -0.5637
vn -0.6977 0.5602 -0.4465
vn -0.6409 0.5376 -0.5480
vn -0.5227 0.7113 -0.4699
vn -0.6195 0.6492 -0.4413
vn -0.7315 0.5743 -0.3675
vn -0.6315 0.6713 -0.3881
vn -0.5200 0.7569 -0.3958
vn -0.7206 0.4819 0.4986
vn -0.8163 0.3541 0.4564
vn -0.8082 0.4202 0.4127
vn -0.6031 0.5137 0.6103
vn -0.7162 0.4180 0.5588
vn -0.8183 0.1692 0.5492
vn -0.5346 0.3817 0.7540
vn -0.6849 0.2578 0.6815
vn -0.8107 0.4007 0.4269
vn -0.7204 0.4764 0.5041
vn -0.6200 0.5610 0.5485
vn -0.6160 0.5465 0.5674
vn -0.4976 0.6630 0.5593
vn -0.4671 0.6361 0.6142
vn -0.3601 0.5354 0.7640
vn -0.2735 0.4485 0.8509
vn -0.4722 0.2783 0.8364
vn -0.6460 0.1394 0.7505
vn -0.7987 0.0339 0.6008
vn 0.0274 0.8995 0.4361
vn -0.2285 0.8391 0.4936
vn -0.1680 0.9138 0.3697
vn -0.1876 0.6812 0.7076
vn -0.0572 0.7997 0.5976
vn -0.2996 0.8454 0.4423
vn -0.2404 0.9104 0.3368
vn -0.3295 0.7499 0.5737
vn 0.1651 0.8661 0.4719
vn -0.0823 0.6149 0.7843
vn 0.0640 0.7524 0.6556
vn -0.3830 0.7657 0.5168
vn -0.7918 0.3539 0.4977
vn -0.7090 0.3657 0.6030
vn -0.7178 0.4337 0.5447
vn -0.6851 0.2587 0.6809
vn -0.7542 0.2890 0.5895
vn -0.6307 0.4745 0.6140
vn -0.6462 0.3699 0.6675
vn -0.6271 0.2370 0.7420
vn -0.6023 0.3710 0.7068
vn -0.5614 0.4978 0.6611
vn -0.3237 0.7447 0.5836
vn -0.1754 0.7345 0.6555
vn -0.3076 0.6983 0.6463
vn -0.3645 0.8390 0.4040
vn -0.1738 0.7903 0.5875
vn -0.0210 0.7827 0.6221
vn -0.0404 0.7318 0.6803
vn 0.0385 0.8895 0.4552
vn -0.4433 0.6145 0.6527
vn -0.4755 0.6436 0.5998
vn -0.5599 0.7137 0.4210
vn -0.6054 0.7447 0.2811
vn -0.3840 0.8841 0.2664
vn -0.1648 0.8958 0.4129
vn 0.0797 0.9422 0.3253
vn 0.3706 -0.2825 0.8848
vn 0.4066 -0.1226 0.9053
vn 0.4396 -0.2490 0.8630
vn 0.1844 -0.3686 0.9111
vn 0.3258 -0.1409 0.9349
vn 0.3255 0.0156 0.9454
vn 0.3998 0.0141 0.9165
vn 0.1244 0.0282 0.9918
vn 0.0477 -0.4201 0.9062
vn 0.1293 -0.1788 0.9754
vn -0.0214 0.0365 0.9991
vn 0.5546 -0.5449 0.6289
vn 0.5971 -0.6110 0.5198
vn 0.6409 -0.5376 0.5480
vn 0.5227 -0.7113 0.4699
vn 0.5236 -0.6389 0.5637
vn 0.6977 -0.5602 0.4465
vn 0.6195 -0.6492 0.4413
vn 0.4853 -0.5479 0.6814
vn 0.4731 -0.6543 0.5899
vn 0.5200 -0.7569 0.3958
vn 0.4468 -0.7491 0.4892
vn 0.3744 -0.8523 0.3653
vn 0.6315 -0.6713 0.3881
vn 0.7315 -0.5743 0.3675
vn 0.8183 -0.1692 -0.5492
vn 0.7162 -0.4180 -0.5588
vn 0.8163 -0.3541 -0.4564
vn 0.5346 -0.3817 -0.7540
vn 0.6849 -0.2578 -0.6815
vn 0.7206 -0.4819 -0.4986
vn 0.8082 -0.4202 -0.4127
vn 0.6031 -0.5137 -0.6103
vn 0.7987 -0.0339 -0.6008
vn 0.4722 -0.2783 -0.8364
vn 0.6460 -0.1394 -0.7505
vn 0.6200 -0.5610 -0.5485
vn 0.6160 -0.5465 -0.5674
vn 0.7204 -0.4764 -0.5041
vn 0.8107 -0.4007 -0.4269
vn 0.9531 -0.2736 -0.1294
vn 0.9899 -0.1248 -0.0677
vn 0.9626 -0.2079 -0.1736
vn 0.8980 -0.4396 -0.0190
vn 0.9828 -0.1847 -0.0037
vn 0.9953 -0.0533 0.0810
vn 0.9998 -0.0136 0.0122
vn 0.9541 -0.1464 0.2611
vn 0.8357 -0.5459 0.0597
vn 0.9372 -0.3175 0.1445
vn 0.9003 -0.2086 0.3820
vn 0.7918 -0.3539 -0.4977
vn 0.7090 -0.3657 -0.6030
vn 0.7542 -0.2890 -0.5895
vn 0.6307 -0.4745 -0.6140
vn 0.7178 -0.4337 -0.5447
vn 0.6851 -0.2587 -0.6809
vn 0.6462 -0.3699 -0.6675
vn 0.5614 -0.4978 -0.6611
vn 0.4713 -0.6398 -0.6070
vn 0.6023 -0.3710 -0.7068
vn 0.6271 -0.2370 -0.7420
vn -0.1626 0.3609 -0.9183
vn -0.2186 0.1028 -0.9704
vn -0.0826 0.1804 -0.9801
vn -0.4709 0.0947 -0.8771
vn -0.3401 0.2536 -0.9055
vn -0.1632 0.0363 -0.9859
vn -0.0475 0.1100 -0.9928
vn -0.3142 -0.0196 -0.9492
vn -0.2150 0.4794 -0.8508
vn -0.5697 0.1732 -0.8034
vn -0.4167 0.3528 -0.8378
vn -0.2519 -0.0665 -0.9655
vn -0.2705 -0.0516 -0.9613
vn -0.1682 0.0422 -0.9848
vn -0.0590 0.1310 -0.9896
vn 0.2732 0.2374 -0.9322
vn 0.3474 0.3675 -0.8627
vn 0.2382 0.3081 -0.9210
vn 0.3474 0.0444 -0.9367
vn 0.4016 0.2983 -0.8659
vn 0.4863 0.3970 -0.7784
vn 0.4264 0.4490 -0.7852
vn 0.6312 0.2568 -0.7319
vn 0.3910 -0.0935 -0.9156
vn 0.5148 0.1294 -0.8475
vn 0.7175 0.1509 -0.6800
vn -0.1304 0.1786 -0.9752
vn -0.2608 0.1544 -0.9530
vn -0.2282 0.2379 -0.9441
vn -0.3054 0.0275 -0.9518
vn -0.2054 0.0868 -0.9748
vn -0.3395 0.2528 -0.9060
vn -0.3455 0.1366 -0.9284
vn -0.3775 -0.0137 -0.9259
vn -0.3685 -0.1894 -0.9101
vn -0.3995 0.1243 -0.9083
vn -0.4187 0.2586 -0.8705
vn -0.8956 0.4447 -0.0045
vn -0.9712 0.2100 -0.1122
vn -0.9221 0.3416 -0.1819
vn -0.9915 0.0646 0.1134
vn -0.9599 0.2678 0.0834
vn -0.9637 0.1823 -0.1953
vn -0.9204 0.3005 -0.2501
vn -0.9941 0.0560 -0.0933
vn -0.8538 0.5064 0.1212
vn -0.9640 0.0690 0.2569
vn -0.9282 0.3016 0.2181
vn -0.9839 0.0485 -0.1720
vn -0.9876 0.0517 -0.1483
vn -0.9646 0.1848 -0.1880
vn -0.9219 0.3125 -0.2292
vn -0.7295 0.5443 -0.4142
vn -0.6329 0.6740 -0.3809
vn -0.7325 0.5860 -0.3464
vn -0.7065 0.4145 -0.5736
vn -0.6147 0.6406 -0.4602
vn -0.4979 0.7442 -0.4452
vn -0.5281 0.7625 -0.3737
vn -0.3982 0.6807 -0.6149
vn -0.6719 0.3119 -0.6718
vn -0.5542 0.5443 -0.6298
vn -0.3172 0.6181 -0.7192
vn -0.9375 0.3168 -0.1437
vn -0.9720 0.2305 -0.0465
vn -0.9487 0.3150 -0.0257
vn -0.9919 0.1010 -0.0768
vn -0.9701 0.2034 -0.1323
vn -0.9600 0.2675 0.0823
vn -0.9852 0.1703 0.0192
vn -0.9991 0.0264 -0.0326
vn -0.9844 -0.1235 -0.1251
vn -0.9895 0.1302 0.0621
vn -0.9606 0.2276 0.1596
vn -0.3709 -0.7603 0.5333
vn -0.5904 -0.7085 0.3865
vn -0.5467 -0.6515 0.5259
vn -0.5218 -0.8378 0.1607
vn -0.4323 -0.8318 0.3482
vn -0.6512 -0.6460 0.3982
vn -0.6075 -0.6004 0.5201
vn -0.6601 -0.7098 0.2460
vn -0.2368 -0.8176 0.5248
vn -0.4103 -0.9069 0.0961
vn -0.3109 -0.8975 0.3127
vn -0.5318 -0.8375 -0.1255
vn -0.6324 -0.7739 -0.0338
vn -0.7487 -0.6560 0.0951
vn -0.7076 -0.6518 0.2730
vn -0.7796 -0.6112 0.1365
vn -0.6933 -0.6699 0.2658
vn -0.6460 -0.6518 0.3972
vn -0.5897 -0.6167 0.5215
vn -0.6693 0.2229 0.7088
vn -0.5964 0.3711 0.7118
vn -0.6081 0.2416 0.7562
vn -0.8072 0.1593 0.5683
vn -0.6615 0.3692 0.6528
vn -0.5973 0.5085 0.6202
vn -0.5446 0.4937 0.6780
vn -0.7114 0.5394 0.4504
vn -0.8841 0.1101 0.4542
vn -0.7925 0.3538 0.4968
vn -0.7739 0.5474 0.3185
vn -0.5142 -0.1303 0.8477
vn -0.4418 -0.2425 0.8637
vn -0.4116 -0.1642 0.8964
vn -0.4801 -0.3556 0.8019
vn -0.5196 -0.2451 0.8185
vn -0.3190 -0.2350 0.9181
vn -0.3888 -0.3153 0.8657
vn -0.4444 -0.4330 0.7842
vn -0.3523 -0.3615 0.8632
vn -0.2497 -0.2872 0.9247
vn 0.0788 -0.9463 0.3136
vn -0.0644 -0.9699 0.2348
vn -0.0585 -0.9485 0.3114
vn 0.2384 -0.9319 0.2733
vn 0.0923 -0.9689 0.2297
vn -0.0870 -0.9957 0.0309
vn 0.3160 -0.9452 0.0821
vn 0.1208 -0.9923 0.0289
vn -0.0594 -0.9557 0.2883
vn 0.0801 -0.9486 0.3063
vn 0.2088 -0.9150 0.3453
vn 0.2171 -0.9210 0.3234
vn 0.3373 -0.8469 0.4112
vn 0.3800 -0.8528 0.3581
vn 0.4994 -0.8462 0.1857
vn 0.5717 -0.8185 0.0569
vn 0.3629 -0.9302 -0.0556
vn 0.1377 -0.9841 -0.1124
vn -0.1007 -0.9883 -0.1145
vn 0.6915 -0.4129 0.5927
vn 0.5413 -0.6328 0.5537
vn 0.5324 -0.5232 0.6655
vn 0.6354 -0.7061 0.3125
vn 0.6985 -0.5598 0.4458
vn 0.4663 -0.6562 0.5933
vn 0.4641 -0.5573 0.6885
vn 0.4902 -0.7434 0.4550
vn 0.7864 -0.3242 0.5258
vn 0.7218 -0.6615 0.2034
vn 0.7912 -0.4948 0.3593
vn 0.4269 -0.7517 0.5027
vn -0.0225 -0.9769 0.2124
vn 0.1024 -0.9813 0.1628
vn 0.0891 -0.9641 0.2502
vn 0.1206 -0.9922 0.0300
vn 0.0317 -0.9936 0.1083
vn 0.2063 -0.9482 0.2415
vn 0.1851 -0.9744 0.1278
vn 0.1868 -0.9821 -0.0256
vn 0.2384 -0.9655 0.1044
vn 0.2903 -0.9289 0.2301
vn 0.4979 -0.7442 0.4452
vn 0.6329 -0.6740 0.3809
vn 0.5281 -0.7625 0.3737
vn 0.3982 -0.6807 0.6149
vn 0.6147 -0.6406 0.4602
vn 0.7295 -0.5443 0.4142
vn 0.7325 -0.5860 0.3464
vn 0.7065 -0.4145 0.5736
vn 0.4102 -0.8547 0.3182
vn 0.3687 -0.8516 0.3725
vn 0.2314 -0.8175 0.5274
vn 0.1265 -0.7708 0.6244
vn 0.3172 -0.6181 0.7192
vn 0.5542 -0.5443 0.6298
vn 0.6719 -0.3119 0.6718
vn 0.1328 -0.9910 -0.0165
vn 0.2454 -0.9641 0.1013
vn 0.2099 -0.9772 -0.0308
vn -0.0720 -0.9973 0.0118
vn 0.1657 -0.9767 0.1362
vn 0.2461 -0.9328 0.2634
vn 0.3100 -0.9258 0.2163
vn 0.0788 -0.9198 0.3844
vn -0.2153 -0.9760 0.0316
vn -0.0236 -0.9768 0.2128
vn -0.0417 -0.8868 0.4602
vn 0.1649 -0.8953 -0.4139
vn 0.1715 -0.8297 -0.5311
vn 0.2458 -0.8412 -0.4815
vn 0.0582 -0.8001 -0.5971
vn 0.0924 -0.8605 -0.5010
vn 0.2870 -0.7714 -0.5680
vn 0.1743 -0.7774 -0.6044
vn 0.0354 -0.7479 -0.6629
vn 0.1753 -0.7397 -0.6497
vn 0.3119 -0.7132 -0.6277
vn 0.5973 -0.5085 -0.6202
vn 0.5964 -0.3711 -0.7118
vn 0.5446 -0.4937 -0.6780
vn 0.7114 -0.5394 -0.4504
vn 0.6615 -0.3692 -0.6528
vn 0.6693 -0.2229 -0.7088
vn 0.6081 -0.2416 -0.7562
vn 0.8072 -0.1593 -0.5683
vn 0.4433 -0.6145 -0.6527
vn 0.4755 -0.6436 -0.5998
vn 0.5599 -0.7137 -0.4210
vn 0.6054 -0.7447 -0.2811
vn 0.7739 -0.5474 -0.3185
vn 0.7925 -0.3538 -0.4968
vn 0.8841 -0.1101 -0.4542
vn 0.0210 -0.7827 -0.6221
vn 0.1754 -0.7345 -0.6555
vn 0.0404 -0.7318 -0.6803
vn -0.0385 -0.8895 -0.4552
vn 0.1738 -0.7903 -0.5875
vn 0.3237 -0.7447 -0.5836
vn 0.3076 -0.6983 -0.6463
vn 0.3645 -0.8390 -0.4040
vn -0.0797 -0.9422 -0.3253
vn 0.1648 -0.8958 -0.4129
vn 0.3840 -0.8841 -0.2664
vn -0.3252 -0.5944 -0.7354
vn -0.4278 -0.5083 -0.7474
vn -0.3520 -0.4951 -0.7943
vn -0.5343 -0.5203 -0.6662
vn -0.4339 -0.5782 -0.6910
vn -0.4122 -0.3964 -0.8203
vn -0.4922 -0.4454 -0.7479
vn -0.3055 -0.6632 -0.6832
vn -0.4360 -0.6228 -0.6497
vn -0.6026 -0.4711 -0.6442
vn -0.5580 -0.5736 -0.5996
vn -0.5322 -0.4023 -0.7449
vn -0.4550 -0.3213 -0.8305
vn -0.3255 -0.0156 -0.9454
vn -0.4066 0.1226 -0.9053
vn -0.3998 -0.0141 -0.9165
vn -0.1244 -0.0282 -0.9918
vn -0.3258 0.1409 -0.9349
vn -0.3706 0.2825 -0.8848
vn -0.4396 0.2490 -0.8630
vn -0.1844 0.3686 -0.9111
vn -0.4212 -0.1702 -0.8909
vn -0.3603 -0.1923 -0.9128
vn -0.1639 -0.2543 -0.9531
vn -0.0184 -0.2920 -0.9563
vn 0.0214 -0.0365 -0.9991
vn -0.1293 0.1788 -0.9754
vn -0.0477 0.4201 -0.9062
vn -0.4863 -0.3970 0.7784
vn -0.3474 -0.3675 0.8627
vn -0.4264 -0.4490 0.7852
vn -0.6312 -0.2568 0.7319
vn -0.4016 -0.2983 0.8659
vn -0.2732 -0.2374 0.9322
vn -0.2382 -0.3081 0.9210
vn -0.3474 -0.0444 0.9367
vn -0.7175 -0.1509 0.6800
vn -0.5148 -0.1294 0.8475
vn -0.3910 0.0935 0.9156
vn -0.5427 -0.6825 0.4895
vn -0.5396 -0.7536 0.3754
vn -0.4747 -0.7641 0.4368
vn -0.6284 -0.7266 0.2780
vn -0.6056 -0.6939 0.3896
vn -0.4332 -0.8312 0.3484
vn -0.5321 -0.7936 0.2950
vn -0.8269 -0.5609 -0.0403
vn -0.9079 -0.4170 -0.0425
vn -0.8521 -0.5228 0.0250
vn -0.7333 -0.6491 -0.2024
vn -0.8878 -0.4432 -0.1240
vn -0.9420 -0.2988 -0.1527
vn -0.9537 -0.2915 -0.0742
vn -0.8866 -0.3002 -0.3520
vn -0.8454 -0.5342 0.0047
vn -0.6481 -0.6947 -0.3120
vn -0.8150 -0.4904 -0.3088
vn -0.8244 -0.2933 -0.4841
vn -0.8829 -0.0383 -0.4681
vn -0.9398 -0.0743 -0.3337
vn -0.9835 -0.1215 -0.1340
vn -0.9884 -0.1358 -0.0673
vn -0.9505 -0.2948 -0.0980
vn -0.9064 -0.4195 -0.0497
vn -0.5721 -0.5169 -0.6368
vn -0.5374 -0.3964 -0.7443
vn -0.6160 -0.4510 -0.6458
vn -0.4472 -0.6743 -0.5876
vn -0.4774 -0.4606 -0.7483
vn -0.4106 -0.3529 -0.8408
vn -0.4734 -0.3063 -0.8259
vn -0.2322 -0.4560 -0.8591
vn -0.3472 -0.7684 -0.5376
vn -0.3243 -0.5951 -0.7353
vn -0.0998 -0.5173 -0.8500
vn -0.8155 -0.4902 -0.3078
vn -0.8673 -0.4612 -0.1872
vn -0.8782 -0.4041 -0.2559
vn -0.8380 -0.5395 -0.0819
vn -0.8199 -0.5369 -0.1990
vn -0.9250 -0.3415 -0.1668
vn -0.8933 -0.4372 -0.1044
vn -0.9953 0.0533 -0.0810
vn -0.9899 0.1248 0.0677
vn -0.9998 0.0136 -0.0122
vn -0.9541 0.1464 -0.2611
vn -0.9828 0.1847 0.0037
vn -0.9531 0.2736 0.1294
vn -0.9626 0.2079 0.1736
vn -0.8980 0.4396 0.0190
vn -0.9003 0.2086 -0.3820
vn -0.9372 0.3175 -0.1445
vn -0.8357 0.5459 -0.0597
vn 0.8560 0.4977 0.1399
vn 0.7002 0.5751 0.4231
vn 0.6822 0.6673 0.2989
vn 0.9781 0.1978 0.0651
vn 0.8785 0.4013 0.2591
vn 0.7027 0.5077 0.4984
vn 0.9819 0.1286 0.1388
vn 0.8819 0.3333 0.3334
vn 0.6631 0.7150 0.2215
vn 0.5674 0.7370 0.3673
vn 0.5523 0.7821 0.2887
vn 0.8326 0.5498 0.0669
vn 0.9526 0.3002 -0.0494
vn 0.9265 0.3574 -0.1177
vn 0.9700 0.1904 -0.1512
vn 0.9955 0.0859 -0.0404
vn 0.9993 0.0168 0.0322
vn 0.9806 0.0995 0.1688
vn 0.8807 0.3042 0.3631
vn 0.7016 0.4783 0.5282
vn 0.5840 0.5807 0.5672
vn 0.5831 0.5515 0.5965
vn 0.5820 0.6473 0.4923
vn -0.7481 0.3612 0.5567
vn -0.6869 0.0797 0.7224
vn -0.7911 0.0786 0.6067
vn -0.5489 0.6272 0.5525
vn -0.6431 0.3700 0.6704
vn -0.6102 0.0793 0.7883
vn -0.4715 0.6294 0.6177
vn -0.5665 0.3710 0.7358
vn -0.8442 0.0764 0.5305
vn -0.7908 -0.0722 0.6079
vn -0.8435 -0.0695 0.5326
vn -0.8023 0.3518 0.4822
vn -0.6568 0.6114 0.4414
vn -0.7134 0.5953 0.3696
vn -0.5908 0.7211 0.3618
vn -0.4819 0.7396 0.4698
vn -0.4049 0.7422 0.5340
vn -0.4381 0.6285 0.6427
vn -0.5332 0.3703 0.7607
vn -0.5766 0.0788 0.8132
vn -0.6112 -0.0762 0.7878
vn -0.5780 -0.0764 0.8125
vn -0.6873 -0.0752 0.7225
vn -0.1689 0.8613 0.4793
vn -0.4568 0.7068 0.5402
vn -0.4436 0.7954 0.4129
vn 0.1237 0.7796 0.6139
vn -0.1744 0.7748 0.6077
vn -0.4594 0.6399 0.6160
vn 0.1238 0.7130 0.6901
vn -0.1757 0.7085 0.6835
vn -0.4312 0.8390 0.3318
vn -0.5720 0.7374 0.3593
vn -0.5558 0.7825 0.2809
vn -0.1637 0.9032 0.3968
vn 0.1212 0.8663 0.4847
vn 0.1189 0.9080 0.4017
vn 0.2690 0.8428 0.4661
vn 0.2754 0.7561 0.5937
vn 0.2761 0.6899 0.6691
vn 0.1236 0.6833 0.7196
vn -0.1757 0.6789 0.7129
vn -0.4592 0.6103 0.6455
vn -0.5915 0.5811 0.5589
vn -0.5911 0.5519 0.5882
vn -0.5884 0.6477 0.4840
vn -0.5810 -0.7430 0.3321
vn -0.3151 -0.9187 0.2381
vn -0.4292 -0.8930 0.1354
vn -0.5930 -0.5414 0.5960
vn -0.4715 -0.7644 0.4397
vn -0.2366 -0.9235 0.3018
vn -0.5158 -0.5445 0.6614
vn -0.3942 -0.7685 0.5040
vn -0.4921 -0.8675 0.0720
vn -0.3395 -0.9403 0.0239
vn -0.4047 -0.9138 -0.0353
vn -0.6400 -0.7217 0.2638
vn -0.6996 -0.5259 0.4837
vn -0.7555 -0.5099 0.4113
vn -0.7421 -0.3937 0.5425
vn -0.6373 -0.4054 0.6553
vn -0.5610 -0.4079 0.7203
vn -0.4824 -0.5440 0.6865
vn -0.3610 -0.7679 0.5292
vn -0.2034 -0.9228 0.3271
vn -0.1457 -0.9718 0.1853
vn -0.1129 -0.9710 0.2107
vn -0.2238 -0.9669 0.1227
vn -0.9586 0.2701 -0.0906
vn -0.9818 -0.0480 -0.1839
vn -0.9546 0.0610 -0.2917
vn -0.9009 0.3743 0.2197
vn -0.9856 0.1675 0.0223
vn -0.9867 -0.1183 -0.1113
vn -0.9055 0.3059 0.2941
vn -0.9906 0.0985 0.0955
vn -0.9272 0.1249 -0.3532
vn -0.9191 -0.0466 -0.3913
vn -0.8933 0.0201 -0.4490
vn -0.9313 0.3286 -0.1572
vn -0.8759 0.4718 0.1009
vn -0.8505 0.5251 0.0292
vn -0.8020 0.5652 0.1933
vn -0.8246 0.4709 0.3136
vn -0.8288 0.4035 0.3877
vn -0.9046 0.2768 0.3241
vn -0.9897 0.0696 0.1255
vn -0.9858 -0.1471 -0.0810
vn -0.9496 -0.2276 -0.2154
vn -0.9488 -0.2560 -0.1852
vn -0.9449 -0.1575 -0.2869
vn -0.6440 0.5894 -0.4877
vn -0.4603 0.8215 -0.3366
vn -0.5865 0.7656 -0.2645
vn -0.5412 0.3992 -0.7401
vn -0.5200 0.6401 -0.5656
vn -0.3722 0.8472 -0.3791
vn -0.4535 0.4229 -0.7845
vn -0.4325 0.6648 -0.6090
vn -0.6549 0.7236 -0.2177
vn -0.5413 0.8298 -0.1358
vn -0.6105 0.7864 -0.0937
vn -0.7109 0.5522 -0.4355
vn -0.6652 0.3547 -0.6571
vn -0.7316 0.3234 -0.6002
vn -0.6584 0.2180 -0.7204
vn -0.5351 0.2584 -0.8043
vn -0.4481 0.2813 -0.8485
vn -0.4158 0.4314 -0.8006
vn -0.3951 0.6731 -0.6252
vn -0.3346 0.8553 -0.3955
vn -0.3273 0.9125 -0.2454
vn -0.2901 0.9205 -0.2619
vn -0.4148 0.8868 -0.2038
vn -0.4217 -0.4588 -0.7821
vn -0.1493 -0.6461 -0.7485
vn -0.1445 -0.5212 -0.8411
vn -0.6798 -0.4579 -0.5728
vn -0.4341 -0.5814 -0.6882
vn -0.1505 -0.7191 -0.6784
vn -0.6834 -0.5301 -0.5019
vn -0.4365 -0.6537 -0.6181
vn -0.1393 -0.4405 -0.8869
vn 0.0058 -0.5314 -0.8471
vn 0.0061 -0.4514 -0.8923
vn -0.4094 -0.3800 -0.8294
vn -0.6607 -0.3381 -0.6702
vn -0.6421 -0.2621 -0.7204
vn -0.7628 -0.2588 -0.5926
vn -0.7843 -0.3755 -0.4938
vn -0.7883 -0.4466 -0.4232
vn -0.6830 -0.5582 -0.4711
vn -0.4363 -0.6817 -0.5873
vn -0.1504 -0.7472 -0.6474
vn 0.0046 -0.7279 -0.6857
vn 0.0043 -0.7556 -0.6550
vn 0.0051 -0.6555 -0.7551
vn -0.2242 0.8052 0.5490
vn 0.0465 0.7013 0.7114
vn -0.0932 0.6487 0.7553
vn -0.2242 0.9428 0.2465
vn -0.0887 0.8618 0.4995
vn 0.1369 0.7264 0.6735
vn -0.1351 0.9691 0.2065
vn 0.0007 0.8875 0.4608
vn -0.1754 0.6093 0.7733
vn -0.0268 0.5427 0.8395
vn -0.1102 0.5072 0.8547
vn -0.3028 0.7620 0.5724
vn -0.3567 0.8837 0.3031
vn -0.4320 0.8382 0.3328
vn -0.4190 0.8926 0.1661
vn -0.2893 0.9513 0.1063
vn -0.2012 0.9773 0.0661
vn -0.0979 0.9770 0.1893
vn 0.0377 0.8955 0.4435
vn 0.1740 0.7345 0.6559
vn 0.2035 0.6163 0.7608
vn 0.2400 0.6245 0.7432
vn 0.1136 0.5919 0.7980
vn -0.2970 0.1993 -0.9339
vn 0.0254 0.2751 -0.9611
vn -0.0754 0.3861 -0.9194
vn -0.4186 -0.1083 -0.9017
vn -0.2027 0.0836 -0.9757
vn 0.0908 0.1993 -0.9757
vn -0.3553 -0.1859 -0.9161
vn -0.1387 0.0072 -0.9903
vn -0.1343 0.4484 -0.8837
vn 0.0394 0.4751 -0.8790
vn -0.0225 0.5340 -0.8452
vn -0.3501 0.2663 -0.8981
vn -0.5075 0.0131 -0.8616
vn -0.5552 0.0851 -0.8274
vn -0.6039 -0.0803 -0.7930
vn -0.5183 -0.2032 -0.8307
vn -0.4560 -0.2805 -0.8446
vn -0.3282 -0.2175 -0.9192
vn -0.1118 -0.0244 -0.9934
vn 0.1176 0.1674 -0.9788
vn 0.2077 0.2926 -0.9334
vn 0.2341 0.2608 -0.9366
vn 0.1425 0.3674 -0.9191
vn 0.2023 -0.1657 0.9652
vn 0.3729 -0.4164 0.8292
vn 0.2244 -0.4390 0.8700
vn 0.2864 0.1552 0.9455
vn 0.3495 -0.1357 0.9271
vn 0.4647 -0.3963 0.7918
vn 0.3779 0.1779 0.9086
vn 0.4408 -0.1144 0.8903
vn 0.1330 -0.4480 0.8841
vn 0.2227 -0.5681 0.7923
vn 0.1324 -0.5730 0.8088
vn 0.1118 -0.1818 0.9770
vn 0.1402 0.1172 0.9832
vn 0.0511 0.0937 0.9943
vn 0.0974 0.2600 0.9607
vn 0.2412 0.3015 0.9225
vn 0.3316 0.3246 0.8858
vn 0.4145 0.1869 0.8906
vn 0.4773 -0.1053 0.8724
vn 0.5013 -0.3869 0.7739
vn 0.4609 -0.5297 0.7120
vn 0.4971 -0.5202 0.6945
vn 0.3699 -0.5491 0.7495
vn 0.4927 0.7904 -0.3640
vn 0.6869 0.7193 -0.1039
vn 0.5683 0.8184 -0.0852
vn 0.4696 0.6076 -0.6406
vn 0.6086 0.6909 -0.3902
vn 0.7552 0.6454 -0.1147
vn 0.5369 0.5332 -0.6538
vn 0.6762 0.6173 -0.4022
vn 0.4909 0.8682 -0.0724
vn 0.5841 0.8091 0.0644
vn 0.5072 0.8588 0.0723
vn 0.4176 0.8410 -0.3441
vn 0.3569 0.7097 -0.6074
vn 0.2850 0.7623 -0.5811
vn 0.2693 0.6473 -0.7131
vn 0.3787 0.5442 -0.7487
vn 0.4450 0.4701 -0.7622
vn 0.5630 0.5008 -0.6574
vn 0.7021 0.5849 -0.4060
vn 0.7812 0.6129 -0.1186
vn 0.7698 0.6371 0.0399
vn 0.7955 0.6049 0.0356
vn 0.7021 0.7104 0.0500
vn -0.6178 0.4904 0.6147
vn -0.8355 0.4324 0.3391
vn -0.7111 0.5972 0.3711
vn -0.5660 0.1920 0.8017
vn -0.7365 0.3207 0.5956
vn -0.9005 0.3069 0.3082
vn -0.6285 0.0642 0.7752
vn -0.8002 0.1946 0.5673
vn -0.6265 0.6797 0.3813
vn -0.7322 0.6401 0.2326
vn -0.6477 0.7196 0.2503
vn -0.5379 0.5779 0.6137
vn -0.4552 0.3689 0.8103
vn -0.3827 0.4622 0.8000
vn -0.3511 0.3000 0.8870
vn -0.4554 0.1208 0.8820
vn -0.5163 -0.0066 0.8564
vn -0.6504 0.0106 0.7595
vn -0.8218 0.1411 0.5520
vn -0.9220 0.2529 0.2933
vn -0.9210 0.3545 0.1616
vn -0.9422 0.3008 0.1474
vn -0.8564 0.4786 0.1936
vn -0.2546 -0.5522 -0.7939
vn -0.4351 -0.6004 -0.6710
vn -0.3028 -0.6585 -0.6890
vn -0.5850 -0.4350 -0.6845
vn -0.4244 -0.4796 -0.7681
vn -0.4364 -0.6379 -0.6346
vn -0.3129 -0.6868 -0.6561
vn -0.5600 -0.5672 -0.6038
vn -0.2137 -0.4611 -0.8613
vn -0.5942 -0.3261 -0.7353
vn -0.4095 -0.3802 -0.8293
vn -0.5524 -0.6018 -0.5768
vn 0.2518 0.3005 0.9199
vn 0.0088 0.1431 0.9897
vn 0.2204 0.3328 0.9169
vn -0.1885 -0.0797 0.9788
vn 0.0385 0.1093 0.9933
vn 0.0506 0.0953 0.9942
vn 0.2649 0.2870 0.9206
vn -0.2164 -0.0443 0.9753
vn 0.3779 0.3666 0.8501
vn 0.3522 0.3929 0.8495
vn 0.2772 0.2735 0.9211
vn -0.1653 -0.1086 0.9802
vn 0.0627 0.0815 0.9947
vn -0.2808 -0.2021 0.9382
vn -0.3031 -0.1729 0.9371
vn -0.3297 -0.1371 0.9341
vn -0.1770 -0.0945 0.9797
vn -0.2918 -0.1878 0.9379
vn -0.1324 -0.1496 0.9798
vn 0.0968 0.0419 0.9944
vn 0.3129 0.2349 0.9203
vn 0.3654 0.3795 0.8500
vn 0.4135 0.3287 0.8491
vn 0.3202 0.4241 0.8471
vn -0.7346 0.0529 0.6765
vn -0.7477 -0.2391 0.6195
vn -0.7644 0.0528 0.6425
vn -0.6488 -0.5139 0.5612
vn -0.7178 -0.2414 0.6530
vn -0.7050 -0.2422 0.6665
vn -0.7217 0.0531 0.6901
vn -0.6794 -0.5093 0.5282
vn -0.6949 0.2059 0.6889
vn -0.7205 0.2051 0.6624
vn -0.7090 0.0528 0.7033
vn -0.6228 -0.5168 0.5874
vn -0.6922 -0.2429 0.6796
vn -0.5667 -0.6420 0.5165
vn -0.5929 -0.6384 0.4909
vn -0.6237 -0.6328 0.4589
vn -0.6357 -0.5157 0.5744
vn -0.5796 -0.6403 0.5040
vn -0.5843 -0.5201 0.6230
vn -0.6543 -0.2445 0.7156
vn -0.6710 0.0531 0.7396
vn -0.7076 0.2056 0.6761
vn -0.6572 0.2066 0.7248
vn -0.7502 0.2037 0.6290
vn 0.6422 0.7634 -0.0699
vn 0.6134 0.7566 0.2264
vn 0.6074 0.7918 -0.0647
vn 0.5855 0.6391 0.4987
vn 0.6481 0.7280 0.2236
vn 0.6620 0.7158 0.2223
vn 0.6562 0.7511 -0.0722
vn 0.5512 0.6686 0.4992
vn 0.6411 0.7335 -0.2257
vn 0.6140 0.7579 -0.2207
vn 0.6698 0.7389 -0.0740
vn 0.6128 0.6141 0.4974
vn 0.6755 0.7035 0.2210
vn 0.5564 0.5477 0.6249
vn 0.5296 0.5730 0.6254
vn 0.4962 0.6027 0.6249
vn 0.5994 0.6265 0.4983
vn 0.5434 0.5602 0.6253
vn 0.6499 0.5769 0.4948
vn 0.7128 0.6671 0.2168
vn 0.7071 0.7025 -0.0801
vn 0.6279 0.7456 -0.2233
vn 0.6780 0.6974 -0.2322
vn 0.5798 0.7861 -0.2143
vn -0.2788 0.9545 0.1057
vn -0.4784 0.8296 0.2880
vn -0.3124 0.9469 0.0765
vn -0.5859 0.6428 0.4935
vn -0.4462 0.8362 0.3188
vn -0.4327 0.8385 0.3313
vn -0.2645 0.9572 0.1176
vn -0.6170 0.6377 0.4611
vn -0.1560 0.9877 0.0110
vn -0.1843 0.9828 -0.0120
vn -0.2508 0.9593 0.1296
vn -0.5594 0.6460 0.5193
vn -0.4192 0.8404 0.3436
vn -0.6155 0.5213 0.5911
vn -0.6414 0.5189 0.5651
vn -0.6718 0.5149 0.5325
vn -0.5727 0.6444 0.5067
vn -0.6283 0.5202 0.5785
vn -0.5209 0.6488 0.5548
vn -0.3799 0.8443 0.3779
vn -0.2103 0.9640 0.1627
vn -0.1699 0.9855 -0.0003
vn -0.1155 0.9924 0.0434
vn -0.2184 0.9750 -0.0399
vn 0.0028 0.3396 -0.9406
vn 0.1893 0.5386 -0.8210
vn -0.0267 0.3715 -0.9280
vn 0.4081 0.6430 -0.6481
vn 0.2204 0.5082 -0.8326
vn 0.2331 0.4953 -0.8368
vn 0.0148 0.3260 -0.9452
vn 0.3753 0.6724 -0.6379
vn -0.0904 0.2153 -0.9724
vn -0.1137 0.2423 -0.9635
vn 0.0270 0.3130 -0.9494
vn 0.4343 0.6179 -0.6554
vn 0.2456 0.4825 -0.8408
vn 0.5159 0.6692 -0.5348
vn 0.4894 0.6939 -0.5282
vn 0.4563 0.7226 -0.5193
vn 0.4216 0.6305 -0.6517
vn 0.5030 0.6814 -0.5317
vn 0.4707 0.5810 -0.6640
vn 0.2807 0.4449 -0.8504
vn 0.0609 0.2742 -0.9597
vn -0.1019 0.2286 -0.9682
vn -0.0572 0.1765 -0.9826
vn -0.1419 0.2747 -0.9510
vn 0.3881 0.5385 -0.7480
vn 0.2304 0.7537 -0.6155
vn 0.3488 0.5343 -0.7700
vn 0.1125 0.9126 -0.3930
vn 0.2685 0.7597 -0.5923
vn 0.2841 0.7617 -0.5823
vn 0.4042 0.5398 -0.7384
vn 0.0755 0.9053 -0.4179
vn 0.4655 0.4056 -0.7867
vn 0.4339 0.4037 -0.8054
vn 0.4196 0.5412 -0.7287
vn 0.1427 0.9172 -0.3720
vn 0.2993 0.7635 -0.5723
vn 0.0532 0.9653 -0.2557
vn 0.0238 0.9605 -0.2772
vn -0.0121 0.9529 -0.3029
vn 0.1276 0.9152 -0.3823
vn 0.0388 0.9631 -0.2663
vn 0.1849 0.9217 -0.3410
vn 0.3423 0.7670 -0.5427
vn 0.4635 0.5434 -0.6999
vn 0.4501 0.4048 -0.7960
vn 0.5090 0.4073 -0.7583
vn 0.3947 0.4007 -0.8268
vn -0.7828 -0.3852 -0.4888
vn -0.6774 -0.2097 -0.7051
vn -0.8056 -0.3472 -0.4800
vn -0.4756 -0.0734 -0.8766
vn -0.6535 -0.2464 -0.7157
vn -0.6433 -0.2613 -0.7196
vn -0.7729 -0.4008 -0.4920
vn -0.5010 -0.0380 -0.8646
vn -0.8057 -0.4719 -0.3580
vn -0.8253 -0.4413 -0.3524
vn -0.7628 -0.4157 -0.4953
vn -0.4541 -0.1024 -0.8850
vn -0.6330 -0.2761 -0.7233
vn -0.3462 -0.0056 -0.9382
vn -0.3682 0.0226 -0.9295
vn -0.3943 0.0569 -0.9172
vn -0.4646 -0.0880 -0.8811
vn -0.3570 0.0082 -0.9341
vn -0.4222 -0.1430 -0.8951
vn -0.6024 -0.3175 -0.7324
vn -0.7328 -0.4582 -0.5030
vn -0.8154 -0.4570 -0.3553
vn -0.7761 -0.5141 -0.3652
vn -0.8476 -0.4033 -0.3449
vn 0.3444 -0.6203 -0.7048
vn 0.3992 -0.3619 -0.8424
vn 0.3055 -0.6148 -0.7271
vn 0.4812 -0.0773 -0.8732
vn 0.4387 -0.3652 -0.8211
vn 0.4547 -0.3664 -0.8118
vn 0.3602 -0.6223 -0.6950
vn 0.4412 -0.0763 -0.8942
vn 0.3106 -0.7359 -0.6017
vn 0.2798 -0.7318 -0.6214
vn 0.3758 -0.6237 -0.6854
vn 0.5133 -0.0781 -0.8546
vn 0.4704 -0.3674 -0.8023
vn 0.5153 0.0764 -0.8536
vn 0.4834 0.0762 -0.8721
vn 0.4438 0.0759 -0.8929
vn 0.4975 -0.0774 -0.8640
vn 0.4997 0.0763 -0.8628
vn 0.5576 -0.0785 -0.8264
vn 0.5143 -0.3696 -0.7739
vn 0.4192 -0.6275 -0.6561
vn 0.2955 -0.7340 -0.6115
vn 0.3534 -0.7400 -0.5724
vn 0.2419 -0.7255 -0.6443
vn 0.3318 -0.7938 0.5096
vn 0.0397 -0.8495 0.5261
vn 0.3218 -0.7721 0.5480
vn -0.2438 -0.8660 0.4365
vn 0.0474 -0.8717 0.4877
vn 0.0505 -0.8804 0.4715
vn 0.3360 -0.8023 0.4934
vn -0.2491 -0.8437 0.4754
vn 0.4768 -0.7398 0.4747
vn 0.4684 -0.7238 0.5067
vn 0.3395 -0.8105 0.4774
vn -0.2390 -0.8830 0.4039
vn 0.0536 -0.8887 0.4554
vn -0.3843 -0.8479 0.3653
vn -0.3882 -0.8312 0.3979
vn -0.3923 -0.8095 0.4368
vn -0.2417 -0.8748 0.4200
vn -0.3863 -0.8398 0.3813
vn -0.2321 -0.9050 0.3566
vn 0.0623 -0.9105 0.4087
vn 0.3500 -0.8319 0.4306
vn 0.4727 -0.7321 0.4905
vn 0.4875 -0.7608 0.4283
vn 0.4573 -0.7029 0.5447
vn -0.3495 -0.9203 0.1756
vn -0.2054 -0.9755 -0.0792
vn -0.3826 -0.9123 0.1459
vn 0.0107 -0.9589 -0.2835
vn -0.1709 -0.9839 -0.0514
vn -0.1566 -0.9869 -0.0399
vn -0.3356 -0.9231 0.1879
vn -0.0254 -0.9506 -0.3094
vn -0.4066 -0.8593 0.3103
vn -0.4336 -0.8546 0.2858
vn -0.3217 -0.9256 0.1996
vn 0.0402 -0.9643 -0.2617
vn -0.1424 -0.9894 -0.0286
vn 0.1322 -0.9170 -0.3764
vn 0.1023 -0.9119 -0.3973
vn 0.0658 -0.9042 -0.4221
vn 0.0258 -0.9618 -0.2727
vn 0.1175 -0.9147 -0.3867
vn 0.0822 -0.9696 -0.2306
vn -0.1017 -0.9948 0.0038
vn -0.2820 -0.9306 0.2335
vn -0.4199 -0.8571 0.2983
vn -0.3674 -0.8640 0.3442
vn -0.4657 -0.8473 0.2554
vn 0.9470 0.1622 0.2772
vn 0.9064 -0.1012 0.4102
vn 0.9318 0.1759 0.3175
vn 0.8102 -0.3808 0.4456
vn 0.9213 -0.1172 0.3708
vn 0.9269 -0.1237 0.3543
vn 0.9528 0.1565 0.2603
vn 0.7961 -0.3626 0.4845
vn 0.9373 0.2932 0.1885
vn 0.9265 0.3039 0.2221
vn 0.9581 0.1505 0.2438
vn 0.8206 -0.3951 0.4130
vn 0.9321 -0.1301 0.3379
vn 0.7326 -0.5190 0.4405
vn 0.7228 -0.5041 0.4727
vn 0.7097 -0.4850 0.5110
vn 0.8155 -0.3883 0.4293
vn 0.7279 -0.5118 0.4563
vn 0.8331 -0.4148 0.3660
vn 0.9453 -0.1481 0.2906
vn 0.9714 0.1342 0.1957
vn 0.9321 0.2985 0.2050
vn 0.9504 0.2775 0.1407
vn 0.9116 0.3163 0.2624
vn 0.3108 -0.4508 0.8367
vn 0.2479 -0.6937 0.6763
vn 0.2676 -0.4570 0.8483
vn 0.2306 -0.8696 0.4366
vn 0.2908 -0.6895 0.6633
vn 0.3083 -0.6874 0.6576
vn 0.3286 -0.4479 0.8315
vn 0.1880 -0.8723 0.4514
vn 0.3416 -0.3044 0.8892
vn 0.3069 -0.3108 0.8996
vn 0.3459 -0.4452 0.8259
vn 0.2653 -0.8660 0.4238
vn 0.3255 -0.6851 0.6517
vn 0.2217 -0.9308 0.2906
vn 0.1876 -0.9340 0.3041
vn 0.1458 -0.9362 0.3199
vn 0.2481 -0.8681 0.4300
vn 0.2050 -0.9325 0.2972
vn 0.3136 -0.8592 0.4043
vn 0.3740 -0.6772 0.6337
vn 0.3946 -0.4358 0.8089
vn 0.3246 -0.3076 0.8944
vn 0.3899 -0.2946 0.8725
vn 0.2641 -0.3181 0.9105
vn -0.1497 0.9685 -0.1988
vn -0.2124 0.9688 0.1276
vn -0.3292 0.9438 0.0278
vn 0.1508 0.9299 -0.3354
vn -0.0284 0.9940 -0.1058
vn -0.1335 0.9725 0.1909
vn 0.2314 0.9334 -0.2742
vn 0.0510 0.9977 -0.0438
vn -0.3957 0.9178 -0.0316
vn -0.4166 0.8980 0.1418
vn -0.4796 0.8739 0.0794
vn -0.2206 0.9422 -0.2523
vn 0.0241 0.9060 -0.4226
vn -0.0515 0.8810 -0.4703
vn 0.1096 0.8416 -0.5288
vn 0.2375 0.8634 -0.4451
vn 0.3177 0.8666 -0.3849
vn 0.2641 0.9320 -0.2482
vn 0.0836 0.9963 -0.0181
vn -0.1006 0.9711 0.2166
vn -0.2252 0.9247 0.3070
vn -0.1924 0.9234 0.3322
vn -0.3030 0.9213 0.2438
vn 0.6998 -0.3181 -0.6396
vn 0.8902 -0.2610 -0.3733
vn 0.8671 -0.1464 -0.4761
vn 0.4815 -0.5670 -0.6683
vn 0.7181 -0.4369 -0.5418
vn 0.8937 -0.3323 -0.3016
vn 0.4831 -0.6397 -0.5979
vn 0.7207 -0.5086 -0.4711
vn 0.8436 -0.0758 -0.5317
vn 0.9245 -0.0472 -0.3783
vn 0.8996 0.0195 -0.4364
vn 0.6808 -0.2433 -0.6909
vn 0.4694 -0.4442 -0.7631
vn 0.4562 -0.3658 -0.8112
vn 0.3323 -0.4905 -0.8056
vn 0.3405 -0.6135 -0.7125
vn 0.3415 -0.6856 -0.6429
vn 0.4821 -0.6678 -0.5670
vn 0.7197 -0.5367 -0.4405
vn 0.8925 -0.3606 -0.2709
vn 0.9524 -0.2283 -0.2020
vn 0.9511 -0.2566 -0.1718
vn 0.9488 -0.1581 -0.2736
vn 0.3872 0.2397 -0.8903
vn 0.4528 0.5200 -0.7243
vn 0.3180 0.5070 -0.8011
vn 0.5393 -0.0516 -0.8406
vn 0.5232 0.2452 -0.8162
vn 0.5346 0.5217 -0.6648
vn 0.6215 -0.0526 -0.7816
vn 0.6050 0.2456 -0.7574
vn 0.2336 0.4939 -0.8375
vn 0.2659 0.6294 -0.7302
vn 0.1841 0.6127 -0.7686
vn 0.3012 0.2336 -0.9245
vn 0.4022 -0.0491 -0.9143
vn 0.3155 -0.0478 -0.9477
vn 0.3911 -0.1987 -0.8986
vn 0.5267 -0.2052 -0.8249
vn 0.6082 -0.2067 -0.7664
vn 0.6537 -0.0529 -0.7549
vn 0.6370 0.2450 -0.7309
vn 0.5669 0.5209 -0.6382
vn 0.4789 0.6476 -0.5927
vn 0.5110 0.6466 -0.5664
vn 0.3981 0.6454 -0.6519
vn 0.2242 -0.8052 -0.5490
vn 0.2242 -0.9428 -0.2465
vn 0.3567 -0.8837 -0.3031
vn -0.0465 -0.7013 -0.7114
vn 0.0887 -0.8618 -0.4995
vn 0.1351 -0.9691 -0.2065
vn -0.1369 -0.7264 -0.6735
vn -0.0007 -0.8875 -0.4608
vn 0.4320 -0.8382 -0.3328
vn 0.4190 -0.8926 -0.1661
vn 0.4916 -0.8476 -0.1999
vn 0.3028 -0.7620 -0.5724
vn 0.0932 -0.6487 -0.7553
vn 0.1754 -0.6093 -0.7733
vn 0.0268 -0.5427 -0.8395
vn -0.1136 -0.5919 -0.7980
vn -0.2035 -0.6163 -0.7608
vn -0.1740 -0.7345 -0.6559
vn -0.0376 -0.8955 -0.4435
vn 0.0979 -0.9770 -0.1893
vn 0.2012 -0.9773 -0.0661
vn 0.1642 -0.9852 -0.0492
vn 0.2893 -0.9513 -0.1063
vn 0.1206 -0.8182 -0.5622
vn 0.3893 -0.6466 -0.6560
vn 0.2562 -0.6282 -0.7346
vn 0.0796 -0.9610 -0.2649
vn 0.2493 -0.8416 -0.4791
vn 0.4709 -0.6501 -0.5963
vn 0.1597 -0.9660 -0.2034
vn 0.3299 -0.8460 -0.4188
vn 0.1740 -0.6095 -0.7735
vn 0.3135 -0.5067 -0.8031
vn 0.2304 -0.4921 -0.8395
vn 0.0421 -0.7947 -0.6055
vn -0.0452 -0.9341 -0.3541
vn -0.1196 -0.9074 -0.4029
vn -0.1352 -0.9622 -0.2365
vn -0.0139 -0.9894 -0.1448
vn 0.0651 -0.9944 -0.0833
vn 0.1923 -0.9652 -0.1773
vn 0.3622 -0.8453 -0.3927
vn 0.5033 -0.6496 -0.5699
vn 0.5281 -0.5245 -0.6678
vn 0.5600 -0.5242 -0.6415
vn 0.4470 -0.5215 -0.7268
vn -0.2023 0.1657 -0.9652
vn -0.2864 -0.1552 -0.9455
vn -0.1402 -0.1172 -0.9832
vn -0.3729 0.4164 -0.8292
vn -0.3495 0.1357 -0.9271
vn -0.3779 -0.1779 -0.9086
vn -0.4647 0.3963 -0.7918
vn -0.4408 0.1144 -0.8903
vn -0.0511 -0.0938 -0.9943
vn -0.0974 -0.2600 -0.9607
vn -0.0106 -0.2323 -0.9726
vn -0.1118 0.1818 -0.9770
vn -0.2244 0.4390 -0.8700
vn -0.1330 0.4480 -0.8841
vn -0.2227 0.5681 -0.7923
vn -0.3699 0.5491 -0.7495
vn -0.4609 0.5297 -0.7120
vn -0.5013 0.3869 -0.7739
vn -0.4773 0.1053 -0.8724
vn -0.4145 -0.1869 -0.8906
vn -0.3316 -0.3246 -0.8858
vn -0.3680 -0.3332 -0.8681
vn -0.2412 -0.3015 -0.9225
vn -0.8458 -0.4754 -0.2422
vn -0.7431 -0.6692 0.0074
vn -0.6983 -0.7024 -0.1379
vn -0.9638 -0.1666 -0.2080
vn -0.8944 -0.4359 -0.1005
vn -0.7626 -0.6388 0.1020
vn -0.9844 -0.1339 -0.1145
vn -0.9145 -0.4046 -0.0069
vn -0.6630 -0.7147 -0.2229
vn -0.5956 -0.7989 -0.0841
vn -0.5641 -0.8080 -0.1699
vn -0.8070 -0.4935 -0.3244
vn -0.9131 -0.2135 -0.3475
vn -0.8722 -0.2384 -0.4271
vn -0.9154 -0.0708 -0.3962
vn -0.9656 -0.0204 -0.2591
vn -0.9860 0.0126 -0.1666
vn -0.9899 -0.1199 -0.0755
vn -0.9200 -0.3905 0.0319
vn -0.7683 -0.6245 0.1408
vn -0.6560 -0.7386 0.1554
vn -0.6619 -0.7242 0.1938
vn -0.6371 -0.7683 0.0615
vn -0.0461 0.9815 -0.1856
vn -0.2850 0.8753 -0.3907
vn -0.1389 0.8856 -0.4433
vn -0.0677 0.9870 0.1460
vn -0.1890 0.9738 -0.1262
vn -0.3765 0.8572 -0.3514
vn -0.1582 0.9694 0.1877
vn -0.2796 0.9563 -0.0858
vn -0.0501 0.8812 -0.4702
vn -0.1772 0.8057 -0.5653
vn -0.0882 0.8040 -0.5880
vn 0.0401 0.9749 -0.2191
vn 0.0726 0.9942 0.0789
vn 0.1559 0.9870 0.0385
vn 0.1376 0.9675 0.2122
vn 0.0002 0.9593 0.2823
vn -0.0891 0.9418 0.3243
vn -0.1950 0.9592 0.2046
vn -0.3163 0.9462 -0.0689
vn -0.4132 0.8471 -0.3342
vn -0.4139 0.7748 -0.4778
vn -0.4502 0.7650 -0.4605
vn -0.3231 0.7931 -0.5163
vn -0.5792 0.5825 -0.5703
vn -0.8139 0.4284 -0.3925
vn -0.7671 0.3656 -0.5271
vn -0.3698 0.8118 -0.4519
vn -0.6205 0.6508 -0.4375
vn -0.8338 0.4636 -0.2998
vn -0.3877 0.8488 -0.3595
vn -0.6393 0.6870 -0.3454
vn -0.7307 0.3233 -0.6013
vn -0.8378 0.2372 -0.4917
vn -0.7996 0.1996 -0.5663
vn -0.5478 0.5348 -0.6434
vn -0.3351 0.7387 -0.5849
vn -0.3098 0.6867 -0.6576
vn -0.1945 0.7927 -0.5778
vn -0.2251 0.8665 -0.4456
vn -0.2422 0.9034 -0.3539
vn -0.3937 0.8617 -0.3202
vn -0.6453 0.6999 -0.3063
vn -0.8395 0.4767 -0.2605
vn -0.9059 0.3303 -0.2651
vn -0.9114 0.3436 -0.2263
vn -0.8859 0.2959 -0.3572
vn 0.4770 0.5149 0.7123
vn 0.2265 0.7245 0.6510
vn 0.3589 0.7388 0.5704
vn 0.4473 0.2219 0.8664
vn 0.3484 0.4944 0.7964
vn 0.1373 0.7058 0.6950
vn 0.3591 0.2009 0.9114
vn 0.2602 0.4747 0.8408
vn 0.4336 0.7392 0.5153
vn 0.2899 0.8316 0.4737
vn 0.3661 0.8292 0.4223
vn 0.5485 0.5212 0.6538
vn 0.5737 0.2498 0.7800
vn 0.6429 0.2629 0.7194
vn 0.6098 0.1035 0.7858
vn 0.4852 0.0719 0.8714
vn 0.3980 0.0504 0.9160
vn 0.3216 0.1914 0.9273
vn 0.2229 0.4651 0.8567
vn 0.1000 0.6960 0.7110
vn 0.0680 0.8016 0.5940
vn 0.0312 0.7917 0.6101
vn 0.1567 0.8197 0.5509
vn 0.5423 0.7231 -0.4279
vn 0.2609 0.8909 -0.3718
vn 0.2788 0.8157 -0.5069
vn 0.7561 0.6253 -0.1931
vn 0.5317 0.7953 -0.2912
vn 0.2459 0.9283 -0.2790
vn 0.7434 0.6615 -0.0995
vn 0.5179 0.8321 -0.1984
vn 0.2857 0.7614 -0.5820
vn 0.1320 0.8336 -0.5363
vn 0.1435 0.7796 -0.6097
vn 0.5424 0.6715 -0.5049
vn 0.7607 0.5572 -0.3330
vn 0.7550 0.5097 -0.4126
vn 0.8495 0.4489 -0.2774
vn 0.8472 0.5133 -0.1370
vn 0.8349 0.5487 -0.0440
vn 0.7359 0.6743 -0.0604
vn 0.5107 0.8449 -0.1595
vn 0.2388 0.9410 -0.2398
vn 0.0947 0.9456 -0.3111
vn 0.0880 0.9582 -0.2722
vn 0.1103 0.9086 -0.4030
vn 0.6440 -0.5894 0.4877
vn 0.5412 -0.3992 0.7401
vn 0.6652 -0.3547 0.6571
vn 0.4603 -0.8215 0.3366
vn 0.5200 -0.6401 0.5656
vn 0.4535 -0.4229 0.7845
vn 0.3722 -0.8472 0.3791
vn 0.4325 -0.6648 0.6090
vn 0.7316 -0.3234 0.6002
vn 0.6584 -0.2180 0.7204
vn 0.7244 -0.1915 0.6622
vn 0.7109 -0.5522 0.4355
vn 0.5865 -0.7656 0.2645
vn 0.6549 -0.7236 0.2177
vn 0.5413 -0.8298 0.1358
vn 0.4148 -0.8868 0.2038
vn 0.3273 -0.9125 0.2454
vn 0.3346 -0.8553 0.3955
vn 0.3951 -0.6731 0.6252
vn 0.4158 -0.4314 0.8006
vn 0.4481 -0.2813 0.8485
vn 0.4109 -0.2900 0.8643
vn 0.5351 -0.2584 0.8043
vn 0.9687 -0.2478 -0.0117
vn 0.9960 0.0792 0.0410
vn 0.9941 0.0258 -0.1052
vn 0.8580 -0.4684 0.2108
vn 0.9698 -0.2021 0.1364
vn 0.9843 0.1130 0.1356
vn 0.8457 -0.4371 0.3063
vn 0.9580 -0.1698 0.2310
vn 0.9815 -0.0059 -0.1916
vn 0.9737 0.1662 -0.1562
vn 0.9620 0.1304 -0.2400
vn 0.9570 -0.2723 -0.1003
vn 0.8599 -0.5070 0.0600
vn 0.8507 -0.5248 -0.0306
vn 0.7737 -0.6271 0.0899
vn 0.7694 -0.5919 0.2402
vn 0.7568 -0.5614 0.3349
vn 0.8380 -0.4230 0.3448
vn 0.9503 -0.1559 0.2695
vn 0.9765 0.1267 0.1743
vn 0.9630 0.2570 0.0810
vn 0.9553 0.2703 0.1195
vn 0.9748 0.2229 -0.0125
vn 0.1497 -0.9685 0.1988
vn -0.1508 -0.9299 0.3354
vn -0.0241 -0.9060 0.4226
vn 0.2124 -0.9688 -0.1276
vn 0.0284 -0.9940 0.1058
vn -0.2314 -0.9334 0.2742
vn 0.1335 -0.9725 -0.1909
vn -0.0510 -0.9977 0.0438
vn 0.0515 -0.8810 0.4703
vn -0.1096 -0.8416 0.5288
vn -0.0320 -0.8191 0.5728
vn 0.2206 -0.9422 0.2523
vn 0.3292 -0.9438 -0.0278
vn 0.3957 -0.9178 0.0316
vn 0.4166 -0.8980 -0.1418
vn 0.3030 -0.9213 -0.2438
vn 0.2252 -0.9247 -0.3070
vn 0.1006 -0.9711 -0.2166
vn -0.0836 -0.9963 0.0181
vn -0.2641 -0.9320 0.2482
vn -0.3177 -0.8666 0.3849
vn -0.3499 -0.8653 0.3589
vn -0.2375 -0.8634 0.4451
vn 0.1109 -0.9885 0.1030
vn 0.3755 -0.8850 0.2754
vn 0.3902 -0.9125 0.1229
vn -0.2050 -0.9578 0.2016
vn 0.0885 -0.9631 0.2542
vn 0.3610 -0.8555 0.3711
vn -0.2221 -0.9287 0.2970
vn 0.0728 -0.9341 0.3494
vn 0.3952 -0.9181 0.0303
vn 0.5239 -0.8428 0.1233
vn 0.5246 -0.8507 0.0317
vn 0.1230 -0.9923 0.0112
vn -0.1746 -0.9833 0.0511
vn -0.1550 -0.9871 -0.0396
vn -0.3170 -0.9483 0.0164
vn -0.3510 -0.9218 0.1648
vn -0.3686 -0.8927 0.2591
vn -0.2287 -0.9139 0.3355
vn 0.0661 -0.9194 0.3878
vn 0.3541 -0.8408 0.4096
vn 0.4990 -0.7839 0.3694
vn 0.4919 -0.7694 0.4075
vn 0.5128 -0.8134 0.2745
vn 0.7481 -0.3612 -0.5567
vn 0.5489 -0.6272 -0.5525
vn 0.6568 -0.6114 -0.4414
vn 0.6869 -0.0797 -0.7224
vn 0.6431 -0.3700 -0.6704
vn 0.4715 -0.6294 -0.6177
vn 0.6102 -0.0793 -0.7883
vn 0.5665 -0.3710 -0.7358
vn 0.7134 -0.5953 -0.3696
vn 0.5908 -0.7211 -0.3618
vn 0.6491 -0.7019 -0.2934
vn 0.8023 -0.3518 -0.4822
vn 0.7911 -0.0786 -0.6067
vn 0.8442 -0.0764 -0.5305
vn 0.7908 0.0722 -0.6079
vn 0.6873 0.0752 -0.7225
vn 0.6112 0.0762 -0.7878
vn 0.5766 -0.0788 -0.8132
vn 0.5332 -0.3703 -0.7607
vn 0.4381 -0.6285 -0.6427
vn 0.4049 -0.7422 -0.5340
vn 0.3719 -0.7411 -0.5589
vn 0.4819 -0.7396 -0.4698
vn -0.3823 -0.5484 -0.7437
vn -0.6248 -0.5832 -0.5191
vn -0.5079 -0.6859 -0.5211
vn -0.3150 -0.2688 -0.9102
vn -0.4952 -0.4423 -0.7478
vn -0.6928 -0.5087 -0.5111
vn -0.3816 -0.1929 -0.9040
vn -0.5623 -0.3675 -0.7408
vn -0.4323 -0.7397 -0.5157
vn -0.5520 -0.7386 -0.3869
vn -0.4760 -0.7902 -0.3860
vn -0.3103 -0.6057 -0.7327
vn -0.2065 -0.3801 -0.9016
vn -0.1388 -0.4417 -0.8864
vn -0.1033 -0.2832 -0.9535
vn -0.2081 -0.1702 -0.9632
vn -0.2736 -0.0945 -0.9572
vn -0.4079 -0.1608 -0.8987
vn -0.5883 -0.3355 -0.7357
vn -0.7189 -0.4764 -0.5061
vn -0.7366 -0.5644 -0.3727
vn -0.7624 -0.5323 -0.3680
vn -0.6690 -0.6380 -0.3813
vn 0.5810 0.7430 -0.3321
vn 0.5930 0.5414 -0.5960
vn 0.6996 0.5259 -0.4837
vn 0.3151 0.9187 -0.2381
vn 0.4715 0.7644 -0.4397
vn 0.5158 0.5445 -0.6614
vn 0.2366 0.9235 -0.3018
vn 0.3942 0.7685 -0.5040
vn 0.7555 0.5099 -0.4113
vn 0.7421 0.3937 -0.5425
vn 0.7962 0.3822 -0.4690
vn 0.6400 0.7217 -0.2638
vn 0.4292 0.8930 -0.1354
vn 0.4921 0.8675 -0.0720
vn 0.3395 0.9403 -0.0239
vn 0.2238 0.9669 -0.1227
vn 0.1456 0.9718 -0.1853
vn 0.2034 0.9228 -0.3272
vn 0.3610 0.7679 -0.5292
vn 0.4824 0.5440 -0.6865
vn 0.5610 0.4079 -0.7203
vn 0.5278 0.4077 -0.7451
vn 0.6373 0.4054 -0.6553
vn 0.4756 0.1923 -0.8584
vn 0.1674 0.1478 -0.9747
vn 0.2631 0.0254 -0.9644
vn 0.5762 0.4538 -0.6798
vn 0.3862 0.3186 -0.8656
vn 0.1030 0.2255 -0.9688
vn 0.5136 0.5329 -0.6724
vn 0.3230 0.3968 -0.8592
vn 0.3168 -0.0484 -0.9473
vn 0.1465 -0.0675 -0.9869
vn 0.2033 -0.1376 -0.9694
vn 0.5237 0.1143 -0.8442
vn 0.6608 0.3231 -0.6774
vn 0.7041 0.2416 -0.6677
vn 0.7387 0.3758 -0.5596
vn 0.6567 0.5067 -0.5586
vn 0.5950 0.5853 -0.5508
vn 0.4863 0.5641 -0.6673
vn 0.2959 0.4280 -0.8540
vn 0.0759 0.2569 -0.9634
vn -0.0159 0.1280 -0.9916
vn -0.0425 0.1593 -0.9863
vn 0.0485 0.0514 -0.9975
vn -0.1206 0.8182 0.5622
vn -0.0796 0.9610 0.2649
vn 0.0452 0.9341 0.3541
vn -0.3893 0.6466 0.6560
vn -0.2493 0.8416 0.4791
vn -0.1597 0.9660 0.2034
vn -0.4709 0.6501 0.5963
vn -0.3299 0.8460 0.4188
vn 0.1196 0.9074 0.4029
vn 0.1352 0.9622 0.2365
vn 0.2060 0.9351 0.2885
vn -0.0421 0.7947 0.6055
vn -0.2562 0.6282 0.7346
vn -0.1740 0.6095 0.7735
vn -0.3135 0.5067 0.8031
vn -0.4470 0.5215 0.7268
vn -0.5281 0.5245 0.6678
vn -0.5033 0.6496 0.5699
vn -0.3622 0.8453 0.3927
vn -0.1923 0.9652 0.1773
vn -0.0651 0.9944 0.0833
vn -0.0976 0.9935 0.0577
vn 0.0139 0.9894 0.1448
vn 0.8954 0.4080 0.1784
vn 0.8123 0.5752 -0.0966
vn 0.8906 0.4413 -0.1099
vn 0.7552 0.4499 0.4768
vn 0.8175 0.5403 0.1995
vn 0.7508 0.6548 -0.0868
vn 0.6934 0.5290 0.4893
vn 0.7562 0.6195 0.2107
vn 0.9271 0.3561 -0.1172
vn 0.8609 0.4386 -0.2577
vn 0.8981 0.3546 -0.2602
vn 0.9318 0.3241 0.1636
vn 0.8350 0.3194 0.4480
vn 0.8729 0.2374 0.4262
vn 0.7782 0.2571 0.5730
vn 0.6973 0.3848 0.6048
vn 0.6357 0.4629 0.6177
vn 0.6657 0.5601 0.4931
vn 0.7286 0.6504 0.2147
vn 0.7230 0.6858 -0.0825
vn 0.7211 0.6502 -0.2393
vn 0.6937 0.6809 -0.2348
vn 0.7823 0.5712 -0.2485
vn -0.3872 -0.2397 0.8903
vn -0.5393 0.0516 0.8406
vn -0.4022 0.0491 0.9143
vn -0.4528 -0.5200 0.7243
vn -0.5232 -0.2451 0.8162
vn -0.6215 0.0526 0.7816
vn -0.5346 -0.5217 0.6648
vn -0.6050 -0.2456 0.7574
vn -0.3155 0.0478 0.9477
vn -0.3911 0.1987 0.8986
vn -0.3059 0.1926 0.9324
vn -0.3012 -0.2336 0.9245
vn -0.3180 -0.5070 0.8011
vn -0.2336 -0.4939 0.8375
vn -0.2659 -0.6294 0.7302
vn -0.3981 -0.6454 0.6519
vn -0.4789 -0.6476 0.5926
vn -0.5669 -0.5209 0.6382
vn -0.6370 -0.2450 0.7309
vn -0.6537 0.0529 0.7549
vn -0.6082 0.2067 0.7664
vn -0.6400 0.2068 0.7400
vn -0.5267 0.2051 0.8249
vn 0.2970 -0.1993 0.9339
vn 0.4186 0.1083 0.9017
vn 0.5075 -0.0131 0.8616
vn -0.0255 -0.2751 0.9611
vn 0.2027 -0.0836 0.9757
vn 0.3553 0.1859 0.9161
vn -0.0908 -0.1993 0.9757
vn 0.1387 -0.0072 0.9903
vn 0.5552 -0.0851 0.8274
vn 0.6039 0.0803 0.7930
vn 0.6481 0.0061 0.7615
vn 0.3501 -0.2663 0.8981
vn 0.0754 -0.3861 0.9194
vn 0.1343 -0.4484 0.8837
vn -0.0394 -0.4751 0.8790
vn -0.1425 -0.3674 0.9191
vn -0.2077 -0.2926 0.9334
vn -0.1176 -0.1674 0.9788
vn 0.1118 0.0244 0.9934
vn 0.3282 0.2175 0.9192
vn 0.4560 0.2805 0.8446
vn 0.4289 0.3116 0.8479
vn 0.5183 0.2032 0.8307
vn -0.5423 -0.7231 0.4279
vn -0.7561 -0.6253 0.1931
vn -0.7606 -0.5572 0.3330
vn -0.2609 -0.8909 0.3718
vn -0.5317 -0.7953 0.2912
vn -0.7434 -0.6615 0.0995
vn -0.2459 -0.9283 0.2790
vn -0.5179 -0.8321 0.1984
vn -0.7550 -0.5097 0.4126
vn -0.8495 -0.4489 0.2774
vn -0.8412 -0.4054 0.3579
vn -0.5424 -0.6715 0.5049
vn -0.2788 -0.8157 0.5069
vn -0.2857 -0.7614 0.5820
vn -0.1320 -0.8337 0.5363
vn -0.1103 -0.9086 0.4030
vn -0.0947 -0.9456 0.3111
vn -0.2388 -0.9410 0.2398
vn -0.5107 -0.8449 0.1595
vn -0.7359 -0.6743 0.0604
vn -0.8349 -0.5487 0.0440
vn -0.8273 -0.5617 0.0054
vn -0.8472 -0.5133 0.1370
vn -0.4927 -0.7904 0.3640
vn -0.4696 -0.6076 0.6406
vn -0.3569 -0.7097 0.6074
vn -0.6869 -0.7193 0.1039
vn -0.6086 -0.6909 0.3902
vn -0.5369 -0.5332 0.6538
vn -0.7552 -0.6454 0.1147
vn -0.6762 -0.6173 0.4022
vn -0.2850 -0.7623 0.5811
vn -0.2693 -0.6473 0.7131
vn -0.2011 -0.7014 0.6838
vn -0.4176 -0.8410 0.3441
vn -0.5683 -0.8184 0.0852
vn -0.4909 -0.8682 0.0725
vn -0.5841 -0.8091 -0.0644
vn -0.7021 -0.7104 -0.0499
vn -0.7698 -0.6371 -0.0399
vn -0.7812 -0.6129 0.1186
vn -0.7021 -0.5849 0.4060
vn -0.5630 -0.5008 0.6574
vn -0.4450 -0.4701 0.7622
vn -0.4711 -0.4382 0.7656
vn -0.3787 -0.5442 0.7487
vn 0.5792 -0.5825 0.5703
vn 0.3698 -0.8118 0.4519
vn 0.3351 -0.7387 0.5849
vn 0.8139 -0.4284 0.3925
vn 0.6205 -0.6508 0.4375
vn 0.3877 -0.8488 0.3595
vn 0.8338 -0.4636 0.2998
vn 0.6393 -0.6870 0.3454
vn 0.3098 -0.6867 0.6576
vn 0.1945 -0.7927 0.5778
vn 0.1741 -0.7397 0.6500
vn 0.5478 -0.5348 0.6434
vn 0.7671 -0.3656 0.5271
vn 0.7307 -0.3233 0.6013
vn 0.8378 -0.2372 0.4917
vn 0.8859 -0.2959 0.3572
vn 0.9059 -0.3303 0.2651
vn 0.8395 -0.4767 0.2605
vn 0.6453 -0.6999 0.3063
vn 0.3937 -0.8617 0.3202
vn 0.2422 -0.9034 0.3539
vn 0.2485 -0.9160 0.3150
vn 0.2251 -0.8665 0.4456
vn -0.8560 -0.4977 -0.1399
vn -0.9781 -0.1978 -0.0651
vn -0.9526 -0.3002 0.0494
vn -0.7002 -0.5751 -0.4231
vn -0.8785 -0.4013 -0.2591
vn -0.9819 -0.1286 -0.1388
vn -0.7027 -0.5077 -0.4984
vn -0.8819 -0.3333 -0.3334
vn -0.9265 -0.3574 0.1177
vn -0.9700 -0.1904 0.1512
vn -0.9438 -0.2505 0.2156
vn -0.8326 -0.5498 -0.0669
vn -0.6822 -0.6673 -0.2989
vn -0.6631 -0.7150 -0.2215
vn -0.5674 -0.7370 -0.3673
vn -0.5820 -0.6473 -0.4923
vn -0.5840 -0.5807 -0.5672
vn -0.7016 -0.4783 -0.5282
vn -0.8807 -0.3042 -0.3631
vn -0.9806 -0.0995 -0.1688
vn -0.9993 -0.0168 -0.0322
vn -0.9980 0.0118 -0.0621
vn -0.9955 -0.0859 0.0404
vn 0.8458 0.4754 0.2422
vn 0.9638 0.1666 0.2080
vn 0.9131 0.2135 0.3475
vn 0.7431 0.6692 -0.0074
vn 0.8944 0.4359 0.1005
vn 0.9844 0.1339 0.1145
vn 0.7626 0.6388 -0.1020
vn 0.9145 0.4046 0.0069
vn 0.8722 0.2384 0.4271
vn 0.9154 0.0708 0.3962
vn 0.8751 0.1000 0.4734
vn 0.8070 0.4935 0.3244
vn 0.6983 0.7024 0.1379
vn 0.6630 0.7147 0.2229
vn 0.5956 0.7989 0.0841
vn 0.6371 0.7683 -0.0615
vn 0.6560 0.7386 -0.1554
vn 0.7683 0.6244 -0.1408
vn 0.9201 0.3905 -0.0319
vn 0.9899 0.1199 0.0755
vn 0.9860 -0.0126 0.1666
vn 0.9914 -0.0262 0.1279
vn 0.9656 0.0204 0.2591
vn 0.1689 -0.8613 -0.4793
vn -0.1237 -0.7796 -0.6139
vn -0.1212 -0.8663 -0.4846
vn 0.4568 -0.7068 -0.5402
vn 0.1744 -0.7748 -0.6077
vn -0.1238 -0.7130 -0.6901
vn 0.4594 -0.6399 -0.6160
vn 0.1757 -0.7085 -0.6835
vn -0.1189 -0.9080 -0.4017
vn -0.2690 -0.8428 -0.4661
vn -0.2621 -0.8850 -0.3848
vn 0.1637 -0.9032 -0.3968
vn 0.4436 -0.7954 -0.4129
vn 0.4312 -0.8390 -0.3318
vn 0.5720 -0.7374 -0.3593
vn 0.5884 -0.6477 -0.4840
vn 0.5915 -0.5811 -0.5589
vn 0.4592 -0.6103 -0.6455
vn 0.1757 -0.6789 -0.7129
vn -0.1236 -0.6834 -0.7196
vn -0.2761 -0.6899 -0.6691
vn -0.2756 -0.6606 -0.6983
vn -0.2754 -0.7561 -0.5937
vn -0.9930 0.0874 -0.0798
vn -0.9463 0.2027 0.2519
vn -0.9815 0.0095 0.1915
vn -0.8894 0.3274 -0.3190
vn -0.9584 0.2836 -0.0335
vn -0.8987 0.3312 0.2874
vn -0.8413 0.4570 -0.2886
vn -0.9111 0.4122 -0.0007
vn -0.9828 -0.1013 0.1541
vn -0.9449 -0.0390 0.3252
vn -0.9484 -0.1461 0.2812
vn -0.9941 -0.0267 -0.1049
vn -0.9273 0.1282 -0.3516
vn -0.9312 0.0119 -0.3643
vn -0.8642 0.1378 -0.4838
vn -0.8231 0.3358 -0.4579
vn -0.7748 0.4644 -0.4289
vn -0.8164 0.5082 -0.2744
vn -0.8861 0.4633 0.0129
vn -0.8737 0.3825 0.3006
vn -0.8602 0.2772 0.4280
vn -0.8355 0.3282 0.4407
vn -0.9078 0.1502 0.3916
vn -0.1109 0.9885 -0.1030
vn 0.2050 0.9578 -0.2016
vn 0.1746 0.9833 -0.0511
vn -0.3755 0.8850 -0.2754
vn -0.0885 0.9631 -0.2542
vn 0.2221 0.9287 -0.2970
vn -0.3611 0.8555 -0.3711
vn -0.0728 0.9341 -0.3494
vn 0.1550 0.9871 0.0396
vn 0.3170 0.9483 -0.0164
vn 0.2932 0.9533 0.0722
vn -0.1230 0.9923 -0.0112
vn -0.3902 0.9125 -0.1229
vn -0.3952 0.9181 -0.0303
vn -0.5239 0.8428 -0.1233
vn -0.5128 0.8134 -0.2745
vn -0.4990 0.7839 -0.3694
vn -0.3541 0.8408 -0.4096
vn -0.0660 0.9194 -0.3878
vn 0.2287 0.9139 -0.3355
vn 0.3686 0.8927 -0.2591
vn 0.3748 0.8781 -0.2974
vn 0.3510 0.9218 -0.1648
vn 0.9585 -0.2701 0.0906
vn 0.9009 -0.3743 -0.2197
vn 0.8759 -0.4718 -0.1009
vn 0.9818 0.0480 0.1839
vn 0.9856 -0.1675 -0.0223
vn 0.9055 -0.3059 -0.2941
vn 0.9867 0.1183 0.1113
vn 0.9906 -0.0985 -0.0955
vn 0.8505 -0.5251 -0.0292
vn 0.8020 -0.5652 -0.1933
vn 0.7794 -0.6151 -0.1195
vn 0.9313 -0.3286 0.1572
vn 0.9546 -0.0610 0.2917
vn 0.9272 -0.1249 0.3532
vn 0.9191 0.0465 0.3913
vn 0.9449 0.1575 0.2869
vn 0.9496 0.2276 0.2154
vn 0.9858 0.1471 0.0810
vn 0.9897 -0.0696 -0.1255
vn 0.9046 -0.2768 -0.3241
vn 0.8288 -0.4035 -0.3877
vn 0.8281 -0.3745 -0.4172
vn 0.8246 -0.4709 -0.3136
vn -0.3097 0.0143 -0.9507
vn -0.4965 0.2853 -0.8198
vn -0.5534 0.0881 -0.8283
vn 0.0317 0.0980 -0.9947
vn -0.2407 0.2067 -0.9483
vn -0.4450 0.4146 -0.7938
vn 0.0880 0.2255 -0.9703
vn -0.1871 0.3347 -0.9236
vn -0.5761 -0.0261 -0.8170
vn -0.6653 0.1164 -0.7375
vn -0.6820 0.0020 -0.7313
vn -0.3435 -0.0964 -0.9342
vn -0.0509 -0.0901 -0.9946
vn -0.0964 -0.1963 -0.9758
vn 0.0833 -0.1491 -0.9853
vn 0.1719 0.0346 -0.9845
vn 0.2289 0.1606 -0.9601
vn 0.1110 0.2771 -0.9544
vn -0.1637 0.3859 -0.9079
vn -0.4211 0.4659 -0.7782
vn -0.5641 0.4418 -0.6976
vn -0.5400 0.4925 -0.6825
vn -0.6142 0.3135 -0.7243
vn -0.9687 0.2478 0.0117
vn -0.8580 0.4684 -0.2108
vn -0.8599 0.5070 -0.0600
vn -0.9960 -0.0792 -0.0410
vn -0.9698 0.2021 -0.1364
vn -0.8457 0.4371 -0.3063
vn -0.9843 -0.1130 -0.1356
vn -0.9580 0.1698 -0.2310
vn -0.8507 0.5248 0.0306
vn -0.7737 0.6271 -0.0899
vn -0.7675 0.6410 0.0008
vn -0.9570 0.2723 0.1003
vn -0.9941 -0.0257 0.1052
vn -0.9815 0.0059 0.1916
vn -0.9737 -0.1662 0.1562
vn -0.9748 -0.2229 0.0125
vn -0.9630 -0.2570 -0.0810
vn -0.9765 -0.1267 -0.1743
vn -0.9503 0.1559 -0.2695
vn -0.8380 0.4230 -0.3448
vn -0.7568 0.5614 -0.3349
vn -0.7493 0.5472 -0.3730
vn -0.7694 0.5919 -0.2402
vn 0.4217 0.4588 0.7821
vn 0.6798 0.4579 0.5728
vn 0.6607 0.3381 0.6702
vn 0.1493 0.6461 0.7485
vn 0.4341 0.5814 0.6882
vn 0.6834 0.5301 0.5019
vn 0.1505 0.7191 0.6784
vn 0.4365 0.6537 0.6181
vn 0.6421 0.2621 0.7204
vn 0.7628 0.2588 0.5926
vn 0.7413 0.1863 0.6448
vn 0.4094 0.3800 0.8294
vn 0.1445 0.5212 0.8411
vn 0.1393 0.4405 0.8869
vn -0.0058 0.5314 0.8471
vn -0.0051 0.6555 0.7551
vn -0.0046 0.7279 0.6857
vn 0.1504 0.7472 0.6474
vn 0.4363 0.6817 0.5873
vn 0.6830 0.5582 0.4711
vn 0.7883 0.4466 0.4232
vn 0.7877 0.4747 0.3927
vn 0.7843 0.3755 0.4938
vn 0.6219 -0.4854 -0.6145
vn 0.5674 -0.1894 -0.8013
vn 0.4590 -0.3636 -0.8106
vn 0.8370 -0.4299 -0.3386
vn 0.7379 -0.3181 -0.5952
vn 0.6284 -0.0643 -0.7752
vn 0.9004 -0.3070 -0.3083
vn 0.8001 -0.1948 -0.5673
vn 0.3878 -0.4560 -0.8011
vn 0.3546 -0.2946 -0.8874
vn 0.2898 -0.3897 -0.8742
vn 0.5436 -0.5722 -0.6140
vn 0.7155 -0.5924 -0.3704
vn 0.6326 -0.6744 -0.3808
vn 0.7366 -0.6354 -0.2316
vn 0.8580 -0.4761 -0.1930
vn 0.9209 -0.3546 -0.1617
vn 0.9215 -0.2542 -0.2937
vn 0.8213 -0.1424 -0.5524
vn 0.6499 -0.0119 -0.7599
vn 0.5163 0.0064 -0.8564
vn 0.5380 0.0581 -0.8410
vn 0.4568 -0.1182 -0.8817
vn 0.3117 -0.0081 0.9501
vn -0.0305 -0.0952 0.9950
vn 0.0535 0.0961 0.9939
vn 0.4975 -0.2825 0.8202
vn 0.2417 -0.2040 0.9487
vn -0.0880 -0.2257 0.9702
vn 0.4449 -0.4147 0.7938
vn 0.1870 -0.3348 0.9235
vn 0.0995 0.2035 0.9740
vn -0.0804 0.1549 0.9847
vn -0.0276 0.2580 0.9658
vn 0.3457 0.1040 0.9326
vn 0.5548 -0.0817 0.8280
vn 0.5773 0.0340 0.8158
vn 0.6664 -0.1101 0.7374
vn 0.6151 -0.3107 0.7247
vn 0.5640 -0.4420 0.6976
vn 0.4205 -0.4671 0.7778
vn 0.1631 -0.3872 0.9075
vn -0.1116 -0.2784 0.9540
vn -0.2289 -0.1607 0.9601
vn -0.2517 -0.2132 0.9440
vn -0.1706 -0.0320 0.9848
vn -0.6998 0.3181 0.6396
vn -0.4814 0.5670 0.6683
vn -0.4694 0.4442 0.7631
vn -0.8902 0.2610 0.3733
vn -0.7181 0.4369 0.5418
vn -0.4830 0.6397 0.5979
vn -0.8937 0.3323 0.3016
vn -0.7207 0.5086 0.4711
vn -0.4562 0.3658 0.8112
vn -0.3324 0.4905 0.8056
vn -0.3237 0.4116 0.8519
vn -0.6808 0.2433 0.6909
vn -0.8671 0.1464 0.4761
vn -0.8436 0.0758 0.5317
vn -0.9245 0.0472 0.3783
vn -0.9488 0.1581 0.2736
vn -0.9524 0.2283 0.2020
vn -0.8925 0.3606 0.2709
vn -0.7197 0.5367 0.4405
vn -0.4821 0.6678 0.5670
vn -0.3415 0.6856 0.6429
vn -0.3409 0.7134 0.6122
vn -0.3405 0.6135 0.7125
vn 0.5144 -0.7210 0.4642
vn 0.7752 -0.5654 0.2818
vn 0.6566 -0.7214 0.2201
vn 0.4136 -0.5267 0.7426
vn 0.6250 -0.5657 0.5379
vn 0.8380 -0.4437 0.3175
vn 0.4732 -0.4047 0.7825
vn 0.6862 -0.4445 0.5757
vn 0.5768 -0.7969 0.1799
vn 0.7053 -0.7041 0.0826
vn 0.6240 -0.7798 0.0501
vn 0.4413 -0.7966 0.4131
vn 0.3126 -0.6846 0.6585
vn 0.2484 -0.7617 0.5984
vn 0.1929 -0.6492 0.7358
vn 0.2870 -0.4906 0.8228
vn 0.3449 -0.3692 0.8630
vn 0.4950 -0.3515 0.7946
vn 0.7077 -0.3916 0.5881
vn 0.8593 -0.3905 0.3303
vn 0.8878 -0.4273 0.1711
vn 0.9086 -0.3747 0.1843
vn 0.8251 -0.5482 0.1369
vn 0.9934 -0.0811 0.0813
vn 0.8903 -0.3246 0.3195
vn 0.9279 -0.1217 0.3524
vn 0.9471 -0.1999 -0.2510
vn 0.9592 -0.2808 0.0342
vn 0.8413 -0.4572 0.2885
vn 0.8987 -0.3313 -0.2874
vn 0.9110 -0.4124 0.0007
vn 0.9310 -0.0038 0.3650
vn 0.8650 -0.1313 0.4843
vn 0.8717 -0.0142 0.4898
vn 0.9937 0.0346 0.1066
vn 0.9819 -0.0033 -0.1894
vn 0.9825 0.1090 -0.1514
vn 0.9454 0.0450 -0.3228
vn 0.9086 -0.1475 -0.3908
vn 0.8602 -0.2773 -0.4281
vn 0.8730 -0.3838 -0.3010
vn 0.8855 -0.4645 -0.0133
vn 0.8157 -0.5095 0.2741
vn 0.7748 -0.4645 0.4289
vn 0.7497 -0.5163 0.4141
vn 0.8240 -0.3330 0.4584
vn -0.8954 -0.4080 -0.1784
vn -0.7552 -0.4499 -0.4768
vn -0.8350 -0.3194 -0.4480
vn -0.8123 -0.5752 0.0966
vn -0.8175 -0.5403 -0.1995
vn -0.6934 -0.5290 -0.4893
vn -0.7508 -0.6548 0.0868
vn -0.7562 -0.6195 -0.2107
vn -0.8729 -0.2374 -0.4262
vn -0.7782 -0.2571 -0.5730
vn -0.8176 -0.1781 -0.5476
vn -0.9318 -0.3241 -0.1636
vn -0.8906 -0.4413 0.1099
vn -0.9271 -0.3561 0.1172
vn -0.8609 -0.4386 0.2577
vn -0.7823 -0.5712 0.2485
vn -0.7211 -0.6502 0.2393
vn -0.7230 -0.6858 0.0825
vn -0.7286 -0.6504 -0.2147
vn -0.6657 -0.5601 -0.4931
vn -0.6357 -0.4630 -0.6177
vn -0.6084 -0.4939 -0.6212
vn -0.6973 -0.3848 -0.6048
vn -0.4836 -0.3670 0.7946
vn -0.1604 -0.3231 0.9327
vn -0.2336 -0.4908 0.8394
vn -0.6534 -0.0587 0.7547
vn -0.4233 -0.1938 0.8850
vn -0.1058 -0.1993 0.9742
vn -0.6032 0.0675 0.7947
vn -0.3714 -0.0694 0.9259
vn -0.2704 -0.5777 0.7702
vn -0.0978 -0.5461 0.8320
vn -0.1413 -0.6293 0.7642
vn -0.5091 -0.4595 0.7278
vn -0.7027 -0.2392 0.6701
vn -0.7181 -0.3376 0.6086
vn -0.7965 -0.1713 0.5798
vn -0.7520 0.0112 0.6591
vn -0.7031 0.1370 0.6978
vn -0.5790 0.1196 0.8065
vn -0.3476 -0.0173 0.9375
vn -0.0823 -0.1467 0.9857
vn 0.0371 -0.2600 0.9649
vn 0.0598 -0.2078 0.9764
vn -0.0183 -0.3823 0.9239
vn 0.4852 0.3723 -0.7912
vn 0.6543 0.0613 -0.7537
vn 0.7037 0.2449 -0.6669
vn 0.1615 0.3257 -0.9316
vn 0.4243 0.1964 -0.8840
vn 0.6032 -0.0677 -0.7947
vn 0.1057 0.1991 -0.9743
vn 0.3713 0.0692 -0.9259
vn 0.7188 0.3442 -0.6040
vn 0.7974 0.1771 -0.5769
vn 0.8074 0.2791 -0.5197
vn 0.5106 0.4657 -0.7228
vn 0.2358 0.4958 -0.8358
vn 0.2728 0.5834 -0.7650
vn 0.1003 0.5510 -0.8285
vn 0.0194 0.3848 -0.9228
vn -0.0371 0.2599 -0.9649
vn 0.0817 0.1454 -0.9860
vn 0.3470 0.0159 -0.9377
vn 0.5784 -0.1210 -0.8068
vn 0.7030 -0.1371 -0.6978
vn 0.6781 -0.1896 -0.7101
vn 0.7529 -0.0086 -0.6581
vn -0.4756 -0.1923 0.8584
vn -0.5762 -0.4538 0.6798
vn -0.6608 -0.3231 0.6774
vn -0.1674 -0.1478 0.9747
vn -0.3862 -0.3186 0.8656
vn -0.5136 -0.5329 0.6724
vn -0.1030 -0.2255 0.9688
vn -0.3230 -0.3968 0.8592
vn -0.7041 -0.2416 0.6677
vn -0.7387 -0.3758 0.5596
vn -0.7792 -0.2935 0.5538
vn -0.5237 -0.1143 0.8442
vn -0.2631 -0.0254 0.9644
vn -0.3168 0.0484 0.9473
vn -0.1465 0.0675 0.9869
vn -0.0485 -0.0514 0.9975
vn 0.0159 -0.1280 0.9916
vn -0.0759 -0.2569 0.9634
vn -0.2959 -0.4280 0.8540
vn -0.4863 -0.5641 0.6673
vn -0.5950 -0.5854 0.5508
vn -0.5677 -0.6161 0.5459
vn -0.6567 -0.5067 0.5586
vn -0.4770 -0.5149 -0.7123
vn -0.4473 -0.2219 -0.8664
vn -0.5737 -0.2498 -0.7800
vn -0.2265 -0.7245 -0.6510
vn -0.3484 -0.4944 -0.7964
vn -0.3591 -0.2009 -0.9114
vn -0.1373 -0.7058 -0.6950
vn -0.2602 -0.4747 -0.8408
vn -0.6429 -0.2629 -0.7194
vn -0.6098 -0.1035 -0.7858
vn -0.6771 -0.1212 -0.7258
vn -0.5485 -0.5212 -0.6538
vn -0.3589 -0.7388 -0.5704
vn -0.4336 -0.7392 -0.5153
vn -0.2899 -0.8316 -0.4737
vn -0.1567 -0.8197 -0.5509
vn -0.0680 -0.8016 -0.5940
vn -0.1000 -0.6960 -0.7110
vn -0.2229 -0.4651 -0.8567
vn -0.3216 -0.1915 -0.9273
vn -0.3980 -0.0504 -0.9160
vn -0.3608 -0.0414 -0.9317
vn -0.4852 -0.0719 -0.8714
vn -0.5105 0.7255 -0.4615
vn -0.4123 0.5292 -0.7416
vn -0.3092 0.6892 -0.6553
vn -0.7737 0.5679 -0.2810
vn -0.6236 0.5681 -0.5370
vn -0.4733 0.4045 -0.7825
vn -0.8381 0.4436 -0.3175
vn -0.6863 0.4444 -0.5758
vn -0.2438 0.7667 -0.5939
vn -0.1897 0.6538 -0.7325
vn -0.1316 0.7327 -0.6677
vn -0.4360 0.8014 -0.4094
vn -0.6524 0.7259 -0.2179
vn -0.5709 0.8017 -0.1770
vn -0.7010 0.7086 -0.0808
vn -0.8236 0.5506 -0.1362
vn -0.8878 0.4272 -0.1711
vn -0.8598 0.3892 -0.3306
vn -0.7082 0.3902 -0.5884
vn -0.4956 0.3502 -0.7949
vn -0.3450 0.3691 -0.8630
vn -0.3675 0.3154 -0.8749
vn -0.2857 0.4930 -0.8218
vn 0.3823 0.5484 0.7437
vn 0.3150 0.2688 0.9102
vn 0.2065 0.3800 0.9016
vn 0.6248 0.5832 0.5191
vn 0.4952 0.4423 0.7478
vn 0.3816 0.1929 0.9040
vn 0.6928 0.5087 0.5111
vn 0.5623 0.3675 0.7408
vn 0.1388 0.4417 0.8863
vn 0.1033 0.2832 0.9535
vn 0.0396 0.3473 0.9369
vn 0.3103 0.6057 0.7327
vn 0.5079 0.6859 0.5211
vn 0.4323 0.7397 0.5157
vn 0.5520 0.7386 0.3869
vn 0.6690 0.6380 0.3813
vn 0.7366 0.5644 0.3727
vn 0.7189 0.4764 0.5061
vn 0.5884 0.3355 0.7357
vn 0.4079 0.1608 0.8987
vn 0.2736 0.0945 0.9572
vn 0.2999 0.0629 0.9519
vn 0.2081 0.1702 0.9632
vn 0.0461 -0.9815 0.1856
vn 0.0677 -0.9870 -0.1460
vn -0.0726 -0.9942 -0.0789
vn 0.2850 -0.8753 0.3907
vn 0.1890 -0.9738 0.1262
vn 0.1582 -0.9694 -0.1877
vn 0.3765 -0.8572 0.3514
vn 0.2796 -0.9563 0.0858
vn -0.1559 -0.9870 -0.0385
vn -0.1376 -0.9675 -0.2122
vn -0.2180 -0.9614 -0.1680
vn -0.0401 -0.9749 0.2191
vn 0.1389 -0.8856 0.4433
vn 0.0501 -0.8812 0.4702
vn 0.1772 -0.8057 0.5653
vn 0.3231 -0.7931 0.5163
vn 0.4139 -0.7748 0.4778
vn 0.4132 -0.8471 0.3342
vn 0.3162 -0.9462 0.0689
vn 0.1951 -0.9592 -0.2046
vn 0.0891 -0.9418 -0.3243
vn 0.1258 -0.9317 -0.3407
vn -0.0002 -0.9593 -0.2823
vn 0.0080 -0.9796 0.2007
vn -0.2490 -0.9684 0.0157
vn -0.1069 -0.9924 -0.0607
vn -0.0567 -0.8695 0.4906
vn -0.1462 -0.9550 0.2579
vn -0.3587 -0.9300 0.0799
vn -0.1850 -0.8408 0.5088
vn -0.2735 -0.9136 0.3009
vn -0.0247 -0.9945 -0.1023
vn -0.1689 -0.9662 -0.1946
vn -0.0900 -0.9673 -0.2373
vn 0.0945 -0.9816 0.1660
vn 0.1015 -0.8853 0.4537
vn 0.1895 -0.8844 0.4266
vn 0.1424 -0.8062 0.5742
vn -0.0124 -0.7966 0.6044
vn -0.1306 -0.7774 0.6153
vn -0.2083 -0.7669 0.6070
vn -0.2638 -0.8327 0.4869
vn -0.3321 -0.8876 0.3192
vn -0.4025 -0.9040 0.1443
vn -0.4518 -0.8921 0.0056
vn -0.3994 -0.9155 -0.0484
vn -0.3032 -0.9461 -0.1139
vn 0.3508 0.5744 0.7396
vn 0.0623 0.5137 0.8557
vn 0.1794 0.4072 0.8956
vn 0.3364 0.7919 0.5097
vn 0.2175 0.6694 0.7104
vn -0.0324 0.5918 0.8054
vn 0.2152 0.8431 0.4928
vn 0.0999 0.7353 0.6703
vn 0.2442 0.3428 0.9071
vn 0.0790 0.3090 0.9478
vn 0.1402 0.2445 0.9595
vn 0.4215 0.5140 0.7471
vn 0.4763 0.7085 0.5207
vn 0.5495 0.6526 0.5217
vn 0.5227 0.7593 0.3876
vn 0.3860 0.8385 0.3847
vn 0.2748 0.8839 0.3784
vn 0.1982 0.9019 0.3838
vn 0.1347 0.8513 0.5072
vn 0.0434 0.7616 0.6466
vn -0.0631 0.6506 0.7568
vn -0.1489 0.5496 0.8220
vn -0.1083 0.4951 0.8620
vn -0.0286 0.4177 0.9081
vn -0.5418 0.6880 -0.4828
vn -0.2552 0.7610 -0.5964
vn -0.3392 0.6493 -0.6807
vn -0.5765 0.7954 -0.1868
vn -0.4395 0.7983 -0.4119
vn -0.1838 0.8374 -0.5147
vn -0.4741 0.8685 -0.1447
vn -0.3434 0.8744 -0.3429
vn -0.3836 0.5787 -0.7197
vn -0.2182 0.6115 -0.7605
vn -0.2591 0.5419 -0.7995
vn -0.5927 0.6177 -0.5169
vn -0.6873 0.6866 -0.2369
vn -0.7415 0.6170 -0.2635
vn -0.7385 0.6672 -0.0974
vn -0.6300 0.7746 -0.0566
vn -0.5361 0.8437 -0.0270
vn -0.4682 0.8834 -0.0207
vn -0.4002 0.9040 -0.1501
vn -0.2954 0.9044 -0.3078
vn -0.1683 0.8792 -0.4457
vn -0.0612 0.8398 -0.5395
vn -0.0869 0.7956 -0.5995
vn -0.1438 0.7225 -0.6762
vn -0.5092 -0.5182 -0.6872
vn -0.7150 -0.2822 -0.6396
vn -0.6028 -0.2570 -0.7554
vn -0.5197 -0.7268 -0.4490
vn -0.6305 -0.5229 -0.5736
vn -0.7916 -0.2995 -0.5326
vn -0.6151 -0.7012 -0.3604
vn -0.7197 -0.5155 -0.4651
vn -0.5319 -0.2408 -0.8119
vn -0.6366 -0.1112 -0.7632
vn -0.5679 -0.0928 -0.8178
vn -0.4348 -0.5093 -0.7427
vn -0.3912 -0.7387 -0.5489
vn -0.3143 -0.7360 -0.5996
vn -0.3203 -0.8311 -0.4546
vn -0.4488 -0.8162 -0.3639
vn -0.5404 -0.7897 -0.2905
vn -0.6010 -0.7590 -0.2504
vn -0.6773 -0.6588 -0.3275
vn -0.7570 -0.5085 -0.4103
vn -0.8183 -0.3379 -0.4650
vn -0.8484 -0.1958 -0.4918
vn -0.8134 -0.1682 -0.5569
vn -0.7443 -0.1435 -0.6522
vn -0.4974 -0.1579 0.8530
vn -0.7433 -0.1404 0.6541
vn -0.6788 -0.2888 0.6752
vn -0.3816 0.1304 0.9151
vn -0.5769 -0.0166 0.8166
vn -0.7797 -0.0159 0.6259
vn -0.4530 0.2286 0.8617
vn -0.6318 0.1035 0.7682
vn -0.6336 -0.3689 0.6800
vn -0.7549 -0.3438 0.5585
vn -0.7121 -0.4225 0.5607
vn -0.4466 -0.2355 0.8632
vn -0.2870 0.0045 0.9579
vn -0.2309 -0.0674 0.9706
vn -0.1694 0.0945 0.9810
vn -0.2675 0.2115 0.9401
vn -0.3396 0.2955 0.8930
vn -0.3935 0.3384 0.8548
vn -0.5138 0.2614 0.8171
vn -0.6535 0.1598 0.7398
vn -0.7748 0.0660 0.6288
vn -0.8516 -0.0045 0.5242
vn -0.8451 -0.0830 0.5282
vn -0.8145 -0.1981 0.5453
vn 0.4716 0.3286 -0.8183
vn 0.7134 0.3379 -0.6139
vn 0.6927 0.1971 -0.6938
vn 0.2752 0.5729 -0.7720
vn 0.5096 0.4616 -0.7261
vn 0.7145 0.4469 -0.5383
vn 0.3187 0.6592 -0.6811
vn 0.5308 0.5642 -0.6323
vn 0.6720 0.1156 -0.7315
vn 0.7879 0.1258 -0.6028
vn 0.7691 0.0452 -0.6375
vn 0.4445 0.2498 -0.8603
vn 0.2179 0.4517 -0.8651
vn 0.1840 0.3774 -0.9076
vn 0.0785 0.5063 -0.8588
vn 0.1415 0.6213 -0.7707
vn 0.1894 0.6976 -0.6910
vn 0.2310 0.7361 -0.6362
vn 0.3702 0.6882 -0.6240
vn 0.5372 0.6091 -0.5834
vn 0.6863 0.5186 -0.5099
vn 0.7859 0.4385 -0.4359
vn 0.8018 0.3692 -0.4700
vn 0.8043 0.2658 -0.5315
vn -0.4716 -0.3286 0.8183
vn -0.2752 -0.5729 0.7720
vn -0.2179 -0.4517 0.8651
vn -0.7134 -0.3379 0.6139
vn -0.5096 -0.4616 0.7261
vn -0.3187 -0.6592 0.6811
vn -0.7145 -0.4469 0.5382
vn -0.5308 -0.5642 0.6323
vn -0.1840 -0.3774 0.9076
vn -0.0785 -0.5063 0.8588
vn -0.0430 -0.4347 0.8995
vn -0.4445 -0.2498 0.8603
vn -0.6927 -0.1971 0.6938
vn -0.6720 -0.1156 0.7315
vn -0.7879 -0.1258 0.6028
vn -0.8043 -0.2658 0.5315
vn -0.8018 -0.3692 0.4700
vn -0.7859 -0.4385 0.4359
vn -0.6863 -0.5186 0.5099
vn -0.5372 -0.6091 0.5834
vn -0.3702 -0.6882 0.6240
vn -0.2310 -0.7361 0.6362
vn -0.1893 -0.6976 0.6910
vn -0.1415 -0.6213 0.7707
vn -0.9124 -0.3713 -0.1720
vn -0.9100 -0.1412 -0.3898
vn -0.8522 -0.2860 -0.4381
vn -0.9606 -0.2521 0.1175
vn -0.9657 -0.2164 -0.1435
vn -0.9399 -0.0216 -0.3407
vn -0.9856 -0.1217 0.1176
vn -0.9899 -0.0806 -0.1162
vn -0.8099 -0.3650 -0.4592
vn -0.7947 -0.2268 -0.5631
vn -0.7520 -0.3024 -0.5857
vn -0.8714 -0.4539 -0.1860
vn -0.9070 -0.4061 0.1116
vn -0.8662 -0.4885 0.1058
vn -0.8765 -0.4063 0.2583
vn -0.9314 -0.2581 0.2566
vn -0.9582 -0.1411 0.2487
vn -0.9713 -0.0660 0.2286
vn -0.9953 -0.0473 0.0841
vn -0.9946 -0.0155 -0.1025
vn -0.9589 0.0326 -0.2820
vn -0.9073 0.0744 -0.4139
vn -0.8876 0.0138 -0.4605
vn -0.8549 -0.0905 -0.5108
vn 0.9887 -0.1328 0.0695
vn 0.9336 -0.0145 0.3581
vn 0.9222 -0.1767 0.3440
vn 0.9841 0.0964 -0.1492
vn 0.9940 0.0294 0.1055
vn 0.9253 0.1179 0.3603
vn 0.9710 0.2181 -0.0980
vn 0.9770 0.1661 0.1336
vn 0.9054 -0.2663 0.3308
vn 0.8575 -0.1888 0.4786
vn 0.8395 -0.2760 0.4680
vn 0.9737 -0.2224 0.0484
vn 0.9770 -0.0566 -0.2057
vn 0.9616 -0.1428 -0.2342
vn 0.9394 -0.0093 -0.3428
vn 0.9499 0.1359 -0.2815
vn 0.9428 0.2434 -0.2279
vn 0.9351 0.3054 -0.1799
vn 0.9611 0.2734 -0.0381
vn 0.9622 0.2299 0.1461
vn 0.9247 0.1935 0.3280
vn 0.8710 0.1651 0.4626
vn 0.8721 0.0884 0.4812
vn 0.8734 -0.0318 0.4859
vn 0.5418 -0.6880 0.4828
vn 0.5765 -0.7954 0.1868
vn 0.6873 -0.6866 0.2369
vn 0.2552 -0.7610 0.5964
vn 0.4395 -0.7983 0.4119
vn 0.4741 -0.8685 0.1447
vn 0.1838 -0.8374 0.5147
vn 0.3434 -0.8744 0.3429
vn 0.7415 -0.6170 0.2635
vn 0.7385 -0.6672 0.0974
vn 0.7917 -0.5989 0.1207
vn 0.5927 -0.6177 0.5169
vn 0.3392 -0.6493 0.6807
vn 0.3836 -0.5787 0.7197
vn 0.2182 -0.6115 0.7605
vn 0.1438 -0.7225 0.6762
vn 0.0869 -0.7956 0.5995
vn 0.0612 -0.8398 0.5394
vn 0.1683 -0.8792 0.4457
vn 0.2954 -0.9044 0.3078
vn 0.4002 -0.9040 0.1501
vn 0.4682 -0.8834 0.0207
vn 0.5361 -0.8437 0.0270
vn 0.6299 -0.7746 0.0566
vn -0.6921 0.2853 0.6631
vn -0.4418 0.2673 0.8564
vn -0.4657 0.4113 0.7836
vn -0.8034 -0.0035 0.5954
vn -0.6492 0.1478 0.7462
vn -0.4158 0.1439 0.8980
vn -0.7425 -0.1006 0.6622
vn -0.5988 0.0283 0.8004
vn -0.4747 0.4876 0.7327
vn -0.3300 0.4599 0.8244
vn -0.3361 0.5348 0.7753
vn -0.7078 0.3591 0.6083
vn -0.8575 0.1180 0.5008
vn -0.8775 0.1861 0.4421
vn -0.9155 0.0216 0.4018
vn -0.8617 -0.0906 0.4992
vn -0.8056 -0.1728 0.5667
vn -0.7591 -0.2150 0.6144
vn -0.6874 -0.1328 0.7140
vn -0.5707 -0.0287 0.8206
vn -0.4265 0.0626 0.9023
vn -0.3011 0.1279 0.9450
vn -0.3001 0.2056 0.9315
vn -0.3147 0.3190 0.8940
vn 0.2950 -0.0586 0.9537
vn 0.1010 0.1909 0.9764
vn 0.0322 0.0446 0.9985
vn 0.5704 0.0244 0.8210
vn 0.3442 0.0990 0.9337
vn 0.1573 0.3052 0.9392
vn 0.5813 0.1548 0.7988
vn 0.3785 0.2302 0.8965
vn -0.0060 -0.0392 0.9992
vn -0.1056 0.1025 0.9891
vn -0.1452 0.0221 0.9892
vn 0.2637 -0.1464 0.9534
vn 0.5408 -0.1358 0.8301
vn 0.5168 -0.2247 0.8261
vn 0.6544 -0.1670 0.7375
vn 0.6781 -0.0108 0.7349
vn 0.6830 0.1087 0.7223
vn 0.6710 0.1865 0.7176
vn 0.5560 0.2329 0.7979
vn 0.3921 0.2910 0.8727
vn 0.2173 0.3531 0.9100
vn 0.0765 0.3973 0.9145
vn 0.0269 0.3414 0.9395
vn -0.0320 0.2410 0.9700
vn -0.7092 -0.7036 -0.0452
vn -0.4755 -0.8797 0.0103
vn -0.6960 -0.7127 -0.0874
vn -0.2181 -0.9669 0.1321
vn -0.4868 -0.8719 0.0532
vn -0.4912 -0.8682 0.0708
vn -0.7144 -0.6992 -0.0277
vn -0.2090 -0.9739 0.0884
vn -0.8101 -0.5827 -0.0644
vn -0.8000 -0.5919 -0.0986
vn -0.7189 -0.6950 -0.0104
vn -0.2254 -0.9597 0.1677
vn -0.4954 -0.8642 0.0882
vn -0.0755 -0.9767 0.2007
vn -0.0692 -0.9838 0.1651
vn -0.0614 -0.9907 0.1216
vn -0.2216 -0.9635 0.1502
vn -0.0724 -0.9804 0.1833
vn -0.2347 -0.9473 0.2179
vn -0.5063 -0.8513 0.1377
vn -0.7313 -0.6810 0.0387
vn -0.8053 -0.5873 -0.0812
vn -0.8226 -0.5684 -0.0160
vn -0.7862 -0.6019 -0.1400
vn -0.6288 -0.4094 0.6611
vn -0.7889 -0.4541 0.4140
vn -0.6529 -0.3711 0.6602
vn -0.8443 -0.5201 0.1289
vn -0.7660 -0.4929 0.4127
vn -0.7561 -0.5086 0.4120
vn -0.6183 -0.4249 0.6612
vn -0.8667 -0.4810 0.1324
vn -0.5162 -0.3784 0.7683
vn -0.5373 -0.3483 0.7681
vn -0.6081 -0.4401 0.6607
vn -0.8247 -0.5514 0.1259
vn -0.7460 -0.5239 0.4111
vn -0.8386 -0.5441 -0.0278
vn -0.8580 -0.5131 -0.0238
vn -0.8801 -0.4744 -0.0190
vn -0.8346 -0.5360 0.1271
vn -0.8482 -0.5290 -0.0259
vn -0.7950 -0.5945 0.1208
vn -0.7160 -0.5666 0.4078
vn -0.5771 -0.4825 0.6589
vn -0.5267 -0.3637 0.7684
vn -0.4852 -0.4201 0.7669
vn -0.5620 -0.3110 0.7664
vn 0.4072 -0.8885 0.2115
vn 0.6575 -0.7375 0.1542
vn 0.4111 -0.8961 0.1671
vn 0.8475 -0.5083 0.1526
vn 0.6556 -0.7286 0.1983
vn 0.6545 -0.7245 0.2164
vn 0.4052 -0.8849 0.2298
vn 0.8478 -0.5191 0.1087
vn 0.2589 -0.9348 0.2431
vn 0.2634 -0.9421 0.2074
vn 0.4035 -0.8808 0.2476
vn 0.8460 -0.4988 0.1884
vn 0.6531 -0.7201 0.2342
vn 0.9176 -0.3661 0.1551
vn 0.9187 -0.3763 0.1197
vn 0.9184 -0.3882 0.0766
vn 0.8470 -0.5034 0.1707
vn 0.9183 -0.3712 0.1378
vn 0.8421 -0.4837 0.2386
vn 0.6481 -0.7065 0.2844
vn 0.3969 -0.8681 0.2981
vn 0.2612 -0.9385 0.2256
vn 0.2518 -0.9223 0.2932
vn 0.2685 -0.9493 0.1635
vn -0.9684 -0.0207 -0.2484
vn -0.8623 -0.1899 -0.4694
vn -0.9601 0.0111 -0.2795
vn -0.6928 -0.3948 -0.6034
vn -0.8698 -0.2232 -0.4400
vn -0.8724 -0.2368 -0.4277
vn -0.9713 -0.0337 -0.2353
vn -0.6868 -0.3599 -0.6315
vn -0.9912 0.0635 -0.1160
vn -0.9859 0.0888 -0.1422
vn -0.9738 -0.0468 -0.2227
vn -0.6968 -0.4228 -0.5794
vn -0.8746 -0.2502 -0.4153
vn -0.5790 -0.4962 -0.6470
vn -0.5758 -0.4680 -0.6704
vn -0.5708 -0.4329 -0.6977
vn -0.6948 -0.4091 -0.5915
vn -0.5775 -0.4825 -0.6586
vn -0.7005 -0.4616 -0.5442
vn -0.8794 -0.2878 -0.3793
vn -0.9791 -0.0833 -0.1853
vn -0.9888 0.0759 -0.1288
vn -0.9965 0.0276 -0.0786
vn -0.9775 0.1193 -0.1738
vn 0.9962 0.0816 -0.0303
vn 0.9268 0.3311 -0.1773
vn 0.9952 0.0658 -0.0727
vn 0.7773 0.5799 -0.2440
vn 0.9272 0.3490 -0.1359
vn 0.9268 0.3562 -0.1188
vn 0.9960 0.0879 -0.0127
vn 0.7781 0.5601 -0.2845
vn 0.9971 -0.0507 0.0572
vn 0.9978 -0.0626 0.0224
vn 0.9955 0.0945 0.0044
vn 0.7755 0.5953 -0.2102
vn 0.9261 0.3632 -0.1019
vn 0.6696 0.6949 -0.2623
vn 0.6720 0.6790 -0.2955
vn 0.6737 0.6586 -0.3352
vn 0.7764 0.5880 -0.2270
vn 0.6709 0.6872 -0.2786
vn 0.7709 0.6160 -0.1622
vn 0.9225 0.3824 -0.0533
vn 0.9922 0.1121 0.0538
vn 0.9976 -0.0565 0.0402
vn 0.9938 -0.0337 0.1063
vn 0.9968 -0.0770 -0.0200
vn -0.1214 -0.5975 -0.7926
vn 0.1731 -0.5571 -0.8122
vn -0.1201 -0.5609 -0.8191
vn 0.4543 -0.5253 -0.7195
vn 0.1743 -0.5936 -0.7857
vn 0.1747 -0.6082 -0.7743
vn -0.1220 -0.6123 -0.7811
vn 0.4508 -0.4893 -0.7466
vn -0.2734 -0.6046 -0.7481
vn -0.2718 -0.5759 -0.7711
vn -0.1221 -0.6267 -0.7697
vn 0.4564 -0.5541 -0.6962
vn 0.1750 -0.6225 -0.7628
vn 0.5877 -0.4966 -0.6387
vn 0.5848 -0.4684 -0.6622
vn 0.5803 -0.4333 -0.6896
vn 0.4557 -0.5399 -0.7077
vn 0.5864 -0.4829 -0.6504
vn 0.4588 -0.5934 -0.6614
vn 0.1756 -0.6621 -0.7286
vn -0.1233 -0.6664 -0.7353
vn -0.2726 -0.5906 -0.7595
vn -0.2751 -0.6438 -0.7140
vn -0.2693 -0.5398 -0.7975
vn -0.8037 0.4972 0.3268
vn -0.7953 0.6039 0.0527
vn -0.7828 0.5259 0.3328
vn -0.7475 0.6204 -0.2372
vn -0.8163 0.5759 0.0445
vn -0.8435 0.5361 0.0331
vn -0.8310 0.4564 0.3181
vn -0.7270 0.6481 -0.2268
vn -0.7882 0.4107 0.4584
vn -0.7670 0.4429 0.4643
vn -0.8254 0.4652 0.3197
vn -0.7689 0.5893 -0.2482
vn -0.8379 0.5446 0.0355
vn -0.7039 0.5954 -0.3872
vn -0.6833 0.6263 -0.3752
vn -0.6636 0.6537 -0.3637
vn -0.7742 0.5808 -0.2514
vn -0.7093 0.5869 -0.3904
vn -0.8139 0.5128 -0.2731
vn -0.8837 0.4679 0.0142
vn -0.8712 0.3872 0.3018
vn -0.7937 0.4018 0.4566
vn -0.8331 0.3328 0.4417
vn -0.7466 0.4717 0.4691
vn 0.2438 0.8660 -0.4365
vn -0.0397 0.8495 -0.5261
vn 0.2491 0.8437 -0.4754
vn -0.3318 0.7938 -0.5096
vn -0.0474 0.8717 -0.4877
vn -0.0505 0.8804 -0.4715
vn 0.2417 0.8748 -0.4200
vn -0.3218 0.7721 -0.5480
vn 0.3843 0.8479 -0.3653
vn 0.3882 0.8312 -0.3979
vn 0.2390 0.8830 -0.4039
vn -0.3395 0.8105 -0.4774
vn -0.0536 0.8886 -0.4554
vn -0.4768 0.7398 -0.4747
vn -0.4684 0.7238 -0.5067
vn -0.4573 0.7029 -0.5447
vn -0.3360 0.8023 -0.4934
vn -0.4727 0.7321 -0.4905
vn -0.3500 0.8319 -0.4306
vn -0.0623 0.9105 -0.4087
vn 0.2321 0.9049 -0.3566
vn 0.3863 0.8398 -0.3813
vn 0.3779 0.8694 -0.3184
vn 0.3923 0.8095 -0.4368
vn 0.8946 -0.1957 -0.4017
vn 0.9708 0.0401 -0.2365
vn 0.8874 -0.1625 -0.4315
vn 0.9748 0.2231 -0.0015
vn 0.9787 0.0086 -0.2052
vn 0.9814 -0.0043 -0.1921
vn 0.8970 -0.2095 -0.3892
vn 0.9669 0.2528 -0.0346
vn 0.8232 -0.3203 -0.4688
vn 0.8191 -0.2931 -0.4932
vn 0.8992 -0.2226 -0.3766
vn 0.9798 0.1982 0.0255
vn 0.9837 -0.0171 -0.1792
vn 0.9431 0.3061 0.1298
vn 0.9384 0.3301 0.1023
vn 0.9309 0.3587 0.0687
vn 0.9775 0.2107 0.0123
vn 0.9410 0.3179 0.1163
vn 0.9845 0.1630 0.0642
vn 0.9884 -0.0536 -0.1420
vn 0.9035 -0.2605 -0.3405
vn 0.8213 -0.3070 -0.4809
vn 0.8270 -0.3581 -0.4333
vn 0.8126 -0.2594 -0.5219
vn -0.3594 0.5789 -0.7319
vn -0.0919 0.5286 -0.8439
vn -0.3421 0.6069 -0.7174
vn 0.1625 0.3937 -0.9047
vn -0.1072 0.5000 -0.8594
vn -0.1280 0.4595 -0.8789
vn -0.3828 0.5389 -0.7504
vn 0.1757 0.4233 -0.8888
vn -0.4960 0.5731 -0.6523
vn -0.4769 0.6042 -0.6384
vn -0.3776 0.5474 -0.7468
vn 0.1478 0.3610 -0.9208
vn -0.1236 0.4681 -0.8750
vn 0.2864 0.2956 -0.9114
vn 0.2999 0.3287 -0.8956
vn 0.3118 0.3584 -0.8800
vn 0.1442 0.3520 -0.9248
vn 0.2827 0.2866 -0.9154
vn 0.1131 0.2818 -0.9528
vn -0.1615 0.3905 -0.9063
vn -0.4188 0.4705 -0.7767
vn -0.5010 0.5646 -0.6559
vn -0.5377 0.4971 -0.6810
vn -0.4588 0.6317 -0.6248
vn -0.8102 0.3808 -0.4456
vn -0.9064 0.1012 -0.4102
vn -0.7961 0.3626 -0.4845
vn -0.9470 -0.1622 -0.2772
vn -0.9213 0.1172 -0.3708
vn -0.9269 0.1237 -0.3543
vn -0.8155 0.3883 -0.4293
vn -0.9318 -0.1759 -0.3175
vn -0.7326 0.5190 -0.4405
vn -0.7228 0.5041 -0.4727
vn -0.8206 0.3951 -0.4130
vn -0.9581 -0.1505 -0.2438
vn -0.9321 0.1301 -0.3379
vn -0.9373 -0.2933 -0.1885
vn -0.9265 -0.3039 -0.2221
vn -0.9116 -0.3163 -0.2624
vn -0.9528 -0.1565 -0.2603
vn -0.9321 -0.2985 -0.2050
vn -0.9714 -0.1342 -0.1957
vn -0.9453 0.1481 -0.2906
vn -0.8331 0.4148 -0.3660
vn -0.7279 0.5118 -0.4563
vn -0.7446 0.5389 -0.3939
vn -0.7097 0.4850 -0.5110
vn 0.6754 0.6295 0.3841
vn 0.4284 0.7764 0.4621
vn 0.6701 0.6558 0.3477
vn 0.1493 0.8161 0.5582
vn 0.4318 0.7512 0.4993
vn 0.4329 0.7403 0.5143
vn 0.6774 0.6181 0.3988
vn 0.1483 0.8409 0.5205
vn 0.7830 0.5234 0.3360
vn 0.7792 0.5463 0.3074
vn 0.6787 0.6070 0.4133
vn 0.1501 0.7945 0.5884
vn 0.4339 0.7293 0.5290
vn -0.0039 0.8026 0.5965
vn -0.0037 0.8240 0.5666
vn -0.0034 0.8485 0.5292
vn 0.1495 0.8054 0.5736
vn -0.0038 0.8132 0.5819
vn 0.1503 0.7621 0.6297
vn 0.4358 0.6967 0.5698
vn 0.6822 0.5735 0.4536
vn 0.7813 0.5347 0.3220
vn 0.7867 0.4899 0.3756
vn 0.7730 0.5731 0.2721
vn 0.6917 0.1099 -0.7137
vn 0.8672 0.0142 -0.4978
vn 0.7005 0.1418 -0.6994
vn 0.9581 -0.1277 -0.2565
vn 0.8597 -0.0186 -0.5104
vn 0.8476 -0.0637 -0.5268
vn 0.6779 0.0657 -0.7322
vn 0.9648 -0.0940 -0.2458
vn 0.5700 0.1435 -0.8090
vn 0.5814 0.1777 -0.7940
vn 0.6812 0.0749 -0.7283
vn 0.9493 -0.1643 -0.2679
vn 0.8503 -0.0542 -0.5235
vn 0.9693 -0.2127 -0.1235
vn 0.9778 -0.1760 -0.1134
vn 0.9843 -0.1423 -0.1040
vn 0.9468 -0.1742 -0.2705
vn 0.9667 -0.2226 -0.1262
vn 0.9232 -0.2493 -0.2923
vn 0.8231 -0.1376 -0.5509
vn 0.6518 -0.0071 -0.7584
vn 0.5667 0.1342 -0.8129
vn 0.5399 0.0628 -0.8394
vn 0.5911 0.2086 -0.7792
vn -0.1636 -0.3963 0.9034
vn 0.0910 -0.5303 0.8429
vn -0.1765 -0.4251 0.8878
vn 0.3579 -0.5813 0.7308
vn 0.1059 -0.5024 0.8581
vn 0.1277 -0.4601 0.8786
vn -0.1444 -0.3526 0.9246
vn 0.3410 -0.6086 0.7165
vn -0.2875 -0.2982 0.9102
vn -0.3009 -0.3312 0.8943
vn -0.1489 -0.3636 0.9196
vn 0.3762 -0.5499 0.7457
vn 0.1224 -0.4706 0.8738
vn 0.4945 -0.5756 0.6513
vn 0.4754 -0.6066 0.6373
vn 0.4577 -0.6334 0.6240
vn 0.3825 -0.5395 0.7501
vn 0.5007 -0.5652 0.6557
vn 0.4188 -0.4705 0.7767
vn 0.1615 -0.3906 0.9063
vn -0.1131 -0.2819 0.9528
vn -0.2829 -0.2872 0.9151
vn -0.2532 -0.2166 0.9428
vn -0.3125 -0.3602 0.8790
vn -0.4760 0.7377 0.4788
vn -0.7045 0.6343 0.3182
vn -0.4717 0.7631 0.4417
vn -0.8813 0.4343 0.1863
vn -0.7107 0.6079 0.3542
vn -0.7128 0.5966 0.3688
vn -0.4773 0.7268 0.4940
vn -0.8737 0.4622 0.1516
vn -0.3383 0.7606 0.5540
vn -0.3363 0.7823 0.5243
vn -0.4788 0.7157 0.5085
vn -0.8862 0.4107 0.2145
vn -0.7146 0.5853 0.3831
vn -0.9446 0.3067 0.1165
vn -0.9395 0.3307 0.0890
vn -0.9316 0.3593 0.0555
vn -0.8840 0.4223 0.2005
vn -0.9423 0.3186 0.1030
vn -0.8912 0.3761 0.2537
vn -0.7186 0.5519 0.4231
vn -0.4813 0.6829 0.5495
vn -0.3374 0.7714 0.5396
vn -0.3403 0.7283 0.5948
vn -0.3333 0.8071 0.4872
vn 0.8970 -0.2616 0.3563
vn 0.7565 -0.2284 0.6127
vn 0.9042 -0.2268 0.3619
vn 0.5397 -0.2234 0.8117
vn 0.7482 -0.2632 0.6091
vn 0.7350 -0.3105 0.6028
vn 0.8852 -0.3092 0.3475
vn 0.5498 -0.1888 0.8137
vn 0.9366 -0.2845 0.2048
vn 0.9453 -0.2472 0.2126
vn 0.8878 -0.2992 0.3497
vn 0.5281 -0.2607 0.8082
vn 0.7379 -0.3006 0.6042
vn 0.4009 -0.2271 0.8875
vn 0.4136 -0.1903 0.8904
vn 0.4246 -0.1564 0.8918
vn 0.5245 -0.2706 0.8073
vn 0.3974 -0.2371 0.8865
vn 0.4969 -0.3466 0.7955
vn 0.7095 -0.3867 0.5891
vn 0.8611 -0.3856 0.3314
vn 0.9339 -0.2945 0.2027
vn 0.9104 -0.3698 0.1854
vn 0.9521 -0.2129 0.2194
vn 0.7458 -0.6228 0.2363
vn 0.7940 -0.6056 -0.0532
vn 0.7257 -0.6498 0.2261
vn 0.8020 -0.4996 -0.3273
vn 0.8146 -0.5783 -0.0452
vn 0.8431 -0.5367 -0.0333
vn 0.7738 -0.5814 0.2512
vn 0.7814 -0.5276 -0.3332
vn 0.7024 -0.5978 0.3863
vn 0.6817 -0.6287 0.3743
vn 0.7673 -0.5917 0.2473
vn 0.8238 -0.4677 -0.3202
vn 0.8363 -0.5470 -0.0362
vn 0.7866 -0.4132 -0.4588
vn 0.7653 -0.4454 -0.4647
vn 0.7453 -0.4735 -0.4694
vn 0.8306 -0.4570 -0.3182
vn 0.7934 -0.4024 -0.4567
vn 0.8712 -0.3872 -0.3018
vn 0.8837 -0.4679 -0.0142
vn 0.8139 -0.5128 0.2731
vn 0.7090 -0.5875 0.3902
vn 0.7479 -0.5197 0.4130
vn 0.6624 -0.6553 0.3630
vn -0.5855 -0.6391 -0.4987
vn -0.6134 -0.7566 -0.2264
vn -0.5512 -0.6686 -0.4992
vn -0.6422 -0.7634 0.0699
vn -0.6481 -0.7280 -0.2236
vn -0.6620 -0.7158 -0.2223
vn -0.5994 -0.6265 -0.4983
vn -0.6074 -0.7918 0.0647
vn -0.5564 -0.5477 -0.6249
vn -0.5296 -0.5730 -0.6254
vn -0.6128 -0.6141 -0.4974
vn -0.6697 -0.7389 0.0740
vn -0.6755 -0.7035 -0.2210
vn -0.6411 -0.7335 0.2257
vn -0.6140 -0.7579 0.2207
vn -0.5798 -0.7861 0.2143
vn -0.6562 -0.7511 0.0722
vn -0.6279 -0.7456 0.2233
vn -0.7071 -0.7025 0.0801
vn -0.7128 -0.6671 -0.2167
vn -0.6499 -0.5769 -0.4948
vn -0.5434 -0.5602 -0.6253
vn -0.5928 -0.5107 -0.6227
vn -0.4962 -0.6027 -0.6249
vn -0.0272 -0.0223 0.9994
vn -0.2709 0.1360 0.9529
vn -0.0125 0.0106 0.9999
vn -0.5144 0.2390 0.8236
vn -0.2877 0.1042 0.9520
vn -0.3101 0.0602 0.9488
vn -0.0473 -0.0678 0.9966
vn -0.4958 0.2698 0.8254
vn 0.0971 -0.1194 0.9881
vn 0.1120 -0.0833 0.9902
vn -0.0434 -0.0580 0.9974
vn -0.5338 0.2050 0.8204
vn -0.3055 0.0695 0.9497
vn -0.6332 0.2723 0.7245
vn -0.6131 0.3056 0.7285
vn -0.5939 0.3355 0.7312
vn -0.5392 0.1960 0.8191
vn -0.6384 0.2633 0.7232
vn -0.5767 0.1244 0.8074
vn -0.3454 -0.0125 0.9384
vn -0.0802 -0.1419 0.9866
vn 0.0931 -0.1291 0.9873
vn 0.0619 -0.2029 0.9772
vn 0.1254 -0.0503 0.9908
vn 0.5128 -0.2416 -0.8238
vn 0.2699 -0.1380 -0.9529
vn 0.4946 -0.2717 -0.8255
vn 0.0260 0.0195 -0.9995
vn 0.2863 -0.1069 -0.9522
vn 0.3098 -0.0609 -0.9489
vn 0.5388 -0.1967 -0.8191
vn 0.0116 -0.0126 -0.9999
vn 0.6316 -0.2749 -0.7249
vn 0.6115 -0.3081 -0.7288
vn 0.5323 -0.2076 -0.8207
vn 0.0421 0.0553 -0.9976
vn 0.3041 -0.0722 -0.9499
vn -0.0983 0.1166 -0.9883
vn -0.1131 0.0805 -0.9903
vn -0.1262 0.0483 -0.9908
vn 0.0470 0.0671 -0.9966
vn -0.0934 0.1284 -0.9873
vn 0.0802 0.1418 -0.9866
vn 0.3453 0.0124 -0.9384
vn 0.5766 -0.1245 -0.8075
vn 0.6381 -0.2639 -0.7233
vn 0.6764 -0.1931 -0.7108
vn 0.5927 -0.3373 -0.7314
vn -0.4081 -0.6430 0.6481
vn -0.1893 -0.5386 0.8210
vn -0.3753 -0.6724 0.6379
vn -0.0028 -0.3396 0.9406
vn -0.2204 -0.5082 0.8326
vn -0.2331 -0.4953 0.8368
vn -0.4216 -0.6305 0.6517
vn 0.0267 -0.3715 0.9280
vn -0.5159 -0.6692 0.5348
vn -0.4894 -0.6939 0.5282
vn -0.4343 -0.6179 0.6554
vn -0.0270 -0.3130 0.9494
vn -0.2456 -0.4825 0.8408
vn 0.0904 -0.2153 0.9724
vn 0.1137 -0.2423 0.9635
vn 0.1419 -0.2748 0.9510
vn -0.0148 -0.3260 0.9452
vn 0.1019 -0.2286 0.9682
vn -0.0609 -0.2742 0.9598
vn -0.2807 -0.4449 0.8504
vn -0.4707 -0.5810 0.6640
vn -0.5030 -0.6814 0.5317
vn -0.5522 -0.6328 0.5428
vn -0.4563 -0.7226 0.5193
vn -0.2177 -0.1649 -0.9620
vn -0.0791 -0.4219 -0.9032
vn -0.1752 -0.1536 -0.9725
vn 0.0013 -0.6633 -0.7484
vn -0.1206 -0.4354 -0.8921
vn -0.1377 -0.4407 -0.8870
vn -0.2352 -0.1693 -0.9571
vn 0.0419 -0.6478 -0.7606
vn -0.2918 -0.0249 -0.9562
vn -0.2574 -0.0167 -0.9662
vn -0.2522 -0.1741 -0.9519
vn -0.0322 -0.6749 -0.7372
vn -0.1545 -0.4458 -0.8817
vn 0.0357 -0.7704 -0.6366
vn 0.0684 -0.7583 -0.6483
vn 0.1081 -0.7423 -0.6613
vn -0.0156 -0.6694 -0.7427
vn 0.0517 -0.7646 -0.6424
vn -0.0792 -0.6900 -0.7194
vn -0.2021 -0.4595 -0.8649
vn -0.3006 -0.1861 -0.9354
vn -0.2750 -0.0209 -0.9612
vn -0.3398 -0.0363 -0.9398
vn -0.2150 -0.0067 -0.9766
vn -0.5406 0.2205 -0.8119
vn -0.7570 0.2263 -0.6129
vn -0.5504 0.1867 -0.8138
vn -0.8977 0.2587 -0.3568
vn -0.7489 0.2603 -0.6094
vn -0.7352 0.3098 -0.6029
vn -0.5247 0.2699 -0.8074
vn -0.9046 0.2246 -0.3623
vn -0.4019 0.2243 -0.8878
vn -0.4145 0.1874 -0.8905
vn -0.5290 0.2579 -0.8085
vn -0.8885 0.2964 -0.3503
vn -0.7388 0.2977 -0.6046
vn -0.9373 0.2816 -0.2054
vn -0.9460 0.2443 -0.2132
vn -0.9525 0.2108 -0.2198
vn -0.8854 0.3085 -0.3476
vn -0.9341 0.2938 -0.2028
vn -0.8611 0.3855 -0.3314
vn -0.7095 0.3866 -0.5892
vn -0.4970 0.3466 -0.7956
vn -0.3976 0.2364 -0.8866
vn -0.3690 0.3118 -0.8756
vn -0.4252 0.1544 -0.8918
vn 0.4756 0.0734 0.8766
vn 0.6774 0.2097 0.7051
vn 0.5010 0.0380 0.8646
vn 0.7828 0.3852 0.4888
vn 0.6535 0.2464 0.7157
vn 0.6433 0.2613 0.7196
vn 0.4646 0.0880 0.8811
vn 0.8056 0.3472 0.4800
vn 0.3462 0.0056 0.9382
vn 0.3682 -0.0226 0.9295
vn 0.4541 0.1024 0.8850
vn 0.7628 0.4157 0.4953
vn 0.6330 0.2761 0.7233
vn 0.8057 0.4719 0.3581
vn 0.8253 0.4413 0.3524
vn 0.8476 0.4033 0.3449
vn 0.7729 0.4008 0.4920
vn 0.8154 0.4570 0.3553
vn 0.7328 0.4582 0.5030
vn 0.6024 0.3175 0.7324
vn 0.4222 0.1430 0.8951
vn 0.3570 -0.0082 0.9341
vn 0.3143 0.0454 0.9483
vn 0.3943 -0.0569 0.9172
vn 0.2929 -0.9235 -0.2476
vn 0.4493 -0.8934 0.0040
vn 0.3311 -0.9059 -0.2641
vn 0.5084 -0.8127 0.2846
vn 0.4122 -0.9108 0.0227
vn 0.3967 -0.9175 0.0303
vn 0.2768 -0.9303 -0.2408
vn 0.5448 -0.7960 0.2637
vn 0.1916 -0.9095 -0.3689
vn 0.2236 -0.8967 -0.3819
vn 0.2612 -0.9366 -0.2336
vn 0.4777 -0.8253 0.3012
vn 0.3812 -0.9237 0.0379
vn 0.5140 -0.7438 0.4272
vn 0.5442 -0.7319 0.4100
vn 0.5800 -0.7161 0.3883
vn 0.4930 -0.8191 0.2932
vn 0.5289 -0.7381 0.4189
vn 0.4333 -0.8409 0.3244
vn 0.3363 -0.9399 0.0594
vn 0.2154 -0.9529 -0.2137
vn 0.2073 -0.9034 -0.3753
vn 0.1460 -0.9255 -0.3495
vn 0.2620 -0.8796 -0.3972
vn -0.9587 0.1249 0.2556
vn -0.8676 -0.0162 0.4970
vn -0.9651 0.0919 0.2451
vn -0.6925 -0.1126 0.7126
vn -0.8604 0.0159 0.5094
vn -0.8478 0.0631 0.5266
vn -0.9470 0.1735 0.2703
vn -0.7010 -0.1437 0.6985
vn -0.9700 0.2099 0.1228
vn -0.9784 0.1732 0.1126
vn -0.9500 0.1615 0.2671
vn -0.6821 -0.0776 0.7272
vn -0.8511 0.0515 0.5225
vn -0.5709 -0.1462 0.8079
vn -0.5823 -0.1803 0.7927
vn -0.5917 -0.2105 0.7782
vn -0.6781 -0.0664 0.7320
vn -0.5670 -0.1349 0.8126
vn -0.6518 0.0071 0.7583
vn -0.8231 0.1375 0.5509
vn -0.9233 0.2493 0.2923
vn -0.9669 0.2220 0.1261
vn -0.9435 0.2973 0.1465
vn -0.9847 0.1402 0.1034
vn 0.8443 0.5201 -0.1289
vn 0.7889 0.4541 -0.4140
vn 0.8667 0.4810 -0.1324
vn 0.6288 0.4094 -0.6611
vn 0.7660 0.4929 -0.4127
vn 0.7561 0.5086 -0.4120
vn 0.8346 0.5360 -0.1271
vn 0.6529 0.3711 -0.6602
vn 0.8386 0.5441 0.0278
vn 0.8580 0.5131 0.0238
vn 0.8247 0.5514 -0.1259
vn 0.6081 0.4401 -0.6607
vn 0.7460 0.5239 -0.4111
vn 0.5162 0.3784 -0.7683
vn 0.5373 0.3482 -0.7681
vn 0.5620 0.3110 -0.7664
vn 0.6183 0.4249 -0.6612
vn 0.5267 0.3637 -0.7684
vn 0.5771 0.4825 -0.6589
vn 0.7160 0.5666 -0.4078
vn 0.7950 0.5945 -0.1208
vn 0.8482 0.5290 0.0259
vn 0.8092 0.5867 0.0333
vn 0.8801 0.4744 0.0190
vn 0.5955 -0.3578 0.7192
vn 0.6071 -0.0692 0.7916
vn 0.6312 -0.3449 0.6947
vn 0.5098 0.2090 0.8345
vn 0.5714 -0.0797 0.8168
vn 0.5563 -0.0840 0.8268
vn 0.5803 -0.3631 0.7289
vn 0.5462 0.2172 0.8090
vn 0.5606 -0.5006 0.6597
vn 0.5906 -0.4899 0.6412
vn 0.5653 -0.3678 0.7384
vn 0.4791 0.2018 0.8542
vn 0.5412 -0.0882 0.8363
vn 0.4323 0.3473 0.8322
vn 0.4630 0.3536 0.8128
vn 0.4994 0.3605 0.7878
vn 0.4943 0.2056 0.8446
vn 0.4474 0.3504 0.8228
vn 0.4345 0.1917 0.8800
vn 0.4971 -0.1001 0.8619
vn 0.5212 -0.3814 0.7634
vn 0.5754 -0.4954 0.6508
vn 0.5168 -0.5145 0.6842
vn 0.6260 -0.4761 0.6176
vn 0.1885 0.0797 -0.9788
vn -0.0088 -0.1431 -0.9897
vn 0.2164 0.0443 -0.9753
vn -0.2518 -0.3005 -0.9199
vn -0.0385 -0.1093 -0.9933
vn -0.0506 -0.0953 -0.9942
vn 0.1770 0.0945 -0.9797
vn -0.2204 -0.3328 -0.9169
vn 0.2808 0.2021 -0.9382
vn 0.3031 0.1729 -0.9371
vn 0.1653 0.1086 -0.9802
vn -0.2772 -0.2735 -0.9211
vn -0.0627 -0.0815 -0.9947
vn -0.3779 -0.3666 -0.8501
vn -0.3522 -0.3929 -0.8495
vn -0.3202 -0.4241 -0.8471
vn -0.2649 -0.2870 -0.9206
vn -0.3654 -0.3795 -0.8500
vn -0.3129 -0.2349 -0.9203
vn -0.0968 -0.0419 -0.9944
vn 0.1324 0.1496 -0.9798
vn 0.2918 0.1878 -0.9379
vn 0.2485 0.2430 -0.9377
vn 0.3297 0.1371 -0.9341
vn 0.2719 0.7504 0.6025
vn 0.1763 0.9117 0.3711
vn 0.3104 0.7540 0.5789
vn 0.0035 0.9899 0.1415
vn 0.1369 0.9093 0.3929
vn 0.1205 0.9078 0.4016
vn 0.2559 0.7483 0.6120
vn 0.0441 0.9916 0.1218
vn 0.3051 0.6368 0.7081
vn 0.3365 0.6415 0.6894
vn 0.2400 0.7463 0.6208
vn -0.0298 0.9870 0.1576
vn 0.1044 0.9061 0.4101
vn -0.0965 0.9952 0.0185
vn -0.0631 0.9980 0.0034
vn -0.0223 0.9996 -0.0149
vn -0.0135 0.9887 0.1495
vn -0.0801 0.9967 0.0112
vn -0.0771 0.9807 0.1796
vn 0.0581 0.8993 0.4335
vn 0.1943 0.7385 0.6456
vn 0.3206 0.6392 0.6990
vn 0.2601 0.6287 0.7329
vn 0.3740 0.6461 0.6654
vn -0.1493 -0.8161 -0.5582
vn -0.4284 -0.7764 -0.4622
vn -0.1483 -0.8409 -0.5205
vn -0.6754 -0.6295 -0.3841
vn -0.4318 -0.7512 -0.4993
vn -0.4329 -0.7403 -0.5143
vn -0.1495 -0.8054 -0.5736
vn -0.6701 -0.6558 -0.3477
vn 0.0039 -0.8026 -0.5965
vn 0.0037 -0.8240 -0.5666
vn -0.1501 -0.7945 -0.5884
vn -0.6787 -0.6070 -0.4133
vn -0.4339 -0.7293 -0.5290
vn -0.7830 -0.5234 -0.3360
vn -0.7792 -0.5463 -0.3074
vn -0.7730 -0.5731 -0.2721
vn -0.6774 -0.6181 -0.3988
vn -0.7813 -0.5347 -0.3220
vn -0.6822 -0.5734 -0.4536
vn -0.4358 -0.6967 -0.5698
vn -0.1502 -0.7621 -0.6297
vn 0.0038 -0.8132 -0.5820
vn 0.0042 -0.7705 -0.6375
vn 0.0034 -0.8485 -0.5292
vn -0.2306 0.8696 -0.4366
vn -0.2479 0.6937 -0.6763
vn -0.1880 0.8723 -0.4514
vn -0.3108 0.4508 -0.8367
vn -0.2908 0.6895 -0.6633
vn -0.3083 0.6874 -0.6576
vn -0.2481 0.8681 -0.4300
vn -0.2676 0.4570 -0.8483
vn -0.2217 0.9308 -0.2906
vn -0.1876 0.9340 -0.3041
vn -0.2653 0.8660 -0.4238
vn -0.3459 0.4452 -0.8259
vn -0.3255 0.6851 -0.6517
vn -0.3416 0.3044 -0.8892
vn -0.3069 0.3108 -0.8996
vn -0.2641 0.3181 -0.9105
vn -0.3286 0.4479 -0.8315
vn -0.3247 0.3076 -0.8944
vn -0.3946 0.4358 -0.8089
vn -0.3740 0.6772 -0.6337
vn -0.3136 0.8592 -0.4043
vn -0.2050 0.9325 -0.2972
vn -0.2694 0.9242 -0.2708
vn -0.1458 0.9362 -0.3199
vn -0.9748 -0.2231 0.0015
vn -0.9708 -0.0401 0.2365
vn -0.9669 -0.2528 0.0346
vn -0.8946 0.1957 0.4017
vn -0.9787 -0.0086 0.2052
vn -0.9814 0.0043 0.1921
vn -0.9775 -0.2107 -0.0123
vn -0.8874 0.1625 0.4315
vn -0.9431 -0.3061 -0.1298
vn -0.9384 -0.3301 -0.1023
vn -0.9798 -0.1982 -0.0255
vn -0.8992 0.2226 0.3766
vn -0.9837 0.0171 0.1792
vn -0.8232 0.3203 0.4688
vn -0.8191 0.2931 0.4932
vn -0.8126 0.2594 0.5219
vn -0.8970 0.2095 0.3892
vn -0.8213 0.3070 0.4809
vn -0.9035 0.2605 0.3405
vn -0.9884 0.0536 0.1420
vn -0.9845 -0.1630 -0.0642
vn -0.9410 -0.3179 -0.1163
vn -0.9476 -0.2715 -0.1684
vn -0.9309 -0.3587 -0.0687
vn -0.1125 -0.9126 0.3930
vn -0.2304 -0.7537 0.6155
vn -0.0755 -0.9053 0.4180
vn -0.3881 -0.5385 0.7480
vn -0.2685 -0.7597 0.5923
vn -0.2841 -0.7617 0.5823
vn -0.1276 -0.9152 0.3823
vn -0.3488 -0.5343 0.7700
vn -0.0532 -0.9653 0.2556
vn -0.0238 -0.9605 0.2772
vn -0.1427 -0.9172 0.3720
vn -0.4196 -0.5412 0.7287
vn -0.2993 -0.7635 0.5723
vn -0.4655 -0.4056 0.7866
vn -0.4339 -0.4037 0.8054
vn -0.3947 -0.4007 0.8268
vn -0.4042 -0.5398 0.7384
vn -0.4501 -0.4048 0.7960
vn -0.4635 -0.5434 0.6999
vn -0.3423 -0.7670 0.5427
vn -0.1849 -0.9217 0.3410
vn -0.0388 -0.9631 0.2663
vn -0.0947 -0.9698 0.2246
vn 0.0121 -0.9529 0.3029
vn -0.4543 0.5253 0.7195
vn -0.1731 0.5571 0.8122
vn -0.4508 0.4893 0.7466
vn 0.1214 0.5975 0.7926
vn -0.1743 0.5936 0.7857
vn -0.1747 0.6082 0.7743
vn -0.4557 0.5399 0.7077
vn 0.1201 0.5609 0.8191
vn -0.5877 0.4966 0.6387
vn -0.5848 0.4684 0.6622
vn -0.4564 0.5541 0.6962
vn 0.1221 0.6267 0.7697
vn -0.1750 0.6225 0.7628
vn 0.2734 0.6046 0.7481
vn 0.2718 0.5758 0.7711
vn 0.2693 0.5398 0.7975
vn 0.1220 0.6123 0.7811
vn 0.2726 0.5906 0.7595
vn 0.1233 0.6664 0.7353
vn -0.1756 0.6621 0.7286
vn -0.4588 0.5934 0.6614
vn -0.5864 0.4829 0.6504
vn -0.5904 0.5353 0.6040
vn -0.5803 0.4333 0.6896
vn -0.4812 0.0773 0.8732
vn -0.3992 0.3619 0.8424
vn -0.4412 0.0763 0.8942
vn -0.3444 0.6203 0.7048
vn -0.4387 0.3652 0.8211
vn -0.4547 0.3664 0.8118
vn -0.4975 0.0774 0.8640
vn -0.3055 0.6148 0.7271
vn -0.5153 -0.0764 0.8536
vn -0.4834 -0.0762 0.8721
vn -0.5133 0.0781 0.8546
vn -0.3758 0.6237 0.6854
vn -0.4704 0.3674 0.8023
vn -0.3106 0.7359 0.6017
vn -0.2798 0.7318 0.6214
vn -0.2419 0.7255 0.6443
vn -0.3602 0.6223 0.6950
vn -0.2955 0.7340 0.6115
vn -0.4192 0.6275 0.6561
vn -0.5143 0.3696 0.7739
vn -0.5576 0.0785 0.8264
vn -0.4997 -0.0763 0.8628
vn -0.5591 -0.0764 0.8256
vn -0.4438 -0.0759 0.8929
vn 0.6928 0.3948 0.6034
vn 0.8623 0.1899 0.4694
vn 0.6868 0.3599 0.6315
vn 0.9684 0.0207 0.2484
vn 0.8698 0.2232 0.4400
vn 0.8724 0.2368 0.4277
vn 0.6948 0.4091 0.5915
vn 0.9601 -0.0111 0.2795
vn 0.5790 0.4962 0.6470
vn 0.5758 0.4680 0.6704
vn 0.6968 0.4228 0.5794
vn 0.9738 0.0468 0.2227
vn 0.8746 0.2502 0.4153
vn 0.9912 -0.0635 0.1160
vn 0.9859 -0.0888 0.1422
vn 0.9775 -0.1193 0.1738
vn 0.9713 0.0337 0.2353
vn 0.9888 -0.0759 0.1288
vn 0.9791 0.0833 0.1853
vn 0.8794 0.2878 0.3793
vn 0.7005 0.4616 0.5442
vn 0.5775 0.4825 0.6586
vn 0.5822 0.5349 0.6123
vn 0.5708 0.4329 0.6977
vn -0.0107 0.9589 0.2835
vn 0.2054 0.9755 0.0792
vn 0.0254 0.9506 0.3094
vn 0.3495 0.9203 -0.1756
vn 0.1709 0.9839 0.0514
vn 0.1566 0.9869 0.0399
vn -0.0258 0.9618 0.2727
vn 0.3826 0.9123 -0.1459
vn -0.1322 0.9170 0.3764
vn -0.1023 0.9119 0.3974
vn -0.0402 0.9643 0.2617
vn 0.3217 0.9256 -0.1996
vn 0.1424 0.9894 0.0286
vn 0.4066 0.8593 -0.3103
vn 0.4337 0.8546 -0.2858
vn 0.4657 0.8473 -0.2554
vn 0.3356 0.9231 -0.1879
vn 0.4199 0.8571 -0.2983
vn 0.2819 0.9306 -0.2335
vn 0.1017 0.9948 -0.0038
vn -0.0822 0.9696 0.2306
vn -0.1175 0.9147 0.3867
vn -0.1740 0.9220 0.3460
vn -0.0658 0.9042 0.4221
vn 0.8813 -0.4343 -0.1863
vn 0.7045 -0.6343 -0.3182
vn 0.8737 -0.4622 -0.1516
vn 0.4760 -0.7377 -0.4788
vn 0.7107 -0.6079 -0.3542
vn 0.7128 -0.5966 -0.3688
vn 0.8840 -0.4223 -0.2005
vn 0.4717 -0.7631 -0.4417
vn 0.9446 -0.3067 -0.1165
vn 0.9395 -0.3307 -0.0890
vn 0.8862 -0.4107 -0.2145
vn 0.4788 -0.7156 -0.5085
vn 0.7146 -0.5853 -0.3831
vn 0.3383 -0.7606 -0.5540
vn 0.3363 -0.7823 -0.5243
vn 0.3333 -0.8071 -0.4872
vn 0.4773 -0.7268 -0.4940
vn 0.3374 -0.7714 -0.5396
vn 0.4813 -0.6829 -0.5495
vn 0.7186 -0.5519 -0.4231
vn 0.8912 -0.3761 -0.2537
vn 0.9423 -0.3185 -0.1030
vn 0.9497 -0.2721 -0.1550
vn 0.9316 -0.3593 -0.0555
vn 0.6488 0.5139 -0.5612
vn 0.7477 0.2391 -0.6195
vn 0.6794 0.5093 -0.5282
vn 0.7346 -0.0529 -0.6765
vn 0.7178 0.2414 -0.6530
vn 0.7050 0.2422 -0.6665
vn 0.6357 0.5157 -0.5744
vn 0.7644 -0.0528 -0.6425
vn 0.5667 0.6420 -0.5165
vn 0.5929 0.6384 -0.4909
vn 0.6228 0.5168 -0.5874
vn 0.7090 -0.0528 -0.7033
vn 0.6922 0.2429 -0.6796
vn 0.6949 -0.2060 -0.6889
vn 0.7205 -0.2051 -0.6624
vn 0.7502 -0.2037 -0.6290
vn 0.7217 -0.0531 -0.6901
vn 0.7076 -0.2056 -0.6761
vn 0.6710 -0.0531 -0.7396
vn 0.6543 0.2445 -0.7156
vn 0.5843 0.5201 -0.6230
vn 0.5796 0.6403 -0.5040
vn 0.5283 0.6456 -0.5515
vn 0.6237 0.6328 -0.4589
vn -0.0035 -0.9899 -0.1415
vn -0.1763 -0.9117 -0.3711
vn -0.0441 -0.9916 -0.1218
vn -0.2719 -0.7504 -0.6025
vn -0.1369 -0.9094 -0.3929
vn -0.1205 -0.9078 -0.4016
vn 0.0135 -0.9887 -0.1495
vn -0.3104 -0.7540 -0.5789
vn 0.0965 -0.9952 -0.0185
vn 0.0630 -0.9980 -0.0034
vn 0.0298 -0.9870 -0.1576
vn -0.2400 -0.7463 -0.6208
vn -0.1044 -0.9061 -0.4101
vn -0.3051 -0.6368 -0.7081
vn -0.3365 -0.6415 -0.6894
vn -0.3740 -0.6461 -0.6654
vn -0.2559 -0.7483 -0.6120
vn -0.3206 -0.6392 -0.6990
vn -0.1943 -0.7385 -0.6456
vn -0.0581 -0.8993 -0.4335
vn 0.0771 -0.9807 -0.1796
vn 0.0801 -0.9967 -0.0112
vn 0.1435 -0.9888 -0.0399
vn 0.0223 -0.9996 0.0149
vn 0.5859 -0.6428 -0.4935
vn 0.4784 -0.8296 -0.2880
vn 0.6170 -0.6377 -0.4611
vn 0.2788 -0.9545 -0.1057
vn 0.4462 -0.8362 -0.3188
vn 0.4327 -0.8385 -0.3313
vn 0.5727 -0.6444 -0.5067
vn 0.3124 -0.9469 -0.0765
vn 0.6155 -0.5213 -0.5911
vn 0.6414 -0.5189 -0.5651
vn 0.5594 -0.6461 -0.5193
vn 0.2508 -0.9593 -0.1296
vn 0.4192 -0.8404 -0.3436
vn 0.1560 -0.9877 -0.0110
vn 0.1843 -0.9828 0.0120
vn 0.2184 -0.9750 0.0399
vn 0.2645 -0.9572 -0.1176
vn 0.1699 -0.9855 0.0003
vn 0.2103 -0.9640 -0.1627
vn 0.3799 -0.8443 -0.3779
vn 0.5209 -0.6488 -0.5548
vn 0.6283 -0.5202 -0.5785
vn 0.5773 -0.5236 -0.6265
vn 0.6718 -0.5149 -0.5325
vn -0.5098 -0.2090 -0.8345
vn -0.6071 0.0692 -0.7916
vn -0.5462 -0.2172 -0.8090
vn -0.5955 0.3578 -0.7192
vn -0.5714 0.0797 -0.8168
vn -0.5563 0.0840 -0.8268
vn -0.4943 -0.2056 -0.8446
vn -0.6312 0.3450 -0.6947
vn -0.4323 -0.3473 -0.8322
vn -0.4630 -0.3536 -0.8128
vn -0.4791 -0.2018 -0.8542
vn -0.5653 0.3678 -0.7384
vn -0.5412 0.0882 -0.8363
vn -0.5606 0.5006 -0.6597
vn -0.5906 0.4899 -0.6412
vn -0.6260 0.4761 -0.6176
vn -0.5803 0.3631 -0.7289
vn -0.5754 0.4954 -0.6508
vn -0.5212 0.3814 -0.7634
vn -0.4971 0.1001 -0.8619
vn -0.4345 -0.1917 -0.8800
vn -0.4474 -0.3504 -0.8228
vn -0.3879 -0.3377 -0.8576
vn -0.4994 -0.3605 -0.7878
vn -0.7773 -0.5799 0.2440
vn -0.9268 -0.3311 0.1773
vn -0.7781 -0.5600 0.2845
vn -0.9962 -0.0816 0.0303
vn -0.9272 -0.3490 0.1359
vn -0.9268 -0.3562 0.1188
vn -0.7764 -0.5880 0.2270
vn -0.9952 -0.0658 0.0727
vn -0.6696 -0.6949 0.2623
vn -0.6720 -0.6790 0.2955
vn -0.7755 -0.5953 0.2102
vn -0.9955 -0.0945 -0.0044
vn -0.9261 -0.3632 0.1019
vn -0.9971 0.0507 -0.0572
vn -0.9978 0.0626 -0.0224
vn -0.9968 0.0770 0.0200
vn -0.9961 -0.0879 0.0127
vn -0.9976 0.0565 -0.0402
vn -0.9922 -0.1121 -0.0538
vn -0.9225 -0.3824 0.0533
vn -0.7709 -0.6160 0.1622
vn -0.6709 -0.6872 0.2786
vn -0.6646 -0.7156 0.2149
vn -0.6737 -0.6586 0.3352
vn -0.5084 0.8127 -0.2845
vn -0.4493 0.8934 -0.0040
vn -0.5448 0.7960 -0.2637
vn -0.2929 0.9235 0.2476
vn -0.4122 0.9108 -0.0227
vn -0.3967 0.9175 -0.0303
vn -0.4930 0.8191 -0.2932
vn -0.3311 0.9059 0.2641
vn -0.5140 0.7438 -0.4272
vn -0.5442 0.7319 -0.4100
vn -0.4777 0.8253 -0.3012
vn -0.2611 0.9366 0.2336
vn -0.3812 0.9237 -0.0379
vn -0.1916 0.9095 0.3689
vn -0.2236 0.8967 0.3819
vn -0.2620 0.8796 0.3972
vn -0.2768 0.9303 0.2408
vn -0.2073 0.9034 0.3753
vn -0.2154 0.9529 0.2137
vn -0.3363 0.9399 -0.0594
vn -0.4333 0.8409 -0.3244
vn -0.5289 0.7381 -0.4189
vn -0.4700 0.7589 -0.4506
vn -0.5800 0.7161 -0.3883
vn -0.8475 0.5083 -0.1526
vn -0.6575 0.7375 -0.1542
vn -0.8478 0.5191 -0.1087
vn -0.4072 0.8885 -0.2115
vn -0.6556 0.7286 -0.1983
vn -0.6545 0.7245 -0.2164
vn -0.8470 0.5034 -0.1707
vn -0.4111 0.8961 -0.1671
vn -0.9176 0.3661 -0.1551
vn -0.9187 0.3763 -0.1197
vn -0.8460 0.4988 -0.1884
vn -0.4035 0.8808 -0.2476
vn -0.6531 0.7201 -0.2342
vn -0.2589 0.9348 -0.2432
vn -0.2634 0.9421 -0.2074
vn -0.2685 0.9493 -0.1635
vn -0.4052 0.8849 -0.2298
vn -0.2612 0.9385 -0.2256
vn -0.3969 0.8681 -0.2981
vn -0.6481 0.7065 -0.2844
vn -0.8421 0.4837 -0.2386
vn -0.9183 0.3712 -0.1378
vn -0.9139 0.3507 -0.2046
vn -0.9184 0.3882 -0.0766
vn -0.0013 0.6633 0.7484
vn 0.0791 0.4219 0.9032
vn -0.0419 0.6478 0.7606
vn 0.2177 0.1649 0.9620
vn 0.1206 0.4354 0.8921
vn 0.1377 0.4407 0.8870
vn 0.0156 0.6694 0.7427
vn 0.1752 0.1536 0.9725
vn -0.0357 0.7704 0.6366
vn -0.0684 0.7583 0.6483
vn 0.0322 0.6749 0.7372
vn 0.2522 0.1741 0.9519
vn 0.1545 0.4458 0.8817
vn 0.2918 0.0249 0.9561
vn 0.2573 0.0167 0.9662
vn 0.2150 0.0067 0.9766
vn 0.2352 0.1693 0.9571
vn 0.2750 0.0209 0.9612
vn 0.3006 0.1861 0.9354
vn 0.2021 0.4595 0.8649
vn 0.0792 0.6900 0.7194
vn -0.0517 0.7646 0.6424
vn 0.0107 0.7856 0.6186
vn -0.1081 0.7423 0.6613
vn 0.2181 0.9669 -0.1321
vn 0.4755 0.8797 -0.0103
vn 0.2090 0.9739 -0.0884
vn 0.7092 0.7036 0.0452
vn 0.4868 0.8719 -0.0532
vn 0.4912 0.8682 -0.0708
vn 0.2216 0.9635 -0.1502
vn 0.6960 0.7127 0.0874
vn 0.0755 0.9767 -0.2007
vn 0.0692 0.9838 -0.1651
vn 0.2254 0.9597 -0.1677
vn 0.7189 0.6950 0.0104
vn 0.4954 0.8642 -0.0882
vn 0.8101 0.5827 0.0644
vn 0.8000 0.5919 0.0986
vn 0.7862 0.6019 0.1400
vn 0.7144 0.6992 0.0277
vn 0.8053 0.5873 0.0812
vn 0.7313 0.6810 -0.0387
vn 0.5063 0.8513 -0.1377
vn 0.2347 0.9473 -0.2179
vn 0.0724 0.9804 -0.1833
vn 0.0842 0.9645 -0.2505
vn 0.0614 0.9907 -0.1216
vn -0.4362 -0.6282 -0.6443
vn -0.7793 -0.5915 -0.2069
vn -0.7226 -0.4443 -0.5296
vn 0.0318 -0.8792 -0.4754
vn -0.0918 -0.6681 -0.7384
vn -0.0222 -0.9975 0.0664
vn 0.2301 -0.9553 -0.1858
vn -0.5235 -0.8197 0.2323
vn -0.2017 -0.9090 0.3646
vn -0.7905 -0.5933 0.1521
vn -0.6757 -0.3580 -0.6444
vn -0.8153 -0.3431 -0.4665
vn -0.7508 -0.3508 -0.5596
vn -0.4218 -0.4597 -0.7815
vn -0.8949 -0.4091 -0.1785
vn 0.0575 -0.6527 -0.7555
vn -0.1328 -0.5506 -0.8242
vn -0.0367 -0.6041 -0.7961
vn 0.2232 -0.8057 -0.5487
vn 0.3126 -0.9480 -0.0594
vn 0.3346 -0.8999 -0.2798
vn 0.3277 -0.9293 -0.1704
vn 0.1488 -0.9688 0.1981
vn -0.2629 -0.8359 0.4818
vn -0.0590 -0.9082 0.4143
vn -0.1612 -0.8770 0.4527
vn -0.5422 -0.7237 0.4269
vn -0.8738 -0.4713 0.1203
vn -0.7697 -0.5641 0.2989
vn -0.8277 -0.5194 0.2122
vn -0.6524 -0.6447 0.3984
vn -0.9082 -0.4165 -0.0408
vn -0.7101 -0.7024 0.0486
vn -0.5760 -0.2457 0.7796
vn -0.4517 -0.5696 0.6866
vn -0.7846 0.2292 0.5761
vn -0.5545 0.1100 0.8249
vn -0.9899 0.1236 0.0690
vn -0.8764 0.3972 0.2722
vn -0.9726 -0.1049 -0.2076
vn -0.5970 -0.7986 0.0764
vn -0.7010 -0.7058 -0.1022
vn -0.6519 -0.7582 -0.0143
vn -0.4936 -0.7898 0.3642
vn -0.8462 -0.4751 -0.2412
vn -0.3435 -0.5220 0.7807
vn -0.3746 -0.6843 0.6256
vn -0.3594 -0.6078 0.7081
vn -0.3883 -0.2397 0.8898
vn -0.5168 0.2561 0.8169
vn -0.4320 0.0629 0.8997
vn -0.4758 0.1616 0.8646
vn -0.6758 0.4149 0.6092
vn -0.8774 0.4604 0.1350
vn -0.7939 0.5033 0.3412
vn -0.8402 0.4867 0.2389
vn -0.9588 0.2694 -0.0898
vn -0.9269 -0.1915 -0.3227
vn -0.9602 0.0282 -0.2780
vn -0.9491 -0.0817 -0.3043
vn -0.9634 0.1817 -0.1969
vn -0.8817 -0.3584 -0.3068
vn -0.9891 -0.1412 -0.0417
vn -0.6707 0.4788 -0.5665
vn -0.8250 0.5099 -0.2436
vn -0.4082 0.1223 -0.9047
vn -0.3932 0.4636 -0.7940
vn -0.5386 -0.3951 -0.7442
vn -0.2904 -0.2160 -0.9322
vn -0.6587 -0.5897 -0.4672
vn -0.9957 -0.0497 0.0784
vn -0.9625 -0.2693 0.0337
vn -0.9852 -0.1610 0.0585
vn -0.9688 0.2475 0.0106
vn -0.8562 -0.4970 -0.1408
vn -0.7354 0.6315 -0.2457
vn -0.8545 0.5107 -0.0954
vn -0.7995 0.5761 -0.1701
vn -0.5654 0.6569 -0.4988
vn -0.2569 0.4467 -0.8570
vn -0.3637 0.5917 -0.7194
vn -0.3106 0.5238 -0.7932
vn -0.2034 0.1655 -0.9650
vn -0.2215 -0.3487 -0.9107
vn -0.1685 -0.1383 -0.9760
vn -0.1942 -0.2456 -0.9497
vn -0.3832 -0.5477 -0.7438
vn -0.6780 -0.6555 -0.3326
vn -0.5385 -0.6704 -0.5105
vn -0.6111 -0.6688 -0.4233
vn -0.1621 0.0350 -0.9862
vn -0.2925 -0.4824 -0.8257
vn -0.4439 -0.1615 -0.8814
vn 0.3864 0.1038 -0.9165
vn 0.0840 0.2944 -0.9520
vn 0.5950 -0.3711 -0.7129
vn 0.6728 -0.0214 -0.7395
vn 0.1754 -0.7334 -0.6568
vn 0.5087 -0.6725 -0.5376
vn -0.1815 -0.7590 -0.6253
vn -0.4983 -0.0213 -0.8668
vn -0.5513 -0.2317 -0.8015
vn -0.5299 -0.1266 -0.8386
vn -0.2963 0.1984 -0.9342
vn -0.4760 -0.5147 -0.7130
vn 0.1793 0.3991 -0.8992
vn -0.0438 0.3711 -0.9276
vn 0.0678 0.3895 -0.9185
vn 0.4598 0.2933 -0.8382
vn 0.7709 -0.0659 -0.6335
vn 0.6861 0.1273 -0.7163
vn 0.7344 0.0320 -0.6780
vn 0.7473 -0.3613 -0.5576
vn 0.4590 -0.7736 -0.4369
vn 0.6297 -0.6262 -0.4597
vn 0.5487 -0.7050 -0.4493
vn 0.1690 -0.8607 -0.4803
vn -0.3253 -0.7460 -0.5810
vn -0.1350 -0.8481 -0.5124
vn -0.2327 -0.8030 -0.5486
vn 0.7206 -0.4831 -0.4973
vn 0.3010 -0.8454 -0.4412
vn 0.4304 -0.6026 -0.6721
vn 0.9259 -0.3776 0.0098
vn 0.9164 -0.2388 -0.3214
vn 0.6332 -0.6746 0.3793
vn 0.8484 -0.3877 0.3603
vn 0.2470 -0.9638 0.1006
vn 0.3205 -0.8435 0.4310
vn 0.0621 -0.9763 -0.2071
vn 0.4614 -0.4761 -0.7487
vn 0.2907 -0.6234 -0.7258
vn 0.3773 -0.5522 -0.7434
vn 0.7000 -0.3190 -0.6390
vn 0.1216 -0.8184 -0.5616
vn 0.9632 -0.1200 -0.2405
vn 0.8797 -0.1629 -0.4468
vn 0.9275 -0.1403 -0.3464
vn 0.9830 -0.1736 0.0600
vn 0.7857 -0.3690 0.4965
vn 0.9047 -0.2482 0.3462
vn 0.8506 -0.3089 0.4254
vn 0.5795 -0.5830 0.5694
vn 0.1742 -0.8790 0.4439
vn 0.3312 -0.7614 0.5573
vn 0.2529 -0.8250 0.5054
vn 0.0472 -0.9816 0.1852
vn -0.0263 -0.9451 -0.3256
vn -0.0482 -0.9933 -0.1053
vn -0.0396 -0.9754 -0.2170
vn 0.0786 -0.9457 0.3153
vn -0.4227 -0.7679 0.4812
vn -0.2646 -0.9414 0.2093
vn 0.4648 -0.6566 0.5940
vn 0.4256 -0.8548 0.2970
vn 0.2022 -0.3001 0.9322
vn 0.5217 -0.3527 0.7768
vn -0.3463 -0.3689 0.8625
vn -0.1090 -0.1290 0.9856
vn -0.5950 -0.4928 0.6349
vn -0.1941 -0.9776 0.0807
vn -0.3980 -0.9053 0.1482
vn -0.2987 -0.9476 0.1132
vn 0.1107 -0.9884 0.1042
vn -0.5803 -0.7433 0.3329
vn 0.5570 -0.7856 0.2695
vn 0.3999 -0.9031 0.1562
vn 0.4827 -0.8496 0.2125
vn 0.6431 -0.5898 0.4884
vn 0.5330 -0.2084 0.8201
vn 0.6398 -0.3534 0.6825
vn 0.5916 -0.2812 0.7556
vn 0.2812 -0.0984 0.9546
vn -0.2330 -0.0438 0.9715
vn -0.0099 -0.0158 0.9998
vn -0.1225 -0.0279 0.9921
vn -0.4749 -0.1932 0.8585
vn -0.6824 -0.5192 0.5145
vn -0.6513 -0.3569 0.6696
vn -0.6727 -0.4398 0.5950
vn -0.7206 0.4831 0.4973
vn -0.9259 0.3776 -0.0098
vn -0.9164 0.2388 0.3214
vn -0.3010 0.8454 0.4412
vn -0.4304 0.6026 0.6721
vn -0.2470 0.9638 -0.1006
vn -0.0621 0.9763 0.2071
vn -0.6332 0.6746 -0.3793
vn -0.3205 0.8435 -0.4310
vn -0.8484 0.3877 -0.3604
vn -0.8797 0.1629 0.4468
vn -0.9632 0.1200 0.2406
vn -0.9275 0.1403 0.3464
vn -0.6999 0.3190 0.6390
vn -0.9830 0.1735 -0.0600
vn -0.2907 0.6234 0.7258
vn -0.4614 0.4761 0.7487
vn -0.3774 0.5522 0.7434
vn -0.1216 0.8184 0.5616
vn 0.0482 0.9933 0.1053
vn 0.0263 0.9451 0.3256
vn 0.0396 0.9754 0.2170
vn -0.0472 0.9816 -0.1852
vn -0.3312 0.7614 -0.5573
vn -0.1742 0.8790 -0.4439
vn -0.2529 0.8250 -0.5054
vn -0.5795 0.5830 -0.5694
vn -0.9047 0.2482 -0.3462
vn -0.7857 0.3690 -0.4965
vn -0.8506 0.3089 -0.4254
vn -0.4648 0.6566 -0.5940
vn -0.2022 0.3001 -0.9322
vn -0.5217 0.3527 -0.7768
vn -0.0786 0.9457 -0.3153
vn -0.4256 0.8548 -0.2970
vn 0.4227 0.7679 -0.4812
vn 0.2646 0.9414 -0.2093
vn 0.3463 0.3689 -0.8625
vn 0.5950 0.4928 -0.6349
vn 0.1090 0.1290 -0.9856
vn -0.6398 0.3534 -0.6825
vn -0.5330 0.2084 -0.8201
vn -0.5916 0.2812 -0.7556
vn -0.6431 0.5898 -0.4884
vn -0.2811 0.0984 -0.9546
vn -0.3999 0.9031 -0.1562
vn -0.5570 0.7856 -0.2695
vn -0.4827 0.8496 -0.2125
vn -0.1107 0.9884 -0.1042
vn 0.3980 0.9053 -0.1482
vn 0.1941 0.9776 -0.0807
vn 0.2987 0.9476 -0.1132
vn 0.5803 0.7433 -0.3329
vn 0.6513 0.3569 -0.6696
vn 0.6824 0.5192 -0.5145
vn 0.6727 0.4398 -0.5950
vn 0.4749 0.1932 -0.8585
vn 0.0100 0.0158 -0.9998
vn 0.2330 0.0438 -0.9715
vn 0.1225 0.0279 -0.9921
vn 0.5760 0.2457 -0.7796
vn 0.7846 -0.2292 -0.5761
vn 0.5545 -0.1100 -0.8249
vn 0.6524 0.6447 -0.3984
vn 0.4517 0.5696 -0.6866
vn 0.9082 0.4165 0.0408
vn 0.7101 0.7024 -0.0486
vn 0.9899 -0.1236 -0.0690
vn 0.9726 0.1049 0.2076
vn 0.8764 -0.3972 -0.2722
vn 0.4320 -0.0629 -0.8997
vn 0.5168 -0.2561 -0.8169
vn 0.4758 -0.1616 -0.8646
vn 0.3883 0.2397 -0.8898
vn 0.6758 -0.4149 -0.6093
vn 0.3746 0.6843 -0.6256
vn 0.3435 0.5220 -0.7807
vn 0.3594 0.6078 -0.7081
vn 0.4936 0.7898 -0.3642
vn 0.7010 0.7058 0.1022
vn 0.5970 0.7986 -0.0764
vn 0.6519 0.7582 0.0143
vn 0.8462 0.4751 0.2412
vn 0.9602 -0.0282 0.2780
vn 0.9269 0.1915 0.3227
vn 0.9491 0.0817 0.3043
vn 0.9588 -0.2694 0.0898
vn 0.7939 -0.5033 -0.3412
vn 0.8774 -0.4604 -0.1350
vn 0.8402 -0.4867 -0.2389
vn 0.9634 -0.1817 0.1969
vn 0.6707 -0.4788 0.5665
vn 0.8250 -0.5099 0.2436
vn 0.8817 0.3584 0.3068
vn 0.9891 0.1411 0.0417
vn 0.5386 0.3951 0.7442
vn 0.6587 0.5897 0.4672
vn 0.4082 -0.1223 0.9047
vn 0.2904 0.2160 0.9322
vn 0.3932 -0.4636 0.7940
vn 0.8545 -0.5107 0.0954
vn 0.7354 -0.6315 0.2457
vn 0.7995 -0.5761 0.1701
vn 0.9688 -0.2475 -0.0106
vn 0.5654 -0.6569 0.4988
vn 0.9625 0.2693 -0.0338
vn 0.9957 0.0497 -0.0784
vn 0.9852 0.1610 -0.0586
vn 0.8562 0.4970 0.1408
vn 0.5385 0.6704 0.5105
vn 0.6780 0.6555 0.3326
vn 0.6112 0.6688 0.4233
vn 0.3832 0.5477 0.7438
vn 0.1684 0.1383 0.9760
vn 0.2215 0.3487 0.9107
vn 0.1942 0.2456 0.9497
vn 0.2034 -0.1655 0.9650
vn 0.3637 -0.5917 0.7194
vn 0.2569 -0.4467 0.8570
vn 0.3106 -0.5238 0.7932
vn 0.1621 -0.0350 0.9862
vn -0.3864 -0.1038 0.9165
vn -0.0840 -0.2944 0.9520
vn 0.2925 0.4824 0.8257
vn 0.4439 0.1615 0.8814
vn -0.1754 0.7334 0.6568
vn 0.1815 0.7590 0.6253
vn -0.5950 0.3711 0.7129
vn -0.5087 0.6725 0.5376
vn -0.6728 0.0214 0.7395
vn 0.0438 -0.3711 0.9276
vn -0.1793 -0.3991 0.8992
vn -0.0678 -0.3895 0.9185
vn 0.2963 -0.1984 0.9343
vn -0.4598 -0.2933 0.8382
vn 0.5513 0.2317 0.8015
vn 0.4982 0.0213 0.8668
vn 0.5299 0.1266 0.8386
vn 0.4760 0.5148 0.7130
vn 0.1350 0.8481 0.5124
vn 0.3253 0.7460 0.5811
vn 0.2327 0.8030 0.5486
vn -0.1690 0.8607 0.4803
vn -0.6297 0.6262 0.4597
vn -0.4590 0.7736 0.4369
vn -0.5487 0.7050 0.4493
vn -0.7473 0.3613 0.5576
vn -0.6861 -0.1273 0.7163
vn -0.7709 0.0659 0.6335
vn -0.7344 -0.0320 0.6779
vn 0.7793 0.5915 0.2069
vn 0.4362 0.6282 0.6443
vn 0.7226 0.4443 0.5296
vn 0.5235 0.8197 -0.2323
vn 0.7905 0.5932 -0.1521
vn 0.0222 0.9975 -0.0664
vn 0.2017 0.9090 -0.3646
vn -0.0318 0.8792 0.4754
vn -0.2301 0.9553 0.1858
vn 0.0918 0.6681 0.7384
vn 0.8153 0.3430 0.4665
vn 0.6757 0.3580 0.6444
vn 0.7509 0.3508 0.5596
vn 0.8949 0.4091 0.1785
vn 0.4218 0.4597 0.7815
vn 0.7697 0.5641 -0.2989
vn 0.8738 0.4712 -0.1203
vn 0.8278 0.5194 -0.2122
vn 0.5422 0.7237 -0.4269
vn 0.0590 0.9082 -0.4143
vn 0.2629 0.8359 -0.4818
vn 0.1612 0.8769 -0.4528
vn -0.1488 0.9688 -0.1981
vn -0.3346 0.8999 0.2798
vn -0.3126 0.9480 0.0594
vn -0.3277 0.9293 0.1704
vn -0.2232 0.8057 0.5487
vn 0.1328 0.5506 0.8241
vn -0.0575 0.6526 0.7555
vn 0.0367 0.6041 0.7960
vn -0.6509 0.4488 0.6123
vn -0.6336 0.6702 0.3864
vn -0.7473 0.5551 0.3652
vn -0.3941 0.4565 0.7977
vn -0.5417 0.5741 0.6139
vn -0.5282 0.7499 0.3984
vn -0.3118 0.5568 0.7699
vn -0.4376 0.6679 0.6020
vn -0.8026 0.4830 0.3500
vn -0.7704 0.5972 0.2233
vn -0.8242 0.5276 0.2058
vn -0.7044 0.3728 0.6040
vn -0.4878 0.3235 0.8108
vn -0.5359 0.2450 0.8080
vn -0.3826 0.2511 0.8891
vn -0.2983 0.3839 0.8739
vn -0.2310 0.4797 0.8465
vn -0.1963 0.5437 0.8160
vn -0.2853 0.6227 0.7286
vn -0.3851 0.7078 0.5922
vn -0.4582 0.7769 0.4318
vn -0.4997 0.8144 0.2951
vn -0.5658 0.7785 0.2716
vn -0.6607 0.7072 0.2517
vn 0.4599 0.8137 -0.3556
vn 0.3935 0.9171 -0.0636
vn 0.5363 0.8401 -0.0814
vn 0.2013 0.8183 -0.5384
vn 0.3197 0.8935 -0.3154
vn 0.2693 0.9617 -0.0503
vn 0.0956 0.8725 -0.4792
vn 0.1941 0.9418 -0.2746
vn 0.6106 0.7866 -0.0917
vn 0.5546 0.8294 0.0669
vn 0.6269 0.7768 0.0595
vn 0.5332 0.7589 -0.3738
vn 0.3280 0.7330 -0.5959
vn 0.3965 0.6765 -0.6206
vn 0.2433 0.6694 -0.7019
vn 0.1258 0.7563 -0.6420
vn 0.0358 0.8110 -0.5839
vn -0.0139 0.8457 -0.5334
vn 0.0539 0.9071 -0.4174
vn 0.1331 0.9582 -0.2533
vn 0.1927 0.9784 -0.0748
vn 0.2296 0.9709 0.0680
vn 0.3045 0.9492 0.0798
vn 0.4167 0.9058 0.0763
vn 0.1624 -0.1730 0.9714
vn 0.0241 -0.4473 0.8940
vn 0.1864 -0.4419 0.8775
vn -0.0524 0.0584 0.9969
vn -0.0015 -0.1995 0.9799
vn -0.1084 -0.4408 0.8911
vn -0.1775 0.0161 0.9840
vn -0.1403 -0.2177 0.9659
vn 0.2760 -0.4326 0.8583
vn 0.1876 -0.5700 0.7999
vn 0.2747 -0.5630 0.7795
vn 0.2526 -0.1560 0.9549
vn 0.1035 0.1061 0.9890
vn 0.1908 0.1307 0.9729
vn 0.0638 0.2488 0.9665
vn -0.0846 0.1956 0.9770
vn -0.1954 0.1494 0.9693
vn -0.2607 0.1062 0.9596
vn -0.2369 -0.0391 0.9708
vn -0.2052 -0.2248 0.9526
vn -0.1817 -0.4040 0.8965
vn -0.1638 -0.5343 0.8293
vn -0.0885 -0.5575 0.8255
vn 0.0311 -0.5695 0.8214
vn -0.3208 0.2292 -0.9190
vn -0.2074 0.5123 -0.8334
vn -0.1013 0.4117 -0.9057
vn -0.6003 0.1731 -0.7808
vn -0.4115 0.3460 -0.8431
vn -0.2916 0.5826 -0.7586
vn -0.6465 0.2762 -0.7112
vn -0.4795 0.4375 -0.7607
vn -0.0409 0.3492 -0.9362
vn 0.0147 0.4982 -0.8669
vn 0.0755 0.4388 -0.8954
vn -0.2659 0.1607 -0.9505
vn -0.5269 0.0441 -0.8488
vn -0.4784 -0.0286 -0.8777
vn -0.6214 -0.0510 -0.7818
vn -0.6883 0.0786 -0.7211
vn -0.7263 0.1775 -0.6641
vn -0.7366 0.2475 -0.6294
vn -0.6445 0.3517 -0.6790
vn -0.5084 0.4779 -0.7163
vn -0.3609 0.5965 -0.7169
vn -0.2390 0.6772 -0.6959
vn -0.1771 0.6517 -0.7375
vn -0.0940 0.5918 -0.8006
vn -0.2593 0.7869 0.5600
vn -0.2731 0.5609 0.7815
vn -0.1283 0.6338 0.7627
vn -0.5127 0.7746 0.3703
vn -0.3965 0.6996 0.5945
vn -0.3866 0.4922 0.7799
vn -0.6030 0.6852 0.4084
vn -0.5041 0.6105 0.6109
vn -0.0454 0.6684 0.7424
vn -0.0597 0.5299 0.8460
vn 0.0222 0.5613 0.8273
vn -0.1790 0.8265 0.5338
vn -0.3879 0.8654 0.3172
vn -0.3122 0.9064 0.2844
vn -0.4476 0.8759 0.1801
vn -0.5657 0.7892 0.2391
vn -0.6452 0.7099 0.2822
vn -0.6857 0.6538 0.3200
vn -0.6338 0.6253 0.4553
vn -0.5517 0.5640 0.6145
vn -0.4610 0.4710 0.7521
vn -0.3823 0.3831 0.8409
vn -0.3104 0.4112 0.8571
vn -0.2033 0.4659 0.8612
vn -0.4167 -0.4244 -0.8039
vn -0.1386 -0.3401 -0.9301
vn -0.1439 -0.4878 -0.8610
vn -0.6080 -0.1735 -0.7747
vn -0.3894 -0.2781 -0.8781
vn -0.1340 -0.2129 -0.9678
vn -0.5581 -0.0625 -0.8274
vn -0.3578 -0.1482 -0.9219
vn -0.1464 -0.5655 -0.8116
vn 0.0052 -0.5007 -0.8656
vn 0.0056 -0.5762 -0.8173
vn -0.4270 -0.5015 -0.7525
vn -0.6525 -0.3074 -0.6926
vn -0.6692 -0.3801 -0.6386
vn -0.7547 -0.2311 -0.6140
vn -0.7076 -0.1062 -0.6986
vn -0.6583 -0.0108 -0.7527
vn -0.6132 0.0429 -0.7888
vn -0.5014 -0.0164 -0.8650
vn -0.3404 -0.0856 -0.9364
vn -0.1627 -0.1365 -0.9772
vn -0.0187 -0.1680 -0.9856
vn -0.0022 -0.2435 -0.9699
vn 0.0025 -0.3581 -0.9337
vn -0.6743 0.5736 -0.4651
vn -0.7299 0.6630 -0.1663
vn -0.6161 0.7481 -0.2464
vn -0.8015 0.2893 -0.5234
vn -0.7852 0.4997 -0.3656
vn -0.8089 0.5794 -0.0999
vn -0.8735 0.2419 -0.4225
vn -0.8622 0.4264 -0.2735
vn -0.5447 0.7869 -0.2898
vn -0.5691 0.8134 -0.1201
vn -0.4986 0.8520 -0.1599
vn -0.6038 0.6081 -0.5154
vn -0.6936 0.3433 -0.6333
vn -0.6244 0.3708 -0.6875
vn -0.6849 0.2085 -0.6981
vn -0.7908 0.1639 -0.5897
vn -0.8584 0.1295 -0.4963
vn -0.8960 0.1190 -0.4278
vn -0.9060 0.2423 -0.3470
vn -0.8927 0.3887 -0.2279
vn -0.8544 0.5119 -0.0894
vn -0.8054 0.5922 0.0244
vn -0.7584 0.6518 0.0027
vn -0.6826 0.7291 -0.0496
vn -0.9475 0.2963 -0.1202
vn -0.8859 0.2037 -0.4168
vn -0.9444 0.0888 -0.3167
vn -0.8143 0.5773 -0.0598
vn -0.8865 0.3969 -0.2377
vn -0.8213 0.2949 -0.4884
vn -0.7567 0.6324 -0.1658
vn -0.8158 0.4735 -0.3321
vn -0.9665 0.0236 -0.2556
vn -0.9102 -0.0201 -0.4138
vn -0.9306 -0.0854 -0.3559
vn -0.9703 0.2361 -0.0527
vn -0.8668 0.4936 0.0701
vn -0.8868 0.4397 0.1421
vn -0.7943 0.5849 0.1643
vn -0.7488 0.6619 0.0340
vn -0.7030 0.7080 -0.0672
vn -0.6757 0.7239 -0.1394
vn -0.7319 0.6362 -0.2441
vn -0.7766 0.5066 -0.3746
vn -0.7835 0.3666 -0.5017
vn -0.7663 0.2507 -0.5916
vn -0.8030 0.1857 -0.5663
vn -0.8571 0.0967 -0.5061
vn -0.6078 -0.7344 0.3022
vn -0.5646 -0.8253 0.0018
vn -0.4568 -0.8827 0.1101
vn -0.8105 -0.4915 0.3186
vn -0.7052 -0.6867 0.1763
vn -0.6426 -0.7615 -0.0845
vn -0.8648 -0.4599 0.2016
vn -0.7726 -0.6315 0.0658
vn -0.3911 -0.9043 0.1709
vn -0.3658 -0.9307 0.0013
vn -0.3000 -0.9521 0.0584
vn -0.5456 -0.7523 0.3694
vn -0.7232 -0.5210 0.4533
vn -0.6650 -0.5325 0.5237
vn -0.7638 -0.3902 0.5141
vn -0.8473 -0.3694 0.3816
vn -0.8961 -0.3496 0.2734
vn -0.9171 -0.3464 0.1975
vn -0.8766 -0.4659 0.1206
vn -0.7992 -0.6009 0.0129
vn -0.6992 -0.7067 -0.1080
vn -0.6056 -0.7692 -0.2037
vn -0.5524 -0.8162 -0.1693
vn -0.4754 -0.8744 -0.0975
vn -0.1668 0.8808 0.4432
vn -0.4057 0.8833 0.2351
vn -0.4376 0.8150 0.3799
vn 0.1080 0.9477 0.3004
vn -0.1553 0.9443 0.2900
vn -0.3695 0.9223 0.1136
vn 0.0945 0.9805 0.1725
vn -0.1422 0.9778 0.1540
vn -0.4495 0.7671 0.4577
vn -0.5657 0.7560 0.3293
vn -0.5793 0.7081 0.4038
vn -0.1712 0.8343 0.5240
vn 0.1189 0.8848 0.4506
vn 0.1225 0.8389 0.5304
vn 0.2659 0.8603 0.4349
vn 0.2480 0.9239 0.2914
vn 0.2278 0.9574 0.1776
vn 0.2000 0.9741 0.1057
vn 0.0536 0.9933 0.1024
vn -0.1350 0.9869 0.0884
vn -0.3170 0.9468 0.0553
vn -0.4505 0.8925 0.0231
vn -0.4902 0.8673 0.0864
vn -0.5290 0.8265 0.1927
vn -0.7729 0.3574 0.5243
vn -0.8970 0.0800 0.4348
vn -0.8140 0.0793 0.5754
vn -0.7749 0.5645 0.2845
vn -0.8599 0.3359 0.3843
vn -0.9467 0.0815 0.3118
vn -0.8364 0.5192 0.1760
vn -0.9151 0.3105 0.2574
vn -0.7575 0.0790 0.6481
vn -0.8122 -0.0705 0.5791
vn -0.7568 -0.0734 0.6495
vn -0.7146 0.3652 0.5967
vn -0.6818 0.6042 0.4125
vn -0.6215 0.6186 0.4807
vn -0.6145 0.7139 0.3358
vn -0.7091 0.6709 0.2168
vn -0.7705 0.6253 0.1239
vn -0.8100 0.5820 0.0712
vn -0.8763 0.4639 0.1301
vn -0.9349 0.2962 0.1954
vn -0.9644 0.1143 0.2386
vn -0.9647 -0.0316 0.2615
vn -0.9412 -0.0519 0.3340
vn -0.8938 -0.0619 0.4441
vn 0.8465 0.5213 0.1077
vn 0.6384 0.7595 0.1248
vn 0.6760 0.6872 0.2661
vn 0.8843 0.4257 -0.1919
vn 0.7938 0.6077 -0.0242
vn 0.5970 0.8022 0.0062
vn 0.8191 0.5006 -0.2800
vn 0.7320 0.6677 -0.1354
vn 0.6902 0.6375 0.3424
vn 0.5626 0.7551 0.3367
vn 0.5740 0.7077 0.4119
vn 0.8659 0.4664 0.1806
vn 0.9424 0.3255 -0.0770
vn 0.9640 0.2657 -0.0103
vn 0.9607 0.2146 -0.1761
vn 0.9052 0.3177 -0.2822
vn 0.8477 0.3928 -0.3565
vn 0.8037 0.4476 -0.3921
vn 0.7695 0.5614 -0.3044
vn 0.6976 0.6915 -0.1873
vn 0.5921 0.8023 -0.0759
vn 0.4923 0.8704 0.0090
vn 0.5040 0.8594 0.0862
vn 0.5333 0.8227 0.1969
vn -0.1813 0.9579 -0.2227
vn -0.4652 0.8788 -0.1065
vn -0.3565 0.9343 0.0019
vn -0.1438 0.8444 -0.5161
vn -0.3058 0.8983 -0.3154
vn -0.5430 0.8169 -0.1944
vn -0.2527 0.7859 -0.5644
vn -0.4046 0.8285 -0.3870
vn -0.2901 0.9550 0.0623
vn -0.4413 0.8897 0.1171
vn -0.3780 0.9085 0.1778
vn -0.1091 0.9798 -0.1679
vn -0.0083 0.8970 -0.4419
vn 0.0678 0.9167 -0.3939
vn 0.0790 0.8340 -0.5461
vn -0.0564 0.7880 -0.6131
vn -0.1600 0.7409 -0.6523
vn -0.2324 0.7116 -0.6630
vn -0.3300 0.7582 -0.5624
vn -0.4488 0.7897 -0.4184
vn -0.5619 0.7830 -0.2668
vn -0.6394 0.7552 -0.1442
vn -0.6092 0.7890 -0.0797
vn -0.5425 0.8400 0.0065
vn 0.6921 -0.2853 -0.6631
vn 0.8034 0.0035 -0.5954
vn 0.8575 -0.1180 -0.5008
vn 0.4418 -0.2673 -0.8564
vn 0.6492 -0.1478 -0.7461
vn 0.7425 0.1006 -0.6622
vn 0.4158 -0.1439 -0.8980
vn 0.5988 -0.0283 -0.8004
vn 0.8775 -0.1861 -0.4421
vn 0.9155 -0.0216 -0.4018
vn 0.9355 -0.0861 -0.3427
vn 0.7078 -0.3591 -0.6083
vn 0.4657 -0.4113 -0.7836
vn 0.4747 -0.4876 -0.7327
vn 0.3299 -0.4599 -0.8244
vn 0.3147 -0.3190 -0.8940
vn 0.3001 -0.2056 -0.9315
vn 0.3011 -0.1279 -0.9450
vn 0.4265 -0.0626 -0.9023
vn 0.5707 0.0287 -0.8206
vn 0.6874 0.1328 -0.7140
vn 0.7591 0.2150 -0.6144
vn 0.8056 0.1728 -0.5667
vn 0.8617 0.0906 -0.4992
vn 0.3495 0.2372 -0.9064
vn 0.1340 0.4672 -0.8740
vn 0.2835 0.5008 -0.8178
vn 0.2105 -0.0386 -0.9768
vn 0.1914 0.2233 -0.9558
vn 0.0106 0.4285 -0.9035
vn 0.0797 -0.0284 -0.9964
vn 0.0533 0.2068 -0.9769
vn 0.3651 0.5130 -0.7769
vn 0.2344 0.6230 -0.7463
vn 0.3128 0.6367 -0.7048
vn 0.4342 0.2422 -0.8676
vn 0.3664 -0.0471 -0.9293
vn 0.4503 -0.0503 -0.8914
vn 0.3583 -0.1958 -0.9128
vn 0.2087 -0.1800 -0.9613
vn 0.0916 -0.1625 -0.9824
vn 0.0176 -0.1367 -0.9905
vn 0.0073 0.0103 -0.9999
vn -0.0126 0.1975 -0.9802
vn -0.0479 0.3752 -0.9257
vn -0.0794 0.5038 -0.8602
vn -0.0153 0.5444 -0.8387
vn 0.0930 0.5850 -0.8057
vn 0.2593 -0.7869 -0.5600
vn 0.5127 -0.7746 -0.3703
vn 0.3879 -0.8654 -0.3171
vn 0.2731 -0.5609 -0.7815
vn 0.3965 -0.6996 -0.5945
vn 0.6030 -0.6852 -0.4084
vn 0.3866 -0.4922 -0.7799
vn 0.5041 -0.6105 -0.6109
vn 0.3122 -0.9064 -0.2844
vn 0.4476 -0.8759 -0.1801
vn 0.3749 -0.9156 -0.1457
vn 0.1790 -0.8265 -0.5338
vn 0.1284 -0.6338 -0.7627
vn 0.0454 -0.6684 -0.7424
vn 0.0597 -0.5299 -0.8460
vn 0.2033 -0.4659 -0.8612
vn 0.3104 -0.4112 -0.8571
vn 0.3823 -0.3831 -0.8409
vn 0.4610 -0.4710 -0.7521
vn 0.5517 -0.5640 -0.6145
vn 0.6338 -0.6252 -0.4553
vn 0.6857 -0.6538 -0.3200
vn 0.6453 -0.7099 -0.2822
vn 0.5657 -0.7892 -0.2390
vn 0.0860 -0.8086 -0.5820
vn 0.0726 -0.5861 -0.8070
vn 0.2215 -0.6222 -0.7509
vn -0.2015 -0.8642 -0.4610
vn -0.0555 -0.7563 -0.6519
vn -0.0510 -0.5471 -0.8355
vn -0.2986 -0.7983 -0.5230
vn -0.1741 -0.6956 -0.6970
vn 0.3027 -0.6361 -0.7097
vn 0.2811 -0.5021 -0.8178
vn 0.3610 -0.5133 -0.7786
vn 0.1644 -0.8283 -0.5356
vn -0.0754 -0.9235 -0.3760
vn -0.0025 -0.9459 -0.3244
vn -0.1626 -0.9525 -0.2576
vn -0.2800 -0.8953 -0.3465
vn -0.3633 -0.8364 -0.4104
vn -0.4056 -0.7907 -0.4587
vn -0.3305 -0.7462 -0.5779
vn -0.2292 -0.6619 -0.7137
vn -0.1328 -0.5455 -0.8275
vn -0.0585 -0.4384 -0.8969
vn 0.0198 -0.4476 -0.8940
vn 0.1345 -0.4745 -0.8699
vn -0.1624 0.1730 -0.9714
vn 0.0524 -0.0584 -0.9969
vn -0.1035 -0.1061 -0.9890
vn -0.0241 0.4473 -0.8940
vn 0.0015 0.1995 -0.9799
vn 0.1775 -0.0161 -0.9840
vn 0.1084 0.4408 -0.8911
vn 0.1403 0.2177 -0.9659
vn -0.1908 -0.1307 -0.9729
vn -0.0638 -0.2488 -0.9665
vn -0.1479 -0.2752 -0.9500
vn -0.2526 0.1560 -0.9549
vn -0.1864 0.4419 -0.8775
vn -0.2760 0.4326 -0.8583
vn -0.1876 0.5700 -0.7999
vn -0.0311 0.5695 -0.8214
vn 0.0885 0.5575 -0.8255
vn 0.1638 0.5343 -0.8293
vn 0.1817 0.4040 -0.8965
vn 0.2052 0.2248 -0.9526
vn 0.2369 0.0391 -0.9708
vn 0.2607 -0.1062 -0.9596
vn 0.1954 -0.1494 -0.9693
vn 0.0846 -0.1956 -0.9770
vn -0.8295 -0.4839 -0.2789
vn -0.6186 -0.7163 -0.3229
vn -0.6852 -0.7073 -0.1741
vn -0.8140 -0.2716 -0.5135
vn -0.7493 -0.5101 -0.4222
vn -0.5539 -0.7078 -0.4384
vn -0.7304 -0.3061 -0.6106
vn -0.6653 -0.5213 -0.5344
vn -0.7155 -0.6930 -0.0883
vn -0.5844 -0.8028 -0.1180
vn -0.6117 -0.7904 -0.0335
vn -0.8645 -0.4633 -0.1949
vn -0.8968 -0.2255 -0.3806
vn -0.9330 -0.1978 -0.3006
vn -0.9006 -0.0829 -0.4266
vn -0.8220 -0.1352 -0.5532
vn -0.7485 -0.1751 -0.6396
vn -0.6963 -0.2121 -0.6857
vn -0.6746 -0.3533 -0.6481
vn -0.6208 -0.5230 -0.5840
vn -0.5337 -0.6742 -0.5106
vn -0.4489 -0.7753 -0.4443
vn -0.4754 -0.7967 -0.3732
vn -0.5265 -0.8079 -0.2649
vn -0.0080 0.9796 -0.2007
vn 0.0567 0.8695 -0.4906
vn -0.1015 0.8853 -0.4537
vn 0.2490 0.9684 -0.0157
vn 0.1462 0.9550 -0.2579
vn 0.1850 0.8408 -0.5088
vn 0.3587 0.9300 -0.0799
vn 0.2735 0.9136 -0.3009
vn -0.1895 0.8844 -0.4266
vn -0.1424 0.8062 -0.5742
vn -0.2286 0.8035 -0.5497
vn -0.0945 0.9816 -0.1660
vn 0.1069 0.9924 0.0607
vn 0.0247 0.9945 0.1023
vn 0.1689 0.9662 0.1946
vn 0.3032 0.9461 0.1139
vn 0.3994 0.9155 0.0484
vn 0.4518 0.8921 -0.0056
vn 0.4025 0.9040 -0.1443
vn 0.3321 0.8876 -0.3192
vn 0.2638 0.8327 -0.4869
vn 0.2083 0.7669 -0.6070
vn 0.1306 0.7774 -0.6153
vn 0.0124 0.7966 -0.6044
vn -0.5659 0.5620 -0.6033
vn -0.6760 0.2759 -0.6833
vn -0.7519 0.3495 -0.5590
vn -0.2831 0.6151 -0.7358
vn -0.5025 0.4695 -0.7260
vn -0.5997 0.2126 -0.7715
vn -0.2448 0.5190 -0.8190
vn -0.4379 0.3810 -0.8143
vn -0.7854 0.3880 -0.4823
vn -0.8235 0.2234 -0.5216
vn -0.8569 0.2584 -0.4461
vn -0.5947 0.6071 -0.5270
vn -0.3262 0.7171 -0.6159
vn -0.3478 0.7659 -0.5408
vn -0.1874 0.7726 -0.6066
vn -0.1535 0.6725 -0.7241
vn -0.1274 0.5842 -0.8015
vn -0.1226 0.5192 -0.8458
vn -0.2510 0.4473 -0.8584
vn -0.4042 0.3364 -0.8506
vn -0.5345 0.2025 -0.8205
vn -0.6202 0.0895 -0.7793
vn -0.6766 0.1100 -0.7281
vn -0.7478 0.1593 -0.6446
vn 0.5092 0.5182 0.6872
vn 0.5197 0.7269 0.4490
vn 0.3912 0.7387 0.5489
vn 0.7150 0.2822 0.6396
vn 0.6305 0.5229 0.5736
vn 0.6151 0.7012 0.3604
vn 0.7916 0.2995 0.5326
vn 0.7197 0.5155 0.4651
vn 0.3144 0.7360 0.5996
vn 0.3203 0.8311 0.4546
vn 0.2442 0.8297 0.5019
vn 0.4348 0.5093 0.7427
vn 0.6028 0.2570 0.7554
vn 0.5319 0.2408 0.8119
vn 0.6366 0.1112 0.7632
vn 0.7443 0.1435 0.6522
vn 0.8134 0.1682 0.5569
vn 0.8484 0.1958 0.4919
vn 0.8183 0.3379 0.4650
vn 0.7570 0.5084 0.4103
vn 0.6773 0.6588 0.3275
vn 0.6010 0.7590 0.2505
vn 0.5404 0.7897 0.2905
vn 0.4488 0.8162 0.3639
vn 0.5429 0.7010 -0.4624
vn 0.2973 0.6879 -0.6621
vn 0.2834 0.7935 -0.5385
vn 0.7354 0.4529 -0.5040
vn 0.5361 0.5997 -0.5941
vn 0.3051 0.5880 -0.7491
vn 0.7009 0.3757 -0.6063
vn 0.5187 0.5010 -0.6928
vn 0.2733 0.8438 -0.4619
vn 0.1373 0.8133 -0.5654
vn 0.1248 0.8621 -0.4912
vn 0.5401 0.7495 -0.3828
vn 0.7581 0.5389 -0.3672
vn 0.7613 0.5820 -0.2858
vn 0.8467 0.4328 -0.3094
vn 0.8216 0.3561 -0.4452
vn 0.7873 0.2936 -0.5421
vn 0.7521 0.2616 -0.6049
vn 0.6543 0.3516 -0.6695
vn 0.5069 0.4507 -0.7348
vn 0.3382 0.5212 -0.7836
vn 0.1971 0.5593 -0.8052
vn 0.1749 0.6221 -0.7631
vn 0.1588 0.7116 -0.6844
vn 0.6743 -0.5736 0.4651
vn 0.8015 -0.2893 0.5234
vn 0.6936 -0.3433 0.6333
vn 0.7299 -0.6630 0.1663
vn 0.7852 -0.4997 0.3656
vn 0.8735 -0.2419 0.4225
vn 0.8089 -0.5794 0.0999
vn 0.8622 -0.4264 0.2735
vn 0.6244 -0.3708 0.6875
vn 0.6849 -0.2085 0.6981
vn 0.6172 -0.2327 0.7516
vn 0.6038 -0.6081 0.5154
vn 0.6161 -0.7481 0.2464
vn 0.5447 -0.7869 0.2898
vn 0.5691 -0.8134 0.1201
vn 0.6826 -0.7291 0.0496
vn 0.7584 -0.6518 -0.0027
vn 0.8054 -0.5923 -0.0244
vn 0.8544 -0.5119 0.0894
vn 0.8927 -0.3887 0.2279
vn 0.9060 -0.2423 0.3470
vn 0.8960 -0.1190 0.4278
vn 0.8584 -0.1295 0.4963
vn 0.7908 -0.1639 0.5897
vn 0.9646 -0.2589 -0.0510
vn 0.9562 -0.0496 -0.2886
vn 0.9900 0.0112 -0.1409
vn 0.8341 -0.5340 -0.1383
vn 0.9310 -0.2994 -0.2087
vn 0.9100 -0.1003 -0.4022
vn 0.7997 -0.5380 -0.2665
vn 0.8825 -0.3272 -0.3378
vn 0.9975 0.0443 -0.0553
vn 0.9702 0.1517 -0.1889
vn 0.9767 0.1864 -0.1064
vn 0.9717 -0.2330 0.0383
vn 0.8577 -0.5137 0.0219
vn 0.8615 -0.4952 0.1120
vn 0.7725 -0.6326 0.0544
vn 0.7556 -0.6470 -0.1020
vn 0.7316 -0.6453 -0.2199
vn 0.7190 -0.6288 -0.2959
vn 0.7903 -0.5081 -0.3424
vn 0.8534 -0.3381 -0.3967
vn 0.8784 -0.1585 -0.4508
vn 0.8737 -0.0152 -0.4863
vn 0.9023 0.0319 -0.4299
vn 0.9403 0.0858 -0.3293
vn 0.1813 -0.9579 0.2227
vn 0.1438 -0.8444 0.5161
vn 0.0083 -0.8970 0.4419
vn 0.4652 -0.8788 0.1065
vn 0.3058 -0.8984 0.3154
vn 0.2527 -0.7859 0.5644
vn 0.5430 -0.8169 0.1944
vn 0.4046 -0.8285 0.3870
vn -0.0678 -0.9167 0.3939
vn -0.0790 -0.8340 0.5461
vn -0.1545 -0.8515 0.5010
vn 0.1091 -0.9798 0.1679
vn 0.3565 -0.9343 -0.0019
vn 0.2901 -0.9550 -0.0623
vn 0.4413 -0.8897 -0.1170
vn 0.5426 -0.8400 -0.0065
vn 0.6092 -0.7890 0.0797
vn 0.6394 -0.7552 0.1442
vn 0.5619 -0.7830 0.2668
vn 0.4487 -0.7897 0.4184
vn 0.3300 -0.7582 0.5624
vn 0.2324 -0.7116 0.6630
vn 0.1600 -0.7409 0.6523
vn 0.0564 -0.7880 0.6131
vn 0.1164 -0.9912 0.0625
vn 0.3901 -0.9174 -0.0790
vn 0.3913 -0.9164 0.0842
vn -0.1235 -0.9818 -0.1442
vn 0.1366 -0.9853 -0.1025
vn 0.3791 -0.9012 -0.2102
vn -0.0849 -0.9594 -0.2691
vn 0.1508 -0.9590 -0.2399
vn 0.3864 -0.9055 0.1756
vn 0.5241 -0.8471 0.0876
vn 0.5215 -0.8348 0.1764
vn 0.1036 -0.9826 0.1544
vn -0.1651 -0.9862 0.0135
vn -0.1856 -0.9772 0.1029
vn -0.3074 -0.9514 -0.0180
vn -0.2602 -0.9507 -0.1688
vn -0.2175 -0.9350 -0.2802
vn -0.1761 -0.9216 -0.3459
vn -0.0310 -0.9438 -0.3292
vn 0.1564 -0.9399 -0.3035
vn 0.3396 -0.8973 -0.2821
vn 0.4744 -0.8400 -0.2632
vn 0.5004 -0.8449 -0.1890
vn 0.5168 -0.8532 -0.0701
vn 0.7729 -0.3574 -0.5243
vn 0.7749 -0.5645 -0.2845
vn 0.6818 -0.6041 -0.4125
vn 0.8970 -0.0800 -0.4348
vn 0.8599 -0.3359 -0.3843
vn 0.8364 -0.5192 -0.1760
vn 0.9467 -0.0815 -0.3118
vn 0.9151 -0.3105 -0.2574
vn 0.6215 -0.6186 -0.4807
vn 0.6145 -0.7139 -0.3358
vn 0.5544 -0.7295 -0.4005
vn 0.7146 -0.3652 -0.5967
vn 0.8140 -0.0793 -0.5754
vn 0.7575 -0.0790 -0.6481
vn 0.8122 0.0705 -0.5791
vn 0.8938 0.0619 -0.4441
vn 0.9412 0.0519 -0.3340
vn 0.9647 0.0316 -0.2615
vn 0.9644 -0.1143 -0.2386
vn 0.9349 -0.2962 -0.1954
vn 0.8763 -0.4639 -0.1301
vn 0.8100 -0.5820 -0.0712
vn 0.7705 -0.6253 -0.1239
vn 0.7091 -0.6709 -0.2168
vn -0.3508 -0.5744 -0.7396
vn -0.3364 -0.7919 -0.5097
vn -0.4763 -0.7085 -0.5207
vn -0.0623 -0.5137 -0.8557
vn -0.2175 -0.6694 -0.7104
vn -0.2152 -0.8431 -0.4928
vn 0.0324 -0.5918 -0.8054
vn -0.0999 -0.7353 -0.6703
vn -0.5495 -0.6526 -0.5217
vn -0.5227 -0.7593 -0.3876
vn -0.5944 -0.7055 -0.3860
vn -0.4215 -0.5140 -0.7471
vn -0.1794 -0.4072 -0.8956
vn -0.2442 -0.3428 -0.9071
vn -0.0790 -0.3090 -0.9478
vn 0.0286 -0.4177 -0.9081
vn 0.1083 -0.4951 -0.8620
vn 0.1489 -0.5496 -0.8220
vn 0.0631 -0.6505 -0.7568
vn -0.0434 -0.7616 -0.6466
vn -0.1347 -0.8513 -0.5072
vn -0.1982 -0.9019 -0.3838
vn -0.2748 -0.8839 -0.3784
vn -0.3860 -0.8385 -0.3847
vn 0.6078 0.7344 -0.3022
vn 0.8105 0.4915 -0.3186
vn 0.7232 0.5210 -0.4533
vn 0.5646 0.8253 -0.0018
vn 0.7052 0.6867 -0.1763
vn 0.8648 0.4599 -0.2016
vn 0.6426 0.7615 0.0845
vn 0.7726 0.6315 -0.0658
vn 0.6650 0.5325 -0.5237
vn 0.7638 0.3902 -0.5141
vn 0.7075 0.3989 -0.5833
vn 0.5456 0.7523 -0.3694
vn 0.4568 0.8827 -0.1101
vn 0.3911 0.9043 -0.1709
vn 0.3658 0.9307 -0.0013
vn 0.4754 0.8744 0.0975
vn 0.5524 0.8162 0.1693
vn 0.6056 0.7692 0.2036
vn 0.6992 0.7067 0.1080
vn 0.7992 0.6009 -0.0129
vn 0.8766 0.4659 -0.1206
vn 0.9171 0.3464 -0.1975
vn 0.8961 0.3496 -0.2734
vn 0.8473 0.3694 -0.3816
vn 0.4974 0.1579 -0.8530
vn 0.3816 -0.1304 -0.9151
vn 0.2870 -0.0045 -0.9579
vn 0.7433 0.1404 -0.6541
vn 0.5769 0.0166 -0.8166
vn 0.4530 -0.2286 -0.8617
vn 0.7797 0.0159 -0.6259
vn 0.6318 -0.1035 -0.7682
vn 0.2309 0.0674 -0.9706
vn 0.1694 -0.0945 -0.9810
vn 0.1127 -0.0262 -0.9933
vn 0.4466 0.2355 -0.8632
vn 0.6788 0.2888 -0.6752
vn 0.6336 0.3689 -0.6800
vn 0.7549 0.3438 -0.5585
vn 0.8145 0.1981 -0.5453
vn 0.8451 0.0830 -0.5282
vn 0.8516 0.0045 -0.5242
vn 0.7748 -0.0660 -0.6288
vn 0.6535 -0.1598 -0.7398
vn 0.5138 -0.2614 -0.8171
vn 0.3935 -0.3384 -0.8548
vn 0.3396 -0.2955 -0.8930
vn 0.2675 -0.2115 -0.9401
vn -0.0860 0.8086 0.5820
vn 0.2015 0.8642 0.4610
vn 0.0754 0.9235 0.3760
vn -0.0726 0.5861 0.8070
vn 0.0555 0.7563 0.6519
vn 0.2986 0.7983 0.5230
vn 0.0510 0.5471 0.8355
vn 0.1741 0.6956 0.6970
vn 0.0025 0.9459 0.3244
vn 0.1626 0.9525 0.2576
vn 0.0932 0.9743 0.2051
vn -0.1644 0.8283 0.5356
vn -0.2215 0.6222 0.7509
vn -0.3027 0.6361 0.7097
vn -0.2811 0.5021 0.8178
vn -0.1345 0.4745 0.8699
vn -0.0198 0.4476 0.8940
vn 0.0585 0.4384 0.8969
vn 0.1328 0.5455 0.8275
vn 0.2292 0.6619 0.7137
vn 0.3305 0.7462 0.5779
vn 0.4056 0.7907 0.4587
vn 0.3633 0.8364 0.4103
vn 0.2800 0.8953 0.3465
vn 0.9124 0.3713 0.1720
vn 0.9606 0.2520 -0.1175
vn 0.9070 0.4061 -0.1116
vn 0.9100 0.1412 0.3898
vn 0.9657 0.2164 0.1435
vn 0.9856 0.1217 -0.1176
vn 0.9399 0.0216 0.3407
vn 0.9899 0.0806 0.1162
vn 0.8662 0.4885 -0.1058
vn 0.8765 0.4063 -0.2583
vn 0.8358 0.4861 -0.2552
vn 0.8714 0.4539 0.1860
vn 0.8522 0.2860 0.4381
vn 0.8099 0.3650 0.4592
vn 0.7947 0.2268 0.5631
vn 0.8549 0.0905 0.5108
vn 0.8876 -0.0138 0.4604
vn 0.9073 -0.0743 0.4140
vn 0.9589 -0.0326 0.2820
vn 0.9946 0.0155 0.1025
vn 0.9953 0.0474 -0.0841
vn 0.9713 0.0660 -0.2286
vn 0.9582 0.1411 -0.2487
vn 0.9314 0.2581 -0.2566
vn -0.3495 -0.2372 0.9064
vn -0.2105 0.0386 0.9768
vn -0.3664 0.0471 0.9293
vn -0.1340 -0.4672 0.8740
vn -0.1914 -0.2233 0.9558
vn -0.0797 0.0284 0.9964
vn -0.0106 -0.4285 0.9035
vn -0.0533 -0.2068 0.9769
vn -0.4503 0.0503 0.8914
vn -0.3583 0.1958 0.9128
vn -0.4396 0.2015 0.8753
vn -0.4342 -0.2422 0.8676
vn -0.2835 -0.5008 0.8178
vn -0.3651 -0.5130 0.7769
vn -0.2344 -0.6230 0.7463
vn -0.0930 -0.5850 0.8057
vn 0.0153 -0.5444 0.8387
vn 0.0793 -0.5038 0.8602
vn 0.0479 -0.3752 0.9257
vn 0.0126 -0.1975 0.9802
vn -0.0073 -0.0103 0.9999
vn -0.0175 0.1367 0.9905
vn -0.0916 0.1625 0.9824
vn -0.2087 0.1800 0.9613
vn 0.3208 -0.2292 0.9190
vn 0.6003 -0.1731 0.7808
vn 0.5269 -0.0441 0.8488
vn 0.2074 -0.5123 0.8334
vn 0.4115 -0.3461 0.8431
vn 0.6465 -0.2762 0.7112
vn 0.2916 -0.5826 0.7586
vn 0.4795 -0.4375 0.7607
vn 0.4784 0.0287 0.8777
vn 0.6214 0.0510 0.7818
vn 0.5757 0.1234 0.8083
vn 0.2659 -0.1607 0.9505
vn 0.1013 -0.4117 0.9057
vn 0.0409 -0.3492 0.9362
vn -0.0147 -0.4982 0.8669
vn 0.0940 -0.5918 0.8006
vn 0.1771 -0.6517 0.7375
vn 0.2390 -0.6772 0.6959
vn 0.3609 -0.5965 0.7169
vn 0.5084 -0.4779 0.7163
vn 0.6444 -0.3517 0.6790
vn 0.7366 -0.2475 0.6294
vn 0.7263 -0.1775 0.6641
vn 0.6883 -0.0786 0.7211
vn -0.5429 -0.7010 0.4624
vn -0.7354 -0.4529 0.5040
vn -0.7581 -0.5389 0.3672
vn -0.2973 -0.6879 0.6621
vn -0.5361 -0.5997 0.5941
vn -0.7009 -0.3757 0.6063
vn -0.3051 -0.5880 0.7491
vn -0.5187 -0.5010 0.6928
vn -0.7613 -0.5820 0.2858
vn -0.8467 -0.4328 0.3094
vn -0.8510 -0.4726 0.2291
vn -0.5401 -0.7495 0.3828
vn -0.2834 -0.7935 0.5385
vn -0.2733 -0.8438 0.4619
vn -0.1373 -0.8133 0.5654
vn -0.1588 -0.7116 0.6844
vn -0.1749 -0.6221 0.7631
vn -0.1971 -0.5593 0.8052
vn -0.3382 -0.5212 0.7836
vn -0.5069 -0.4507 0.7348
vn -0.6543 -0.3516 0.6695
vn -0.7521 -0.2616 0.6049
vn -0.7873 -0.2936 0.5421
vn -0.8216 -0.3561 0.4452
vn -0.4599 -0.8137 0.3556
vn -0.2013 -0.8183 0.5384
vn -0.3280 -0.7330 0.5959
vn -0.3935 -0.9171 0.0636
vn -0.3197 -0.8935 0.3154
vn -0.0956 -0.8725 0.4792
vn -0.2693 -0.9617 0.0503
vn -0.1941 -0.9418 0.2746
vn -0.3965 -0.6765 0.6206
vn -0.2433 -0.6694 0.7019
vn -0.3082 -0.6130 0.7275
vn -0.5332 -0.7589 0.3738
vn -0.5363 -0.8401 0.0814
vn -0.6106 -0.7866 0.0917
vn -0.5546 -0.8294 -0.0669
vn -0.4167 -0.9058 -0.0763
vn -0.3045 -0.9492 -0.0798
vn -0.2297 -0.9709 -0.0680
vn -0.1927 -0.9784 0.0748
vn -0.1331 -0.9582 0.2533
vn -0.0539 -0.9071 0.4175
vn 0.0139 -0.8457 0.5334
vn -0.0358 -0.8110 0.5839
vn -0.1258 -0.7563 0.6420
vn 0.5659 -0.5620 0.6033
vn 0.2831 -0.6151 0.7358
vn 0.3262 -0.7171 0.6159
vn 0.6760 -0.2759 0.6833
vn 0.5025 -0.4695 0.7260
vn 0.2448 -0.5190 0.8190
vn 0.5997 -0.2126 0.7715
vn 0.4379 -0.3810 0.8143
vn 0.3478 -0.7659 0.5408
vn 0.1874 -0.7726 0.6066
vn 0.2057 -0.8206 0.5332
vn 0.5947 -0.6071 0.5270
vn 0.7519 -0.3495 0.5590
vn 0.7854 -0.3880 0.4823
vn 0.8235 -0.2234 0.5216
vn 0.7478 -0.1593 0.6446
vn 0.6766 -0.1100 0.7281
vn 0.6202 -0.0895 0.7793
vn 0.5345 -0.2025 0.8205
vn 0.4042 -0.3364 0.8506
vn 0.2511 -0.4473 0.8584
vn 0.1226 -0.5192 0.8458
vn 0.1274 -0.5842 0.8015
vn 0.1534 -0.6725 0.7241
vn -0.8465 -0.5213 -0.1077
vn -0.8843 -0.4257 0.1919
vn -0.9424 -0.3255 0.0770
vn -0.6384 -0.7595 -0.1248
vn -0.7938 -0.6077 0.0242
vn -0.8191 -0.5006 0.2800
vn -0.5970 -0.8022 -0.0061
vn -0.7320 -0.6677 0.1354
vn -0.9640 -0.2657 0.0103
vn -0.9607 -0.2146 0.1761
vn -0.9815 -0.1544 0.1130
vn -0.8659 -0.4664 -0.1806
vn -0.6760 -0.6872 -0.2661
vn -0.6901 -0.6375 -0.3424
vn -0.5626 -0.7551 -0.3367
vn -0.5333 -0.8227 -0.1969
vn -0.5040 -0.8594 -0.0862
vn -0.4923 -0.8704 -0.0090
vn -0.5921 -0.8023 0.0759
vn -0.6977 -0.6915 0.1873
vn -0.7695 -0.5614 0.3044
vn -0.8037 -0.4476 0.3921
vn -0.8477 -0.3928 0.3565
vn -0.9052 -0.3177 0.2822
vn 0.8295 0.4839 0.2789
vn 0.8140 0.2716 0.5135
vn 0.8968 0.2255 0.3806
vn 0.6186 0.7163 0.3229
vn 0.7493 0.5101 0.4222
vn 0.7304 0.3061 0.6106
vn 0.5539 0.7078 0.4384
vn 0.6653 0.5213 0.5344
vn 0.9330 0.1978 0.3006
vn 0.9006 0.0829 0.4266
vn 0.9355 0.0534 0.3494
vn 0.8645 0.4633 0.1949
vn 0.6852 0.7073 0.1741
vn 0.7155 0.6930 0.0883
vn 0.5844 0.8028 0.1180
vn 0.5265 0.8078 0.2649
vn 0.4754 0.7967 0.3732
vn 0.4489 0.7753 0.4443
vn 0.5337 0.6742 0.5106
vn 0.6208 0.5230 0.5840
vn 0.6746 0.3533 0.6481
vn 0.6963 0.2121 0.6857
vn 0.7485 0.1751 0.6396
vn 0.8220 0.1352 0.5532
vn 0.1668 -0.8808 -0.4432
vn -0.1080 -0.9477 -0.3004
vn -0.1189 -0.8848 -0.4506
vn 0.4057 -0.8833 -0.2351
vn 0.1553 -0.9443 -0.2900
vn -0.0945 -0.9805 -0.1725
vn 0.3695 -0.9223 -0.1136
vn 0.1422 -0.9778 -0.1540
vn -0.1225 -0.8389 -0.5304
vn -0.2659 -0.8603 -0.4349
vn -0.2719 -0.8148 -0.5120
vn 0.1712 -0.8343 -0.5240
vn 0.4376 -0.8150 -0.3799
vn 0.4495 -0.7671 -0.4577
vn 0.5657 -0.7560 -0.3293
vn 0.5290 -0.8265 -0.1927
vn 0.4902 -0.8673 -0.0864
vn 0.4505 -0.8925 -0.0231
vn 0.3170 -0.9468 -0.0553
vn 0.1350 -0.9869 -0.0884
vn -0.0536 -0.9933 -0.1024
vn -0.2000 -0.9741 -0.1058
vn -0.2278 -0.9574 -0.1776
vn -0.2480 -0.9239 -0.2914
vn -0.9887 0.1328 -0.0695
vn -0.9841 -0.0964 0.1492
vn -0.9770 0.0566 0.2057
vn -0.9336 0.0145 -0.3581
vn -0.9940 -0.0294 -0.1055
vn -0.9710 -0.2181 0.0980
vn -0.9253 -0.1179 -0.3603
vn -0.9770 -0.1661 -0.1336
vn -0.9616 0.1428 0.2342
vn -0.9394 0.0093 0.3428
vn -0.9233 0.0923 0.3728
vn -0.9737 0.2224 -0.0484
vn -0.9222 0.1767 -0.3440
vn -0.9054 0.2663 -0.3308
vn -0.8575 0.1888 -0.4786
vn -0.8734 0.0318 -0.4859
vn -0.8721 -0.0884 -0.4812
vn -0.8711 -0.1651 -0.4626
vn -0.9247 -0.1935 -0.3280
vn -0.9622 -0.2299 -0.1461
vn -0.9611 -0.2734 0.0381
vn -0.9351 -0.3054 0.1799
vn -0.9428 -0.2434 0.2279
vn -0.9499 -0.1359 0.2815
vn -0.1164 0.9912 -0.0625
vn 0.1235 0.9818 0.1442
vn 0.1651 0.9862 -0.0135
vn -0.3901 0.9174 0.0790
vn -0.1366 0.9853 0.1025
vn 0.0849 0.9594 0.2691
vn -0.3791 0.9012 0.2102
vn -0.1508 0.9590 0.2399
vn 0.1856 0.9772 -0.1029
vn 0.3074 0.9514 0.0180
vn 0.3298 0.9416 -0.0683
vn -0.1036 0.9826 -0.1544
vn -0.3913 0.9164 -0.0842
vn -0.3864 0.9055 -0.1756
vn -0.5241 0.8471 -0.0876
vn -0.5168 0.8532 0.0701
vn -0.5004 0.8449 0.1889
vn -0.4744 0.8400 0.2632
vn -0.3396 0.8973 0.2821
vn -0.1564 0.9399 0.3035
vn 0.0310 0.9438 0.3292
vn 0.1761 0.9216 0.3459
vn 0.2175 0.9350 0.2802
vn 0.2602 0.9507 0.1688
vn 0.9475 -0.2963 0.1202
vn 0.8143 -0.5773 0.0598
vn 0.8668 -0.4936 -0.0701
vn 0.8859 -0.2037 0.4168
vn 0.8865 -0.3969 0.2377
vn 0.7567 -0.6324 0.1658
vn 0.8213 -0.2949 0.4884
vn 0.8158 -0.4735 0.3321
vn 0.8868 -0.4397 -0.1421
vn 0.7943 -0.5849 -0.1643
vn 0.8120 -0.5338 -0.2359
vn 0.9703 -0.2361 0.0527
vn 0.9444 -0.0888 0.3167
vn 0.9665 -0.0236 0.2556
vn 0.9102 0.0200 0.4138
vn 0.8571 -0.0967 0.5061
vn 0.8030 -0.1857 0.5663
vn 0.7663 -0.2507 0.5916
vn 0.7835 -0.3666 0.5017
vn 0.7765 -0.5066 0.3746
vn 0.7319 -0.6362 0.2441
vn 0.6757 -0.7239 0.1394
vn 0.7030 -0.7080 0.0672
vn 0.7488 -0.6619 -0.0340
vn -0.2950 0.0586 -0.9537
vn -0.5704 -0.0244 -0.8210
vn -0.5408 0.1358 -0.8301
vn -0.1010 -0.1909 -0.9764
vn -0.3442 -0.0990 -0.9337
vn -0.5813 -0.1548 -0.7988
vn -0.1573 -0.3052 -0.9392
vn -0.3785 -0.2302 -0.8965
vn -0.5168 0.2247 -0.8261
vn -0.6544 0.1670 -0.7375
vn -0.6327 0.2539 -0.7316
vn -0.2637 0.1464 -0.9534
vn -0.0322 -0.0446 -0.9985
vn 0.0060 0.0392 -0.9992
vn 0.1056 -0.1025 -0.9891
vn 0.0320 -0.2410 -0.9700
vn -0.0269 -0.3414 -0.9395
vn -0.0765 -0.3973 -0.9145
vn -0.2173 -0.3531 -0.9100
vn -0.3921 -0.2910 -0.8727
vn -0.5560 -0.2329 -0.7979
vn -0.6710 -0.1865 -0.7176
vn -0.6830 -0.1087 -0.7223
vn -0.6781 0.0108 -0.7349
vn -0.9646 0.2589 0.0510
vn -0.8341 0.5340 0.1383
vn -0.8577 0.5137 -0.0219
vn -0.9562 0.0496 0.2886
vn -0.9310 0.2994 0.2087
vn -0.7997 0.5380 0.2664
vn -0.9100 0.1003 0.4022
vn -0.8825 0.3272 0.3378
vn -0.8615 0.4952 -0.1120
vn -0.7725 0.6326 -0.0544
vn -0.7743 0.6165 -0.1426
vn -0.9717 0.2330 -0.0383
vn -0.9900 -0.0112 0.1409
vn -0.9975 -0.0443 0.0553
vn -0.9702 -0.1517 0.1889
vn -0.9403 -0.0858 0.3293
vn -0.9023 -0.0319 0.4299
vn -0.8737 0.0152 0.4863
vn -0.8784 0.1585 0.4508
vn -0.8534 0.3381 0.3967
vn -0.7903 0.5081 0.3424
vn -0.7190 0.6288 0.2959
vn -0.7316 0.6453 0.2199
vn -0.7556 0.6470 0.1020
vn 0.4167 0.4244 0.8039
vn 0.6080 0.1735 0.7747
vn 0.6525 0.3074 0.6926
vn 0.1386 0.3401 0.9301
vn 0.3894 0.2781 0.8781
vn 0.5581 0.0625 0.8274
vn 0.1340 0.2129 0.9678
vn 0.3578 0.1482 0.9219
vn 0.6692 0.3801 0.6386
vn 0.7547 0.2311 0.6140
vn 0.7724 0.3003 0.5597
vn 0.4270 0.5015 0.7525
vn 0.1439 0.4878 0.8610
vn 0.1464 0.5655 0.8116
vn -0.0052 0.5007 0.8656
vn -0.0025 0.3581 0.9337
vn 0.0022 0.2435 0.9699
vn 0.0187 0.1680 0.9856
vn 0.1627 0.1365 0.9772
vn 0.3404 0.0856 0.9364
vn 0.5014 0.0164 0.8650
vn 0.6132 -0.0429 0.7888
vn 0.6583 0.0108 0.7527
vn 0.7076 0.1062 0.6986
vn 0.6509 -0.4488 -0.6123
vn 0.3941 -0.4565 -0.7977
vn 0.4878 -0.3235 -0.8108
vn 0.6336 -0.6702 -0.3864
vn 0.5417 -0.5741 -0.6139
vn 0.3118 -0.5568 -0.7699
vn 0.5282 -0.7499 -0.3984
vn 0.4376 -0.6679 -0.6020
vn 0.5359 -0.2450 -0.8080
vn 0.3826 -0.2511 -0.8891
vn 0.4272 -0.1733 -0.8874
vn 0.7044 -0.3728 -0.6040
vn 0.7473 -0.5551 -0.3652
vn 0.8026 -0.4830 -0.3500
vn 0.7704 -0.5972 -0.2233
vn 0.6607 -0.7072 -0.2517
vn 0.5658 -0.7785 -0.2716
vn 0.4997 -0.8144 -0.2952
vn 0.4582 -0.7769 -0.4318
vn 0.3851 -0.7078 -0.5922
vn 0.2853 -0.6227 -0.7286
vn 0.1963 -0.5437 -0.8160
vn 0.2310 -0.4797 -0.8465
vn 0.2983 -0.3839 -0.8739
vn -0.5424 -0.6717 0.5047
vn 0.1554 0.9527 -0.2612
vn 0.7105 0.6832 -0.1685
vn 0.7438 0.5113 0.4305
vn 0.2092 0.6745 0.7080
vn -0.1545 0.9474 0.2805
vn -0.0114 -0.2010 0.9795
vn 0.8821 -0.4026 0.2446
vn 0.5813 0.0080 -0.8137
vn -0.4982 0.4634 -0.7328
vn -0.8645 0.3343 0.3754
vn 0.4982 -0.4634 0.7328
vn -0.1554 -0.9527 0.2612
vn 0.8645 -0.3343 -0.3754
vn 0.1545 -0.9474 -0.2805
vn 0.0114 0.2010 -0.9795
vn -0.5813 -0.0080 0.8137
vn -0.7438 -0.5113 -0.4305
vn -0.2092 -0.6745 -0.7080
vn -0.8821 0.4026 -0.2446
vn 0.9438 0.2505 -0.2156
vn 0.9980 -0.0118 0.0621
vn -0.6491 0.7019 0.2934
vn -0.3719 0.7411 0.5589
vn 0.2621 0.8850 0.3848
vn 0.2756 0.6606 0.6983
vn -0.7962 -0.3822 0.4690
vn -0.5278 -0.4077 0.7451
vn -0.7794 0.6151 0.1195
vn -0.8280 0.3745 0.4172
vn -0.7244 0.1915 -0.6622
vn -0.4109 0.2900 -0.8643
vn -0.7413 -0.1863 -0.6448
vn -0.7877 -0.4747 -0.3927
vn -0.4916 0.8476 0.1999
vn -0.1642 0.9852 0.0492
vn -0.6481 -0.0061 -0.7615
vn -0.4289 -0.3116 -0.8479
vn 0.0106 0.2323 0.9726
vn 0.3680 0.3332 0.8681
vn 0.2011 0.7014 -0.6838
vn 0.4710 0.4382 -0.7656
vn -0.2851 0.3961 0.8728
vn -0.5385 -0.0594 0.8405
vn -0.2485 -0.2430 0.9377
vn -0.5283 -0.6456 0.5515
vn 0.5928 0.5107 0.6227
vn -0.5774 0.5236 0.6265
vn 0.5522 0.6328 -0.5428
vn 0.0947 0.9698 -0.2246
vn -0.3143 -0.0454 -0.9483
vn 0.5591 0.0764 -0.8256
vn -0.3779 -0.8694 0.3183
vn 0.1740 -0.9220 -0.3460
vn 0.7446 -0.5389 0.3939
vn 0.2694 -0.9242 0.2708
vn 0.0320 0.8191 -0.5728
vn 0.3499 0.8653 -0.3589
vn 0.3237 -0.4116 -0.8519
vn 0.3409 -0.7134 -0.6122
vn 0.3059 -0.1926 -0.9324
vn 0.6400 -0.2068 -0.7400
vn 0.1102 -0.5072 -0.8547
vn -0.2400 -0.6246 -0.7432
vn -0.2060 -0.9351 -0.2885
vn 0.0976 -0.9936 -0.0577
vn -0.1324 0.5730 -0.8088
vn -0.4971 0.5202 -0.6945
vn -0.8751 -0.1000 -0.4734
vn -0.9914 0.0261 -0.1278
vn 0.2180 0.9614 0.1680
vn -0.1258 0.9317 0.3407
vn -0.1740 0.7397 -0.6500
vn -0.2485 0.9160 -0.3150
vn 0.6771 0.1212 0.7258
vn 0.3608 0.0414 0.9317
vn 0.8412 0.4054 -0.3579
vn 0.8273 0.5617 -0.0054
vn 0.6105 -0.7864 0.0937
vn 0.2902 -0.9204 0.2619
vn 0.7675 -0.6410 -0.0008
vn 0.7493 -0.5472 0.3730
vn 0.4796 -0.8739 -0.0794
vn 0.1924 -0.9234 -0.3322
vn -0.2932 -0.9533 -0.0722
vn -0.3748 -0.8781 0.2974
vn 0.8435 0.0695 -0.5326
vn 0.5780 0.0764 -0.8125
vn -0.0396 -0.3473 -0.9369
vn -0.2999 -0.0630 -0.9519
vn 0.4047 0.9138 0.0353
vn 0.1129 0.9710 -0.2107
vn 0.7792 0.2935 -0.5538
vn 0.5677 0.6161 -0.5459
vn -0.2304 0.4921 0.8395
vn -0.5601 0.5242 0.6415
vn 0.8176 0.1781 0.5476
vn 0.6084 0.4939 0.6212
vn -0.1841 -0.6127 0.7686
vn -0.5110 -0.6466 0.5664
vn 0.0225 -0.5340 0.8452
vn -0.2341 -0.2608 0.9366
vn -0.1435 -0.7796 0.6097
vn -0.0880 -0.9582 0.2722
vn -0.5072 -0.8588 -0.0723
vn -0.7955 -0.6049 -0.0356
vn 0.7996 -0.1996 0.5664
vn 0.9114 -0.3436 0.2263
vn -0.5523 -0.7821 -0.2887
vn -0.5831 -0.5515 -0.5965
vn 0.5641 0.8080 0.1699
vn 0.6619 0.7242 -0.1938
vn 0.5558 -0.7825 -0.2809
vn 0.5911 -0.5519 -0.5882
vn -0.8716 0.0223 -0.4896
vn -0.7503 0.5150 -0.4144
vn -0.5246 0.8507 -0.0317
vn -0.4919 0.7694 -0.4075
vn 0.8933 -0.0201 0.4490
vn 0.9488 0.2560 0.1852
vn 0.0313 -0.2510 -0.9675
vn 0.2512 0.2119 -0.9445
vn -0.9620 -0.1304 0.2400
vn -0.9553 -0.2703 -0.1195
vn -0.0061 0.4514 0.8923
vn -0.0044 0.7556 0.6550
vn 0.6538 -0.7144 -0.2492
vn 0.9417 -0.3022 -0.1478
vn 0.6829 0.0060 0.7305
vn 0.5394 -0.4938 0.6821
vn -0.8996 -0.0195 0.4364
vn -0.9511 0.2566 0.1718
vn 0.1357 -0.7276 0.6725
vn 0.3670 -0.3167 0.8746
vn 0.9482 0.1535 -0.2780
vn 0.8349 -0.3295 -0.4410
vn -0.8981 -0.3546 0.2602
vn -0.6937 -0.6809 0.2348
vn -0.8071 -0.2722 0.5239
vn -0.6787 0.1883 0.7098
vn 0.1443 0.6348 -0.7591
vn -0.0604 0.2064 -0.9766
vn -0.2033 0.1376 0.9694
vn 0.0425 -0.1593 0.9863
vn -0.3661 -0.8292 -0.4223
vn -0.0312 -0.7917 -0.6101
vn -0.6180 0.7847 -0.0478
vn -0.9091 0.3734 -0.1846
vn 0.4760 0.7902 0.3860
vn 0.7624 0.5323 0.3681
vn 0.0882 -0.8040 0.5880
vn 0.4502 -0.7650 0.4605
vn 0.2286 -0.8035 0.5497
vn 0.5944 0.7055 0.3860
vn -0.7917 0.5989 -0.1207
vn -0.2442 -0.8297 -0.5019
vn -0.1127 0.0262 0.9933
vn 0.0430 0.4347 -0.8995
vn -0.7691 -0.0452 0.6375
vn -0.8358 -0.4861 0.2552
vn 0.9233 -0.0923 -0.3728
vn 0.2591 -0.5419 0.7995
vn -0.9355 0.0861 0.3427
vn 0.6327 -0.2539 0.7316
vn -0.0842 -0.9645 0.2505
vn -0.8092 -0.5867 -0.0333
vn 0.9139 -0.3507 0.2046
vn -0.5822 -0.5349 -0.6123
vn 0.6646 0.7156 -0.2149
vn 0.5904 -0.5353 -0.6041
vn -0.7479 0.5196 -0.4130
vn -0.4875 0.7608 -0.4283
vn 0.9476 0.2715 0.1684
vn 0.2532 0.2165 -0.9429
vn -0.9504 -0.2775 -0.1407
vn -0.0042 0.7705 0.6375
vn 0.9435 -0.2973 -0.1465
vn 0.5377 -0.4972 0.6810
vn -0.9497 0.2721 0.1550
vn 0.3690 -0.3119 0.8756
vn 0.8331 -0.3329 -0.4418
vn -0.6780 -0.6974 0.2321
vn -0.6764 0.1930 0.7108
vn -0.0619 0.2029 -0.9772
vn 0.0572 -0.1765 0.9826
vn -0.0107 -0.7856 -0.6186
vn -0.9104 0.3698 -0.1855
vn 0.7761 0.5141 0.3652
vn 0.4700 -0.7589 0.4506
vn -0.5399 -0.0629 0.8394
vn 0.4852 0.4201 -0.7669
vn 0.3879 0.3377 0.8576
vn -0.4135 -0.3287 -0.8491
vn -0.1436 0.9888 0.0399
vn -0.7867 -0.4899 -0.3756
vn -0.3899 0.2946 -0.8725
vn -0.8270 0.3581 0.4333
vn -0.5090 -0.4073 0.7583
vn 0.2751 0.6438 0.7140
vn -0.3534 0.7400 0.5723
vn 0.9965 -0.0276 0.0786
vn 0.3674 0.8640 -0.3442
vn 0.3403 -0.7283 -0.5948
vn 0.6572 -0.2066 -0.7248
vn -0.2601 -0.6287 -0.7329
vn 0.1156 -0.9924 -0.0434
vn -0.5168 0.5145 -0.6842
vn -0.9938 0.0337 -0.1063
vn -0.1460 0.9255 0.3495
vn -0.2518 0.9223 -0.2932
vn 0.3399 0.0363 0.9398
vn 0.8226 0.5684 0.0160
vn -0.3928 -0.8895 -0.2335
vn -0.8883 -0.2167 0.4048
vn -0.7865 0.0066 -0.6176
vn 0.1595 -0.3289 -0.9308
vn 0.6423 -0.7597 -0.1020
vn -0.0053 -0.6903 0.7235
vn -0.6423 0.7597 0.1020
vn 0.0053 0.6903 -0.7235
vn 0.8883 0.2167 -0.4048
vn 0.7865 -0.0066 0.6176
vn -0.1595 0.3289 0.9308
vn 0.3928 0.8895 0.2335
vn -0.4272 0.1733 0.8874
vn 0.3082 0.6130 -0.7275
vn 0.1479 0.2752 0.9500
vn -0.5757 -0.1234 -0.8083
vn -0.3748 0.9156 0.1457
vn -0.7724 -0.3003 -0.5597
vn -0.6172 0.2327 -0.7516
vn -0.8120 0.5338 0.2359
vn -0.7075 -0.3989 0.5833
vn 0.2719 0.8148 0.5120
vn -0.5544 0.7295 0.4005
vn 0.9815 0.1544 -0.1130
vn 0.1545 0.8515 -0.5010
vn 0.3361 -0.5348 -0.7753
vn 0.4396 -0.2015 -0.8753
vn -0.0222 -0.5613 -0.8273
vn -0.0932 -0.9743 -0.2051
vn -0.2747 0.5630 -0.7795
vn -0.9355 -0.0534 -0.3494
vn 0.0900 0.9673 0.2373
vn -0.2057 0.8206 -0.5332
vn 0.5679 0.0928 0.8178
vn 0.8510 0.4726 -0.2291
vn 0.4986 -0.8520 0.1599
vn 0.7743 -0.6165 0.1426
vn 0.3780 -0.9086 -0.1778
vn -0.3298 -0.9416 0.0683
vn 0.7568 0.0734 -0.6495
vn -0.1401 -0.2445 -0.9595
vn 0.3000 0.9521 -0.0584
vn 0.7121 0.4225 -0.5607
vn -0.3610 0.5133 0.7786
vn 0.7520 0.3024 0.5856
vn -0.3128 -0.6367 0.7048
vn -0.0755 -0.4388 0.8954
vn -0.1248 -0.8621 0.4912
vn -0.6269 -0.7768 -0.0595
vn 0.8569 -0.2584 0.4461
vn -0.5740 -0.7077 -0.4119
vn 0.6117 0.7904 0.0335
vn 0.5793 -0.7081 -0.4038
vn -0.8395 0.2760 -0.4680
vn -0.5215 0.8348 -0.1764
vn 0.9306 0.0854 0.3559
vn 0.1452 -0.0221 -0.9892
vn -0.9767 -0.1864 0.1064
vn -0.0056 0.5762 0.8173
vn 0.8242 -0.5276 -0.2058
vt 0.351423 0.042811
vt 0.363637 0.059722
vt 0.346455 0.059984
vt 0.356534 0.026708
vt 0.363637 0.043039
vt 0.375851 0.042811
vt 0.380819 0.059984
vt 0.370740 0.026708
vt 0.328696 0.060520
vt 0.343830 0.077561
vt 0.318182 0.078731
vt 0.339210 0.042310
vt 0.349723 0.024100
vt 0.360237 0.005890
vt 0.360477 0.014236
vt 0.363637 0.027732
vt 0.366797 0.014236
vt 0.367037 0.005890
vt 0.377551 0.024100
vt 0.388065 0.042310
vt 0.398578 0.060520
vt 0.383444 0.077561
vt 0.409092 0.078731
vt 0.363637 0.076703
vt 0.292582 0.177407
vt 0.309331 0.178594
vt 0.302764 0.187925
vt 0.299929 0.164682
vt 0.297008 0.171479
vt 0.323760 0.186925
vt 0.315078 0.200689
vt 0.314129 0.168241
vt 0.281403 0.172486
vt 0.286858 0.181936
vt 0.284954 0.169716
vt 0.289454 0.161921
vt 0.287692 0.166100
vt 0.290077 0.157461
vt 0.300989 0.157461
vt 0.316041 0.157461
vt 0.331339 0.172523
vt 0.335305 0.157461
vt 0.349247 0.179069
vt 0.338900 0.195665
vt 0.329701 0.212925
vt 0.304017 0.211655
vt 0.318183 0.236191
vt 0.294384 0.194971
vt 0.720170 0.026708
vt 0.727273 0.043039
vt 0.715059 0.042811
vt 0.734376 0.026708
vt 0.727273 0.027732
vt 0.727273 0.059722
vt 0.710091 0.059984
vt 0.739487 0.042811
vt 0.723873 0.005890
vt 0.713359 0.024100
vt 0.724113 0.014236
vt 0.730433 0.014236
vt 0.727273 0.016006
vt 0.730673 0.005890
vt 0.741187 0.024100
vt 0.751701 0.042310
vt 0.744455 0.059984
vt 0.762214 0.060520
vt 0.747080 0.077561
vt 0.727273 0.076703
vt 0.707466 0.077561
vt 0.692332 0.060520
vt 0.681818 0.078731
vt 0.702846 0.042310
vt 0.538352 0.026708
vt 0.545455 0.043039
vt 0.533241 0.042811
vt 0.552558 0.026708
vt 0.545455 0.027732
vt 0.545455 0.059722
vt 0.528273 0.059984
vt 0.557669 0.042811
vt 0.542055 0.005890
vt 0.531541 0.024100
vt 0.542295 0.014236
vt 0.548615 0.014236
vt 0.545455 0.016007
vt 0.548855 0.005890
vt 0.559369 0.024100
vt 0.569883 0.042310
vt 0.562637 0.059984
vt 0.580396 0.060520
vt 0.565262 0.077561
vt 0.545455 0.076703
vt 0.525648 0.077561
vt 0.510514 0.060520
vt 0.500000 0.078731
vt 0.521028 0.042310
vt 0.174716 0.026708
vt 0.181819 0.043039
vt 0.169605 0.042811
vt 0.188922 0.026708
vt 0.181819 0.027732
vt 0.181819 0.059722
vt 0.164637 0.059984
vt 0.194033 0.042811
vt 0.178419 0.005890
vt 0.167905 0.024100
vt 0.178659 0.014236
vt 0.184979 0.014236
vt 0.181819 0.016007
vt 0.185219 0.005890
vt 0.195733 0.024100
vt 0.206246 0.042310
vt 0.199001 0.059984
vt 0.216760 0.060520
vt 0.201626 0.077561
vt 0.181819 0.076703
vt 0.162012 0.077561
vt 0.146878 0.060520
vt 0.136365 0.078731
vt 0.157392 0.042310
vt 0.265382 0.184628
vt 0.272728 0.199726
vt 0.261363 0.198705
vt 0.280074 0.184628
vt 0.272728 0.185498
vt 0.272728 0.216388
vt 0.256467 0.215751
vt 0.284093 0.198705
vt 0.264054 0.172486
vt 0.258598 0.181935
vt 0.268228 0.174176
vt 0.277228 0.174176
vt 0.272728 0.174739
vt 0.288989 0.215751
vt 0.292274 0.234533
vt 0.272728 0.233870
vt 0.253182 0.234533
vt 0.241439 0.211655
vt 0.227274 0.236191
vt 0.251072 0.194971
vt 0.083818 0.184187
vt 0.090687 0.200113
vt 0.078668 0.200224
vt 0.098267 0.184609
vt 0.090998 0.185345
vt 0.090680 0.216785
vt 0.073699 0.217395
vt 0.102247 0.198753
vt 0.087510 0.163351
vt 0.076996 0.181561
vt 0.087795 0.171776
vt 0.095456 0.174096
vt 0.091277 0.174103
vt 0.099584 0.172486
vt 0.105040 0.181936
vt 0.112566 0.194971
vt 0.107143 0.215801
vt 0.122199 0.211655
vt 0.110446 0.234552
vt 0.090825 0.234017
vt 0.071092 0.235003
vt 0.055969 0.217981
vt 0.045455 0.236191
vt 0.066482 0.199771
vt 0.810836 0.184628
vt 0.818182 0.199726
vt 0.806817 0.198705
vt 0.825529 0.184628
vt 0.818182 0.185498
vt 0.818182 0.216388
vt 0.801921 0.215751
vt 0.829547 0.198705
vt 0.809507 0.172486
vt 0.804052 0.181936
vt 0.813682 0.174176
vt 0.822682 0.174176
vt 0.818182 0.174739
vt 0.826857 0.172486
vt 0.832312 0.181936
vt 0.839839 0.194971
vt 0.834443 0.215751
vt 0.849471 0.211655
vt 0.837728 0.234533
vt 0.818182 0.233870
vt 0.798636 0.234533
vt 0.786893 0.211655
vt 0.772728 0.236191
vt 0.796526 0.194971
vt 0.629018 0.184628
vt 0.636364 0.199726
vt 0.624999 0.198705
vt 0.643710 0.184628
vt 0.636364 0.185498
vt 0.636364 0.216388
vt 0.620103 0.215751
vt 0.647729 0.198705
vt 0.627689 0.172486
vt 0.622234 0.181936
vt 0.631864 0.174176
vt 0.640864 0.174176
vt 0.636364 0.174739
vt 0.645038 0.172486
vt 0.650494 0.181936
vt 0.658020 0.194971
vt 0.652625 0.215751
vt 0.667653 0.211655
vt 0.655910 0.234533
vt 0.636364 0.233870
vt 0.616818 0.234533
vt 0.605075 0.211655
vt 0.590910 0.236191
vt 0.614708 0.194971
vt 0.447200 0.184628
vt 0.454546 0.199726
vt 0.443181 0.198705
vt 0.461892 0.184628
vt 0.454546 0.185498
vt 0.454546 0.216388
vt 0.438285 0.215751
vt 0.465911 0.198705
vt 0.445872 0.172486
vt 0.440416 0.181936
vt 0.450046 0.174176
vt 0.459046 0.174176
vt 0.454546 0.174739
vt 0.463221 0.172486
vt 0.468676 0.181936
vt 0.476202 0.194971
vt 0.470807 0.215751
vt 0.485835 0.211655
vt 0.474092 0.234533
vt 0.454546 0.233870
vt 0.435000 0.234533
vt 0.423257 0.211655
vt 0.409092 0.236191
vt 0.432890 0.194971
vt 0.142171 0.127600
vt 0.121823 0.125478
vt 0.134209 0.112589
vt 0.132339 0.146633
vt 0.127736 0.135941
vt 0.110510 0.137956
vt 0.118099 0.150259
vt 0.115102 0.143595
vt 0.148154 0.101527
vt 0.125851 0.096941
vt 0.157166 0.119109
vt 0.149550 0.142349
vt 0.167440 0.135834
vt 0.153487 0.157461
vt 0.134223 0.157461
vt 0.119171 0.157461
vt 0.108259 0.157461
vt 0.107590 0.153080
vt 0.105506 0.149458
vt 0.101750 0.147606
vt 0.094310 0.151571
vt 0.104824 0.133361
vt 0.115337 0.115151
vt 0.869443 0.127600
vt 0.849095 0.125478
vt 0.861481 0.112589
vt 0.859611 0.146633
vt 0.855008 0.135941
vt 0.837782 0.137956
vt 0.845372 0.150259
vt 0.842374 0.143595
vt 0.875426 0.101527
vt 0.853123 0.096941
vt 0.863636 0.078731
vt 0.884439 0.119109
vt 0.876822 0.142349
vt 0.894712 0.135834
vt 0.880759 0.157461
vt 0.861495 0.157461
vt 0.846443 0.157461
vt 0.835531 0.157461
vt 0.834862 0.153080
vt 0.832778 0.149458
vt 0.829022 0.147606
vt 0.821582 0.151571
vt 0.832096 0.133361
vt 0.842610 0.115151
vt 0.687625 0.127600
vt 0.667277 0.125478
vt 0.679663 0.112589
vt 0.677793 0.146633
vt 0.673190 0.135941
vt 0.655964 0.137956
vt 0.663554 0.150259
vt 0.660556 0.143595
vt 0.693608 0.101527
vt 0.671305 0.096941
vt 0.702621 0.119109
vt 0.695004 0.142349
vt 0.712894 0.135834
vt 0.698941 0.157461
vt 0.679677 0.157461
vt 0.664625 0.157461
vt 0.653713 0.157461
vt 0.653044 0.153080
vt 0.650960 0.149458
vt 0.647204 0.147606
vt 0.639764 0.151571
vt 0.650278 0.133361
vt 0.660791 0.115151
vt 0.403285 0.127600
vt 0.413117 0.146633
vt 0.395907 0.142349
vt 0.423634 0.125478
vt 0.417720 0.135941
vt 0.427357 0.150259
vt 0.434946 0.137956
vt 0.430354 0.143595
vt 0.378016 0.135834
vt 0.391969 0.157461
vt 0.363637 0.157461
vt 0.388290 0.119109
vt 0.411247 0.112589
vt 0.397302 0.101527
vt 0.419605 0.096941
vt 0.430119 0.115151
vt 0.440632 0.133361
vt 0.451146 0.151571
vt 0.443706 0.147606
vt 0.439950 0.149458
vt 0.437866 0.153080
vt 0.437197 0.157461
vt 0.426285 0.157461
vt 0.411233 0.157461
vt 0.181819 0.255994
vt 0.170454 0.273677
vt 0.165558 0.256631
vt 0.193184 0.273677
vt 0.181819 0.272656
vt 0.174473 0.287754
vt 0.189165 0.287754
vt 0.181819 0.286884
vt 0.162273 0.237849
vt 0.150530 0.260727
vt 0.136364 0.236191
vt 0.181819 0.238512
vt 0.198080 0.256631
vt 0.201365 0.237849
vt 0.213108 0.260727
vt 0.203475 0.277411
vt 0.195949 0.290447
vt 0.190493 0.299896
vt 0.186319 0.298206
vt 0.181819 0.297643
vt 0.177319 0.298206
vt 0.173145 0.299896
vt 0.167689 0.290447
vt 0.160163 0.277411
vt 0.140390 0.325749
vt 0.130557 0.344782
vt 0.123179 0.330033
vt 0.154629 0.322123
vt 0.144993 0.336441
vt 0.150906 0.346904
vt 0.138520 0.359793
vt 0.162219 0.334426
vt 0.119242 0.314921
vt 0.105289 0.336548
vt 0.090910 0.314921
vt 0.138506 0.314921
vt 0.153558 0.314921
vt 0.164470 0.314921
vt 0.165139 0.319302
vt 0.157627 0.328787
vt 0.170979 0.324776
vt 0.178419 0.320811
vt 0.167905 0.339021
vt 0.157392 0.357231
vt 0.146878 0.375441
vt 0.124575 0.370855
vt 0.136365 0.393651
vt 0.115562 0.353273
vt 0.867662 0.325749
vt 0.857830 0.344782
vt 0.850452 0.330033
vt 0.881902 0.322123
vt 0.872265 0.336441
vt 0.878179 0.346904
vt 0.865792 0.359793
vt 0.889491 0.334426
vt 0.846514 0.314921
vt 0.832561 0.336548
vt 0.818182 0.314921
vt 0.865778 0.314921
vt 0.880830 0.314921
vt 0.891742 0.314921
vt 0.892411 0.319302
vt 0.884899 0.328787
vt 0.898251 0.324776
vt 0.905691 0.320811
vt 0.895177 0.339021
vt 0.884664 0.357231
vt 0.874150 0.375441
vt 0.851847 0.370855
vt 0.863636 0.393651
vt 0.842835 0.353273
vt 0.685845 0.325749
vt 0.676012 0.344782
vt 0.668634 0.330033
vt 0.700084 0.322123
vt 0.690447 0.336441
vt 0.696361 0.346904
vt 0.683974 0.359793
vt 0.707673 0.334426
vt 0.664696 0.314921
vt 0.650743 0.336548
vt 0.636364 0.314921
vt 0.683960 0.314921
vt 0.699013 0.314921
vt 0.709924 0.314921
vt 0.710594 0.319302
vt 0.703081 0.328787
vt 0.716433 0.324776
vt 0.723873 0.320811
vt 0.713359 0.339021
vt 0.702846 0.357231
vt 0.692332 0.375441
vt 0.670029 0.370855
vt 0.681818 0.393651
vt 0.661017 0.353273
vt 0.504026 0.325749
vt 0.494194 0.344782
vt 0.486815 0.330033
vt 0.518266 0.322123
vt 0.508629 0.336441
vt 0.514543 0.346904
vt 0.502156 0.359793
vt 0.525855 0.334426
vt 0.482878 0.314921
vt 0.468925 0.336548
vt 0.454546 0.314921
vt 0.502142 0.314921
vt 0.517194 0.314921
vt 0.528106 0.314921
vt 0.528775 0.319302
vt 0.521263 0.328787
vt 0.534615 0.324776
vt 0.542055 0.320811
vt 0.531541 0.339021
vt 0.521028 0.357231
vt 0.510514 0.375441
vt 0.488211 0.370855
vt 0.500000 0.393651
vt 0.479199 0.353273
vt 0.272728 0.412660
vt 0.260514 0.429571
vt 0.255546 0.412398
vt 0.284942 0.429571
vt 0.272728 0.429343
vt 0.265625 0.445674
vt 0.279831 0.445675
vt 0.272728 0.444650
vt 0.252921 0.394821
vt 0.237787 0.411862
vt 0.227273 0.393651
vt 0.272728 0.395679
vt 0.289910 0.412398
vt 0.292535 0.394821
vt 0.307669 0.411862
vt 0.297155 0.430072
vt 0.286642 0.448282
vt 0.276128 0.466492
vt 0.275888 0.458146
vt 0.272728 0.456376
vt 0.269568 0.458146
vt 0.269328 0.466492
vt 0.258814 0.448282
vt 0.248301 0.430072
vt 0.437585 0.377199
vt 0.454546 0.367408
vt 0.454546 0.379479
vt 0.454546 0.347826
vt 0.444071 0.361373
vt 0.471507 0.377199
vt 0.465021 0.361373
vt 0.420881 0.370855
vt 0.434739 0.394821
vt 0.409092 0.393651
vt 0.429894 0.353273
vt 0.454546 0.395679
vt 0.440167 0.336548
vt 0.474353 0.394821
vt 0.363637 0.255994
vt 0.352272 0.273677
vt 0.347376 0.256631
vt 0.375002 0.273677
vt 0.363637 0.272656
vt 0.356291 0.287754
vt 0.370983 0.287754
vt 0.363637 0.286884
vt 0.344091 0.237849
vt 0.332348 0.260727
vt 0.363637 0.238512
vt 0.379898 0.256631
vt 0.383183 0.237849
vt 0.394926 0.260727
vt 0.385293 0.277411
vt 0.377767 0.290446
vt 0.372312 0.299896
vt 0.368137 0.298206
vt 0.363637 0.297643
vt 0.359137 0.298206
vt 0.354962 0.299896
vt 0.349507 0.290447
vt 0.341981 0.277411
vt 0.454546 0.412660
vt 0.442332 0.429571
vt 0.437364 0.412398
vt 0.466760 0.429571
vt 0.454546 0.429343
vt 0.447443 0.445674
vt 0.461649 0.445675
vt 0.454546 0.444650
vt 0.419605 0.411862
vt 0.471728 0.412398
vt 0.489487 0.411862
vt 0.478974 0.430072
vt 0.468460 0.448282
vt 0.457946 0.466492
vt 0.457706 0.458146
vt 0.454546 0.456376
vt 0.451386 0.458146
vt 0.451146 0.466492
vt 0.440632 0.448282
vt 0.430119 0.430072
vt 0.619403 0.377199
vt 0.636364 0.367408
vt 0.636364 0.379479
vt 0.636364 0.347826
vt 0.625889 0.361373
vt 0.653325 0.377199
vt 0.646839 0.361373
vt 0.602699 0.370855
vt 0.616557 0.394821
vt 0.590909 0.393651
vt 0.611712 0.353273
vt 0.636364 0.395679
vt 0.621985 0.336548
vt 0.656171 0.394821
vt 0.545455 0.255994
vt 0.534090 0.273677
vt 0.529194 0.256631
vt 0.556820 0.273677
vt 0.545455 0.272656
vt 0.538109 0.287754
vt 0.552801 0.287754
vt 0.545455 0.286884
vt 0.525909 0.237849
vt 0.514166 0.260727
vt 0.500001 0.236191
vt 0.545455 0.238512
vt 0.561716 0.256631
vt 0.565001 0.237849
vt 0.576744 0.260727
vt 0.567111 0.277411
vt 0.559585 0.290447
vt 0.554129 0.299896
vt 0.549955 0.298206
vt 0.545455 0.297643
vt 0.540955 0.298206
vt 0.536781 0.299896
vt 0.531325 0.290447
vt 0.523799 0.277411
vt 0.636364 0.412660
vt 0.624150 0.429571
vt 0.619182 0.412398
vt 0.648578 0.429571
vt 0.636364 0.429343
vt 0.629261 0.445674
vt 0.643467 0.445675
vt 0.636364 0.444650
vt 0.601423 0.411862
vt 0.653546 0.412398
vt 0.671305 0.411862
vt 0.660791 0.430072
vt 0.650278 0.448282
vt 0.639764 0.466492
vt 0.639524 0.458146
vt 0.636364 0.456376
vt 0.633204 0.458146
vt 0.632964 0.466492
vt 0.622450 0.448282
vt 0.611937 0.430072
vt 0.801221 0.377199
vt 0.818182 0.367408
vt 0.818182 0.379479
vt 0.818182 0.347826
vt 0.807707 0.361373
vt 0.835143 0.377199
vt 0.828657 0.361373
vt 0.784517 0.370855
vt 0.798375 0.394821
vt 0.772727 0.393651
vt 0.793530 0.353273
vt 0.818182 0.395679
vt 0.803803 0.336548
vt 0.837989 0.394821
vt 0.727273 0.255994
vt 0.715908 0.273677
vt 0.711012 0.256631
vt 0.738638 0.273677
vt 0.727273 0.272656
vt 0.719927 0.287754
vt 0.734619 0.287754
vt 0.727273 0.286884
vt 0.707727 0.237849
vt 0.695984 0.260727
vt 0.681819 0.236191
vt 0.727273 0.238512
vt 0.743534 0.256631
vt 0.746819 0.237849
vt 0.758562 0.260727
vt 0.748930 0.277411
vt 0.741403 0.290447
vt 0.735948 0.299896
vt 0.731773 0.298206
vt 0.727273 0.297643
vt 0.722773 0.298206
vt 0.718599 0.299896
vt 0.713143 0.290447
vt 0.705617 0.277411
vt 0.818182 0.412660
vt 0.805968 0.429571
vt 0.801000 0.412398
vt 0.830396 0.429571
vt 0.818182 0.429343
vt 0.811079 0.445674
vt 0.825285 0.445675
vt 0.818182 0.444650
vt 0.783241 0.411862
vt 0.835364 0.412398
vt 0.853123 0.411862
vt 0.842610 0.430072
vt 0.832096 0.448282
vt 0.821582 0.466492
vt 0.821342 0.458146
vt 0.818182 0.456376
vt 0.815022 0.458146
vt 0.814782 0.466492
vt 0.804268 0.448282
vt 0.793755 0.430072
vt 0.073949 0.377199
vt 0.090910 0.367408
vt 0.090910 0.379479
vt 0.090910 0.347826
vt 0.080435 0.361373
vt 0.107870 0.377199
vt 0.101384 0.361373
vt 0.057245 0.370855
vt 0.071103 0.394821
vt 0.045455 0.393651
vt 0.066257 0.353273
vt 0.090910 0.395679
vt 0.076531 0.336548
vt 0.110717 0.394821
vt 0.909320 0.255597
vt 0.897754 0.273629
vt 0.892859 0.256582
vt 0.921333 0.272158
vt 0.909314 0.272269
vt 0.901734 0.287773
vt 0.916183 0.288195
vt 0.909003 0.287037
vt 0.889555 0.237830
vt 0.877802 0.260727
vt 0.863637 0.236191
vt 0.909176 0.238365
vt 0.926302 0.254987
vt 0.928909 0.237379
vt 0.944032 0.254401
vt 0.933519 0.272611
vt 0.923005 0.290821
vt 0.912491 0.309031
vt 0.912206 0.300606
vt 0.908724 0.298279
vt 0.904545 0.298286
vt 0.900417 0.299896
vt 0.894961 0.290447
vt 0.887435 0.277411
vt 0.090910 0.412660
vt 0.078696 0.429571
vt 0.073728 0.412398
vt 0.103124 0.429571
vt 0.090910 0.429343
vt 0.083807 0.445674
vt 0.098013 0.445674
vt 0.090910 0.444650
vt 0.055969 0.411862
vt 0.108092 0.412398
vt 0.125851 0.411862
vt 0.115337 0.430072
vt 0.104824 0.448282
vt 0.094310 0.466492
vt 0.094070 0.458146
vt 0.090910 0.456376
vt 0.087750 0.458146
vt 0.087510 0.466492
vt 0.076996 0.448282
vt 0.066482 0.430072
vt 0.255767 0.377199
vt 0.272728 0.367408
vt 0.272728 0.379479
vt 0.272728 0.347826
vt 0.262253 0.361373
vt 0.289689 0.377199
vt 0.283203 0.361373
vt 0.239063 0.370855
vt 0.248076 0.353273
vt 0.287107 0.336548
vt 0.258349 0.336548
vt 0.272728 0.314921
vt 0.297381 0.353273
vt 0.306393 0.370855
vt 0.318182 0.393651
vt 0.414669 0.285457
vt 0.393673 0.284457
vt 0.405987 0.271693
vt 0.405038 0.304141
vt 0.400240 0.293788
vt 0.383491 0.294975
vt 0.390838 0.307700
vt 0.387917 0.300903
vt 0.420610 0.259457
vt 0.429809 0.276717
vt 0.422248 0.299859
vt 0.440156 0.293313
vt 0.426214 0.314921
vt 0.406950 0.314921
vt 0.391898 0.314921
vt 0.380986 0.314921
vt 0.380363 0.310461
vt 0.378601 0.306282
vt 0.375863 0.302666
vt 0.383237 0.334426
vt 0.400463 0.336441
vt 0.394550 0.346904
vt 0.390827 0.322123
vt 0.387829 0.328787
vt 0.414898 0.344782
vt 0.406936 0.359793
vt 0.405066 0.325749
vt 0.367037 0.320811
vt 0.377551 0.339021
vt 0.374477 0.324776
vt 0.380317 0.319302
vt 0.378233 0.322924
vt 0.422277 0.330033
vt 0.398578 0.375441
vt 0.388065 0.357231
vt 0.437584 0.252641
vt 0.454546 0.262434
vt 0.444061 0.268488
vt 0.471508 0.252641
vt 0.454546 0.250327
vt 0.454546 0.282020
vt 0.465031 0.268488
vt 0.488482 0.259457
vt 0.479283 0.276717
vt 0.468936 0.293313
vt 0.596487 0.285457
vt 0.575491 0.284457
vt 0.587805 0.271693
vt 0.586856 0.304141
vt 0.582058 0.293788
vt 0.565309 0.294975
vt 0.572656 0.307700
vt 0.569735 0.300903
vt 0.602428 0.259457
vt 0.611627 0.276717
vt 0.604066 0.299859
vt 0.621974 0.293313
vt 0.608032 0.314921
vt 0.588768 0.314921
vt 0.573716 0.314921
vt 0.562804 0.314921
vt 0.562181 0.310461
vt 0.560418 0.306282
vt 0.557681 0.302667
vt 0.565055 0.334426
vt 0.582281 0.336441
vt 0.576367 0.346904
vt 0.572645 0.322123
vt 0.569647 0.328787
vt 0.596716 0.344782
vt 0.588754 0.359793
vt 0.586884 0.325749
vt 0.548855 0.320811
vt 0.559369 0.339021
vt 0.556295 0.324776
vt 0.562135 0.319302
vt 0.560051 0.322924
vt 0.604095 0.330033
vt 0.580396 0.375441
vt 0.569882 0.357231
vt 0.619402 0.252641
vt 0.636364 0.262434
vt 0.625879 0.268488
vt 0.653326 0.252641
vt 0.636364 0.250327
vt 0.636364 0.282020
vt 0.646849 0.268488
vt 0.670300 0.259457
vt 0.661101 0.276717
vt 0.650754 0.293313
vt 0.778305 0.285457
vt 0.757309 0.284457
vt 0.769623 0.271693
vt 0.768674 0.304141
vt 0.763876 0.293788
vt 0.747127 0.294975
vt 0.754474 0.307700
vt 0.751553 0.300903
vt 0.784246 0.259457
vt 0.793445 0.276717
vt 0.785884 0.299859
vt 0.803793 0.293313
vt 0.789850 0.314921
vt 0.770586 0.314921
vt 0.755534 0.314921
vt 0.744622 0.314921
vt 0.743999 0.310461
vt 0.742237 0.306282
vt 0.739499 0.302667
vt 0.746873 0.334426
vt 0.764099 0.336441
vt 0.758186 0.346904
vt 0.754463 0.322123
vt 0.751465 0.328787
vt 0.778534 0.344782
vt 0.770572 0.359793
vt 0.768702 0.325749
vt 0.730673 0.320811
vt 0.741187 0.339021
vt 0.738113 0.324776
vt 0.743953 0.319302
vt 0.741869 0.322924
vt 0.785913 0.330033
vt 0.762214 0.375441
vt 0.751701 0.357231
vt 0.801220 0.252641
vt 0.818182 0.262434
vt 0.807697 0.268488
vt 0.835144 0.252641
vt 0.818182 0.250327
vt 0.818182 0.282020
vt 0.828667 0.268488
vt 0.852118 0.259457
vt 0.842919 0.276717
vt 0.832572 0.293313
vt 0.051262 0.285060
vt 0.030913 0.282938
vt 0.043299 0.270049
vt 0.041429 0.304093
vt 0.036826 0.293402
vt 0.019600 0.295416
vt 0.027190 0.307719
vt 0.024193 0.301055
vt 0.057245 0.258987
vt 0.034941 0.254401
vt 0.066257 0.276570
vt 0.058640 0.299809
vt 0.076531 0.293294
vt 0.062578 0.314921
vt 0.043313 0.314921
vt 0.028261 0.314921
vt 0.017349 0.314921
vt 0.016680 0.310540
vt 0.014596 0.306918
vt 0.010840 0.305066
vt 0.003400 0.309031
vt 0.013914 0.290821
vt 0.024428 0.272611
vt 0.019600 0.334426
vt 0.036826 0.336441
vt 0.030913 0.346904
vt 0.027190 0.322123
vt 0.024193 0.328787
vt 0.051262 0.344782
vt 0.043299 0.359793
vt 0.041429 0.325749
vt 0.003400 0.320811
vt 0.013914 0.339021
vt 0.010840 0.324776
vt 0.016680 0.319302
vt 0.014596 0.322924
vt 0.058640 0.330033
vt 0.034941 0.375441
vt 0.024428 0.357231
vt 0.073948 0.252641
vt 0.090910 0.262434
vt 0.080435 0.268470
vt 0.107870 0.252644
vt 0.090899 0.250345
vt 0.090911 0.282018
vt 0.101395 0.268488
vt 0.124846 0.259457
vt 0.115647 0.276717
vt 0.105299 0.293313
vt 0.232851 0.285458
vt 0.211855 0.284457
vt 0.224169 0.271693
vt 0.223220 0.304141
vt 0.218422 0.293788
vt 0.201673 0.294975
vt 0.209019 0.307700
vt 0.206099 0.300903
vt 0.238792 0.259457
vt 0.247991 0.276717
vt 0.240430 0.299859
vt 0.258338 0.293313
vt 0.244396 0.314921
vt 0.225132 0.314921
vt 0.210080 0.314921
vt 0.199168 0.314921
vt 0.198544 0.310461
vt 0.196782 0.306282
vt 0.194045 0.302667
vt 0.201419 0.334426
vt 0.218645 0.336441
vt 0.212732 0.346904
vt 0.209008 0.322123
vt 0.206011 0.328787
vt 0.233080 0.344782
vt 0.225118 0.359793
vt 0.223248 0.325749
vt 0.185219 0.320811
vt 0.195733 0.339021
vt 0.192659 0.324776
vt 0.198499 0.319302
vt 0.196415 0.322924
vt 0.240459 0.330033
vt 0.216760 0.375441
vt 0.206246 0.357231
vt 0.255766 0.252641
vt 0.272728 0.262434
vt 0.262243 0.268488
vt 0.289690 0.252641
vt 0.272728 0.250327
vt 0.272728 0.282020
vt 0.283213 0.268488
vt 0.306664 0.259457
vt 0.297465 0.276717
vt 0.287118 0.293313
vt 0.322208 0.325749
vt 0.312376 0.344782
vt 0.304997 0.330033
vt 0.336448 0.322123
vt 0.326811 0.336441
vt 0.332725 0.346904
vt 0.320338 0.359793
vt 0.344037 0.334426
vt 0.301060 0.314921
vt 0.320324 0.314921
vt 0.335376 0.314921
vt 0.346288 0.314921
vt 0.346957 0.319302
vt 0.339445 0.328787
vt 0.352797 0.324776
vt 0.360237 0.320811
vt 0.349723 0.339021
vt 0.339210 0.357231
vt 0.328696 0.375441
vt 0.515419 0.284457
vt 0.494423 0.285457
vt 0.503105 0.271693
vt 0.525601 0.294975
vt 0.508853 0.293788
vt 0.504054 0.304141
vt 0.486844 0.299859
vt 0.518255 0.307700
vt 0.533229 0.302667
vt 0.521175 0.300903
vt 0.528729 0.310461
vt 0.528493 0.219741
vt 0.545455 0.209948
vt 0.545455 0.222055
vt 0.545455 0.190362
vt 0.534970 0.203894
vt 0.562417 0.219741
vt 0.555940 0.203894
vt 0.511519 0.212925
vt 0.520718 0.195665
vt 0.559845 0.179069
vt 0.531065 0.179069
vt 0.545455 0.157461
vt 0.570192 0.195665
vt 0.579391 0.212925
vt 0.656218 0.177407
vt 0.672966 0.178594
vt 0.666400 0.187925
vt 0.663565 0.164682
vt 0.660644 0.171479
vt 0.687396 0.186925
vt 0.678714 0.200689
vt 0.677765 0.168241
vt 0.648590 0.169716
vt 0.653089 0.161921
vt 0.651327 0.166100
vt 0.694975 0.172523
vt 0.712884 0.179069
vt 0.702536 0.195665
vt 0.693337 0.212925
vt 0.697237 0.284457
vt 0.676241 0.285457
vt 0.684924 0.271693
vt 0.707419 0.294975
vt 0.690670 0.293788
vt 0.685872 0.304141
vt 0.668662 0.299859
vt 0.700073 0.307700
vt 0.715047 0.302667
vt 0.702993 0.300903
vt 0.710548 0.310461
vt 0.710311 0.219741
vt 0.727273 0.209948
vt 0.727273 0.222055
vt 0.727273 0.190362
vt 0.716788 0.203894
vt 0.744235 0.219741
vt 0.737759 0.203894
vt 0.741663 0.179069
vt 0.727273 0.157461
vt 0.752010 0.195665
vt 0.761209 0.212925
vt 0.838036 0.177407
vt 0.854785 0.178594
vt 0.848218 0.187925
vt 0.845383 0.164682
vt 0.842462 0.171479
vt 0.869214 0.186925
vt 0.860532 0.200689
vt 0.859583 0.168241
vt 0.830408 0.169716
vt 0.834908 0.161922
vt 0.833146 0.166100
vt 0.876793 0.172523
vt 0.894702 0.179069
vt 0.884354 0.195665
vt 0.875155 0.212925
vt 0.879056 0.284457
vt 0.858059 0.285457
vt 0.866741 0.271693
vt 0.889237 0.294975
vt 0.872489 0.293788
vt 0.867690 0.304141
vt 0.850480 0.299859
vt 0.881891 0.307700
vt 0.896865 0.302667
vt 0.884811 0.300903
vt 0.892366 0.310461
vt 0.892130 0.219738
vt 0.909091 0.209948
vt 0.909102 0.222037
vt 0.909090 0.190364
vt 0.898606 0.203894
vt 0.926053 0.219741
vt 0.919566 0.203912
vt 0.923470 0.179088
vt 0.909091 0.157461
vt 0.933744 0.195812
vt 0.942756 0.213395
vt 0.954545 0.236191
vt 0.110764 0.177407
vt 0.127513 0.178594
vt 0.120946 0.187925
vt 0.118111 0.164682
vt 0.115190 0.171479
vt 0.141942 0.186925
vt 0.133260 0.200689
vt 0.132311 0.168241
vt 0.103136 0.169716
vt 0.107636 0.161921
vt 0.105873 0.166100
vt 0.149521 0.172523
vt 0.167429 0.179069
vt 0.157082 0.195665
vt 0.147883 0.212925
vt 0.151783 0.284457
vt 0.130787 0.285457
vt 0.139469 0.271693
vt 0.161965 0.294975
vt 0.145216 0.293788
vt 0.140418 0.304141
vt 0.123208 0.299859
vt 0.154618 0.307700
vt 0.169593 0.302667
vt 0.157539 0.300903
vt 0.165093 0.310461
vt 0.164857 0.219741
vt 0.181819 0.209948
vt 0.181819 0.222055
vt 0.181819 0.190362
vt 0.171334 0.203894
vt 0.198781 0.219741
vt 0.192304 0.203894
vt 0.196209 0.179069
vt 0.181819 0.157461
vt 0.206556 0.195665
vt 0.215755 0.212925
vt 0.299918 0.150259
vt 0.309554 0.135941
vt 0.314157 0.146633
vt 0.292328 0.137956
vt 0.296920 0.143595
vt 0.323989 0.127600
vt 0.331368 0.142349
vt 0.303641 0.125478
vt 0.289408 0.153080
vt 0.283568 0.147606
vt 0.287324 0.149458
vt 0.276128 0.151571
vt 0.286642 0.133361
vt 0.297155 0.115151
vt 0.316027 0.112589
vt 0.307669 0.096941
vt 0.329972 0.101527
vt 0.338984 0.119109
vt 0.349258 0.135834
vt 0.333601 0.284457
vt 0.312605 0.285457
vt 0.321287 0.271693
vt 0.343783 0.294975
vt 0.327034 0.293788
vt 0.322236 0.304141
vt 0.305026 0.299859
vt 0.336437 0.307700
vt 0.351411 0.302666
vt 0.339357 0.300903
vt 0.346912 0.310461
vt 0.346675 0.219741
vt 0.363637 0.209948
vt 0.363637 0.222055
vt 0.363637 0.190362
vt 0.353152 0.203894
vt 0.380599 0.219741
vt 0.374122 0.203894
vt 0.378027 0.179069
vt 0.388374 0.195665
vt 0.397573 0.212925
vt 0.505807 0.127600
vt 0.485459 0.125478
vt 0.497845 0.112589
vt 0.495975 0.146633
vt 0.491372 0.135941
vt 0.474146 0.137956
vt 0.481736 0.150259
vt 0.478738 0.143595
vt 0.511790 0.101527
vt 0.489487 0.096941
vt 0.520802 0.119109
vt 0.513186 0.142349
vt 0.531076 0.135834
vt 0.517123 0.157461
vt 0.497859 0.157461
vt 0.482807 0.157461
vt 0.471895 0.157461
vt 0.471226 0.153080
vt 0.469142 0.149458
vt 0.465386 0.147606
vt 0.457946 0.151571
vt 0.468460 0.133361
vt 0.478973 0.115151
vt 0.474400 0.177407
vt 0.491149 0.178594
vt 0.484582 0.187925
vt 0.481747 0.164682
vt 0.478826 0.171479
vt 0.505578 0.186925
vt 0.496896 0.200689
vt 0.495947 0.168241
vt 0.466772 0.169716
vt 0.471272 0.161921
vt 0.469510 0.166100
vt 0.513157 0.172523
vt 0.528494 0.095183
vt 0.545455 0.104974
vt 0.534980 0.111009
vt 0.562416 0.095183
vt 0.545455 0.092903
vt 0.545455 0.124556
vt 0.555930 0.111009
vt 0.579120 0.101527
vt 0.590909 0.078731
vt 0.570108 0.119109
vt 0.559834 0.135834
vt 0.594963 0.168241
vt 0.585332 0.186925
vt 0.577753 0.172523
vt 0.609163 0.164682
vt 0.599762 0.178594
vt 0.606328 0.187925
vt 0.594014 0.200689
vt 0.616510 0.177407
vt 0.573787 0.157461
vt 0.593051 0.157461
vt 0.608103 0.157461
vt 0.619015 0.157461
vt 0.619639 0.161921
vt 0.612084 0.171479
vt 0.624138 0.169716
vt 0.605452 0.125478
vt 0.585103 0.127600
vt 0.593065 0.112589
vt 0.616764 0.137956
vt 0.599538 0.135941
vt 0.594935 0.146633
vt 0.577725 0.142349
vt 0.609175 0.150259
vt 0.601423 0.096941
vt 0.611937 0.115151
vt 0.622450 0.133361
vt 0.632964 0.151571
vt 0.625524 0.147606
vt 0.612172 0.143595
vt 0.619684 0.153080
vt 0.710312 0.095183
vt 0.727273 0.104974
vt 0.716798 0.111009
vt 0.744234 0.095183
vt 0.727273 0.092903
vt 0.727273 0.124556
vt 0.737748 0.111009
vt 0.760938 0.101527
vt 0.772727 0.078731
vt 0.751926 0.119109
vt 0.741652 0.135834
vt 0.776781 0.168241
vt 0.767150 0.186925
vt 0.759571 0.172523
vt 0.790982 0.164682
vt 0.781579 0.178594
vt 0.788146 0.187925
vt 0.775832 0.200689
vt 0.798328 0.177407
vt 0.755605 0.157461
vt 0.774869 0.157461
vt 0.789921 0.157461
vt 0.800833 0.157461
vt 0.801457 0.161921
vt 0.793902 0.171479
vt 0.805956 0.169716
vt 0.787270 0.125478
vt 0.766921 0.127600
vt 0.774883 0.112589
vt 0.798582 0.137956
vt 0.781356 0.135941
vt 0.776753 0.146633
vt 0.759542 0.142349
vt 0.790993 0.150259
vt 0.783241 0.096941
vt 0.793755 0.115151
vt 0.804268 0.133361
vt 0.814782 0.151571
vt 0.807342 0.147606
vt 0.793990 0.143595
vt 0.801502 0.153080
vt 0.892130 0.095183
vt 0.909091 0.104974
vt 0.898616 0.111009
vt 0.926052 0.095183
vt 0.909091 0.092903
vt 0.909091 0.124556
vt 0.919566 0.111009
vt 0.889284 0.077561
vt 0.909091 0.076703
vt 0.942756 0.101527
vt 0.928898 0.077561
vt 0.954545 0.078731
vt 0.933744 0.119109
vt 0.923470 0.135834
vt 0.958571 0.168289
vt 0.948739 0.187322
vt 0.941361 0.172573
vt 0.972811 0.164663
vt 0.963174 0.178980
vt 0.969088 0.189444
vt 0.956701 0.202333
vt 0.980400 0.176966
vt 0.937423 0.157461
vt 0.956687 0.157461
vt 0.971740 0.157461
vt 0.982651 0.157461
vt 0.983321 0.161842
vt 0.975808 0.171327
vt 0.989160 0.167316
vt 0.996600 0.163351
vt 0.986086 0.181561
vt 0.975573 0.199771
vt 0.965059 0.217981
vt 0.413145 0.168241
vt 0.403514 0.186925
vt 0.395935 0.172523
vt 0.427345 0.164682
vt 0.417944 0.178594
vt 0.424510 0.187925
vt 0.412196 0.200689
vt 0.434692 0.177407
vt 0.437821 0.161921
vt 0.430266 0.171479
vt 0.442320 0.169716
vt 0.363637 0.124556
vt 0.363637 0.104974
vt 0.374112 0.111009
vt 0.346676 0.095183
vt 0.353162 0.111009
vt 0.380598 0.095183
vt 0.363637 0.092903
vt 0.241816 0.125478
vt 0.221467 0.127600
vt 0.229429 0.112589
vt 0.253128 0.137956
vt 0.235902 0.135941
vt 0.231299 0.146633
vt 0.214088 0.142349
vt 0.245539 0.150259
vt 0.237787 0.096941
vt 0.215484 0.101527
vt 0.227273 0.078731
vt 0.248301 0.115151
vt 0.258814 0.133361
vt 0.269328 0.151571
vt 0.261888 0.147606
vt 0.248536 0.143595
vt 0.256048 0.153080
vt 0.255379 0.157461
vt 0.244467 0.157461
vt 0.229415 0.157461
vt 0.210151 0.157461
vt 0.196198 0.135834
vt 0.206472 0.119109
vt 0.969088 0.125478
vt 0.948739 0.127600
vt 0.956701 0.112589
vt 0.980400 0.137956
vt 0.963174 0.135941
vt 0.958572 0.146633
vt 0.941361 0.142349
vt 0.972811 0.150259
vt 0.965059 0.096941
vt 0.975573 0.115151
vt 0.986086 0.133361
vt 0.996600 0.151571
vt 0.989160 0.147606
vt 0.975808 0.143595
vt 0.983321 0.153080
vt 0.164858 0.095183
vt 0.181819 0.104974
vt 0.171344 0.111009
vt 0.198780 0.095183
vt 0.181819 0.092903
vt 0.181819 0.124556
vt 0.192294 0.111009
vt 0.231327 0.168241
vt 0.221696 0.186925
vt 0.214117 0.172523
vt 0.245528 0.164682
vt 0.236125 0.178594
vt 0.242692 0.187925
vt 0.230378 0.200689
vt 0.252874 0.177407
vt 0.256003 0.161921
vt 0.248448 0.171479
vt 0.260502 0.169716
vt 0.900240 0.319699
vt 0.904224 0.319686
vt 0.902562 0.320781
vt 0.902227 0.316741
vt 0.903000 0.318372
vt 0.904779 0.319382
vt 0.903445 0.316437
vt 0.903991 0.317929
vt 0.905691 0.320811
vt 0.894495 0.322924
vt 0.898912 0.317583
vt 0.898495 0.314921
vt 0.901964 0.314921
vt 0.903241 0.314921
vt 0.903619 0.316393
vt 0.904132 0.317866
vt 0.904858 0.319338
vt 0.100049 0.162737
vt 0.097781 0.159294
vt 0.101125 0.160185
vt 0.095933 0.162496
vt 0.097057 0.161010
vt 0.096550 0.158965
vt 0.095032 0.161593
vt 0.095955 0.160374
vt 0.101505 0.157461
vt 0.098377 0.164945
vt 0.096208 0.166637
vt 0.094474 0.163634
vt 0.093835 0.162527
vt 0.094904 0.161464
vt 0.095798 0.160283
vt 0.096374 0.158918
vt 0.096760 0.157461
vt 0.096577 0.157461
vt 0.098037 0.157461
vt 0.008851 0.319700
vt 0.006864 0.316741
vt 0.010179 0.317583
vt 0.004867 0.319686
vt 0.006091 0.318372
vt 0.005646 0.316437
vt 0.004312 0.319382
vt 0.005100 0.317929
vt 0.010596 0.314921
vt 0.006529 0.320781
vt 0.003400 0.320811
vt 0.004233 0.319338
vt 0.004959 0.317866
vt 0.005472 0.316393
vt 0.005850 0.314921
vt 0.005667 0.314921
vt 0.007128 0.314921
vt 0.099761 0.152683
vt 0.095777 0.152696
vt 0.097439 0.151601
vt 0.097774 0.155641
vt 0.097001 0.154010
vt 0.095222 0.153000
vt 0.096556 0.155945
vt 0.096010 0.154453
vt 0.094310 0.151571
vt 0.101089 0.154799
vt 0.096382 0.155989
vt 0.095869 0.154516
vt 0.095143 0.153044
vt 0.008851 0.310143
vt 0.004867 0.310156
vt 0.006529 0.309061
vt 0.006864 0.313101
vt 0.006091 0.311470
vt 0.004312 0.310460
vt 0.005646 0.313405
vt 0.005100 0.311913
vt 0.003400 0.309031
vt 0.010179 0.312259
vt 0.005472 0.313449
vt 0.004959 0.311976
vt 0.004233 0.310504
vt 0.263589 0.162737
vt 0.267705 0.162496
vt 0.265262 0.164945
vt 0.265857 0.159293
vt 0.266580 0.161010
vt 0.268606 0.161593
vt 0.267088 0.158965
vt 0.267683 0.160374
vt 0.267430 0.166637
vt 0.257765 0.166100
vt 0.262513 0.160185
vt 0.262132 0.157461
vt 0.265601 0.157461
vt 0.266878 0.157461
vt 0.267264 0.158918
vt 0.267840 0.160283
vt 0.268734 0.161464
vt 0.269803 0.162527
vt 0.269894 0.162369
vt 0.269164 0.163634
vt 0.908804 0.304866
vt 0.907235 0.308066
vt 0.906307 0.304775
vt 0.910784 0.308324
vt 0.909034 0.307921
vt 0.907581 0.309273
vt 0.910798 0.308956
vt 0.909146 0.309000
vt 0.903793 0.305745
vt 0.910901 0.306337
vt 0.912491 0.309031
vt 0.910800 0.309047
vt 0.909162 0.309154
vt 0.907630 0.309446
vt 0.906166 0.309855
vt 0.906257 0.310013
vt 0.905527 0.308748
vt 0.272728 0.168013
vt 0.274577 0.164328
vt 0.275476 0.167669
vt 0.270879 0.164328
vt 0.272728 0.164559
vt 0.274245 0.163097
vt 0.271211 0.163097
vt 0.272728 0.163287
vt 0.278026 0.166637
vt 0.269980 0.167669
vt 0.271258 0.162921
vt 0.272728 0.163105
vt 0.274198 0.162921
vt 0.275653 0.162527
vt 0.275562 0.162369
vt 0.276292 0.163634
vt 0.172680 0.309645
vt 0.174948 0.313089
vt 0.171604 0.312197
vt 0.176796 0.309887
vt 0.175672 0.311372
vt 0.176179 0.313417
vt 0.177697 0.310789
vt 0.176774 0.312008
vt 0.171223 0.314921
vt 0.166855 0.306282
vt 0.174352 0.307437
vt 0.176521 0.305745
vt 0.178255 0.308748
vt 0.178894 0.309855
vt 0.177825 0.310918
vt 0.176931 0.312099
vt 0.176355 0.313464
vt 0.175969 0.314921
vt 0.176152 0.314921
vt 0.174692 0.314921
vt 0.281867 0.162737
vt 0.279599 0.159293
vt 0.282943 0.160185
vt 0.277751 0.162496
vt 0.278875 0.161010
vt 0.278368 0.158965
vt 0.276850 0.161593
vt 0.277773 0.160374
vt 0.283324 0.157461
vt 0.280195 0.164945
vt 0.276722 0.161464
vt 0.277616 0.160283
vt 0.278192 0.158918
vt 0.278578 0.157461
vt 0.278395 0.157461
vt 0.279856 0.157461
vt 0.172968 0.319700
vt 0.176952 0.319686
vt 0.175290 0.320781
vt 0.174955 0.316741
vt 0.175728 0.318372
vt 0.177507 0.319382
vt 0.176173 0.316437
vt 0.176719 0.317929
vt 0.178419 0.320811
vt 0.167223 0.322924
vt 0.171640 0.317583
vt 0.176347 0.316393
vt 0.176860 0.317866
vt 0.177586 0.319338
vt 0.272728 0.462825
vt 0.271028 0.465797
vt 0.270882 0.463860
vt 0.274428 0.465797
vt 0.272728 0.465481
vt 0.271028 0.466405
vt 0.274428 0.466405
vt 0.272728 0.466366
vt 0.269328 0.466492
vt 0.274574 0.463860
vt 0.276128 0.466492
vt 0.274428 0.466492
vt 0.272728 0.466492
vt 0.271028 0.466492
vt 0.901988 0.026708
vt 0.909091 0.043039
vt 0.896877 0.042811
vt 0.916194 0.026708
vt 0.909091 0.027732
vt 0.909091 0.059722
vt 0.891909 0.059984
vt 0.921305 0.042811
vt 0.905691 0.005890
vt 0.895177 0.024100
vt 0.905931 0.014236
vt 0.912251 0.014236
vt 0.909091 0.016006
vt 0.912491 0.005890
vt 0.923005 0.024100
vt 0.933519 0.042310
vt 0.926273 0.059984
vt 0.944032 0.060520
vt 0.874150 0.060520
vt 0.884664 0.042310
vt 0.632370 0.161464
vt 0.631476 0.160283
vt 0.630900 0.158918
vt 0.631476 0.160283
vt 0.632370 0.161464
vt 0.630900 0.158918
vt 0.633530 0.162369
vt 0.633530 0.162369
vt 0.632370 0.161464
vt 0.630900 0.158918
vt 0.631476 0.160283
vt 0.630697 0.157461
vt 0.630697 0.157461
vt 0.630697 0.157461
vt 0.630900 0.158918
vt 0.630697 0.157461
vt 0.633530 0.162369
vt 0.539991 0.313464
vt 0.540567 0.312099
vt 0.539991 0.313464
vt 0.541461 0.310918
vt 0.540567 0.312099
vt 0.539991 0.313464
vt 0.541461 0.310918
vt 0.539788 0.314921
vt 0.539788 0.314921
vt 0.539991 0.313464
vt 0.541461 0.310918
vt 0.540567 0.312099
vt 0.542621 0.310013
vt 0.542621 0.310013
vt 0.541461 0.310918
vt 0.539788 0.314921
vt 0.637834 0.162921
vt 0.636364 0.163105
vt 0.637834 0.162921
vt 0.634894 0.162921
vt 0.636364 0.163105
vt 0.634894 0.162921
vt 0.639198 0.162369
vt 0.637834 0.162921
vt 0.634894 0.162921
vt 0.636364 0.163105
vt 0.639198 0.162369
vt 0.639198 0.162369
vt 0.541222 0.319338
vt 0.540496 0.317866
vt 0.541222 0.319338
vt 0.539983 0.316393
vt 0.540496 0.317866
vt 0.539982 0.316393
vt 0.542055 0.320811
vt 0.539983 0.316393
vt 0.539983 0.316393
vt 0.641828 0.158918
vt 0.641252 0.160283
vt 0.641828 0.158918
vt 0.640358 0.161464
vt 0.641252 0.160283
vt 0.641252 0.160283
vt 0.640358 0.161464
vt 0.642031 0.157461
vt 0.642031 0.157461
vt 0.641828 0.158918
vt 0.640358 0.161464
vt 0.641252 0.160283
vt 0.640358 0.161464
vt 0.642031 0.157461
vt 0.550928 0.316393
vt 0.550414 0.317866
vt 0.550927 0.316393
vt 0.549688 0.319338
vt 0.550928 0.316393
vt 0.549688 0.319338
vt 0.551122 0.314921
vt 0.551122 0.314921
vt 0.550927 0.316393
vt 0.549688 0.319338
vt 0.548855 0.320811
vt 0.549688 0.319338
vt 0.549688 0.319338
vt 0.551122 0.314921
vt 0.640597 0.153044
vt 0.641323 0.154516
vt 0.641837 0.155989
vt 0.641323 0.154516
vt 0.641323 0.154516
vt 0.639764 0.151571
vt 0.641836 0.155989
vt 0.549449 0.310918
vt 0.550343 0.312099
vt 0.549449 0.310918
vt 0.550919 0.313464
vt 0.550343 0.312099
vt 0.550343 0.312099
vt 0.549449 0.310918
vt 0.548289 0.310013
vt 0.548289 0.310013
vt 0.549449 0.310918
vt 0.550919 0.313464
vt 0.550343 0.312099
vt 0.550919 0.313464
vt 0.548289 0.310013
vt 0.812710 0.155989
vt 0.813223 0.154516
vt 0.812710 0.155989
vt 0.813949 0.153044
vt 0.813223 0.154516
vt 0.812515 0.157461
vt 0.813949 0.153044
vt 0.813223 0.154516
vt 0.814782 0.151571
vt 0.813949 0.153044
vt 0.812515 0.157461
vt 0.812515 0.157461
vt 0.543985 0.309461
vt 0.545455 0.309277
vt 0.543985 0.309461
vt 0.546925 0.309461
vt 0.545455 0.309277
vt 0.543985 0.309461
vt 0.546925 0.309461
vt 0.543985 0.309461
vt 0.546925 0.309461
vt 0.545455 0.309277
vt 0.546925 0.309461
vt 0.814188 0.161464
vt 0.813294 0.160283
vt 0.814188 0.161464
vt 0.812718 0.158918
vt 0.813294 0.160283
vt 0.813294 0.160283
vt 0.812719 0.158918
vt 0.815348 0.162369
vt 0.815348 0.162369
vt 0.814188 0.161464
vt 0.812718 0.158918
vt 0.813294 0.160283
vt 0.812718 0.158918
vt 0.813294 0.160283
vt 0.815348 0.162369
vt 0.815348 0.162369
vt 0.815349 0.162369
vt 0.721810 0.313464
vt 0.722385 0.312099
vt 0.721809 0.313464
vt 0.723279 0.310918
vt 0.722385 0.312099
vt 0.722385 0.312099
vt 0.721810 0.313464
vt 0.723279 0.310918
vt 0.721606 0.314921
vt 0.721606 0.314921
vt 0.723279 0.310918
vt 0.724439 0.310013
vt 0.724440 0.310013
vt 0.724440 0.310013
vt 0.723279 0.310918
vt 0.724439 0.310013
vt 0.721606 0.314921
vt 0.721606 0.314921
vt 0.091197 0.167516
vt 0.092766 0.164316
vt 0.093694 0.167607
vt 0.089217 0.164058
vt 0.090967 0.164461
vt 0.092420 0.163109
vt 0.089203 0.163426
vt 0.090855 0.163382
vt 0.089100 0.166045
vt 0.087510 0.163351
vt 0.089201 0.163335
vt 0.090839 0.163228
vt 0.092371 0.162936
vt 0.093744 0.162369
vt 0.899952 0.309645
vt 0.902220 0.313089
vt 0.898876 0.312197
vt 0.904068 0.309887
vt 0.902944 0.311372
vt 0.903451 0.313417
vt 0.904969 0.310789
vt 0.904046 0.312008
vt 0.894128 0.306282
vt 0.901625 0.307437
vt 0.905097 0.310918
vt 0.904203 0.312099
vt 0.903627 0.313464
vt 0.903424 0.314921
vt 0.991149 0.162239
vt 0.995133 0.162226
vt 0.993472 0.163321
vt 0.993136 0.159281
vt 0.993910 0.160912
vt 0.995688 0.161922
vt 0.994354 0.158977
vt 0.994900 0.160469
vt 0.996600 0.163351
vt 0.985404 0.165464
vt 0.989821 0.160123
vt 0.989405 0.157461
vt 0.992873 0.157461
vt 0.994150 0.157461
vt 0.994528 0.158933
vt 0.995041 0.160406
vt 0.995767 0.161878
vt 0.727273 0.304369
vt 0.725424 0.308054
vt 0.724525 0.304713
vt 0.729122 0.308054
vt 0.727273 0.307823
vt 0.725756 0.309285
vt 0.728790 0.309285
vt 0.727273 0.309095
vt 0.721975 0.305745
vt 0.730021 0.304713
vt 0.732571 0.305745
vt 0.730837 0.308748
vt 0.730198 0.309855
vt 0.728743 0.309461
vt 0.727273 0.309277
vt 0.725803 0.309461
vt 0.724348 0.309855
vt 0.723709 0.308749
vt 0.991149 0.152683
vt 0.993136 0.155641
vt 0.989821 0.154799
vt 0.995133 0.152696
vt 0.993910 0.154010
vt 0.994354 0.155945
vt 0.995688 0.153000
vt 0.994900 0.154453
vt 0.985404 0.149458
vt 0.993471 0.151601
vt 0.996600 0.151571
vt 0.995767 0.153044
vt 0.995041 0.154516
vt 0.994528 0.155989
vt 0.994333 0.157461
vt 0.736412 0.309645
vt 0.732296 0.309887
vt 0.734740 0.307437
vt 0.734144 0.313089
vt 0.733421 0.311372
vt 0.731395 0.310789
vt 0.732913 0.313417
vt 0.732319 0.312008
vt 0.737488 0.312197
vt 0.737869 0.314921
vt 0.734401 0.314921
vt 0.733123 0.314921
vt 0.732737 0.313464
vt 0.732161 0.312099
vt 0.731267 0.310918
vt 0.730107 0.310013
vt 0.827033 0.152683
vt 0.823049 0.152696
vt 0.824711 0.151601
vt 0.825046 0.155641
vt 0.824273 0.154010
vt 0.822494 0.153000
vt 0.823829 0.155945
vt 0.823282 0.154453
vt 0.821582 0.151571
vt 0.828361 0.154799
vt 0.828778 0.157461
vt 0.825310 0.157461
vt 0.824032 0.157461
vt 0.823655 0.155989
vt 0.823141 0.154516
vt 0.822415 0.153044
vt 0.736124 0.319700
vt 0.734137 0.316741
vt 0.737452 0.317583
vt 0.732140 0.319686
vt 0.733364 0.318372
vt 0.732920 0.316437
vt 0.731585 0.319382
vt 0.732373 0.317929
vt 0.733802 0.320781
vt 0.730673 0.320811
vt 0.731506 0.319338
vt 0.732232 0.317866
vt 0.732746 0.316393
vt 0.732940 0.314921
vt 0.827321 0.162737
vt 0.825054 0.159294
vt 0.828397 0.160185
vt 0.823205 0.162496
vt 0.824330 0.161010
vt 0.823822 0.158965
vt 0.822304 0.161593
vt 0.823228 0.160374
vt 0.825649 0.164945
vt 0.823480 0.166637
vt 0.821746 0.163634
vt 0.821107 0.162527
vt 0.822176 0.161464
vt 0.823070 0.160283
vt 0.823646 0.158918
vt 0.823849 0.157461
vt 0.718422 0.319699
vt 0.722406 0.319686
vt 0.720744 0.320781
vt 0.720409 0.316741
vt 0.721183 0.318372
vt 0.722961 0.319382
vt 0.721627 0.316437
vt 0.722173 0.317929
vt 0.723873 0.320811
vt 0.712677 0.322924
vt 0.717094 0.317583
vt 0.716678 0.314921
vt 0.720146 0.314921
vt 0.721423 0.314921
vt 0.721801 0.316393
vt 0.722314 0.317866
vt 0.723040 0.319338
vt 0.818182 0.168013
vt 0.820031 0.164328
vt 0.820930 0.167669
vt 0.816333 0.164328
vt 0.818182 0.164560
vt 0.819699 0.163097
vt 0.816665 0.163097
vt 0.818182 0.163287
vt 0.815434 0.167669
vt 0.812884 0.166637
vt 0.814618 0.163634
vt 0.815257 0.162527
vt 0.816712 0.162921
vt 0.818182 0.163105
vt 0.819652 0.162921
vt 0.821016 0.162369
vt 0.718134 0.309645
vt 0.720402 0.313089
vt 0.717058 0.312197
vt 0.722251 0.309887
vt 0.721126 0.311372
vt 0.721633 0.313417
vt 0.723151 0.310789
vt 0.722228 0.312008
vt 0.712310 0.306282
vt 0.719807 0.307437
vt 0.809044 0.162737
vt 0.813159 0.162496
vt 0.810715 0.164945
vt 0.811311 0.159294
vt 0.812035 0.161010
vt 0.814060 0.161593
vt 0.812542 0.158965
vt 0.813137 0.160374
vt 0.803219 0.166100
vt 0.807967 0.160185
vt 0.807586 0.157461
vt 0.811055 0.157461
vt 0.812332 0.157461
vt 0.545455 0.304369
vt 0.543606 0.308054
vt 0.542707 0.304713
vt 0.547304 0.308054
vt 0.545455 0.307823
vt 0.543938 0.309285
vt 0.546972 0.309285
vt 0.545455 0.309095
vt 0.540157 0.305745
vt 0.548203 0.304713
vt 0.550753 0.305745
vt 0.549019 0.308748
vt 0.548380 0.309855
vt 0.542530 0.309855
vt 0.541891 0.308748
vt 0.809331 0.152683
vt 0.811318 0.155641
vt 0.808003 0.154799
vt 0.813315 0.152696
vt 0.812092 0.154010
vt 0.812536 0.155945
vt 0.813870 0.153000
vt 0.813082 0.154453
vt 0.803586 0.149458
vt 0.811653 0.151601
vt 0.554594 0.309645
vt 0.550478 0.309886
vt 0.552921 0.307437
vt 0.552326 0.313089
vt 0.551602 0.311372
vt 0.549577 0.310789
vt 0.551095 0.313417
vt 0.550500 0.312008
vt 0.555670 0.312197
vt 0.556051 0.314921
vt 0.552582 0.314921
vt 0.551305 0.314921
vt 0.645215 0.152683
vt 0.641231 0.152696
vt 0.642893 0.151601
vt 0.643228 0.155641
vt 0.642455 0.154010
vt 0.640676 0.153000
vt 0.642010 0.155945
vt 0.641464 0.154453
vt 0.646543 0.154799
vt 0.646959 0.157461
vt 0.643491 0.157461
vt 0.642214 0.157461
vt 0.554306 0.319700
vt 0.552319 0.316741
vt 0.555634 0.317583
vt 0.550322 0.319686
vt 0.551546 0.318372
vt 0.551101 0.316437
vt 0.549767 0.319382
vt 0.550555 0.317929
vt 0.551984 0.320781
vt 0.645503 0.162737
vt 0.643235 0.159293
vt 0.646579 0.160185
vt 0.641387 0.162495
vt 0.642511 0.161010
vt 0.642004 0.158965
vt 0.640486 0.161593
vt 0.641409 0.160374
vt 0.643830 0.164945
vt 0.641662 0.166637
vt 0.639928 0.163634
vt 0.639289 0.162527
vt 0.536604 0.319699
vt 0.540588 0.319686
vt 0.538926 0.320781
vt 0.538591 0.316741
vt 0.539364 0.318372
vt 0.541143 0.319382
vt 0.539809 0.316437
vt 0.540355 0.317929
vt 0.530859 0.322924
vt 0.535276 0.317583
vt 0.534860 0.314921
vt 0.538328 0.314921
vt 0.539605 0.314921
vt 0.636364 0.168013
vt 0.638213 0.164328
vt 0.639112 0.167669
vt 0.634515 0.164328
vt 0.636364 0.164559
vt 0.637881 0.163097
vt 0.634847 0.163097
vt 0.636364 0.163287
vt 0.633616 0.167669
vt 0.631066 0.166637
vt 0.632800 0.163634
vt 0.633439 0.162527
vt 0.536316 0.309645
vt 0.538584 0.313089
vt 0.535240 0.312197
vt 0.540432 0.309887
vt 0.539308 0.311372
vt 0.539815 0.313417
vt 0.541333 0.310789
vt 0.540410 0.312008
vt 0.530492 0.306282
vt 0.537988 0.307437
vt 0.627225 0.162737
vt 0.631341 0.162496
vt 0.628897 0.164945
vt 0.629493 0.159294
vt 0.630217 0.161010
vt 0.632242 0.161593
vt 0.630724 0.158965
vt 0.631319 0.160374
vt 0.621401 0.166100
vt 0.626149 0.160185
vt 0.625768 0.157461
vt 0.629237 0.157461
vt 0.630514 0.157461
vt 0.363637 0.304369
vt 0.361788 0.308054
vt 0.360889 0.304713
vt 0.365486 0.308054
vt 0.363637 0.307823
vt 0.362120 0.309285
vt 0.365154 0.309285
vt 0.363637 0.309095
vt 0.358339 0.305745
vt 0.366385 0.304713
vt 0.368935 0.305745
vt 0.367201 0.308748
vt 0.366562 0.309855
vt 0.365107 0.309461
vt 0.363637 0.309277
vt 0.362167 0.309461
vt 0.360712 0.309855
vt 0.360803 0.310013
vt 0.360073 0.308748
vt 0.627513 0.152683
vt 0.629500 0.155641
vt 0.626185 0.154799
vt 0.631497 0.152696
vt 0.630273 0.154010
vt 0.630718 0.155945
vt 0.632052 0.153000
vt 0.631264 0.154453
vt 0.621768 0.149458
vt 0.629835 0.151601
vt 0.632964 0.151571
vt 0.632131 0.153044
vt 0.631405 0.154516
vt 0.630892 0.155989
vt 0.372776 0.309645
vt 0.368660 0.309886
vt 0.371104 0.307437
vt 0.370508 0.313089
vt 0.369784 0.311372
vt 0.367759 0.310789
vt 0.369277 0.313417
vt 0.368682 0.312008
vt 0.373852 0.312197
vt 0.374233 0.314921
vt 0.370765 0.314921
vt 0.369487 0.314921
vt 0.369101 0.313464
vt 0.368525 0.312099
vt 0.367631 0.310918
vt 0.366471 0.310013
vt 0.445695 0.152683
vt 0.447682 0.155641
vt 0.444367 0.154799
vt 0.449679 0.152696
vt 0.448455 0.154010
vt 0.448900 0.155945
vt 0.450234 0.153000
vt 0.449446 0.154453
vt 0.443951 0.157461
vt 0.448017 0.151601
vt 0.451146 0.151571
vt 0.450313 0.153044
vt 0.449587 0.154516
vt 0.449073 0.155989
vt 0.448696 0.157461
vt 0.448879 0.157461
vt 0.447419 0.157461
vt 0.372488 0.319700
vt 0.370501 0.316741
vt 0.373816 0.317583
vt 0.368504 0.319686
vt 0.369728 0.318372
vt 0.369283 0.316437
vt 0.367949 0.319382
vt 0.368737 0.317929
vt 0.370166 0.320781
vt 0.367037 0.320811
vt 0.367870 0.319338
vt 0.368596 0.317866
vt 0.369110 0.316393
vt 0.369304 0.314921
vt 0.463397 0.152683
vt 0.459413 0.152696
vt 0.461075 0.151601
vt 0.461410 0.155641
vt 0.460637 0.154010
vt 0.458858 0.153000
vt 0.460192 0.155945
vt 0.459646 0.154453
vt 0.457946 0.151571
vt 0.464725 0.154799
vt 0.465142 0.157461
vt 0.461674 0.157461
vt 0.460396 0.157461
vt 0.460018 0.155989
vt 0.459505 0.154516
vt 0.458779 0.153044
vt 0.181819 0.009557
vt 0.183519 0.006585
vt 0.183665 0.008522
vt 0.180119 0.006585
vt 0.181819 0.006901
vt 0.183519 0.005977
vt 0.180119 0.005977
vt 0.181819 0.006016
vt 0.185219 0.005890
vt 0.179973 0.008522
vt 0.178419 0.005890
vt 0.180119 0.005890
vt 0.181819 0.005890
vt 0.183519 0.005890
vt 0.354786 0.319699
vt 0.358770 0.319686
vt 0.357108 0.320781
vt 0.356773 0.316741
vt 0.357547 0.318372
vt 0.359325 0.319382
vt 0.357991 0.316437
vt 0.358537 0.317929
vt 0.360237 0.320811
vt 0.349041 0.322924
vt 0.353458 0.317583
vt 0.353042 0.314921
vt 0.356510 0.314921
vt 0.357787 0.314921
vt 0.358165 0.316393
vt 0.358678 0.317866
vt 0.359404 0.319338
vt 0.463685 0.162737
vt 0.461417 0.159293
vt 0.464761 0.160185
vt 0.459569 0.162495
vt 0.460694 0.161010
vt 0.460186 0.158965
vt 0.458668 0.161593
vt 0.459591 0.160374
vt 0.462012 0.164945
vt 0.459844 0.166637
vt 0.458110 0.163634
vt 0.457471 0.162527
vt 0.458540 0.161464
vt 0.459434 0.160283
vt 0.460010 0.158918
vt 0.460213 0.157461
vt 0.909091 0.009557
vt 0.910791 0.006585
vt 0.910937 0.008522
vt 0.907391 0.006585
vt 0.909091 0.006901
vt 0.910791 0.005977
vt 0.907391 0.005977
vt 0.909091 0.006016
vt 0.912492 0.005890
vt 0.907245 0.008522
vt 0.905691 0.005890
vt 0.907391 0.005890
vt 0.909091 0.005890
vt 0.910791 0.005890
vt 0.354498 0.309645
vt 0.356766 0.313089
vt 0.353422 0.312197
vt 0.358614 0.309886
vt 0.357490 0.311372
vt 0.357997 0.313417
vt 0.359515 0.310789
vt 0.358592 0.312008
vt 0.348674 0.306282
vt 0.356171 0.307437
vt 0.359643 0.310918
vt 0.358749 0.312099
vt 0.358173 0.313464
vt 0.357970 0.314921
vt 0.454546 0.168013
vt 0.456395 0.164328
vt 0.457294 0.167669
vt 0.452697 0.164328
vt 0.454546 0.164559
vt 0.456063 0.163097
vt 0.453029 0.163097
vt 0.454546 0.163287
vt 0.451798 0.167669
vt 0.449248 0.166637
vt 0.450982 0.163634
vt 0.451621 0.162527
vt 0.453076 0.162921
vt 0.454546 0.163105
vt 0.456016 0.162921
vt 0.457380 0.162369
vt 0.727273 0.009557
vt 0.728973 0.006585
vt 0.729119 0.008522
vt 0.725573 0.006585
vt 0.727273 0.006901
vt 0.728973 0.005977
vt 0.725573 0.005977
vt 0.727273 0.006016
vt 0.730673 0.005890
vt 0.725427 0.008522
vt 0.723873 0.005890
vt 0.725573 0.005890
vt 0.727273 0.005890
vt 0.728973 0.005890
vt 0.454546 0.462825
vt 0.452846 0.465797
vt 0.452700 0.463860
vt 0.456246 0.465797
vt 0.454546 0.465481
vt 0.452846 0.466405
vt 0.456246 0.466405
vt 0.454546 0.466366
vt 0.451146 0.466492
vt 0.456392 0.463860
vt 0.457946 0.466492
vt 0.456246 0.466492
vt 0.454546 0.466492
vt 0.452846 0.466492
vt 0.451146 0.466492
vt 0.445407 0.162737
vt 0.449523 0.162496
vt 0.447079 0.164945
vt 0.447675 0.159294
vt 0.448399 0.161010
vt 0.450424 0.161593
vt 0.448906 0.158965
vt 0.449501 0.160374
vt 0.439583 0.166100
vt 0.444331 0.160185
vt 0.449082 0.158918
vt 0.449658 0.160283
vt 0.450552 0.161464
vt 0.451712 0.162369
vt 0.545455 0.009557
vt 0.547155 0.006585
vt 0.547301 0.008522
vt 0.543755 0.006585
vt 0.545455 0.006901
vt 0.547155 0.005977
vt 0.543755 0.005977
vt 0.545455 0.006016
vt 0.548855 0.005890
vt 0.543609 0.008522
vt 0.542055 0.005890
vt 0.543755 0.005890
vt 0.545455 0.005890
vt 0.547155 0.005890
vt 0.636364 0.462825
vt 0.634664 0.465797
vt 0.634518 0.463860
vt 0.638064 0.465797
vt 0.636364 0.465481
vt 0.634664 0.466405
vt 0.638064 0.466405
vt 0.636364 0.466366
vt 0.632964 0.466492
vt 0.638210 0.463860
vt 0.639764 0.466492
vt 0.638064 0.466492
vt 0.636364 0.466492
vt 0.634664 0.466492
vt 0.181819 0.304369
vt 0.179970 0.308054
vt 0.179071 0.304713
vt 0.183668 0.308054
vt 0.181819 0.307823
vt 0.180302 0.309285
vt 0.183336 0.309285
vt 0.181819 0.309095
vt 0.184567 0.304713
vt 0.187117 0.305745
vt 0.185383 0.308748
vt 0.184744 0.309855
vt 0.183289 0.309461
vt 0.181819 0.309277
vt 0.180349 0.309461
vt 0.178985 0.310013
vt 0.363637 0.009557
vt 0.365337 0.006585
vt 0.365483 0.008522
vt 0.361937 0.006585
vt 0.363637 0.006901
vt 0.365337 0.005977
vt 0.361937 0.005977
vt 0.363637 0.006016
vt 0.367037 0.005890
vt 0.363637 0.016006
vt 0.361791 0.008522
vt 0.360237 0.005890
vt 0.361937 0.005890
vt 0.363637 0.005890
vt 0.365337 0.005890
vt 0.818182 0.462825
vt 0.816482 0.465797
vt 0.816336 0.463860
vt 0.819882 0.465797
vt 0.818182 0.465481
vt 0.816482 0.466405
vt 0.819882 0.466405
vt 0.818182 0.466366
vt 0.814782 0.466492
vt 0.820028 0.463860
vt 0.821582 0.466492
vt 0.819882 0.466492
vt 0.818182 0.466492
vt 0.816482 0.466492
vt 0.190958 0.309645
vt 0.186842 0.309887
vt 0.189285 0.307437
vt 0.188690 0.313089
vt 0.187966 0.311372
vt 0.185941 0.310789
vt 0.187459 0.313417
vt 0.186864 0.312008
vt 0.192034 0.312197
vt 0.192414 0.314921
vt 0.188946 0.314921
vt 0.187669 0.314921
vt 0.187283 0.313464
vt 0.186707 0.312099
vt 0.185813 0.310918
vt 0.184653 0.310013
vt 0.263877 0.152683
vt 0.265864 0.155641
vt 0.262549 0.154799
vt 0.267861 0.152696
vt 0.266637 0.154010
vt 0.267082 0.155945
vt 0.268416 0.153000
vt 0.267628 0.154453
vt 0.258132 0.149458
vt 0.266199 0.151601
vt 0.269328 0.151571
vt 0.268495 0.153044
vt 0.267769 0.154516
vt 0.267256 0.155989
vt 0.267061 0.157461
vt 0.090910 0.462825
vt 0.089210 0.465797
vt 0.089064 0.463860
vt 0.092610 0.465797
vt 0.090910 0.465481
vt 0.089210 0.466405
vt 0.092610 0.466405
vt 0.090910 0.466366
vt 0.087510 0.466492
vt 0.092756 0.463860
vt 0.094310 0.466492
vt 0.092610 0.466492
vt 0.090910 0.466492
vt 0.089210 0.466492
vt 0.190670 0.319700
vt 0.188683 0.316741
vt 0.191998 0.317583
vt 0.186686 0.319686
vt 0.187910 0.318372
vt 0.187465 0.316437
vt 0.186131 0.319382
vt 0.186919 0.317929
vt 0.188348 0.320781
vt 0.185219 0.320811
vt 0.186052 0.319338
vt 0.186778 0.317866
vt 0.187291 0.316393
vt 0.187486 0.314921
vt 0.281579 0.152683
vt 0.277595 0.152696
vt 0.279257 0.151601
vt 0.279592 0.155641
vt 0.278819 0.154010
vt 0.277040 0.153000
vt 0.278374 0.155945
vt 0.277828 0.154453
vt 0.276128 0.151571
vt 0.282907 0.154799
vt 0.278201 0.155989
vt 0.277687 0.154516
vt 0.276961 0.153044
vt 0.277690 0.154516
vt 0.276964 0.153044
vt 0.276961 0.153044
vt 0.278263 0.155987
vt 0.277711 0.154516
vt 0.276970 0.153044
vt 0.278414 0.155985
vt 0.277761 0.154516
vt 0.278208 0.155988
vt 0.278201 0.155989
vt 0.278402 0.157459
vt 0.278450 0.157449
vt 0.278617 0.157422
vt 0.279529 0.157461
vt 0.278679 0.155989
vt 0.277829 0.154516
vt 0.276978 0.153044
vt 0.186759 0.317851
vt 0.187122 0.316302
vt 0.187270 0.316382
vt 0.185964 0.319259
vt 0.186628 0.317748
vt 0.186739 0.316070
vt 0.185719 0.319048
vt 0.186262 0.317450
vt 0.187465 0.314917
vt 0.187486 0.314921
vt 0.186041 0.319328
vt 0.184984 0.318483
vt 0.185492 0.316784
vt 0.186088 0.315520
vt 0.186466 0.314725
vt 0.186948 0.314821
vt 0.187318 0.314890
vt 0.090910 0.466492
vt 0.092610 0.466492
vt 0.089210 0.466492
vt 0.090910 0.466492
vt 0.094310 0.466492
vt 0.092610 0.466492
vt 0.090910 0.466492
vt 0.089210 0.466492
vt 0.087510 0.466492
vt 0.267788 0.154531
vt 0.267425 0.156080
vt 0.267277 0.156000
vt 0.268583 0.153123
vt 0.267919 0.154634
vt 0.267808 0.156312
vt 0.268828 0.153334
vt 0.268285 0.154932
vt 0.267082 0.157465
vt 0.267769 0.154516
vt 0.268506 0.153054
vt 0.268495 0.153044
vt 0.269563 0.153899
vt 0.269055 0.155598
vt 0.268459 0.156862
vt 0.268081 0.157657
vt 0.267599 0.157561
vt 0.267229 0.157492
vt 0.186687 0.312107
vt 0.185686 0.311018
vt 0.185797 0.310931
vt 0.187112 0.313488
vt 0.186545 0.312166
vt 0.185382 0.311233
vt 0.186726 0.313562
vt 0.186164 0.312324
vt 0.185813 0.310918
vt 0.184643 0.310029
vt 0.184653 0.310013
vt 0.186707 0.312099
vt 0.187261 0.313467
vt 0.187283 0.313464
vt 0.186081 0.313823
vt 0.185436 0.312628
vt 0.184751 0.311518
vt 0.184199 0.310798
vt 0.184413 0.310429
vt 0.184577 0.310144
vt 0.816482 0.466492
vt 0.819882 0.466492
vt 0.818182 0.466492
vt 0.819882 0.466492
vt 0.818182 0.466492
vt 0.821582 0.466492
vt 0.819882 0.466492
vt 0.818182 0.466492
vt 0.816482 0.466492
vt 0.814782 0.466492
vt 0.361937 0.005890
vt 0.363637 0.005890
vt 0.363637 0.005890
vt 0.361937 0.005890
vt 0.360237 0.005890
vt 0.363637 0.005890
vt 0.365337 0.005890
vt 0.367037 0.005890
vt 0.181822 0.309299
vt 0.180414 0.309621
vt 0.180357 0.309481
vt 0.183265 0.309621
vt 0.181842 0.309450
vt 0.180542 0.309992
vt 0.183231 0.309992
vt 0.181896 0.309860
vt 0.180349 0.309461
vt 0.178999 0.310029
vt 0.178985 0.310013
vt 0.181819 0.309277
vt 0.183286 0.309481
vt 0.183289 0.309461
vt 0.183300 0.310681
vt 0.181996 0.310642
vt 0.180639 0.310681
vt 0.179665 0.310798
vt 0.179341 0.310429
vt 0.179096 0.310143
vt 0.636364 0.466492
vt 0.634664 0.466492
vt 0.638064 0.466492
vt 0.636364 0.466492
vt 0.634664 0.466492
vt 0.638064 0.466492
vt 0.636364 0.466492
vt 0.634664 0.466492
vt 0.639764 0.466492
vt 0.638064 0.466492
vt 0.636364 0.466492
vt 0.634664 0.466492
vt 0.632964 0.466492
vt 0.547155 0.005890
vt 0.547155 0.005890
vt 0.545455 0.005890
vt 0.547155 0.005890
vt 0.543755 0.005890
vt 0.543755 0.005890
vt 0.545455 0.005890
vt 0.547155 0.005890
vt 0.548855 0.005890
vt 0.449678 0.160275
vt 0.450679 0.161364
vt 0.450568 0.161452
vt 0.449253 0.158894
vt 0.449820 0.160216
vt 0.450983 0.161149
vt 0.449639 0.158820
vt 0.450201 0.160058
vt 0.450552 0.161464
vt 0.451722 0.162353
vt 0.451712 0.162369
vt 0.449658 0.160283
vt 0.449104 0.158915
vt 0.449082 0.158918
vt 0.448900 0.157465
vt 0.449047 0.157492
vt 0.449417 0.157561
vt 0.449899 0.157657
vt 0.450284 0.158560
vt 0.450929 0.159754
vt 0.451614 0.160864
vt 0.452166 0.161584
vt 0.451953 0.161953
vt 0.451788 0.162239
vt 0.454546 0.466492
vt 0.452846 0.466492
vt 0.452846 0.466492
vt 0.456246 0.466492
vt 0.454546 0.466492
vt 0.452846 0.466492
vt 0.456246 0.466492
vt 0.454546 0.466492
vt 0.454546 0.466492
vt 0.457946 0.466492
vt 0.456246 0.466492
vt 0.454546 0.466492
vt 0.452846 0.466492
vt 0.451146 0.466492
vt 0.362167 0.309461
vt 0.363637 0.309277
vt 0.365107 0.309461
vt 0.363637 0.309277
vt 0.362167 0.309461
vt 0.365107 0.309461
vt 0.360803 0.310013
vt 0.366471 0.310013
vt 0.366471 0.310013
vt 0.360803 0.310013
vt 0.360803 0.310013
vt 0.630892 0.155989
vt 0.631405 0.154516
vt 0.630892 0.155989
vt 0.632131 0.153044
vt 0.367631 0.310918
vt 0.368525 0.312099
vt 0.367631 0.310918
vt 0.369101 0.313464
vt 0.368525 0.312099
vt 0.368525 0.312099
vt 0.369101 0.313464
vt 0.369304 0.314921
vt 0.369304 0.314921
vt 0.449074 0.155989
vt 0.450313 0.153044
vt 0.449074 0.155989
vt 0.450313 0.153044
vt 0.450313 0.153044
vt 0.448879 0.157461
vt 0.369109 0.316393
vt 0.368596 0.317866
vt 0.367870 0.319338
vt 0.369109 0.316393
vt 0.367870 0.319338
vt 0.458779 0.153044
vt 0.459505 0.154516
vt 0.460018 0.155989
vt 0.460213 0.157461
vt 0.460213 0.157461
vt 0.181819 0.005890
vt 0.183519 0.005890
vt 0.180119 0.005890
vt 0.181819 0.005890
vt 0.180119 0.005890
vt 0.359404 0.319338
vt 0.358165 0.316393
vt 0.357970 0.314921
vt 0.460010 0.158918
vt 0.459434 0.160283
vt 0.459434 0.160283
vt 0.460010 0.158918
vt 0.457380 0.162369
vt 0.457380 0.162369
vt 0.458540 0.161464
vt 0.907391 0.005890
vt 0.910791 0.005890
vt 0.358173 0.313464
vt 0.358749 0.312099
vt 0.358173 0.313464
vt 0.359643 0.310918
vt 0.358749 0.312099
vt 0.359643 0.310918
vt 0.456016 0.162921
vt 0.454546 0.163105
vt 0.456016 0.162921
vt 0.453076 0.162921
vt 0.454546 0.163105
vt 0.454546 0.163105
vt 0.456016 0.162921
vt 0.451712 0.162369
vt 0.453076 0.162921
vt 0.728973 0.005890
vt 0.727273 0.005890
vt 0.725573 0.005890
vt 0.725573 0.005890
vt 0.454546 0.466492
vt 0.456246 0.466492
vt 0.454546 0.466492
vt 0.456246 0.466492
vt 0.450552 0.161464
vt 0.449082 0.158918
vt 0.449658 0.160283
vt 0.449658 0.160283
vt 0.450552 0.161464
vt 0.449082 0.158918
vt 0.545455 0.005890
vt 0.543755 0.005890
vt 0.543755 0.005890
vt 0.636364 0.466492
vt 0.634664 0.466492
vt 0.636364 0.466492
vt 0.638064 0.466492
vt 0.180349 0.309461
vt 0.181819 0.309277
vt 0.183289 0.309461
vt 0.181819 0.309277
vt 0.180349 0.309461
vt 0.178985 0.310013
vt 0.184653 0.310013
vt 0.184653 0.310013
vt 0.183289 0.309461
vt 0.184653 0.310013
vt 0.178985 0.310013
vt 0.361937 0.005890
vt 0.818182 0.466492
vt 0.816482 0.466492
vt 0.819882 0.466492
vt 0.819882 0.466492
vt 0.186707 0.312099
vt 0.185813 0.310918
vt 0.187283 0.313464
vt 0.186707 0.312099
vt 0.186707 0.312099
vt 0.185813 0.310918
vt 0.187283 0.313464
vt 0.187486 0.314921
vt 0.187486 0.314921
vt 0.187486 0.314921
vt 0.267256 0.155989
vt 0.267769 0.154516
vt 0.267256 0.155989
vt 0.268495 0.153044
vt 0.268495 0.153044
vt 0.090910 0.466492
vt 0.187291 0.316393
vt 0.186778 0.317866
vt 0.186052 0.319338
vt 0.186778 0.317866
vt 0.187291 0.316393
vt 0.186052 0.319338
vt 0.276961 0.153044
vt 0.278201 0.155989
vt 0.277687 0.154516
vt 0.277687 0.154516
vt 0.278395 0.157461
vt 0.271028 0.466492
vt 0.274428 0.466492
vt 0.272728 0.466492
vt 0.176860 0.317866
vt 0.176347 0.316393
vt 0.176860 0.317866
vt 0.177586 0.319338
vt 0.176152 0.314921
vt 0.176347 0.316393
vt 0.278192 0.158918
vt 0.277616 0.160283
vt 0.278192 0.158918
vt 0.276722 0.161464
vt 0.277616 0.160283
vt 0.278192 0.158918
vt 0.275562 0.162369
vt 0.276722 0.161464
vt 0.176355 0.313464
vt 0.176931 0.312099
vt 0.176355 0.313464
vt 0.177825 0.310918
vt 0.176931 0.312099
vt 0.176355 0.313464
vt 0.177825 0.310918
vt 0.177825 0.310918
vt 0.176355 0.313464
vt 0.176152 0.314921
vt 0.274198 0.162921
vt 0.272728 0.163105
vt 0.271258 0.162921
vt 0.272728 0.163105
vt 0.271258 0.162921
vt 0.269894 0.162369
vt 0.271258 0.162921
vt 0.269894 0.162369
vt 0.907630 0.309446
vt 0.909162 0.309154
vt 0.910800 0.309047
vt 0.909162 0.309154
vt 0.910800 0.309047
vt 0.906257 0.310013
vt 0.910800 0.309047
vt 0.268734 0.161464
vt 0.267840 0.160283
vt 0.268734 0.161464
vt 0.267264 0.158918
vt 0.267840 0.160283
vt 0.268734 0.161464
vt 0.267264 0.158918
vt 0.269894 0.162369
vt 0.004233 0.310504
vt 0.004959 0.311976
vt 0.004233 0.310504
vt 0.005472 0.313449
vt 0.004959 0.311976
vt 0.004959 0.311976
vt 0.005472 0.313449
vt 0.005667 0.314921
vt 0.005667 0.314921
vt 0.005472 0.313449
vt 0.005667 0.314921
vt 0.005472 0.313449
vt 0.004959 0.311976
vt 0.095143 0.153044
vt 0.095869 0.154516
vt 0.096382 0.155989
vt 0.095869 0.154516
vt 0.096577 0.157461
vt 0.096382 0.155989
vt 0.096577 0.157461
vt 0.005472 0.316393
vt 0.004959 0.317866
vt 0.005472 0.316393
vt 0.004233 0.319338
vt 0.004959 0.317866
vt 0.005472 0.316393
vt 0.004233 0.319338
vt 0.004959 0.317866
vt 0.096374 0.158918
vt 0.095798 0.160283
vt 0.096374 0.158918
vt 0.094904 0.161464
vt 0.095798 0.160283
vt 0.096374 0.158918
vt 0.094904 0.161464
vt 0.093744 0.162369
vt 0.093744 0.162369
vt 0.094904 0.161464
vt 0.093744 0.162369
vt 0.903619 0.316393
vt 0.903424 0.314921
vt 0.092371 0.162936
vt 0.090839 0.163228
vt 0.089201 0.163335
vt 0.090839 0.163228
vt 0.090839 0.163228
vt 0.092371 0.162936
vt 0.903627 0.313464
vt 0.904203 0.312099
vt 0.903627 0.313464
vt 0.905097 0.310918
vt 0.903627 0.313464
vt 0.905097 0.310918
vt 0.995767 0.161878
vt 0.995041 0.160406
vt 0.994333 0.157461
vt 0.994333 0.157461
vt 0.994528 0.158933
vt 0.725803 0.309461
vt 0.727273 0.309277
vt 0.725803 0.309461
vt 0.728743 0.309461
vt 0.727273 0.309277
vt 0.727273 0.309277
vt 0.728743 0.309461
vt 0.730107 0.310013
vt 0.728743 0.309461
vt 0.730107 0.310013
vt 0.994528 0.155989
vt 0.995041 0.154516
vt 0.995767 0.153044
vt 0.995767 0.153044
vt 0.731267 0.310918
vt 0.732161 0.312099
vt 0.731267 0.310918
vt 0.732737 0.313464
vt 0.732161 0.312099
vt 0.731267 0.310918
vt 0.732940 0.314921
vt 0.732940 0.314921
vt 0.732940 0.314921
vt 0.823655 0.155989
vt 0.823141 0.154516
vt 0.823141 0.154516
vt 0.823655 0.155989
vt 0.823849 0.157461
vt 0.823655 0.155989
vt 0.823849 0.157461
vt 0.732746 0.316393
vt 0.732232 0.317866
vt 0.731506 0.319338
vt 0.732232 0.317866
vt 0.731506 0.319338
vt 0.823646 0.158918
vt 0.823070 0.160283
vt 0.823646 0.158918
vt 0.822176 0.161464
vt 0.823070 0.160283
vt 0.823070 0.160283
vt 0.822176 0.161464
vt 0.821016 0.162369
vt 0.821016 0.162369
vt 0.822176 0.161464
vt 0.821016 0.162369
vt 0.723040 0.319338
vt 0.721801 0.316393
vt 0.722314 0.317866
vt 0.818182 0.163105
vt 0.819652 0.162921
vt 0.816712 0.162921
vt 0.818182 0.163105
vt 0.819652 0.162921
vt 0.816712 0.162921
vt 0.816712 0.162921
vt 0.816712 0.162921
vt 0.818182 0.163105
vt 0.542055 0.005890
vt 0.399062 0.005890
vt 0.382333 0.005890
vt 0.685047 0.005890
vt 0.701777 0.005890
vt 0.599978 0.005890
vt 0.680312 0.005890
vt 0.484132 0.005890
vt 0.542055 0.005890
vt 0.403797 0.005890
vt 0.360237 0.005890
vt 0.223873 0.005890
vt 0.178419 0.005890
vt 0.542055 0.005890
vt 0.269328 0.005890
vt 0.860236 0.005890
vt 0.723873 0.005890
vt 0.905691 0.005890
vt 0.814782 0.005890
vt 0.678418 0.005890
vt 0.769327 0.005890
vt 0.723873 0.005890
vt 0.632964 0.005890
vt 0.496600 0.005890
vt 0.587509 0.005890
vt 0.451146 0.005890
vt 0.314782 0.005890
vt 0.405691 0.005890
vt 0.273321 0.156434
vt 0.270344 0.156771
vt 0.271191 0.155056
vt 0.274514 0.159180
vt 0.275573 0.157590
vt 0.272395 0.160483
vt 0.274034 0.160615
vt 0.270278 0.159260
vt 0.270902 0.160624
vt 0.269343 0.157906
vt 0.271878 0.153044
vt 0.274428 0.154516
vt 0.277322 0.158420
vt 0.276979 0.155989
vt 0.276154 0.159711
vt 0.273908 0.161701
vt 0.275379 0.160858
vt 0.274882 0.161584
vt 0.272551 0.161740
vt 0.269796 0.160864
vt 0.271247 0.161701
vt 0.270348 0.161584
vt 0.269111 0.159754
vt 0.268466 0.158559
vt 0.256058 0.159565
vt 0.513075 0.156411
vt 0.298085 0.157743
vt 0.253384 0.161242
vt 0.180017 0.161465
vt 0.509318 0.159565
vt 0.292512 0.161465
vt 0.737495 0.156411
vt 0.748065 0.157743
vt 0.750651 0.154778
vt 0.096861 0.158933
vt 0.322433 0.155989
vt 0.097711 0.157461
vt 0.096011 0.160406
vt 0.547155 0.154516
vt 0.092610 0.163351
vt 0.095160 0.161878
vt 0.094310 0.163351
vt 0.090910 0.163351
vt 0.313932 0.161878
vt 0.089210 0.163351
vt 0.087510 0.163351
vt 0.540355 0.160406
vt 0.994050 0.155989
vt 0.766777 0.158933
vt 0.993199 0.157461
vt 0.994900 0.154516
vt 0.771878 0.153044
vt 0.995750 0.153044
vt 0.996600 0.151571
vt 0.819968 0.159180
vt 0.818775 0.156434
vt 0.821027 0.157590
vt 0.817849 0.160483
vt 0.819488 0.160615
vt 0.815732 0.159260
vt 0.816356 0.160624
vt 0.815798 0.156771
vt 0.814797 0.157906
vt 0.816645 0.155056
vt 0.822776 0.158420
vt 0.822433 0.155989
vt 0.824983 0.157461
vt 0.821609 0.159711
vt 0.819882 0.154516
vt 0.819362 0.161701
vt 0.820833 0.160859
vt 0.820336 0.161584
vt 0.818005 0.161740
vt 0.815250 0.160864
vt 0.816701 0.161701
vt 0.815802 0.161584
vt 0.814565 0.159754
vt 0.813913 0.156862
vt 0.813920 0.158560
vt 0.813535 0.157657
vt 0.814509 0.155598
vt 0.817332 0.153044
vt 0.815017 0.153899
vt 0.638150 0.159180
vt 0.636957 0.156434
vt 0.639209 0.157590
vt 0.636031 0.160483
vt 0.637670 0.160615
vt 0.633914 0.159260
vt 0.634538 0.160624
vt 0.633980 0.156771
vt 0.632979 0.157906
vt 0.634827 0.155056
vt 0.640958 0.158420
vt 0.640615 0.155989
vt 0.643165 0.157461
vt 0.639790 0.159711
vt 0.638064 0.154516
vt 0.637544 0.161701
vt 0.639015 0.160858
vt 0.638518 0.161584
vt 0.636187 0.161740
vt 0.633432 0.160864
vt 0.634883 0.161701
vt 0.633984 0.161584
vt 0.632747 0.159754
vt 0.632095 0.156862
vt 0.632102 0.158560
vt 0.631717 0.157657
vt 0.632690 0.155598
vt 0.635514 0.153044
vt 0.633199 0.153899
vt 0.455139 0.156434
vt 0.452162 0.156771
vt 0.453009 0.155056
vt 0.456332 0.159180
vt 0.457391 0.157590
vt 0.454213 0.160483
vt 0.455852 0.160615
vt 0.452096 0.159260
vt 0.452720 0.160624
vt 0.451161 0.157906
vt 0.453696 0.153044
vt 0.451381 0.153899
vt 0.456246 0.154516
vt 0.450873 0.155598
vt 0.459140 0.158420
vt 0.458797 0.155989
vt 0.461347 0.157461
vt 0.457972 0.159711
vt 0.455726 0.161701
vt 0.457197 0.160859
vt 0.456700 0.161584
vt 0.454369 0.161740
vt 0.453065 0.161701
vt 0.450277 0.156862
vt 0.184269 0.313122
vt 0.182152 0.311899
vt 0.183645 0.311758
vt 0.184203 0.315611
vt 0.185204 0.314476
vt 0.181226 0.315948
vt 0.183356 0.317326
vt 0.180033 0.313202
vt 0.178974 0.314792
vt 0.180513 0.311767
vt 0.182669 0.319338
vt 0.180119 0.317866
vt 0.177225 0.313962
vt 0.177569 0.316393
vt 0.175018 0.314921
vt 0.178393 0.312671
vt 0.179168 0.311524
vt 0.490683 0.312817
vt 0.746617 0.311140
vt 0.707489 0.310917
vt 0.262506 0.315971
vt 0.251935 0.314639
vt 0.486925 0.315971
vt 0.249350 0.317604
vt 0.743943 0.312817
vt 0.701916 0.314639
vt 0.819984 0.310917
vt 0.686069 0.310504
vt 0.910791 0.309031
vt 0.459646 0.311976
vt 0.909091 0.309031
vt 0.005951 0.316393
vt 0.233223 0.313449
vt 0.006801 0.314921
vt 0.005101 0.317866
vt 0.228123 0.319338
vt 0.004250 0.319338
vt 0.452845 0.317866
vt 0.903140 0.313449
vt 0.677568 0.316393
vt 0.902290 0.314921
vt 0.903991 0.311976
vt 0.907391 0.309031
vt 0.904841 0.310504
vt 0.905691 0.309031
vt 0.729723 0.313122
vt 0.727606 0.311899
vt 0.729099 0.311758
vt 0.729657 0.315611
vt 0.730658 0.314476
vt 0.726680 0.315948
vt 0.728810 0.317326
vt 0.725487 0.313202
vt 0.724428 0.314792
vt 0.725967 0.311767
vt 0.730205 0.311518
vt 0.728754 0.310681
vt 0.729653 0.310798
vt 0.730890 0.312628
vt 0.727450 0.310642
vt 0.731542 0.315520
vt 0.731535 0.313823
vt 0.731920 0.314725
vt 0.730947 0.316784
vt 0.728123 0.319338
vt 0.730438 0.318483
vt 0.725573 0.317866
vt 0.722679 0.313962
vt 0.723023 0.316393
vt 0.720472 0.314921
vt 0.723847 0.312671
vt 0.726093 0.310681
vt 0.724622 0.311524
vt 0.725120 0.310798
vt 0.547905 0.313122
vt 0.545788 0.311899
vt 0.547281 0.311758
vt 0.547839 0.315611
vt 0.548840 0.314476
vt 0.544862 0.315948
vt 0.546992 0.317326
vt 0.543669 0.313202
vt 0.542610 0.314792
vt 0.544149 0.311767
vt 0.548387 0.311518
vt 0.546936 0.310681
vt 0.547835 0.310798
vt 0.549072 0.312628
vt 0.545632 0.310642
vt 0.549724 0.315520
vt 0.549717 0.313823
vt 0.550102 0.314725
vt 0.549128 0.316784
vt 0.546305 0.319338
vt 0.548620 0.318483
vt 0.543755 0.317866
vt 0.540861 0.313962
vt 0.541205 0.316393
vt 0.538654 0.314921
vt 0.542029 0.312671
vt 0.544275 0.310681
vt 0.542804 0.311524
vt 0.543301 0.310798
vt 0.366087 0.313122
vt 0.363970 0.311899
vt 0.365463 0.311758
vt 0.366021 0.315611
vt 0.367022 0.314476
vt 0.363044 0.315948
vt 0.365174 0.317326
vt 0.361851 0.313202
vt 0.360792 0.314792
vt 0.362331 0.311767
vt 0.366569 0.311518
vt 0.365118 0.310681
vt 0.366017 0.310798
vt 0.367254 0.312628
vt 0.363814 0.310642
vt 0.367906 0.315520
vt 0.367899 0.313823
vt 0.368284 0.314725
vt 0.367311 0.316784
vt 0.364487 0.319338
vt 0.366802 0.318483
vt 0.361937 0.317866
vt 0.359043 0.313962
vt 0.359387 0.316393
vt 0.356836 0.314921
vt 0.360211 0.312671
vt 0.362457 0.310681
vt 0.360986 0.311523
vt 0.361483 0.310798
vt 0.515869 0.466492
vt 0.400023 0.466492
vt 0.600939 0.466492
vt 0.596204 0.466492
vt 0.457946 0.466492
vt 0.617668 0.466492
vt 0.314954 0.466492
vt 0.298224 0.466492
vt 0.319689 0.466492
vt 0.503401 0.466492
vt 0.412492 0.466492
vt 0.548855 0.466492
vt 0.367037 0.466492
vt 0.685219 0.466492
vt 0.594310 0.466492
vt 0.730673 0.466492
vt 0.776128 0.466492
vt 0.139765 0.466492
vt 0.276128 0.466492
vt 0.185219 0.466492
vt 0.321583 0.466492
vt 0.230674 0.466492
vt 0.276128 0.466492
vt 0.271028 0.466492
vt 0.269328 0.466492
vt 0.176857 0.317866
vt 0.177583 0.319338
vt 0.177586 0.319338
vt 0.176284 0.316395
vt 0.176837 0.317866
vt 0.177577 0.319338
vt 0.176133 0.316397
vt 0.176786 0.317866
vt 0.176339 0.316394
vt 0.176145 0.314923
vt 0.176097 0.314933
vt 0.175930 0.314960
vt 0.175868 0.316393
vt 0.176718 0.317866
vt 0.177569 0.319338
vt 0.178419 0.320811
vt 0.277597 0.160274
vt 0.278142 0.158880
vt 0.278185 0.158913
vt 0.276561 0.161363
vt 0.277463 0.160213
vt 0.277981 0.158771
vt 0.276174 0.161147
vt 0.277069 0.160044
vt 0.276702 0.161451
vt 0.275548 0.162353
vt 0.275451 0.162239
vt 0.275206 0.161953
vt 0.176950 0.312108
vt 0.176405 0.313502
vt 0.176362 0.313469
vt 0.177986 0.311019
vt 0.177084 0.312169
vt 0.176566 0.313611
vt 0.178373 0.311235
vt 0.177478 0.312338
vt 0.177845 0.310931
vt 0.272725 0.163083
vt 0.274133 0.162761
vt 0.274190 0.162901
vt 0.271282 0.162761
vt 0.272705 0.162932
vt 0.274005 0.162390
vt 0.271316 0.162390
vt 0.272651 0.162522
vt 0.271261 0.162901
vt 0.269904 0.162353
vt 0.269970 0.162239
vt 0.270134 0.161953
vt 0.909160 0.309152
vt 0.907596 0.309387
vt 0.907626 0.309438
vt 0.910799 0.309044
vt 0.909150 0.309134
vt 0.907518 0.309252
vt 0.910795 0.309039
vt 0.909125 0.309090
vt 0.906251 0.310003
vt 0.910800 0.309046
vt 0.906086 0.309716
vt 0.906210 0.309931
vt 0.267860 0.160275
vt 0.268861 0.161364
vt 0.268750 0.161452
vt 0.267435 0.158894
vt 0.268002 0.160216
vt 0.269165 0.161149
vt 0.267821 0.158820
vt 0.268383 0.160058
vt 0.267286 0.158915
vt 0.004962 0.311976
vt 0.004236 0.310504
vt 0.004233 0.310504
vt 0.005540 0.313449
vt 0.004982 0.311976
vt 0.004242 0.310504
vt 0.005696 0.313449
vt 0.005033 0.311976
vt 0.005481 0.313449
vt 0.005679 0.314921
vt 0.005762 0.314921
vt 0.006010 0.314921
vt 0.006801 0.314921
vt 0.005951 0.313449
vt 0.005101 0.311976
vt 0.004250 0.310504
vt 0.003400 0.309031
vt 0.095872 0.154516
vt 0.095146 0.153044
vt 0.095143 0.153044
vt 0.096450 0.155989
vt 0.095892 0.154516
vt 0.095152 0.153044
vt 0.096606 0.155989
vt 0.095943 0.154516
vt 0.096391 0.155989
vt 0.096589 0.157461
vt 0.096672 0.157461
vt 0.096920 0.157461
vt 0.096861 0.155989
vt 0.096011 0.154516
vt 0.095160 0.153044
vt 0.094310 0.151571
vt 0.004962 0.317866
vt 0.005540 0.316393
vt 0.005481 0.316393
vt 0.004236 0.319338
vt 0.004983 0.317866
vt 0.005696 0.316393
vt 0.004242 0.319338
vt 0.005033 0.317866
vt 0.004233 0.319338
vt 0.095802 0.160286
vt 0.096443 0.158921
vt 0.096382 0.158918
vt 0.094941 0.161523
vt 0.095833 0.160304
vt 0.096602 0.158926
vt 0.095025 0.161658
vt 0.095909 0.160347
vt 0.094908 0.161471
vt 0.093750 0.162379
vt 0.093791 0.162451
vt 0.093915 0.162666
vt 0.904129 0.317866
vt 0.904855 0.319338
vt 0.904858 0.319338
vt 0.903551 0.316393
vt 0.904109 0.317866
vt 0.904849 0.319338
vt 0.903395 0.316393
vt 0.904058 0.317866
vt 0.903610 0.316393
vt 0.903412 0.314921
vt 0.903329 0.314921
vt 0.903081 0.314921
vt 0.903140 0.316393
vt 0.903991 0.317866
vt 0.904841 0.319338
vt 0.090841 0.163230
vt 0.092405 0.162995
vt 0.092375 0.162944
vt 0.089202 0.163338
vt 0.090851 0.163248
vt 0.092483 0.163130
vt 0.089206 0.163343
vt 0.090876 0.163292
vt 0.089201 0.163336
vt 0.904199 0.312096
vt 0.903558 0.313461
vt 0.903619 0.313464
vt 0.905060 0.310859
vt 0.904168 0.312078
vt 0.903399 0.313456
vt 0.904976 0.310724
vt 0.904092 0.312035
vt 0.905093 0.310911
vt 0.995038 0.160406
vt 0.995764 0.161878
vt 0.995767 0.161878
vt 0.994460 0.158933
vt 0.995018 0.160406
vt 0.995758 0.161878
vt 0.994304 0.158933
vt 0.994967 0.160406
vt 0.994519 0.158933
vt 0.994321 0.157461
vt 0.994238 0.157461
vt 0.993990 0.157461
vt 0.994050 0.158933
vt 0.994900 0.160406
vt 0.995750 0.161878
vt 0.727276 0.309299
vt 0.725868 0.309621
vt 0.725811 0.309481
vt 0.728719 0.309621
vt 0.727296 0.309450
vt 0.725996 0.309992
vt 0.728685 0.309992
vt 0.727350 0.309860
vt 0.724453 0.310029
vt 0.728740 0.309481
vt 0.730097 0.310029
vt 0.730031 0.310143
vt 0.729867 0.310429
vt 0.724795 0.310429
vt 0.724550 0.310143
vt 0.995038 0.154516
vt 0.994460 0.155989
vt 0.994519 0.155989
vt 0.995764 0.153044
vt 0.995018 0.154516
vt 0.994304 0.155989
vt 0.995758 0.153044
vt 0.994968 0.154516
vt 0.995767 0.153044
vt 0.732141 0.312107
vt 0.731140 0.311018
vt 0.731251 0.310930
vt 0.732566 0.313488
vt 0.731999 0.312166
vt 0.730836 0.311233
vt 0.732180 0.313562
vt 0.731618 0.312324
vt 0.732715 0.313467
vt 0.732919 0.314917
vt 0.732772 0.314890
vt 0.732402 0.314821
vt 0.823144 0.154516
vt 0.822418 0.153044
vt 0.822415 0.153044
vt 0.823717 0.155987
vt 0.823164 0.154516
vt 0.822424 0.153044
vt 0.823868 0.155985
vt 0.823215 0.154516
vt 0.823662 0.155988
vt 0.823856 0.157459
vt 0.823904 0.157449
vt 0.824071 0.157422
vt 0.824133 0.155989
vt 0.823283 0.154516
vt 0.822433 0.153044
vt 0.732213 0.317851
vt 0.732576 0.316302
vt 0.732724 0.316382
vt 0.731418 0.319259
vt 0.732082 0.317748
vt 0.732193 0.316070
vt 0.731173 0.319048
vt 0.731716 0.317450
vt 0.731495 0.319328
vt 0.823051 0.160274
vt 0.823596 0.158880
vt 0.823639 0.158913
vt 0.822015 0.161363
vt 0.822917 0.160213
vt 0.823435 0.158771
vt 0.821629 0.161147
vt 0.822523 0.160044
vt 0.822156 0.161452
vt 0.821002 0.162353
vt 0.820905 0.162239
vt 0.820660 0.161953
vt 0.722311 0.317866
vt 0.723037 0.319338
vt 0.723040 0.319338
vt 0.721738 0.316395
vt 0.722291 0.317866
vt 0.723031 0.319338
vt 0.721587 0.316397
vt 0.722240 0.317866
vt 0.721793 0.316394
vt 0.721599 0.314923
vt 0.721552 0.314933
vt 0.721384 0.314960
vt 0.721322 0.316393
vt 0.722173 0.317866
vt 0.723023 0.319338
vt 0.818179 0.163084
vt 0.819587 0.162762
vt 0.819644 0.162901
vt 0.816736 0.162762
vt 0.818159 0.162932
vt 0.819459 0.162390
vt 0.816770 0.162390
vt 0.818105 0.162522
vt 0.816715 0.162901
vt 0.815358 0.162353
vt 0.815424 0.162239
vt 0.815589 0.161953
vt 0.722404 0.312108
vt 0.721859 0.313502
vt 0.721816 0.313469
vt 0.723440 0.311019
vt 0.722539 0.312169
vt 0.722020 0.313611
vt 0.723827 0.311235
vt 0.722932 0.312338
vt 0.723299 0.310931
vt 0.813314 0.160275
vt 0.814315 0.161364
vt 0.814204 0.161452
vt 0.812889 0.158894
vt 0.813456 0.160216
vt 0.814619 0.161149
vt 0.813275 0.158820
vt 0.813837 0.160058
vt 0.812740 0.158915
vt 0.812536 0.157465
vt 0.812683 0.157492
vt 0.813053 0.157561
vt 0.545458 0.309299
vt 0.544050 0.309621
vt 0.543993 0.309481
vt 0.546901 0.309621
vt 0.545478 0.309450
vt 0.544178 0.309992
vt 0.546867 0.309992
vt 0.545532 0.309860
vt 0.542635 0.310029
vt 0.546922 0.309481
vt 0.548279 0.310029
vt 0.548213 0.310143
vt 0.548048 0.310429
vt 0.542977 0.310429
vt 0.542732 0.310143
vt 0.813242 0.154531
vt 0.812879 0.156080
vt 0.812731 0.156000
vt 0.814037 0.153123
vt 0.813373 0.154634
vt 0.813262 0.156312
vt 0.814282 0.153334
vt 0.813739 0.154932
vt 0.813960 0.153054
vt 0.550323 0.312107
vt 0.549322 0.311018
vt 0.549433 0.310930
vt 0.550748 0.313488
vt 0.550181 0.312166
vt 0.549018 0.311233
vt 0.550362 0.313562
vt 0.549800 0.312324
vt 0.550897 0.313467
vt 0.551101 0.314917
vt 0.550954 0.314890
vt 0.550584 0.314821
vt 0.641326 0.154516
vt 0.640600 0.153044
vt 0.640597 0.153044
vt 0.641899 0.155987
vt 0.641346 0.154516
vt 0.640606 0.153044
vt 0.642050 0.155985
vt 0.641397 0.154516
vt 0.641844 0.155988
vt 0.642038 0.157459
vt 0.642086 0.157449
vt 0.642253 0.157422
vt 0.642315 0.155989
vt 0.641465 0.154516
vt 0.640615 0.153044
vt 0.550395 0.317851
vt 0.550758 0.316302
vt 0.550906 0.316382
vt 0.549600 0.319259
vt 0.550264 0.317748
vt 0.550375 0.316070
vt 0.549355 0.319048
vt 0.549898 0.317450
vt 0.549677 0.319328
vt 0.641233 0.160274
vt 0.641778 0.158880
vt 0.641821 0.158913
vt 0.640197 0.161363
vt 0.641098 0.160213
vt 0.641617 0.158771
vt 0.639810 0.161147
vt 0.640705 0.160044
vt 0.640338 0.161451
vt 0.639184 0.162353
vt 0.639087 0.162239
vt 0.638842 0.161953
vt 0.540493 0.317866
vt 0.541219 0.319338
vt 0.541222 0.319338
vt 0.539920 0.316395
vt 0.540473 0.317866
vt 0.541213 0.319338
vt 0.539769 0.316397
vt 0.540422 0.317866
vt 0.539975 0.316394
vt 0.539781 0.314923
vt 0.539734 0.314933
vt 0.539566 0.314960
vt 0.539504 0.316393
vt 0.540354 0.317866
vt 0.541205 0.319338
vt 0.636361 0.163083
vt 0.637769 0.162761
vt 0.637826 0.162901
vt 0.634918 0.162761
vt 0.636341 0.162932
vt 0.637641 0.162390
vt 0.634952 0.162390
vt 0.636287 0.162522
vt 0.634897 0.162901
vt 0.633540 0.162353
vt 0.633606 0.162239
vt 0.633770 0.161953
vt 0.540586 0.312108
vt 0.540041 0.313502
vt 0.539998 0.313469
vt 0.541622 0.311019
vt 0.540720 0.312169
vt 0.540202 0.313611
vt 0.542009 0.311235
vt 0.541114 0.312338
vt 0.541481 0.310931
vt 0.631496 0.160275
vt 0.632497 0.161364
vt 0.632386 0.161452
vt 0.631071 0.158894
vt 0.631638 0.160216
vt 0.632801 0.161149
vt 0.631457 0.158820
vt 0.632019 0.160058
vt 0.630922 0.158915
vt 0.630718 0.157465
vt 0.630865 0.157492
vt 0.631235 0.157561
vt 0.363640 0.309298
vt 0.362232 0.309620
vt 0.362175 0.309481
vt 0.365083 0.309620
vt 0.363660 0.309450
vt 0.362360 0.309992
vt 0.365049 0.309992
vt 0.363714 0.309860
vt 0.360817 0.310029
vt 0.365104 0.309481
vt 0.366461 0.310029
vt 0.366395 0.310143
vt 0.366231 0.310429
vt 0.361159 0.310429
vt 0.360914 0.310143
vt 0.631424 0.154531
vt 0.631061 0.156080
vt 0.630913 0.156000
vt 0.632219 0.153123
vt 0.631555 0.154634
vt 0.631444 0.156312
vt 0.632464 0.153334
vt 0.631921 0.154932
vt 0.632142 0.153054
vt 0.368505 0.312107
vt 0.367504 0.311018
vt 0.367615 0.310930
vt 0.368930 0.313488
vt 0.368363 0.312166
vt 0.367200 0.311233
vt 0.368544 0.313562
vt 0.367982 0.312324
vt 0.369079 0.313467
vt 0.369283 0.314917
vt 0.369136 0.314890
vt 0.368766 0.314821
vt 0.449606 0.154531
vt 0.449243 0.156080
vt 0.449095 0.156000
vt 0.450401 0.153123
vt 0.449737 0.154634
vt 0.449626 0.156312
vt 0.450646 0.153334
vt 0.450103 0.154932
vt 0.450324 0.153054
vt 0.368577 0.317851
vt 0.368940 0.316302
vt 0.369088 0.316382
vt 0.367782 0.319259
vt 0.368446 0.317748
vt 0.368557 0.316070
vt 0.367537 0.319048
vt 0.368080 0.317450
vt 0.367859 0.319328
vt 0.459508 0.154516
vt 0.458782 0.153044
vt 0.458779 0.153044
vt 0.460081 0.155987
vt 0.459529 0.154516
vt 0.458788 0.153044
vt 0.460232 0.155985
vt 0.459579 0.154516
vt 0.460026 0.155988
vt 0.460220 0.157459
vt 0.460268 0.157449
vt 0.460435 0.157422
vt 0.460497 0.155989
vt 0.459647 0.154516
vt 0.458797 0.153044
vt 0.183519 0.005890
vt 0.181819 0.005890
vt 0.183519 0.005890
vt 0.185219 0.005890
vt 0.358675 0.317866
vt 0.359401 0.319338
vt 0.359404 0.319338
vt 0.358102 0.316395
vt 0.358655 0.317866
vt 0.359395 0.319338
vt 0.357951 0.316397
vt 0.358604 0.317866
vt 0.358157 0.316394
vt 0.357963 0.314923
vt 0.357915 0.314933
vt 0.357748 0.314960
vt 0.357686 0.316393
vt 0.358536 0.317866
vt 0.359387 0.319338
vt 0.459415 0.160274
vt 0.459960 0.158880
vt 0.460003 0.158913
vt 0.458379 0.161363
vt 0.459281 0.160213
vt 0.459799 0.158771
vt 0.457992 0.161147
vt 0.458887 0.160044
vt 0.458520 0.161451
vt 0.457366 0.162353
vt 0.457269 0.162239
vt 0.457024 0.161953
vt 0.907391 0.005890
vt 0.909091 0.005890
vt 0.907391 0.005890
vt 0.909091 0.005890
vt 0.910791 0.005890
vt 0.912492 0.005890
vt 0.358768 0.312108
vt 0.358223 0.313502
vt 0.358180 0.313469
vt 0.359804 0.311019
vt 0.358902 0.312169
vt 0.358384 0.313611
vt 0.360191 0.311235
vt 0.359296 0.312338
vt 0.359663 0.310931
vt 0.454543 0.163084
vt 0.455951 0.162761
vt 0.456008 0.162901
vt 0.453100 0.162761
vt 0.454523 0.162932
vt 0.455823 0.162390
vt 0.453134 0.162390
vt 0.454469 0.162522
vt 0.453079 0.162901
vt 0.728973 0.005890
vt 0.725573 0.005890
vt 0.727273 0.005890
vt 0.728973 0.005890
vt 0.730673 0.005890
vt 0.542055 0.005890
vt 0.272129 0.158499
vt 0.453866 0.158639
vt 0.817583 0.158499
vt 0.635765 0.158499
vt 0.453947 0.158499
vt 0.182418 0.313883
vt 0.546135 0.313743
vt 0.727872 0.313883
vt 0.546054 0.313883
vt 0.364236 0.313883
vt 0.457946 0.466492
s 1
usemtl マテリアル.001
f 1892/1/1 1894/2/2 1891/3/3
f 1893/4/4 1895/5/5 1892/1/1
f 1894/2/2 1898/6/6 1897/7/7
f 1895/5/5 1899/8/8 1898/6/6
f 645/9/9 441/10/10 2/11/11
f 644/12/12 1891/3/3 645/9/9
f 643/13/13 1892/1/1 644/12/12
f 35/14/14 1893/4/4 643/13/13
f 465/15/15 1896/16/16 1893/4/4
f 1896/16/16 463/17/17 1899/8/8
f 1899/8/8 34/18/18 642/19/19
f 1898/6/6 642/19/19 641/20/20
f 1897/7/7 641/20/20 640/21/21
f 439/22/22 640/21/21 5/23/23
f 440/24/24 1897/7/7 439/22/22
f 1891/3/3 440/24/24 441/10/10
f 1900/25/25 1904/26/26 1903/27/27
f 1902/28/28 1904/26/26 1901/29/29
f 1903/27/27 1907/30/30 1906/31/31
f 1905/32/32 1907/30/30 1904/26/26
f 38/33/33 1900/25/25 660/34/34
f 474/35/35 1901/29/29 1900/25/25
f 472/36/36 1901/29/29 473/37/37
f 37/38/38 1902/28/28 472/36/36
f 657/39/39 1905/32/32 1902/28/28
f 656/40/40 1908/41/41 1905/32/32
f 655/42/42 402/43/43 1908/41/41
f 1908/41/41 401/44/44 1907/30/30
f 1906/31/31 401/44/44 400/45/45
f 658/46/46 400/45/45 11/47/47
f 659/48/48 1906/31/31 658/46/46
f 660/34/34 1903/27/27 659/48/48
f 1909/49/49 1913/50/50 1912/51/51
f 1911/52/52 1913/50/50 1910/53/53
f 1912/51/51 1916/54/54 1915/55/55
f 1914/56/56 1916/54/54 1913/50/50
f 33/57/57 1909/49/49 639/58/58
f 459/59/59 1910/53/53 1909/49/49
f 457/60/60 1910/53/53 458/61/61
f 32/62/62 1911/52/52 457/60/60
f 633/63/63 1914/56/56 1911/52/52
f 632/64/64 1917/65/65 1914/56/56
f 631/66/66 420/67/67 1917/65/65
f 1917/65/65 419/68/68 1916/54/54
f 1915/55/55 419/68/68 418/69/69
f 637/70/70 418/69/69 8/71/71
f 638/72/72 1915/55/55 637/70/70
f 639/58/58 1912/51/51 638/72/72
f 1918/73/73 1922/74/74 1921/75/75
f 1920/76/76 1922/74/74 1919/77/77
f 1921/75/75 1925/78/78 1924/79/79
f 1923/80/80 1925/78/78 1922/74/74
f 34/81/18 1918/73/73 642/82/19
f 462/83/81 1919/77/77 1918/73/73
f 460/84/82 1919/77/77 461/85/83
f 33/86/57 1920/76/76 460/84/82
f 639/87/58 1923/80/80 1920/76/76
f 638/88/72 1926/89/84 1923/80/80
f 637/90/70 411/91/85 1926/89/84
f 1926/89/84 410/92/86 1925/78/78
f 1924/79/79 410/92/86 409/93/87
f 640/94/21 409/93/87 5/95/23
f 641/96/20 1924/79/79 640/94/21
f 642/82/19 1921/75/75 641/96/20
f 1927/97/88 1931/98/89 1930/99/90
f 1929/100/91 1931/98/89 1928/101/92
f 1930/99/90 1934/102/93 1933/103/94
f 1932/104/95 1934/102/93 1931/98/89
f 31/105/96 1927/97/88 634/106/97
f 453/107/98 1928/101/92 1927/97/88
f 451/108/99 1928/101/92 452/109/100
f 35/110/14 1929/100/91 451/108/99
f 643/111/13 1932/104/95 1929/100/91
f 644/112/12 1935/113/101 1932/104/95
f 645/114/9 447/115/102 1935/113/101
f 1935/113/101 446/116/103 1934/102/93
f 1933/103/94 446/116/103 445/117/104
f 636/118/105 445/117/104 1/119/106
f 635/120/107 1933/103/94 636/118/105
f 634/106/97 1930/99/90 635/120/107
f 1936/121/108 1940/122/109 1939/123/110
f 1938/124/111 1940/122/109 1937/125/112
f 1939/123/110 1943/126/113 1942/127/114
f 1941/128/115 1943/126/113 1940/122/109
f 39/129/116 1936/121/108 652/130/117
f 477/131/118 1937/125/112 1936/121/108
f 475/132/119 1937/125/112 476/133/120
f 38/33/33 1938/124/111 475/132/119
f 660/34/34 1941/128/115 1938/124/111
f 659/48/48 1944/134/121 1941/128/115
f 658/46/46 357/135/122 1944/134/121
f 1944/134/121 356/136/123 1943/126/113
f 1942/127/114 356/136/123 355/137/124
f 654/138/125 355/137/124 14/139/126
f 653/140/127 1942/127/114 654/138/125
f 652/130/117 1939/123/110 653/140/127
f 1945/141/128 1949/142/129 1948/143/130
f 1947/144/131 1949/142/129 1946/145/132
f 1948/143/130 1952/146/133 1951/147/134
f 1950/148/135 1952/146/133 1949/142/129
f 43/149/136 1945/141/128 670/150/137
f 489/151/138 1946/145/132 1945/141/128
f 487/152/139 1946/145/132 488/153/140
f 42/154/141 1947/144/131 487/152/139
f 675/155/142 1950/148/135 1947/144/131
f 674/156/143 1953/157/144 1950/148/135
f 673/158/145 348/159/146 1953/157/144
f 1953/157/144 347/160/147 1952/146/133
f 1951/147/134 347/160/147 346/161/148
f 672/162/149 346/161/148 16/163/150
f 671/164/151 1951/147/134 672/162/149
f 670/150/137 1948/143/130 671/164/151
f 1954/165/152 1958/166/153 1957/167/154
f 1956/168/155 1958/166/153 1955/169/156
f 1957/167/154 1961/170/157 1960/171/158
f 1959/172/159 1961/170/157 1958/166/153
f 48/173/160 1954/165/152 685/174/161
f 504/175/162 1955/169/156 1954/165/152
f 502/176/163 1955/169/156 503/177/164
f 47/178/165 1956/168/155 502/176/163
f 690/179/166 1959/172/159 1956/168/155
f 689/180/167 1962/181/168 1959/172/159
f 688/182/169 339/183/170 1962/181/168
f 1962/181/168 338/184/171 1961/170/157
f 1960/171/158 338/184/171 337/185/172
f 687/186/173 337/185/172 18/187/174
f 686/188/175 1960/171/158 687/186/173
f 685/174/161 1957/167/154 686/188/175
f 1963/189/176 1967/190/177 1966/191/178
f 1965/192/179 1967/190/177 1964/193/180
f 1966/191/178 1970/194/181 1969/195/182
f 1968/196/183 1970/194/181 1967/190/177
f 53/197/184 1963/189/176 700/198/185
f 519/199/186 1964/193/180 1963/189/176
f 517/200/187 1964/193/180 518/201/188
f 52/202/189 1965/192/179 517/200/187
f 705/203/190 1968/196/183 1965/192/179
f 704/204/191 1971/205/192 1968/196/183
f 703/206/193 330/207/194 1971/205/192
f 1971/205/192 329/208/195 1970/194/181
f 1969/195/182 329/208/195 328/209/196
f 702/210/197 328/209/196 20/211/198
f 701/212/199 1969/195/182 702/210/197
f 700/198/185 1966/191/178 701/212/199
f 1972/213/200 1976/214/201 1975/215/202
f 1974/216/203 1976/214/201 1973/217/204
f 1975/215/202 1979/218/205 1978/219/206
f 1977/220/207 1979/218/205 1976/214/201
f 59/221/208 1972/213/200 712/222/209
f 537/223/210 1973/217/204 1972/213/200
f 535/224/211 1973/217/204 536/225/212
f 58/226/213 1974/216/203 535/224/211
f 720/227/214 1977/220/207 1974/216/203
f 719/228/215 1980/229/216 1977/220/207
f 718/230/217 321/231/218 1980/229/216
f 1980/229/216 320/232/219 1979/218/205
f 1978/219/206 320/232/219 319/233/220
f 714/234/221 319/233/220 12/235/222
f 713/236/223 1978/219/206 714/234/221
f 712/222/209 1975/215/202 713/236/223
f 1982/237/224 1984/238/225 1981/239/226
f 1982/237/224 1986/240/227 1985/241/228
f 1985/241/228 1987/242/229 1984/238/225
f 1985/241/228 1989/243/230 1988/244/231
f 442/245/232 663/246/233 1/119/106
f 443/247/234 1981/239/226 442/245/232
f 443/247/234 1983/248/235 1982/237/224
f 444/249/236 664/250/237 1983/248/235
f 1983/248/235 665/251/238 1986/240/227
f 1986/240/227 666/252/239 1989/243/230
f 1989/243/230 41/253/240 483/254/241
f 1988/244/231 483/254/241 482/255/242
f 1988/244/231 481/256/243 1987/242/229
f 1987/242/229 45/257/244 661/258/245
f 1984/238/225 661/258/245 662/259/246
f 1981/239/226 662/259/246 663/246/233
f 1991/260/247 1993/261/248 1990/262/249
f 1991/260/247 1995/263/250 1994/264/251
f 1994/264/251 1996/265/252 1993/261/248
f 1994/264/251 1998/266/253 1997/267/254
f 424/268/255 678/269/256 6/270/257
f 425/271/258 1990/262/249 424/268/255
f 425/271/258 1992/272/259 1991/260/247
f 426/273/260 679/274/261 1992/272/259
f 1992/272/259 680/275/262 1995/263/250
f 1995/263/250 681/276/263 1998/266/253
f 1998/266/253 46/277/264 498/278/265
f 1997/267/254 498/278/265 497/279/266
f 1997/267/254 496/280/267 1996/265/252
f 1996/265/252 50/281/268 676/282/269
f 1993/261/248 676/282/269 677/283/270
f 1990/262/249 677/283/270 678/269/256
f 2000/284/271 2002/285/272 1999/286/273
f 2000/284/271 2004/287/274 2003/288/275
f 2003/288/275 2005/289/276 2002/285/272
f 2003/288/275 2007/290/277 2006/291/278
f 415/292/279 693/293/280 8/71/71
f 416/294/281 1999/286/273 415/292/279
f 416/294/281 2001/295/282 2000/284/271
f 417/296/283 694/297/284 2001/295/282
f 2001/295/282 695/298/285 2004/287/274
f 2004/287/274 696/299/286 2007/290/277
f 2007/290/277 51/300/287 513/301/288
f 2006/291/278 513/301/288 512/302/289
f 2006/291/278 511/303/290 2005/289/276
f 2005/289/276 55/304/291 691/305/292
f 2002/285/272 691/305/292 692/306/293
f 1999/286/273 692/306/293 693/293/280
f 2009/307/294 2011/308/295 2008/309/296
f 2009/307/294 2013/310/297 2012/311/298
f 2012/311/298 2014/312/299 2011/308/295
f 2012/311/298 2016/313/300 2015/314/301
f 433/315/302 708/316/303 4/317/304
f 434/318/305 2008/309/296 433/315/302
f 434/318/305 2010/319/306 2009/307/294
f 435/320/307 709/321/308 2010/319/306
f 2010/319/306 710/322/309 2013/310/297
f 2013/310/297 711/323/310 2016/313/300
f 2016/313/300 56/324/311 528/325/312
f 2015/314/301 528/325/312 527/326/313
f 2015/314/301 526/327/314 2014/312/299
f 2014/312/299 60/328/315 706/329/316
f 2011/308/295 706/329/316 707/330/317
f 2008/309/296 707/330/317 708/316/303
f 2018/331/318 2020/332/319 2017/333/320
f 2018/331/318 2022/334/321 2021/335/322
f 2021/335/322 2023/336/323 2020/332/319
f 2021/335/322 2025/337/324 2024/338/325
f 388/339/326 723/340/327 13/341/328
f 389/342/329 2017/333/320 388/339/326
f 389/342/329 2019/343/330 2018/331/318
f 390/344/331 724/345/332 2019/343/330
f 2019/343/330 725/346/333 2022/334/321
f 2022/334/321 726/347/334 2025/337/324
f 2025/337/324 61/348/335 543/349/336
f 2024/338/325 543/349/336 542/350/337
f 2024/338/325 541/351/338 2023/336/323
f 2023/336/323 65/352/339 721/353/340
f 2020/332/319 721/353/340 722/354/341
f 2017/333/320 722/354/341 723/340/327
f 2027/355/342 2029/356/343 2026/357/344
f 2028/358/345 2030/359/346 2027/355/342
f 2029/356/343 2033/360/347 2032/361/348
f 2030/359/346 2034/362/349 2033/360/347
f 729/363/350 306/364/351 22/365/352
f 728/366/353 2026/357/344 729/363/350
f 727/367/354 2027/355/342 728/366/353
f 64/368/355 2028/358/345 727/367/354
f 552/369/356 2031/370/357 2028/358/345
f 2031/370/357 550/371/358 2034/362/349
f 2034/362/349 63/372/359 735/373/360
f 2033/360/347 735/373/360 734/374/361
f 2032/361/348 734/374/361 733/375/362
f 304/376/363 733/375/362 26/377/364
f 305/378/365 2032/361/348 304/376/363
f 2026/357/344 305/378/365 306/364/351
f 2036/379/366 2038/380/367 2035/381/368
f 2037/382/369 2039/383/370 2036/379/366
f 2038/380/367 2042/384/371 2041/385/372
f 2039/383/370 2043/386/373 2042/384/371
f 744/387/374 297/388/375 23/389/376
f 743/390/377 2035/381/368 744/387/374
f 742/391/378 2036/379/366 743/390/377
f 69/392/379 2037/382/369 742/391/378
f 567/393/380 2040/394/381 2037/382/369
f 2040/394/381 565/395/382 2043/386/373
f 2043/386/373 68/396/383 750/397/384
f 2042/384/371 750/397/384 749/398/385
f 2041/385/372 749/398/385 748/399/386
f 295/400/387 748/399/386 28/401/388
f 296/402/389 2041/385/372 295/400/387
f 2035/381/368 296/402/389 297/388/375
f 2045/403/390 2047/404/391 2044/405/392
f 2046/406/393 2048/407/394 2045/403/390
f 2047/404/391 2051/408/395 2050/409/396
f 2048/407/394 2052/410/397 2051/408/395
f 759/411/398 288/412/399 24/413/400
f 758/414/401 2044/405/392 759/411/398
f 757/415/402 2045/403/390 758/414/401
f 74/416/403 2046/406/393 757/415/402
f 582/417/404 2049/418/405 2046/406/393
f 2049/418/405 580/419/406 2052/410/397
f 2052/410/397 73/420/407 765/421/408
f 2051/408/395 765/421/408 764/422/409
f 2050/409/396 764/422/409 763/423/410
f 286/424/411 763/423/410 29/425/412
f 287/426/413 2050/409/396 286/424/411
f 2044/405/392 287/426/413 288/412/399
f 2054/427/414 2056/428/415 2053/429/416
f 2055/430/417 2057/431/418 2054/427/414
f 2056/428/415 2060/432/419 2059/433/420
f 2057/431/418 2061/434/421 2060/432/419
f 774/435/422 279/436/423 25/437/424
f 773/438/425 2053/429/416 774/435/422
f 772/439/426 2054/427/414 773/438/425
f 79/440/427 2055/430/417 772/439/426
f 597/441/428 2058/442/429 2055/430/417
f 2058/442/429 595/443/430 2061/434/421
f 2061/434/421 78/444/431 780/445/432
f 2060/432/419 780/445/432 779/446/433
f 2059/433/420 779/446/433 778/447/434
f 277/448/435 778/447/434 30/449/436
f 278/450/437 2059/433/420 277/448/435
f 2053/429/416 278/450/437 279/436/423
f 2063/451/438 2065/452/439 2062/453/440
f 2063/451/438 2067/454/441 2066/455/442
f 2066/455/442 2068/456/443 2065/452/439
f 2066/455/442 2070/457/444 2069/458/445
f 307/459/446 798/460/447 26/461/364
f 308/462/448 2062/453/440 307/459/446
f 308/462/448 2064/463/449 2063/451/438
f 309/464/450 799/465/451 2064/463/449
f 2064/463/449 800/466/452 2067/454/441
f 2067/454/441 801/467/453 2070/457/444
f 2070/457/444 90/468/454 630/469/455
f 2069/458/445 630/469/455 629/470/456
f 2069/458/445 628/471/457 2068/456/443
f 2068/456/443 89/472/458 796/473/459
f 2065/452/439 796/473/459 797/474/460
f 2062/453/440 797/474/460 798/460/447
f 2072/475/461 2071/476/462 2077/477/463
f 2074/478/464 2071/476/462 2073/479/465
f 2076/480/466 2071/476/462 2075/481/467
f 274/482/468 271/483/469 27/484/470
f 275/485/471 2072/475/461 274/482/468
f 2072/475/461 272/486/472 271/483/469
f 279/436/423 276/487/473 25/437/424
f 278/450/437 2074/478/464 279/436/423
f 2074/478/464 275/485/471 276/487/473
f 273/488/474 277/448/435 30/449/436
f 272/486/472 2076/480/466 273/488/474
f 2076/480/466 278/450/437 277/448/435
f 2079/489/475 2081/490/476 2078/491/477
f 2079/489/475 2083/492/478 2082/493/479
f 2082/493/479 2084/494/480 2081/490/476
f 2082/493/479 2086/495/481 2085/496/482
f 397/497/483 783/498/484 11/47/47
f 398/499/485 2078/491/477 397/497/483
f 398/499/485 2080/500/486 2079/489/475
f 399/501/487 784/502/488 2080/500/486
f 2080/500/486 785/503/489 2083/492/478
f 2083/492/478 786/504/490 2086/495/481
f 2086/495/481 81/505/491 603/506/492
f 2085/496/482 603/506/492 602/507/493
f 2085/496/482 601/508/494 2084/494/480
f 2084/494/480 85/509/495 781/510/496
f 2081/490/476 781/510/496 782/511/497
f 2078/491/477 782/511/497 783/498/484
f 2088/512/498 2090/513/499 2087/514/500
f 2088/512/498 2092/515/501 2091/516/502
f 2091/516/502 2093/517/503 2090/513/499
f 2091/516/502 2095/518/504 2094/519/505
f 271/483/469 799/520/451 27/484/470
f 272/486/472 2087/514/500 271/483/469
f 272/486/472 2089/521/506 2088/512/498
f 273/488/474 810/522/507 2089/521/506
f 2089/521/506 809/523/508 2092/515/501
f 2092/515/501 808/524/509 2095/518/504
f 2095/518/504 86/525/510 618/526/511
f 2094/519/505 618/526/511 617/527/512
f 2094/519/505 616/528/513 2093/517/503
f 2093/517/503 90/529/454 801/530/453
f 2090/513/499 801/530/453 800/531/452
f 2087/514/500 800/531/452 799/520/451
f 2097/532/514 2096/533/515 2102/534/516
f 2099/535/517 2096/533/515 2098/536/518
f 2101/537/519 2096/533/515 2100/538/520
f 283/539/521 280/540/522 30/541/436
f 284/542/523 2097/532/514 283/539/521
f 2097/532/514 281/543/524 280/540/522
f 288/412/399 285/544/525 24/413/400
f 287/426/413 2099/535/517 288/412/399
f 2099/535/517 284/542/523 285/544/525
f 282/545/526 286/424/411 29/425/412
f 281/543/524 2101/537/519 282/545/526
f 2101/537/519 287/426/413 286/424/411
f 2104/546/527 2106/547/528 2103/548/529
f 2104/546/527 2108/549/530 2107/550/531
f 2107/550/531 2109/551/532 2106/547/528
f 2107/550/531 2111/552/533 2110/553/534
f 361/554/535 768/555/536 19/556/537
f 362/557/538 2103/548/529 361/554/535
f 362/557/538 2105/558/539 2104/546/527
f 363/559/540 769/560/541 2105/558/539
f 2105/558/539 770/561/542 2108/549/530
f 2108/549/530 771/562/543 2111/552/533
f 2111/552/533 76/563/544 588/564/545
f 2110/553/534 588/564/545 587/565/546
f 2110/553/534 586/566/547 2109/551/532
f 2109/551/532 80/567/548 766/568/549
f 2106/547/528 766/568/549 767/569/550
f 2103/548/529 767/569/550 768/555/536
f 2113/570/551 2115/571/552 2112/572/553
f 2113/570/551 2117/573/554 2116/574/555
f 2116/574/555 2118/575/556 2115/571/552
f 2116/574/555 2120/576/557 2119/577/558
f 280/540/522 810/578/507 30/541/436
f 281/543/524 2112/572/553 280/540/522
f 281/543/524 2114/579/559 2113/570/551
f 282/545/526 807/580/560 2114/579/559
f 2114/579/559 806/581/561 2117/573/554
f 2117/573/554 805/582/562 2120/576/557
f 2120/576/557 87/583/563 621/584/564
f 2119/577/558 621/584/564 620/585/565
f 2119/577/558 619/586/566 2118/575/556
f 2118/575/556 86/587/510 808/588/509
f 2115/571/552 808/588/509 809/589/508
f 2112/572/553 809/589/508 810/578/507
f 2122/590/567 2121/591/568 2127/592/569
f 2124/593/570 2121/591/568 2123/594/571
f 2126/595/572 2121/591/568 2125/596/573
f 292/597/574 289/598/575 29/599/412
f 293/600/576 2122/590/567 292/597/574
f 2122/590/567 290/601/577 289/598/575
f 297/388/375 294/602/578 23/389/376
f 296/402/389 2124/593/570 297/388/375
f 2124/593/570 293/600/576 294/602/578
f 291/603/579 295/400/387 28/401/388
f 290/601/577 2126/595/572 291/603/579
f 2126/595/572 296/402/389 295/400/387
f 2129/604/580 2131/605/581 2128/606/582
f 2129/604/580 2133/607/583 2132/608/584
f 2132/608/584 2134/609/585 2131/605/581
f 2132/608/584 2136/610/586 2135/611/587
f 370/612/588 753/613/589 17/614/590
f 371/615/591 2128/606/582 370/612/588
f 371/615/591 2130/616/592 2129/604/580
f 372/617/593 754/618/594 2130/616/592
f 2130/616/592 755/619/595 2133/607/583
f 2133/607/583 756/620/596 2136/610/586
f 2136/610/586 71/621/597 573/622/598
f 2135/611/587 573/622/598 572/623/599
f 2135/611/587 571/624/600 2134/609/585
f 2134/609/585 75/625/601 751/626/602
f 2131/605/581 751/626/602 752/627/603
f 2128/606/582 752/627/603 753/613/589
f 2138/628/604 2140/629/605 2137/630/606
f 2138/628/604 2142/631/607 2141/632/608
f 2141/632/608 2143/633/609 2140/629/605
f 2141/632/608 2145/634/610 2144/635/611
f 289/598/575 807/636/560 29/599/412
f 290/601/577 2137/630/606 289/598/575
f 290/601/577 2139/637/612 2138/628/604
f 291/603/579 804/638/613 2139/637/612
f 2139/637/612 803/639/614 2142/631/607
f 2142/631/607 802/640/615 2145/634/610
f 2145/634/610 88/641/616 624/642/617
f 2144/635/611 624/642/617 623/643/618
f 2144/635/611 622/644/619 2143/633/609
f 2143/633/609 87/645/563 805/646/562
f 2140/629/605 805/646/562 806/647/561
f 2137/630/606 806/647/561 807/636/560
f 2147/648/620 2146/649/621 2152/650/622
f 2149/651/623 2146/649/621 2148/652/624
f 2151/653/625 2146/649/621 2150/654/626
f 301/655/627 298/656/628 28/657/388
f 302/658/629 2147/648/620 301/655/627
f 2147/648/620 299/659/630 298/656/628
f 306/364/351 303/660/631 22/365/352
f 305/378/365 2149/651/623 306/364/351
f 2149/651/623 302/658/629 303/660/631
f 300/661/632 304/376/363 26/377/364
f 299/659/630 2151/653/625 300/661/632
f 2151/653/625 305/378/365 304/376/363
f 2154/662/633 2156/663/634 2153/664/635
f 2154/662/633 2158/665/636 2157/666/637
f 2157/666/637 2159/667/638 2156/663/634
f 2157/666/637 2161/668/639 2160/669/640
f 379/670/641 738/671/642 15/672/643
f 380/673/644 2153/664/635 379/670/641
f 380/673/644 2155/674/645 2154/662/633
f 381/675/646 739/676/647 2155/674/645
f 2155/674/645 740/677/648 2158/665/636
f 2158/665/636 741/678/649 2161/668/639
f 2161/668/639 66/679/650 558/680/651
f 2160/669/640 558/680/651 557/681/652
f 2160/669/640 556/682/653 2159/667/638
f 2159/667/638 70/683/654 736/684/655
f 2156/663/634 736/684/655 737/685/656
f 2153/664/635 737/685/656 738/671/642
f 2163/686/657 2165/687/658 2162/688/659
f 2163/686/657 2167/689/660 2166/690/661
f 2166/690/661 2168/691/662 2165/687/658
f 2166/690/661 2170/692/663 2169/693/664
f 298/656/628 804/694/613 28/657/388
f 299/659/630 2162/688/659 298/656/628
f 299/659/630 2164/695/665 2163/686/657
f 300/661/632 798/696/447 2164/695/665
f 2164/695/665 797/697/460 2167/689/660
f 2167/689/660 796/698/459 2170/692/663
f 2170/692/663 89/699/458 627/700/666
f 2169/693/664 627/700/666 626/701/667
f 2169/693/664 625/702/668 2168/691/662
f 2168/691/662 88/703/616 802/704/615
f 2165/687/658 802/704/615 803/705/614
f 2162/688/659 803/705/614 804/694/613
f 2172/706/669 2171/707/670 2177/708/671
f 2174/709/672 2171/707/670 2173/710/673
f 2176/711/674 2171/707/670 2175/712/675
f 310/713/676 307/459/446 26/461/364
f 311/714/677 2172/706/669 310/713/676
f 2172/706/669 308/462/448 307/459/446
f 315/715/678 312/716/679 21/717/680
f 314/718/681 2174/709/672 315/715/678
f 2174/709/672 311/714/677 312/716/679
f 309/464/450 313/719/682 27/720/470
f 308/462/448 2176/711/674 309/464/450
f 2176/711/674 314/718/681 313/719/682
f 2179/721/683 2181/722/684 2178/723/685
f 2179/721/683 2183/724/686 2182/725/687
f 2182/725/687 2184/726/688 2181/722/684
f 2182/725/687 2186/727/689 2185/728/690
f 316/729/691 784/502/488 12/235/222
f 317/730/692 2178/723/685 316/729/691
f 317/730/692 2180/731/693 2179/721/683
f 318/732/694 793/733/695 2180/731/693
f 2180/731/693 794/734/696 2183/724/686
f 2183/724/686 795/735/697 2186/727/689
f 2186/727/689 82/736/698 606/737/699
f 2185/728/690 606/737/699 605/738/700
f 2185/728/690 604/739/701 2184/726/688
f 2184/726/688 81/505/491 786/504/490
f 2181/722/684 786/504/490 785/503/489
f 2178/723/685 785/503/489 784/502/488
f 2187/740/702 2191/741/703 2190/742/704
f 2189/743/705 2191/741/703 2188/744/706
f 2190/742/704 2194/745/707 2193/746/708
f 2192/747/709 2194/745/707 2191/741/703
f 83/748/710 2187/740/702 790/749/711
f 609/750/712 2188/744/706 2187/740/702
f 607/751/713 2188/744/706 608/752/714
f 82/736/698 2189/743/705 607/751/713
f 795/735/697 2192/747/709 2189/743/705
f 794/734/696 2195/753/715 2192/747/709
f 793/733/695 276/487/473 2195/753/715
f 2195/753/715 275/485/471 2194/745/707
f 2193/746/708 275/485/471 274/482/468
f 792/754/716 274/482/468 27/484/470
f 791/755/717 2193/746/708 792/754/716
f 790/749/711 2190/742/704 791/755/717
f 2197/756/718 2196/757/719 2202/758/720
f 2199/759/721 2196/757/719 2198/760/722
f 2201/761/723 2196/757/719 2200/762/724
f 319/233/220 316/729/691 12/235/222
f 320/232/219 2197/756/718 319/233/220
f 2197/756/718 317/730/692 316/729/691
f 324/763/725 321/231/218 19/556/537
f 323/764/726 2199/759/721 324/763/725
f 2199/759/721 320/232/219 321/231/218
f 318/732/694 322/765/727 25/437/424
f 317/730/692 2201/761/723 318/732/694
f 2201/761/723 323/764/726 322/765/727
f 2204/766/728 2206/767/729 2203/768/730
f 2204/766/728 2208/769/731 2207/770/732
f 2207/770/732 2209/771/733 2206/767/729
f 2207/770/732 2211/772/734 2210/773/735
f 325/774/736 769/560/541 20/211/198
f 326/775/737 2203/768/730 325/774/736
f 326/775/737 2205/776/738 2204/766/728
f 327/777/739 775/778/740 2205/776/738
f 2205/776/738 776/779/741 2208/769/731
f 2208/769/731 777/780/742 2211/772/734
f 2211/772/734 77/781/743 591/782/744
f 2210/773/735 591/782/744 590/783/745
f 2210/773/735 589/784/746 2209/771/733
f 2209/771/733 76/563/544 771/562/543
f 2206/767/729 771/562/543 770/561/542
f 2203/768/730 770/561/542 769/560/541
f 2212/785/747 2216/786/748 2215/787/749
f 2214/788/750 2216/786/748 2213/789/751
f 2215/787/749 2219/790/752 2218/791/753
f 2217/792/754 2219/790/752 2216/786/748
f 78/793/431 2212/785/747 780/794/432
f 594/795/755 2213/789/751 2212/785/747
f 592/796/756 2213/789/751 593/797/757
f 77/781/743 2214/788/750 592/796/756
f 777/780/742 2217/792/754 2214/788/750
f 776/779/741 2220/798/758 2217/792/754
f 775/778/740 285/544/525 2220/798/758
f 2220/798/758 284/542/523 2219/790/752
f 2218/791/753 284/542/523 283/539/521
f 778/799/434 283/539/521 30/541/436
f 779/800/433 2218/791/753 778/799/434
f 780/794/432 2215/787/749 779/800/433
f 2222/801/759 2221/802/760 2227/803/761
f 2224/804/762 2221/802/760 2223/805/763
f 2226/806/764 2221/802/760 2225/807/765
f 328/209/196 325/774/736 20/211/198
f 329/208/195 2222/801/759 328/209/196
f 2222/801/759 326/775/737 325/774/736
f 333/808/766 330/207/194 17/614/590
f 332/809/767 2224/804/762 333/808/766
f 2224/804/762 329/208/195 330/207/194
f 327/777/739 331/810/768 24/413/400
f 326/775/737 2226/806/764 327/777/739
f 2226/806/764 332/809/767 331/810/768
f 2229/811/769 2231/812/770 2228/813/771
f 2229/811/769 2233/814/772 2232/815/773
f 2232/815/773 2234/816/774 2231/812/770
f 2232/815/773 2236/817/775 2235/818/776
f 334/819/777 754/618/594 18/187/174
f 335/820/778 2228/813/771 334/819/777
f 335/820/778 2230/821/779 2229/811/769
f 336/822/780 760/823/781 2230/821/779
f 2230/821/779 761/824/782 2233/814/772
f 2233/814/772 762/825/783 2236/817/775
f 2236/817/775 72/826/784 576/827/785
f 2235/818/776 576/827/785 575/828/786
f 2235/818/776 574/829/787 2234/816/774
f 2234/816/774 71/621/597 756/620/596
f 2231/812/770 756/620/596 755/619/595
f 2228/813/771 755/619/595 754/618/594
f 2237/830/788 2241/831/789 2240/832/790
f 2239/833/791 2241/831/789 2238/834/792
f 2240/832/790 2244/835/793 2243/836/794
f 2242/837/795 2244/835/793 2241/831/789
f 73/838/407 2237/830/788 765/839/408
f 579/840/796 2238/834/792 2237/830/788
f 577/841/797 2238/834/792 578/842/798
f 72/826/784 2239/833/791 577/841/797
f 762/825/783 2242/837/795 2239/833/791
f 761/824/782 2245/843/799 2242/837/795
f 760/823/781 294/602/578 2245/843/799
f 2245/843/799 293/600/576 2244/835/793
f 2243/836/794 293/600/576 292/597/574
f 763/844/410 292/597/574 29/599/412
f 764/845/409 2243/836/794 763/844/410
f 765/839/408 2240/832/790 764/845/409
f 2247/846/800 2246/847/801 2252/848/802
f 2249/849/803 2246/847/801 2248/850/804
f 2251/851/805 2246/847/801 2250/852/806
f 337/185/172 334/819/777 18/187/174
f 338/184/171 2247/846/800 337/185/172
f 2247/846/800 335/820/778 334/819/777
f 342/853/807 339/183/170 15/672/643
f 341/854/808 2249/849/803 342/853/807
f 2249/849/803 338/184/171 339/183/170
f 336/822/780 340/855/809 23/389/376
f 335/820/778 2251/851/805 336/822/780
f 2251/851/805 341/854/808 340/855/809
f 2254/856/810 2256/857/811 2253/858/812
f 2254/856/810 2258/859/813 2257/860/814
f 2257/860/814 2259/861/815 2256/857/811
f 2257/860/814 2261/862/816 2260/863/817
f 343/864/818 739/865/647 16/163/150
f 344/866/819 2253/858/812 343/864/818
f 344/866/819 2255/867/820 2254/856/810
f 345/868/821 745/869/822 2255/867/820
f 2255/867/820 746/870/823 2258/859/813
f 2258/859/813 747/871/824 2261/862/816
f 2261/862/816 67/872/825 561/873/826
f 2260/863/817 561/873/826 560/874/827
f 2260/863/817 559/875/828 2259/861/815
f 2259/861/815 66/876/650 741/877/649
f 2256/857/811 741/877/649 740/878/648
f 2253/858/812 740/878/648 739/865/647
f 2262/879/829 2266/880/830 2265/881/831
f 2264/882/832 2266/880/830 2263/883/833
f 2265/881/831 2269/884/834 2268/885/835
f 2267/886/836 2269/884/834 2266/880/830
f 68/887/383 2262/879/829 750/888/384
f 564/889/837 2263/883/833 2262/879/829
f 562/890/838 2263/883/833 563/891/839
f 67/872/825 2264/882/832 562/890/838
f 747/871/824 2267/886/836 2264/882/832
f 746/870/823 2270/892/840 2267/886/836
f 745/869/822 303/660/631 2270/892/840
f 2270/892/840 302/658/629 2269/884/834
f 2268/885/835 302/658/629 301/655/627
f 748/893/386 301/655/627 28/657/388
f 749/894/385 2268/885/835 748/893/386
f 750/888/384 2265/881/831 749/894/385
f 2272/895/841 2271/896/842 2277/897/843
f 2274/898/844 2271/896/842 2273/899/845
f 2276/900/846 2271/896/842 2275/901/847
f 346/161/148 343/864/818 16/163/150
f 347/160/147 2272/895/841 346/161/148
f 2272/895/841 344/866/819 343/864/818
f 351/902/848 348/159/146 13/341/328
f 350/903/849 2274/898/844 351/902/848
f 2274/898/844 347/160/147 348/159/146
f 345/868/821 349/904/850 22/365/352
f 344/866/819 2276/900/846 345/868/821
f 2276/900/846 350/903/849 349/904/850
f 2279/905/851 2281/906/852 2278/907/853
f 2279/905/851 2283/908/854 2282/909/855
f 2282/909/855 2284/910/856 2281/906/852
f 2282/909/855 2286/911/857 2285/912/858
f 352/913/859 724/345/332 14/139/126
f 353/914/860 2278/907/853 352/913/859
f 353/914/860 2280/915/861 2279/905/851
f 354/916/862 730/917/863 2280/915/861
f 2280/915/861 731/918/864 2283/908/854
f 2283/908/854 732/919/865 2286/911/857
f 2286/911/857 62/920/866 546/921/867
f 2285/912/858 546/921/867 545/922/868
f 2285/912/858 544/923/869 2284/910/856
f 2284/910/856 61/348/335 726/347/334
f 2281/906/852 726/347/334 725/346/333
f 2278/907/853 725/346/333 724/345/332
f 2287/924/870 2291/925/871 2290/926/872
f 2289/927/873 2291/925/871 2288/928/874
f 2290/926/872 2294/929/875 2293/930/876
f 2292/931/877 2294/929/875 2291/925/871
f 63/932/359 2287/924/870 735/933/360
f 549/934/878 2288/928/874 2287/924/870
f 547/935/879 2288/928/874 548/936/880
f 62/920/866 2289/927/873 547/935/879
f 732/919/865 2292/931/877 2289/927/873
f 731/918/864 2295/937/881 2292/931/877
f 730/917/863 312/716/679 2295/937/881
f 2295/937/881 311/714/677 2294/929/875
f 2293/930/876 311/714/677 310/713/676
f 733/938/362 310/713/676 26/461/364
f 734/939/361 2293/930/876 733/938/362
f 735/933/360 2290/926/872 734/939/361
f 2297/940/882 2296/941/883 2302/942/884
f 2299/943/885 2296/941/883 2298/944/886
f 2301/945/887 2296/941/883 2300/946/888
f 355/137/124 352/913/859 14/139/126
f 356/136/123 2297/940/882 355/137/124
f 2297/940/882 353/914/860 352/913/859
f 360/947/889 357/135/122 11/47/47
f 359/948/890 2299/943/885 360/947/889
f 2299/943/885 356/136/123 357/135/122
f 354/916/862 358/949/891 21/717/680
f 353/914/860 2301/945/887 354/916/862
f 2301/945/887 359/948/890 358/949/891
f 2304/950/892 2306/951/893 2303/952/894
f 2305/953/895 2307/954/896 2304/950/892
f 2306/951/893 2310/955/897 2309/956/898
f 2307/954/896 2311/957/899 2310/955/897
f 789/958/900 315/715/678 21/717/680
f 788/959/901 2303/952/894 789/958/900
f 787/960/902 2304/950/892 788/959/901
f 84/961/903 2305/953/895 787/960/902
f 612/962/904 2308/963/905 2305/953/895
f 2308/963/905 610/964/906 2311/957/899
f 2311/957/899 83/965/710 790/966/711
f 2310/955/897 790/966/711 791/967/717
f 2309/956/898 791/967/717 792/968/716
f 313/719/682 792/968/716 27/720/470
f 314/718/681 2309/956/898 313/719/682
f 2303/952/894 314/718/681 315/715/678
f 2313/969/907 2315/970/908 2312/971/909
f 2314/972/910 2316/973/911 2313/969/907
f 2315/970/908 2319/974/912 2318/975/913
f 2316/973/911 2320/976/914 2319/974/912
f 768/555/536 324/763/725 19/556/537
f 767/569/550 2312/971/909 768/555/536
f 766/568/549 2313/969/907 767/569/550
f 80/567/548 2314/972/910 766/568/549
f 600/977/915 2317/978/916 2314/972/910
f 2317/978/916 598/979/917 2320/976/914
f 2320/976/914 79/440/427 772/439/426
f 2319/974/912 772/439/426 773/438/425
f 2318/975/913 773/438/425 774/435/422
f 322/765/727 774/435/422 25/437/424
f 323/764/726 2318/975/913 322/765/727
f 2312/971/909 323/764/726 324/763/725
f 2322/980/918 2321/981/919 2327/982/920
f 2324/983/921 2321/981/919 2323/984/922
f 2326/985/923 2321/981/919 2325/986/924
f 364/987/925 361/554/535 19/556/537
f 365/988/926 2322/980/918 364/987/925
f 2322/980/918 362/557/538 361/554/535
f 369/989/927 366/990/928 10/991/929
f 368/992/930 2324/983/921 369/989/927
f 2324/983/921 365/988/926 366/990/928
f 363/559/540 367/993/931 20/211/198
f 362/557/538 2326/985/923 363/559/540
f 2326/985/923 368/992/930 367/993/931
f 2328/994/932 2332/995/933 2331/996/934
f 2330/997/935 2332/995/933 2329/998/936
f 2331/996/934 2335/999/937 2334/1000/938
f 2333/1001/939 2335/999/937 2332/995/933
f 52/202/189 2328/994/932 705/203/190
f 516/1002/940 2329/998/936 2328/994/932
f 514/1003/941 2329/998/936 515/1004/942
f 51/300/287 2330/997/935 514/1003/941
f 696/299/286 2333/1001/939 2330/997/935
f 695/298/285 2336/1005/943 2333/1001/939
f 694/297/284 375/1006/944 2336/1005/943
f 2336/1005/943 374/1007/945 2335/999/937
f 2334/1000/938 374/1007/945 373/1008/946
f 703/206/193 373/1008/946 17/614/590
f 704/204/191 2334/1000/938 703/206/193
f 705/203/190 2331/996/934 704/204/191
f 2338/1009/947 2340/1010/948 2337/1011/949
f 2339/1012/950 2341/1013/951 2338/1009/947
f 2340/1010/948 2344/1014/952 2343/1015/953
f 2341/1013/951 2345/1016/954 2344/1014/952
f 753/613/589 333/808/766 17/614/590
f 752/627/603 2337/1011/949 753/613/589
f 751/626/602 2338/1009/947 752/627/603
f 75/625/601 2339/1012/950 751/626/602
f 585/1017/955 2342/1018/956 2339/1012/950
f 2342/1018/956 583/1019/957 2345/1016/954
f 2345/1016/954 74/416/403 757/415/402
f 2344/1014/952 757/415/402 758/414/401
f 2343/1015/953 758/414/401 759/411/398
f 331/810/768 759/411/398 24/413/400
f 332/809/767 2343/1015/953 331/810/768
f 2337/1011/949 332/809/767 333/808/766
f 2347/1020/958 2346/1021/959 2352/1022/960
f 2349/1023/961 2346/1021/959 2348/1024/962
f 2351/1025/963 2346/1021/959 2350/1026/964
f 373/1008/946 370/612/588 17/614/590
f 374/1007/945 2347/1020/958 373/1008/946
f 2347/1020/958 371/615/591 370/612/588
f 378/1027/965 375/1006/944 9/1028/966
f 377/1029/967 2349/1023/961 378/1027/965
f 2349/1023/961 374/1007/945 375/1006/944
f 372/617/593 376/1030/968 18/187/174
f 371/615/591 2351/1025/963 372/617/593
f 2351/1025/963 377/1029/967 376/1030/968
f 2353/1031/969 2357/1032/970 2356/1033/971
f 2355/1034/972 2357/1032/970 2354/1035/973
f 2356/1033/971 2360/1036/974 2359/1037/975
f 2358/1038/976 2360/1036/974 2357/1032/970
f 47/178/165 2353/1031/969 690/179/166
f 501/1039/977 2354/1035/973 2353/1031/969
f 499/1040/978 2354/1035/973 500/1041/979
f 46/277/264 2355/1034/972 499/1040/978
f 681/276/263 2358/1038/976 2355/1034/972
f 680/275/262 2361/1042/980 2358/1038/976
f 679/274/261 384/1043/981 2361/1042/980
f 2361/1042/980 383/1044/982 2360/1036/974
f 2359/1037/975 383/1044/982 382/1045/983
f 688/182/169 382/1045/983 15/672/643
f 689/180/167 2359/1037/975 688/182/169
f 690/179/166 2356/1033/971 689/180/167
f 2363/1046/984 2365/1047/985 2362/1048/986
f 2364/1049/987 2366/1050/988 2363/1046/984
f 2365/1047/985 2369/1051/989 2368/1052/990
f 2366/1050/988 2370/1053/991 2369/1051/989
f 738/671/642 342/853/807 15/672/643
f 737/685/656 2362/1048/986 738/671/642
f 736/684/655 2363/1046/984 737/685/656
f 70/683/654 2364/1049/987 736/684/655
f 570/1054/992 2367/1055/993 2364/1049/987
f 2367/1055/993 568/1056/994 2370/1053/991
f 2370/1053/991 69/392/379 742/391/378
f 2369/1051/989 742/391/378 743/390/377
f 2368/1052/990 743/390/377 744/387/374
f 340/855/809 744/387/374 23/389/376
f 341/854/808 2368/1052/990 340/855/809
f 2362/1048/986 341/854/808 342/853/807
f 2372/1057/995 2371/1058/996 2377/1059/997
f 2374/1060/998 2371/1058/996 2373/1061/999
f 2376/1062/1000 2371/1058/996 2375/1063/1001
f 382/1045/983 379/670/641 15/672/643
f 383/1044/982 2372/1057/995 382/1045/983
f 2372/1057/995 380/673/644 379/670/641
f 387/1064/1002 384/1043/981 7/1065/1003
f 386/1066/1004 2374/1060/998 387/1064/1002
f 2374/1060/998 383/1044/982 384/1043/981
f 381/675/646 385/1067/1005 16/1068/150
f 380/673/644 2376/1062/1000 381/675/646
f 2376/1062/1000 386/1066/1004 385/1067/1005
f 2378/1069/1006 2382/1070/1007 2381/1071/1008
f 2380/1072/1009 2382/1070/1007 2379/1073/1010
f 2381/1071/1008 2385/1074/1011 2384/1075/1012
f 2383/1076/1013 2385/1074/1011 2382/1070/1007
f 42/154/141 2378/1069/1006 675/155/142
f 486/1077/1014 2379/1073/1010 2378/1069/1006
f 484/1078/1015 2379/1073/1010 485/1079/1016
f 41/253/240 2380/1072/1009 484/1078/1015
f 666/252/239 2383/1076/1013 2380/1072/1009
f 665/251/238 2386/1080/1017 2383/1076/1013
f 664/250/237 393/1081/1018 2386/1080/1017
f 2386/1080/1017 392/1082/1019 2385/1074/1011
f 2384/1075/1012 392/1082/1019 391/1083/1020
f 673/158/145 391/1083/1020 13/341/328
f 674/156/143 2384/1075/1012 673/158/145
f 675/155/142 2381/1071/1008 674/156/143
f 2388/1084/1021 2390/1085/1022 2387/1086/1023
f 2389/1087/1024 2391/1088/1025 2388/1084/1021
f 2390/1085/1022 2394/1089/1026 2393/1090/1027
f 2391/1088/1025 2395/1091/1028 2394/1089/1026
f 723/340/327 351/902/848 13/341/328
f 722/354/341 2387/1086/1023 723/340/327
f 721/353/340 2388/1084/1021 722/354/341
f 65/352/339 2389/1087/1024 721/353/340
f 555/1092/1029 2392/1093/1030 2389/1087/1024
f 2392/1093/1030 553/1094/1031 2395/1091/1028
f 2395/1091/1028 64/368/355 727/367/354
f 2394/1089/1026 727/367/354 728/366/353
f 2393/1090/1027 728/366/353 729/363/350
f 349/904/850 729/363/350 22/365/352
f 350/903/849 2393/1090/1027 349/904/850
f 2387/1086/1023 350/903/849 351/902/848
f 2397/1095/1032 2396/1096/1033 2402/1097/1034
f 2399/1098/1035 2396/1096/1033 2398/1099/1036
f 2401/1100/1037 2396/1096/1033 2400/1101/1038
f 391/1083/1020 388/339/326 13/341/328
f 392/1082/1019 2397/1095/1032 391/1083/1020
f 2397/1095/1032 389/342/329 388/339/326
f 396/1102/1039 393/1081/1018 3/1103/1040
f 395/1104/1041 2399/1098/1035 396/1102/1039
f 2399/1098/1035 392/1082/1019 393/1081/1018
f 390/344/331 394/1105/1042 14/139/126
f 389/342/329 2401/1100/1037 390/344/331
f 2401/1100/1037 395/1104/1041 394/1105/1042
f 2403/1106/1043 2407/1107/1044 2406/1108/1045
f 2405/1109/1046 2407/1107/1044 2404/1110/1047
f 2406/1108/1045 2410/1111/1048 2409/1112/1049
f 2408/1113/1050 2410/1111/1048 2407/1107/1044
f 37/38/38 2403/1106/1043 657/39/39
f 471/1114/1051 2404/1110/1047 2403/1106/1043
f 469/1115/1052 2404/1110/1047 470/1116/1053
f 36/1117/1054 2405/1109/1046 469/1115/1052
f 648/1118/1055 2408/1113/1050 2405/1109/1046
f 647/1119/1056 2411/1120/1057 2408/1113/1050
f 646/1121/1058 438/1122/1059 2411/1120/1057
f 2411/1120/1057 437/1123/1060 2410/1111/1048
f 2409/1112/1049 437/1123/1060 436/1124/1061
f 655/42/42 436/1124/1061 4/317/304
f 656/40/40 2409/1112/1049 655/42/42
f 657/39/39 2406/1108/1045 656/40/40
f 2413/1125/1062 2415/1126/1063 2412/1127/1064
f 2414/1128/1065 2416/1129/1066 2413/1125/1062
f 2415/1126/1063 2419/1130/1067 2418/1131/1068
f 2416/1129/1066 2420/1132/1069 2419/1130/1067
f 783/498/484 360/947/889 11/47/47
f 782/511/497 2412/1127/1064 783/498/484
f 781/510/496 2413/1125/1062 782/511/497
f 85/509/495 2414/1128/1065 781/510/496
f 615/1133/1070 2417/1134/1071 2414/1128/1065
f 2417/1134/1071 613/1135/1072 2420/1132/1069
f 2420/1132/1069 84/961/903 787/960/902
f 2419/1130/1067 787/960/902 788/959/901
f 2418/1131/1068 788/959/901 789/958/900
f 358/949/891 789/958/900 21/717/680
f 359/948/890 2418/1131/1068 358/949/891
f 2412/1127/1064 359/948/890 360/947/889
f 2422/1136/1073 2421/1137/1074 2427/1138/1075
f 2424/1139/1076 2421/1137/1074 2423/1140/1077
f 2426/1141/1078 2421/1137/1074 2425/1142/1079
f 400/45/45 397/497/483 11/47/47
f 401/44/44 2422/1136/1073 400/45/45
f 2422/1136/1073 398/499/485 397/497/483
f 405/1143/1080 402/43/43 4/317/304
f 404/1144/1081 2424/1139/1076 405/1143/1080
f 2424/1139/1076 401/44/44 402/43/43
f 399/501/487 403/1145/1082 12/235/222
f 398/499/485 2426/1141/1078 399/501/487
f 2426/1141/1078 404/1144/1081 403/1145/1082
f 2429/1146/1083 2431/1147/1084 2428/1148/1085
f 2429/1146/1083 2433/1149/1086 2432/1150/1087
f 2432/1150/1087 2434/1151/1088 2431/1147/1084
f 2432/1150/1087 2436/1152/1089 2435/1153/1090
f 406/1154/1091 709/1155/308 5/95/23
f 407/1156/1092 2428/1148/1085 406/1154/1091
f 407/1156/1092 2430/1157/1093 2429/1146/1083
f 408/1158/1094 715/1159/1095 2430/1157/1093
f 2430/1157/1093 716/1160/1096 2433/1149/1086
f 2433/1149/1086 717/1161/1097 2436/1152/1089
f 2436/1152/1089 57/1162/1098 531/1163/1099
f 2435/1153/1090 531/1163/1099 530/1164/1100
f 2435/1153/1090 529/1165/1101 2434/1151/1088
f 2434/1151/1088 56/1166/311 711/1167/310
f 2431/1147/1084 711/1167/310 710/1168/309
f 2428/1148/1085 710/1168/309 709/1155/308
f 2437/1169/1102 2441/1170/1103 2440/1171/1104
f 2439/1172/1105 2441/1170/1103 2438/1173/1106
f 2440/1171/1104 2444/1174/1107 2443/1175/1108
f 2442/1176/1109 2444/1174/1107 2441/1170/1103
f 58/226/213 2437/1169/1102 720/227/214
f 534/1177/1110 2438/1173/1106 2437/1169/1102
f 532/1178/1111 2438/1173/1106 533/1179/1112
f 57/1162/1098 2439/1172/1105 532/1178/1111
f 717/1161/1097 2442/1176/1109 2439/1172/1105
f 716/1160/1096 2445/1180/1113 2442/1176/1109
f 715/1159/1095 366/990/928 2445/1180/1113
f 2445/1180/1113 365/988/926 2444/1174/1107
f 2443/1175/1108 365/988/926 364/987/925
f 718/230/217 364/987/925 19/556/537
f 719/228/215 2443/1175/1108 718/230/217
f 720/227/214 2440/1171/1104 719/228/215
f 2447/1181/1114 2446/1182/1115 2452/1183/1116
f 2449/1184/1117 2446/1182/1115 2448/1185/1118
f 2451/1186/1119 2446/1182/1115 2450/1187/1120
f 409/93/87 406/1154/1091 5/95/23
f 410/92/86 2447/1181/1114 409/93/87
f 2447/1181/1114 407/1156/1092 406/1154/1091
f 414/1188/1121 411/91/85 8/1189/71
f 413/1190/1122 2449/1184/1117 414/1188/1121
f 2449/1184/1117 410/92/86 411/91/85
f 408/1158/1094 412/1191/1123 10/991/929
f 407/1156/1092 2451/1186/1119 408/1158/1094
f 2451/1186/1119 413/1190/1122 412/1191/1123
f 2454/1192/1124 2456/1193/1125 2453/1194/1126
f 2455/1195/1127 2457/1196/1128 2454/1192/1124
f 2456/1193/1125 2460/1197/1129 2459/1198/1130
f 2457/1196/1128 2461/1199/1131 2460/1197/1129
f 699/1200/1132 369/989/927 10/991/929
f 698/1201/1133 2453/1194/1126 699/1200/1132
f 697/1202/1134 2454/1192/1124 698/1201/1133
f 54/1203/1135 2455/1195/1127 697/1202/1134
f 522/1204/1136 2458/1205/1137 2455/1195/1127
f 2458/1205/1137 520/1206/1138 2461/1199/1131
f 2461/1199/1131 53/197/184 700/198/185
f 2460/1197/1129 700/198/185 701/212/199
f 2459/1198/1130 701/212/199 702/210/197
f 367/993/931 702/210/197 20/211/198
f 368/992/930 2459/1198/1130 367/993/931
f 2453/1194/1126 368/992/930 369/989/927
f 2463/1207/1139 2465/1208/1140 2462/1209/1141
f 2464/1210/1142 2466/1211/1143 2463/1207/1139
f 2465/1208/1140 2469/1212/1144 2468/1213/1145
f 2466/1211/1143 2470/1214/1146 2469/1212/1144
f 693/1215/280 414/1188/1121 8/1189/71
f 692/1216/293 2462/1209/1141 693/1215/280
f 691/1217/292 2463/1207/1139 692/1216/293
f 55/1218/291 2464/1210/1142 691/1217/292
f 525/1219/1147 2467/1220/1148 2464/1210/1142
f 2467/1220/1148 523/1221/1149 2470/1214/1146
f 2470/1214/1146 54/1203/1135 697/1202/1134
f 2469/1212/1144 697/1202/1134 698/1201/1133
f 2468/1213/1145 698/1201/1133 699/1200/1132
f 412/1191/1123 699/1200/1132 10/991/929
f 413/1190/1122 2468/1213/1145 412/1191/1123
f 2462/1209/1141 413/1190/1122 414/1188/1121
f 2472/1222/1150 2471/1223/1151 2477/1224/1152
f 2474/1225/1153 2471/1223/1151 2473/1226/1154
f 2476/1227/1155 2471/1223/1151 2475/1228/1156
f 418/69/69 415/292/279 8/71/71
f 419/68/68 2472/1222/1150 418/69/69
f 2472/1222/1150 416/294/281 415/292/279
f 423/1229/1157 420/67/67 6/1230/257
f 422/1231/1158 2474/1225/1153 423/1229/1157
f 2474/1225/1153 419/68/68 420/67/67
f 417/296/283 421/1232/1159 9/1028/966
f 416/294/281 2476/1227/1155 417/296/283
f 2476/1227/1155 422/1231/1158 421/1232/1159
f 2479/1233/1160 2481/1234/1161 2478/1235/1162
f 2480/1236/1163 2482/1237/1164 2479/1233/1160
f 2481/1234/1161 2485/1238/1165 2484/1239/1166
f 2482/1237/1164 2486/1240/1167 2485/1238/1165
f 684/1241/1168 378/1027/965 9/1028/966
f 683/1242/1169 2478/1235/1162 684/1241/1168
f 682/1243/1170 2479/1233/1160 683/1242/1169
f 49/1244/1171 2480/1236/1163 682/1243/1170
f 507/1245/1172 2483/1246/1173 2480/1236/1163
f 2483/1246/1173 505/1247/1174 2486/1240/1167
f 2486/1240/1167 48/173/160 685/174/161
f 2485/1238/1165 685/174/161 686/188/175
f 2484/1239/1166 686/188/175 687/186/173
f 376/1030/968 687/186/173 18/187/174
f 377/1029/967 2484/1239/1166 376/1030/968
f 2478/1235/1162 377/1029/967 378/1027/965
f 2488/1248/1175 2490/1249/1176 2487/1250/1177
f 2489/1251/1178 2491/1252/1179 2488/1248/1175
f 2490/1249/1176 2494/1253/1180 2493/1254/1181
f 2491/1252/1179 2495/1255/1182 2494/1253/1180
f 678/1256/256 423/1229/1157 6/1230/257
f 677/1257/270 2487/1250/1177 678/1256/256
f 676/1258/269 2488/1248/1175 677/1257/270
f 50/1259/268 2489/1251/1178 676/1258/269
f 510/1260/1183 2492/1261/1184 2489/1251/1178
f 2492/1261/1184 508/1262/1185 2495/1255/1182
f 2495/1255/1182 49/1244/1171 682/1243/1170
f 2494/1253/1180 682/1243/1170 683/1242/1169
f 2493/1254/1181 683/1242/1169 684/1241/1168
f 421/1232/1159 684/1241/1168 9/1028/966
f 422/1231/1158 2493/1254/1181 421/1232/1159
f 2487/1250/1177 422/1231/1158 423/1229/1157
f 2497/1263/1186 2496/1264/1187 2502/1265/1188
f 2499/1266/1189 2496/1264/1187 2498/1267/1190
f 2501/1268/1191 2496/1264/1187 2500/1269/1192
f 427/1270/1193 424/268/255 6/270/257
f 428/1271/1194 2497/1263/1186 427/1270/1193
f 2497/1263/1186 425/271/258 424/268/255
f 432/1272/1195 429/1273/1196 1/1274/106
f 431/1275/1197 2499/1266/1189 432/1272/1195
f 2499/1266/1189 428/1271/1194 429/1273/1196
f 426/273/260 430/1276/1198 7/1065/1003
f 425/271/258 2501/1268/1191 426/273/260
f 2501/1268/1191 431/1275/1197 430/1276/1198
f 2504/1277/1199 2506/1278/1200 2503/1279/1201
f 2505/1280/1202 2507/1281/1203 2504/1277/1199
f 2506/1278/1200 2510/1282/1204 2509/1283/1205
f 2507/1281/1203 2511/1284/1206 2510/1282/1204
f 669/1285/1207 387/1064/1002 7/1065/1003
f 668/1286/1208 2503/1279/1201 669/1285/1207
f 667/1287/1209 2504/1277/1199 668/1286/1208
f 44/1288/1210 2505/1280/1202 667/1287/1209
f 492/1289/1211 2508/1290/1212 2505/1280/1202
f 2508/1290/1212 490/1291/1213 2511/1284/1206
f 2511/1284/1206 43/1292/136 670/1293/137
f 2510/1282/1204 670/1293/137 671/1294/151
f 2509/1283/1205 671/1294/151 672/1295/149
f 385/1067/1005 672/1295/149 16/1068/150
f 386/1066/1004 2509/1283/1205 385/1067/1005
f 2503/1279/1201 386/1066/1004 387/1064/1002
f 2513/1296/1214 2515/1297/1215 2512/1298/1216
f 2514/1299/1217 2516/1300/1218 2513/1296/1214
f 2515/1297/1215 2519/1301/1219 2518/1302/1220
f 2516/1300/1218 2520/1303/1221 2519/1301/1219
f 708/316/303 405/1143/1080 4/317/304
f 707/330/317 2512/1298/1216 708/316/303
f 706/329/316 2513/1296/1214 707/330/317
f 60/328/315 2514/1299/1217 706/329/316
f 540/1304/1222 2517/1305/1223 2514/1299/1217
f 2517/1305/1223 538/1306/1224 2520/1303/1221
f 2520/1303/1221 59/221/208 712/222/209
f 2519/1301/1219 712/222/209 713/236/223
f 2518/1302/1220 713/236/223 714/234/221
f 403/1145/1082 714/234/221 12/235/222
f 404/1144/1081 2518/1302/1220 403/1145/1082
f 2512/1298/1216 404/1144/1081 405/1143/1080
f 2522/1307/1225 2521/1308/1226 2527/1309/1227
f 2524/1310/1228 2521/1308/1226 2523/1311/1229
f 2526/1312/1230 2521/1308/1226 2525/1313/1231
f 436/1124/1061 433/315/302 4/317/304
f 437/1123/1060 2522/1307/1225 436/1124/1061
f 2522/1307/1225 434/318/305 433/315/302
f 441/10/10 438/1122/1059 2/11/11
f 440/24/24 2524/1310/1228 441/10/10
f 2524/1310/1228 437/1123/1060 438/1122/1059
f 435/320/307 439/22/22 5/23/23
f 434/318/305 2526/1312/1230 435/320/307
f 2526/1312/1230 440/24/24 439/22/22
f 2529/1314/1232 2531/1315/1233 2528/1316/1234
f 2530/1317/1235 2532/1318/1236 2529/1314/1232
f 2531/1315/1233 2535/1319/1237 2534/1320/1238
f 2532/1318/1236 2536/1321/1239 2535/1319/1237
f 646/1322/1058 450/1323/1240 2/1324/11
f 647/1325/1056 2528/1316/1234 646/1322/1058
f 648/1326/1055 2529/1314/1232 647/1325/1056
f 36/1327/1054 2530/1317/1235 648/1326/1055
f 468/1328/1241 2533/1329/1242 2530/1317/1235
f 2533/1329/1242 466/1330/1243 2536/1321/1239
f 2536/1321/1239 40/1331/1244 649/1332/1245
f 2535/1319/1237 649/1332/1245 650/1333/1246
f 2534/1320/1238 650/1333/1246 651/1334/1247
f 448/1335/1248 651/1334/1247 3/1103/1040
f 449/1336/1249 2534/1320/1238 448/1335/1248
f 2528/1316/1234 449/1336/1249 450/1323/1240
f 2538/1337/1250 2540/1338/1251 2537/1339/1252
f 2539/1340/1253 2541/1341/1254 2538/1337/1250
f 2540/1338/1251 2544/1342/1255 2543/1343/1256
f 2541/1341/1254 2545/1344/1257 2544/1342/1255
f 663/1345/233 432/1272/1195 1/1274/106
f 662/1346/246 2537/1339/1252 663/1345/233
f 661/1347/245 2538/1337/1250 662/1346/246
f 45/1348/244 2539/1340/1253 661/1347/245
f 495/1349/1258 2542/1350/1259 2539/1340/1253
f 2542/1350/1259 493/1351/1260 2545/1344/1257
f 2545/1344/1257 44/1288/1210 667/1287/1209
f 2544/1342/1255 667/1287/1209 668/1286/1208
f 2543/1343/1256 668/1286/1208 669/1285/1207
f 430/1276/1198 669/1285/1207 7/1065/1003
f 431/1275/1197 2543/1343/1256 430/1276/1198
f 2537/1339/1252 431/1275/1197 432/1272/1195
f 2547/1352/1261 2546/1353/1262 2552/1354/1263
f 2549/1355/1264 2546/1353/1262 2548/1356/1265
f 2551/1357/1266 2546/1353/1262 2550/1358/1267
f 445/117/104 442/245/232 1/119/106
f 446/116/103 2547/1352/1261 445/117/104
f 2547/1352/1261 443/247/234 442/245/232
f 450/1323/1240 447/115/102 2/1324/11
f 449/1336/1249 2549/1355/1264 450/1323/1240
f 2549/1355/1264 446/116/103 447/115/102
f 444/249/236 448/1335/1248 3/1103/1040
f 443/247/234 2551/1357/1266 444/249/236
f 2551/1357/1266 449/1336/1249 448/1335/1248
f 2554/1359/1268 2556/1360/1269 2553/1361/1270
f 2555/1362/1271 2557/1363/1272 2554/1359/1268
f 2556/1360/1269 2560/1364/1273 2559/1365/1274
f 2557/1363/1272 2561/1366/1275 2560/1364/1273
f 651/1334/1247 396/1102/1039 3/1103/1040
f 650/1333/1246 2553/1361/1270 651/1334/1247
f 649/1332/1245 2554/1359/1268 650/1333/1246
f 40/1331/1244 2555/1362/1271 649/1332/1245
f 480/1367/1276 2558/1368/1277 2555/1362/1271
f 2558/1368/1277 478/1369/1278 2561/1366/1275
f 2561/1366/1275 39/129/116 652/130/117
f 2560/1364/1273 652/130/117 653/140/127
f 2559/1365/1274 653/140/127 654/138/125
f 394/1105/1042 654/138/125 14/139/126
f 395/1104/1041 2559/1365/1274 394/1105/1042
f 2553/1361/1270 395/1104/1041 396/1102/1039
f 2563/1370/1279 2565/1371/1280 2562/1372/1281
f 2563/1370/1279 2567/1373/1282 2566/1374/1283
f 2566/1374/1283 2568/1375/1284 2565/1371/1280
f 2566/1374/1283 2570/1376/1285 2569/1377/1286
f 565/395/1287 1033/1378/1288 68/396/1289
f 566/1379/1290 2562/1372/1281 565/395/1287
f 566/1379/1290 2564/1380/1291 2563/1370/1279
f 567/393/1292 1039/1381/1293 2564/1380/1291
f 2564/1380/1291 1040/1382/1294 2567/1373/1282
f 2567/1373/1282 1041/1383/1295 2570/1376/1285
f 1041/1383/1295 927/1384/1296 2570/1376/1285
f 2570/1376/1285 926/1385/1297 2569/1377/1286
f 2568/1375/1284 926/1385/1297 925/1386/1298
f 1035/1378/1299 925/1386/1298 128/396/1300
f 2565/1371/1280 1035/1378/1299 1034/1378/1301
f 2562/1372/1281 1034/1378/1301 1033/1378/1288
f 2572/1387/1302 2574/1388/1303 2571/1389/1304
f 2572/1387/1302 2576/1390/1305 2575/1391/1306
f 2575/1391/1306 2577/1392/1307 2574/1388/1303
f 2575/1391/1306 2579/1393/1308 2578/1394/1309
f 484/1078/1310 1027/1395/1311 41/253/1312
f 485/1079/1313 2571/1389/1304 484/1078/1310
f 485/1079/1313 2573/1396/1314 2572/1387/1302
f 486/1077/1315 1036/1397/1316 2573/1396/1314
f 2573/1396/1314 1037/1398/1317 2576/1390/1305
f 2576/1390/1305 1038/1399/1318 2579/1393/1308
f 1038/1399/1318 846/1400/1319 2579/1393/1308
f 2579/1393/1308 845/1401/1320 2578/1394/1309
f 2577/1392/1307 845/1401/1320 844/1402/1321
f 1029/1403/1322 844/1402/1321 101/1404/1323
f 2574/1388/1303 1029/1403/1322 1028/1405/1324
f 2571/1389/1304 1028/1405/1324 1027/1395/1311
f 2581/1406/1325 2583/1407/1326 2580/1408/1327
f 2581/1406/1325 2585/1409/1328 2584/1410/1329
f 2584/1410/1329 2586/1411/1330 2583/1407/1326
f 2584/1410/1329 2588/1412/1331 2587/1413/1332
f 562/890/1333 1024/1414/1334 67/872/1335
f 563/891/1336 2580/1408/1327 562/890/1333
f 563/891/1336 2582/1415/1337 2581/1406/1325
f 564/889/1338 1033/1416/1339 2582/1415/1337
f 2582/1415/1337 1034/1416/1340 2585/1409/1328
f 2585/1409/1328 1035/1416/1341 2588/1412/1331
f 1035/1416/1341 924/1417/1342 2588/1412/1331
f 2588/1412/1331 923/1418/1343 2587/1413/1332
f 2586/1411/1330 923/1418/1343 922/1419/1344
f 1026/1420/1345 922/1419/1344 127/1421/1346
f 2583/1407/1326 1026/1420/1345 1025/1422/1347
f 2580/1408/1327 1025/1422/1347 1024/1414/1334
f 2590/1423/1348 2592/1424/1349 2589/1425/1350
f 2590/1423/1348 2594/1426/1351 2593/1427/1352
f 2593/1427/1352 2595/1428/1353 2592/1424/1349
f 2593/1427/1352 2597/1429/1354 2596/1430/1355
f 481/256/1356 1032/1431/1357 45/257/1358
f 482/255/1359 2589/1425/1350 481/256/1356
f 482/255/1359 2591/1432/1360 2590/1423/1348
f 483/254/1361 1027/1395/1362 2591/1432/1360
f 2591/1432/1360 1028/1405/1363 2594/1426/1351
f 2594/1426/1351 1029/1403/1364 2597/1429/1354
f 1029/1403/1364 843/1433/1365 2597/1429/1354
f 2597/1429/1354 842/1434/1366 2596/1430/1355
f 2595/1428/1353 842/1434/1366 841/1435/1367
f 1030/1431/1368 841/1435/1367 105/257/1369
f 2592/1424/1349 1030/1431/1368 1031/1431/1370
f 2589/1425/1350 1031/1431/1370 1032/1431/1357
f 2599/1436/1371 2601/1437/1372 2598/1438/1373
f 2599/1436/1371 2603/1439/1374 2602/1440/1375
f 2602/1440/1375 2604/1441/1376 2601/1437/1372
f 2602/1440/1375 2606/1442/1377 2605/1443/1378
f 559/875/1379 1015/1444/1380 66/876/1381
f 560/874/1382 2598/1438/1373 559/875/1379
f 560/874/1382 2600/1445/1383 2599/1436/1371
f 561/873/1384 1024/1414/1385 2600/1445/1383
f 2600/1445/1383 1025/1422/1386 2603/1439/1374
f 2603/1439/1374 1026/1420/1387 2606/1442/1377
f 1026/1420/1387 921/1446/1388 2606/1442/1377
f 2606/1442/1377 920/1447/1389 2605/1443/1378
f 2604/1441/1376 920/1447/1389 919/1448/1390
f 1017/1444/1391 919/1448/1390 126/876/1392
f 2601/1437/1372 1017/1444/1391 1016/1444/1393
f 2598/1438/1373 1016/1444/1393 1015/1444/1380
f 2608/1449/1394 2610/1450/1395 2607/1451/1396
f 2608/1449/1394 2612/1452/1397 2611/1453/1398
f 2611/1453/1398 2613/1454/1399 2610/1450/1395
f 2611/1453/1398 2615/1455/1400 2614/1456/1401
f 478/1369/1402 1012/1457/1403 39/129/1404
f 479/1458/1405 2607/1451/1396 478/1369/1402
f 479/1458/1405 2609/1459/1406 2608/1449/1394
f 480/1367/1407 1021/1460/1408 2609/1459/1406
f 2609/1459/1406 1022/1461/1409 2612/1452/1397
f 2612/1452/1397 1023/1462/1410 2615/1455/1400
f 1023/1462/1410 840/1463/1411 2615/1455/1400
f 2615/1455/1400 839/1464/1412 2614/1456/1401
f 2613/1454/1399 839/1464/1412 838/1465/1413
f 1014/1466/1414 838/1465/1413 99/1467/1415
f 2610/1450/1395 1014/1466/1414 1013/1468/1416
f 2607/1451/1396 1013/1468/1416 1012/1457/1403
f 2617/1469/1417 2619/1470/1418 2616/1471/1419
f 2617/1469/1417 2621/1472/1420 2620/1473/1421
f 2620/1473/1421 2622/1474/1422 2619/1470/1418
f 2620/1473/1421 2624/1475/1423 2623/1476/1424
f 556/682/1425 1020/1477/1426 70/683/1427
f 557/681/1428 2616/1471/1419 556/682/1425
f 557/681/1428 2618/1478/1429 2617/1469/1417
f 558/680/1430 1015/1479/1431 2618/1478/1429
f 2618/1478/1429 1016/1479/1432 2621/1472/1420
f 2621/1472/1420 1017/1479/1433 2624/1475/1423
f 1017/1479/1433 918/1480/1434 2624/1475/1423
f 2624/1475/1423 917/1481/1435 2623/1476/1424
f 2622/1474/1422 917/1481/1435 916/1482/1436
f 1018/1483/1437 916/1482/1436 130/1484/1438
f 2619/1470/1418 1018/1483/1437 1019/1485/1439
f 2616/1471/1419 1019/1485/1439 1020/1477/1426
f 2626/1486/1440 2628/1487/1441 2625/1488/1442
f 2626/1486/1440 2630/1489/1443 2629/1490/1444
f 2629/1490/1444 2631/1491/1445 2628/1487/1441
f 2629/1490/1444 2633/1492/1446 2632/1493/1447
f 475/132/1448 1003/1494/1449 38/33/1450
f 476/133/1451 2625/1488/1442 475/132/1448
f 476/133/1451 2627/1495/1452 2626/1486/1440
f 477/131/1453 1012/1457/1454 2627/1495/1452
f 2627/1495/1452 1013/1468/1455 2630/1489/1443
f 2630/1489/1443 1014/1466/1456 2633/1492/1446
f 1014/1466/1456 837/1496/1457 2633/1492/1446
f 2633/1492/1446 836/1497/1458 2632/1493/1447
f 2631/1491/1445 836/1497/1458 835/1498/1459
f 1005/1499/1460 835/1498/1459 98/1500/1461
f 2628/1487/1441 1005/1499/1460 1004/1501/1462
f 2625/1488/1442 1004/1501/1462 1003/1494/1449
f 2635/1502/1463 2637/1503/1464 2634/1504/1465
f 2635/1502/1463 2639/1505/1466 2638/1506/1467
f 2638/1506/1467 2640/1507/1468 2637/1503/1464
f 2638/1506/1467 2642/1508/1469 2641/1509/1470
f 553/1094/1471 997/1510/1472 64/368/1473
f 554/1511/1474 2634/1504/1465 553/1094/1471
f 554/1511/1474 2636/1512/1475 2635/1502/1463
f 555/1092/1476 1009/1513/1477 2636/1512/1475
f 2636/1512/1475 1010/1514/1478 2639/1505/1466
f 2639/1505/1466 1011/1515/1479 2642/1508/1469
f 1011/1515/1479 915/1516/1480 2642/1508/1469
f 2642/1508/1469 914/1517/1481 2641/1509/1470
f 2640/1507/1468 914/1517/1481 913/1518/1482
f 999/1519/1483 913/1518/1482 124/1520/1484
f 2637/1503/1464 999/1519/1483 998/1521/1485
f 2634/1504/1465 998/1521/1485 997/1510/1472
f 2644/1522/1486 2646/1523/1487 2643/1524/1488
f 2644/1522/1486 2648/1525/1489 2647/1526/1490
f 2647/1526/1490 2649/1527/1491 2646/1523/1487
f 2647/1526/1490 2651/1528/1492 2650/1529/1493
f 472/36/1494 1008/1530/1495 37/38/1496
f 473/37/1497 2643/1524/1488 472/36/1494
f 473/37/1497 2645/1531/1498 2644/1522/1486
f 474/35/1499 1003/1494/1500 2645/1531/1498
f 2645/1531/1498 1004/1501/1501 2648/1525/1489
f 2648/1525/1489 1005/1499/1502 2651/1528/1492
f 1005/1499/1502 834/1532/1503 2651/1528/1492
f 2651/1528/1492 833/1533/1504 2650/1529/1493
f 2649/1527/1491 833/1533/1504 832/1534/1505
f 1006/1535/1506 832/1534/1505 97/1536/1507
f 2646/1523/1487 1006/1535/1506 1007/1537/1508
f 2643/1524/1488 1007/1537/1508 1008/1530/1495
f 2653/1538/1509 2655/1539/1510 2652/1540/1511
f 2653/1538/1509 2657/1541/1512 2656/1542/1513
f 2656/1542/1513 2658/1543/1514 2655/1539/1510
f 2656/1542/1513 2660/1544/1515 2659/1545/1516
f 550/371/1517 1002/1546/1518 63/372/1519
f 551/1547/1520 2652/1540/1511 550/371/1517
f 551/1547/1520 2654/1548/1521 2653/1538/1509
f 552/369/1522 997/1510/1523 2654/1548/1521
f 2654/1548/1521 998/1521/1524 2657/1541/1512
f 2657/1541/1512 999/1519/1525 2660/1544/1515
f 999/1519/1525 912/1549/1526 2660/1544/1515
f 2660/1544/1515 911/1550/1527 2659/1545/1516
f 2658/1543/1514 911/1550/1527 910/1551/1528
f 1000/1546/1529 910/1551/1528 123/372/1530
f 2655/1539/1510 1000/1546/1529 1001/1546/1531
f 2652/1540/1511 1001/1546/1531 1002/1546/1518
f 2662/1552/1532 2664/1553/1533 2661/1554/1534
f 2662/1552/1532 2666/1555/1535 2665/1556/1536
f 2665/1556/1536 2667/1557/1537 2664/1553/1533
f 2665/1556/1536 2669/1558/1538 2668/1559/1539
f 628/471/1540 996/1560/1541 89/472/1542
f 629/470/1543 2661/1554/1534 628/471/1540
f 629/470/1543 2663/1561/1544 2662/1552/1532
f 630/469/1545 991/1562/1546 2663/1561/1544
f 2663/1561/1544 992/1562/1547 2666/1555/1535
f 2666/1555/1535 993/1562/1548 2669/1558/1538
f 993/1562/1548 990/1563/1549 2669/1558/1538
f 2669/1558/1538 989/1564/1550 2668/1559/1539
f 2667/1557/1537 989/1564/1550 988/1565/1551
f 994/1560/1552 988/1565/1551 149/472/1553
f 2664/1553/1533 994/1560/1552 995/1560/1554
f 2661/1554/1534 995/1560/1554 996/1560/1541
f 2670/1566/1555 2674/1567/1556 2673/1568/1557
f 2672/1569/1558 2674/1567/1556 2671/1570/1559
f 2673/1568/1557 2677/1571/1560 2676/1572/1561
f 2675/1573/1562 2677/1571/1560 2674/1567/1556
f 32/1574/62 2670/1566/1555 633/1575/63
f 456/1576/1563 2671/1570/1559 2670/1566/1555
f 454/1577/1564 2671/1570/1559 455/1578/1565
f 31/1579/96 2672/1569/1558 454/1577/1564
f 634/1580/97 2675/1573/1562 2672/1569/1558
f 635/1581/107 2678/1582/1566 2675/1573/1562
f 636/1583/105 429/1273/1196 2678/1582/1566
f 2678/1582/1566 428/1271/1194 2677/1571/1560
f 2676/1572/1561 428/1271/1194 427/1270/1193
f 631/1584/66 427/1270/1193 6/270/257
f 632/1585/64 2676/1572/1561 631/1584/66
f 633/1575/63 2673/1568/1557 632/1585/64
f 2679/1586/1567 2683/1587/1568 2682/1586/1569
f 2681/1588/1570 2683/1587/1568 2680/1589/1571
f 2682/1586/1569 2686/1589/1572 2685/1590/1573
f 2684/1591/1574 2686/1589/1572 2683/1587/1568
f 113/1592/1575 2679/1586/1567 1390/1593/1576
f 880/1594/1577 2680/1589/1571 2679/1586/1567
f 882/1595/1578 2680/1589/1571 881/1596/1579
f 114/1597/1580 2681/1588/1570 882/1595/1578
f 1393/1598/1581 2684/1591/1574 2681/1588/1570
f 1394/1599/1582 2687/1600/1583 2684/1591/1574
f 1395/1601/1584 1242/1595/1585 2687/1600/1583
f 2687/1600/1583 1241/1596/1586 2686/1589/1572
f 2685/1590/1573 1241/1596/1586 1240/1594/1587
f 1392/1592/1588 1240/1594/1587 173/1592/1589
f 1391/1602/1590 2685/1590/1573 1392/1592/1588
f 1390/1593/1576 2682/1586/1569 1391/1602/1590
f 2688/1603/1591 2692/1604/1592 2691/1605/1593
f 2690/1606/1594 2692/1604/1592 2689/1607/1595
f 2691/1605/1593 2695/1607/1596 2694/1608/1597
f 2693/1609/1598 2695/1607/1596 2692/1604/1592
f 139/1610/1599 2688/1603/1591 1387/1611/1600
f 958/1612/1601 2689/1607/1595 2688/1603/1591
f 960/1613/1602 2689/1607/1595 959/1614/1603
f 140/1615/1604 2690/1606/1594 960/1613/1602
f 1368/1616/1605 2693/1609/1598 2690/1606/1594
f 1367/1615/1606 2696/1617/1607 2693/1609/1598
f 1366/1616/1608 1320/1613/1609 2696/1617/1607
f 2696/1617/1607 1319/1614/1610 2695/1607/1596
f 2694/1608/1597 1319/1614/1610 1318/1612/1611
f 1389/1611/1612 1318/1612/1611 199/1610/1613
f 1388/1618/1614 2694/1608/1597 1389/1611/1612
f 1387/1611/1600 2691/1605/1593 1388/1618/1614
f 2697/1619/1615 2701/1620/1616 2700/1621/1617
f 2699/1622/1618 2701/1620/1616 2698/1620/1619
f 2700/1621/1617 2704/1623/1620 2703/1621/1621
f 2702/1624/1622 2704/1623/1620 2701/1620/1616
f 112/1625/1623 2697/1619/1615 1384/1625/1624
f 877/1626/1625 2698/1620/1619 2697/1619/1615
f 879/1627/1626 2698/1620/1619 878/1628/1627
f 113/1592/1628 2699/1622/1618 879/1627/1626
f 1390/1593/1629 2702/1624/1622 2699/1622/1618
f 1391/1602/1630 2705/1627/1631 2702/1624/1622
f 1392/1592/1632 1239/1627/1633 2705/1627/1631
f 2705/1627/1631 1238/1628/1634 2704/1623/1620
f 2703/1621/1621 1238/1628/1634 1237/1626/1635
f 1386/1629/1636 1237/1626/1635 172/1625/1637
f 1385/1630/1638 2703/1621/1621 1386/1629/1636
f 1384/1625/1624 2700/1621/1617 1385/1630/1638
f 2706/1631/1639 2710/1632/1640 2709/1633/1641
f 2708/1634/1642 2710/1632/1640 2707/1632/1643
f 2709/1633/1641 2713/1635/1644 2712/1633/1645
f 2711/1636/1646 2713/1635/1644 2710/1632/1640
f 138/444/1647 2706/1631/1639 1381/1637/1648
f 955/1631/1649 2707/1632/1643 2706/1631/1639
f 957/1638/1650 2707/1632/1643 956/1632/1651
f 139/1610/1652 2708/1634/1642 957/1638/1650
f 1387/1611/1653 2711/1636/1646 2708/1634/1642
f 1388/1618/1654 2714/1639/1655 2711/1636/1646
f 1389/1611/1656 1317/1638/1657 2714/1639/1655
f 2714/1639/1655 1316/1635/1658 2713/1635/1644
f 2712/1633/1645 1316/1635/1658 1315/1631/1659
f 1383/1637/1660 1315/1631/1659 198/444/1661
f 1382/1637/1662 2712/1633/1645 1383/1637/1660
f 1381/1637/1648 2709/1633/1641 1382/1637/1662
f 2715/1640/1663 2719/1641/1664 2718/1642/1665
f 2717/1643/1666 2719/1641/1664 2716/1644/1667
f 2718/1642/1665 2722/1645/1668 2721/1642/1669
f 2720/1646/1670 2722/1645/1668 2719/1641/1664
f 111/1647/1671 2715/1640/1663 1375/1648/1672
f 874/1649/1673 2716/1644/1667 2715/1640/1663
f 876/1650/1674 2716/1644/1667 875/1651/1675
f 112/1625/1676 2717/1643/1666 876/1650/1674
f 1384/1625/1677 2720/1646/1670 2717/1643/1666
f 1385/1630/1678 2723/1652/1679 2720/1646/1670
f 1386/1629/1680 1236/1650/1681 2723/1652/1679
f 2723/1652/1679 1235/1651/1682 2722/1645/1668
f 2721/1642/1669 1235/1651/1682 1234/1649/1683
f 1377/1653/1684 1234/1649/1683 171/1647/1685
f 1376/1653/1686 2721/1642/1669 1377/1653/1684
f 1375/1648/1672 2718/1642/1665 1376/1653/1686
f 2724/1654/1687 2728/1655/1688 2727/1656/1689
f 2726/1657/1690 2728/1655/1688 2725/1655/1691
f 2727/1656/1689 2731/1655/1692 2730/1658/1693
f 2729/1659/1694 2731/1655/1692 2728/1655/1688
f 137/1660/1695 2724/1654/1687 1372/1661/1696
f 952/1662/1697 2725/1655/1691 2724/1654/1687
f 954/1663/1698 2725/1655/1691 953/1655/1699
f 138/793/1700 2726/1657/1690 954/1663/1698
f 1381/1664/1701 2729/1659/1694 2726/1657/1690
f 1382/1664/1702 2732/1665/1703 2729/1659/1694
f 1383/1664/1704 1314/1666/1705 2732/1665/1703
f 2732/1665/1703 1313/1655/1706 2731/1655/1692
f 2730/1658/1693 1313/1655/1706 1312/1662/1707
f 1374/1661/1708 1312/1662/1707 197/1660/1709
f 1373/1667/1710 2730/1658/1693 1374/1661/1708
f 1372/1661/1696 2727/1656/1689 1373/1667/1710
f 2733/1668/1711 2737/1669/1712 2736/1668/1713
f 2735/1670/1714 2737/1669/1712 2734/1671/1715
f 2736/1668/1713 2740/1672/1716 2739/1668/1717
f 2738/1670/1718 2740/1672/1716 2737/1669/1712
f 115/304/1719 2733/1668/1711 1380/1673/1720
f 871/1668/1721 2734/1671/1715 2733/1668/1711
f 873/1674/1722 2734/1671/1715 872/1669/1723
f 111/1647/1724 2735/1670/1714 873/1674/1722
f 1375/1648/1725 2738/1670/1718 2735/1670/1714
f 1376/1653/1726 2741/1670/1727 2738/1670/1718
f 1377/1653/1728 1233/1674/1729 2741/1670/1727
f 2741/1670/1727 1232/1669/1730 2740/1672/1716
f 2739/1668/1717 1232/1669/1730 1231/1668/1731
f 1378/1673/1732 1231/1668/1731 175/304/1733
f 1379/1673/1734 2739/1668/1717 1378/1673/1732
f 1380/1673/1720 2736/1668/1713 1379/1673/1734
f 2742/1675/1735 2746/1676/1736 2745/1677/1737
f 2744/1678/1738 2746/1676/1736 2743/1679/1739
f 2745/1677/1737 2749/1680/1740 2748/1681/1741
f 2747/1678/1742 2749/1680/1740 2746/1676/1736
f 136/1682/1743 2742/1675/1735 1363/1683/1744
f 949/1684/1745 2743/1679/1739 2742/1675/1735
f 951/1685/1746 2743/1679/1739 950/1686/1747
f 137/1660/1748 2744/1678/1738 951/1685/1746
f 1372/1661/1749 2747/1678/1742 2744/1678/1738
f 1373/1667/1750 2750/1687/1751 2747/1678/1742
f 1374/1661/1752 1311/1685/1753 2750/1687/1751
f 2750/1687/1751 1310/1686/1754 2749/1680/1740
f 2748/1681/1741 1310/1686/1754 1309/1684/1755
f 1365/1688/1756 1309/1684/1755 196/1682/1757
f 1364/1682/1758 2748/1681/1741 1365/1688/1756
f 1363/1683/1744 2745/1677/1737 1364/1682/1758
f 2751/1689/1759 2755/1690/1760 2754/1691/1761
f 2753/1692/1762 2755/1690/1760 2752/1693/1763
f 2754/1691/1761 2758/1693/1764 2757/1689/1765
f 2756/1692/1766 2758/1693/1764 2755/1690/1760
f 109/1694/1767 2751/1689/1759 1357/1694/1768
f 868/1691/1769 2752/1693/1763 2751/1689/1759
f 870/1695/1770 2752/1693/1763 869/1696/1771
f 110/1259/1772 2753/1692/1762 870/1695/1770
f 1369/1697/1773 2756/1692/1766 2753/1692/1762
f 1370/1697/1774 2759/1698/1775 2756/1692/1766
f 1371/1697/1776 1230/1695/1777 2759/1698/1775
f 2759/1698/1775 1229/1693/1778 2758/1693/1764
f 2757/1689/1765 1229/1693/1778 1228/1691/1779
f 1359/1699/1780 1228/1691/1779 169/1694/1781
f 1358/1700/1782 2757/1689/1765 1359/1699/1780
f 1357/1694/1768 2754/1691/1761 1358/1700/1782
f 2760/1701/1783 2764/1702/1784 2763/1703/1785
f 2762/1704/1786 2764/1702/1784 2761/1705/1787
f 2763/1703/1785 2767/1702/1788 2766/1706/1789
f 2765/1707/1790 2767/1702/1788 2764/1702/1784
f 140/1615/1791 2760/1701/1783 1368/1616/1792
f 946/1708/1793 2761/1705/1787 2760/1701/1783
f 948/1709/1794 2761/1705/1787 947/1710/1795
f 136/1682/1796 2762/1704/1786 948/1709/1794
f 1363/1683/1797 2765/1707/1790 2762/1704/1786
f 1364/1682/1798 2768/1711/1799 2765/1707/1790
f 1365/1688/1800 1308/1709/1801 2768/1711/1799
f 2768/1711/1799 1307/1710/1802 2767/1702/1788
f 2766/1706/1789 1307/1710/1802 1306/1708/1803
f 1366/1616/1804 1306/1708/1803 200/1615/1805
f 1367/1615/1806 2766/1706/1789 1366/1616/1804
f 1368/1616/1792 2763/1703/1785 1367/1615/1806
f 2769/1712/1807 2773/1713/1808 2772/1714/1809
f 2771/1715/1810 2773/1713/1808 2770/1716/1811
f 2772/1714/1809 2776/1717/1812 2775/1712/1813
f 2774/1718/1814 2776/1717/1812 2773/1713/1808
f 108/1719/1815 2769/1712/1807 1362/1720/1816
f 865/1721/1817 2770/1716/1811 2769/1712/1807
f 867/1722/1818 2770/1716/1811 866/1723/1819
f 109/1694/1820 2771/1715/1810 867/1722/1818
f 1357/1694/1821 2774/1718/1814 2771/1715/1810
f 1358/1700/1822 2777/1722/1823 2774/1718/1814
f 1359/1699/1824 1227/1724/1825 2777/1722/1823
f 2777/1722/1823 1226/1725/1826 2776/1717/1812
f 2775/1712/1813 1226/1725/1826 1225/1721/1827
f 1360/1726/1828 1225/1721/1827 168/1727/1829
f 1361/1728/1830 2775/1712/1813 1360/1726/1828
f 1362/1720/1816 2772/1714/1809 1361/1728/1830
f 2778/1729/1831 2782/1730/1832 2781/1731/1833
f 2780/1732/1834 2782/1730/1832 2779/1733/1835
f 2781/1731/1833 2785/1734/1836 2784/1735/1837
f 2783/1736/1838 2785/1734/1836 2782/1730/1832
f 134/1737/1839 2778/1729/1831 1356/1738/1840
f 943/1731/1841 2779/1733/1835 2778/1729/1831
f 945/1739/1842 2779/1733/1835 944/1734/1843
f 135/1740/1844 2780/1732/1834 945/1739/1842
f 1351/1741/1845 2783/1736/1838 2780/1732/1834
f 1352/1742/1846 2786/1743/1847 2783/1736/1838
f 1353/1744/1848 1305/1739/1849 2786/1743/1847
f 2786/1743/1847 1304/1734/1850 2785/1734/1836
f 2784/1735/1837 1304/1734/1850 1303/1731/1851
f 1354/1745/1852 1303/1731/1851 194/1738/1853
f 1355/1746/1854 2784/1735/1837 1354/1745/1852
f 1356/1738/1840 2781/1731/1833 1355/1746/1854
f 2788/1747/1855 2790/1748/1856 2787/1749/1857
f 2788/1747/1855 2792/1750/1858 2791/1751/1859
f 2791/1751/1859 2793/1752/1860 2790/1748/1856
f 2791/1751/1859 2795/1753/1861 2794/1754/1862
f 487/152/1863 1036/1397/1864 42/154/1865
f 488/153/1866 2787/1749/1857 487/152/1863
f 488/153/1866 2789/1755/1867 2788/1747/1855
f 489/151/1868 1042/1756/1869 2789/1755/1867
f 2789/1755/1867 1043/1756/1870 2792/1750/1858
f 2792/1750/1858 1044/1756/1871 2795/1753/1861
f 1044/1756/1871 849/1757/1872 2795/1753/1861
f 2795/1753/1861 848/1758/1873 2794/1754/1862
f 2793/1752/1860 848/1758/1873 847/1759/1874
f 1038/1399/1875 847/1759/1874 102/1760/1876
f 2790/1748/1856 1038/1399/1875 1037/1398/1877
f 2787/1749/1857 1037/1398/1877 1036/1397/1864
f 2797/1761/1878 2799/1762/1879 2796/1763/1880
f 2797/1761/1878 2801/1764/1881 2800/1765/1882
f 2800/1765/1882 2802/1766/1883 2799/1762/1879
f 2800/1765/1882 2804/1767/1884 2803/1768/1885
f 568/1056/1886 1039/1381/1887 69/392/1888
f 569/1769/1889 2796/1763/1880 568/1056/1886
f 569/1769/1889 2798/1770/1890 2797/1761/1878
f 570/1054/1891 1020/1477/1892 2798/1770/1890
f 2798/1770/1890 1019/1485/1893 2801/1764/1881
f 2801/1764/1881 1018/1483/1894 2804/1767/1884
f 1018/1483/1894 930/1771/1895 2804/1767/1884
f 2804/1767/1884 929/1772/1896 2803/1768/1885
f 2802/1766/1883 929/1772/1896 928/1773/1897
f 1041/1383/1898 928/1773/1897 129/1774/1899
f 2799/1762/1879 1041/1383/1898 1040/1382/1900
f 2796/1763/1880 1040/1382/1900 1039/1381/1887
f 2806/1775/1901 2808/1776/1902 2805/1777/1903
f 2806/1775/1901 2810/1778/1904 2809/1779/1905
f 2809/1779/1905 2811/1780/1906 2808/1776/1902
f 2809/1779/1905 2813/1781/1907 2812/1782/1908
f 490/1291/1909 1042/1783/1910 43/1292/1911
f 491/1784/1912 2805/1777/1903 490/1291/1909
f 491/1784/1912 2807/1785/1913 2806/1775/1901
f 492/1289/1914 1045/1786/1915 2807/1785/1913
f 2807/1785/1913 1046/1787/1916 2810/1778/1904
f 2810/1778/1904 1047/1788/1917 2813/1781/1907
f 1047/1788/1917 852/1789/1918 2813/1781/1907
f 2813/1781/1907 851/1790/1919 2812/1782/1908
f 2811/1780/1906 851/1790/1919 850/1791/1920
f 1044/1783/1921 850/1791/1920 103/1292/1922
f 2808/1776/1902 1044/1783/1921 1043/1783/1923
f 2805/1777/1903 1043/1783/1923 1042/1783/1910
f 2815/1792/1924 2817/1793/1925 2814/1794/1926
f 2815/1792/1924 2819/1795/1927 2818/1796/1928
f 2818/1796/1928 2820/1797/1929 2817/1793/1925
f 2818/1796/1928 2822/1798/1930 2821/1799/1931
f 571/624/1932 1053/1800/1933 75/625/1934
f 572/623/1935 2814/1794/1926 571/624/1932
f 572/623/1935 2816/1801/1936 2815/1792/1924
f 573/622/1937 1048/1802/1938 2816/1801/1936
f 2816/1801/1936 1049/1803/1939 2819/1795/1927
f 2819/1795/1927 1050/1804/1940 2822/1798/1930
f 1050/1804/1940 933/1805/1941 2822/1798/1930
f 2822/1798/1930 932/1806/1942 2821/1799/1931
f 2820/1797/1929 932/1806/1942 931/1807/1943
f 1051/1808/1944 931/1807/1943 135/1740/1945
f 2817/1793/1925 1051/1808/1944 1052/1809/1946
f 2814/1794/1926 1052/1809/1946 1053/1800/1933
f 2824/1810/1947 2826/1811/1948 2823/1812/1949
f 2824/1810/1947 2828/1813/1950 2827/1814/1951
f 2827/1814/1951 2829/1815/1952 2826/1811/1948
f 2827/1814/1951 2831/1816/1953 2830/1817/1954
f 493/1351/1955 1045/1786/1956 44/1288/1957
f 494/1818/1958 2823/1812/1949 493/1351/1955
f 494/1818/1958 2825/1819/1959 2824/1810/1947
f 495/1349/1960 1032/1820/1961 2825/1819/1959
f 2825/1819/1959 1031/1820/1962 2828/1813/1950
f 2828/1813/1950 1030/1820/1963 2831/1816/1953
f 1030/1820/1963 855/1821/1964 2831/1816/1953
f 2831/1816/1953 854/1822/1965 2830/1817/1954
f 2829/1815/1952 854/1822/1965 853/1823/1966
f 1047/1788/1967 853/1823/1966 104/1824/1968
f 2826/1811/1948 1047/1788/1967 1046/1787/1969
f 2823/1812/1949 1046/1787/1969 1045/1786/1956
f 2833/1825/1970 2835/1826/1971 2832/1827/1972
f 2833/1825/1970 2837/1828/1973 2836/1829/1974
f 2836/1829/1974 2838/1830/1975 2835/1826/1971
f 2836/1829/1974 2840/1831/1976 2839/1832/1977
f 574/829/1978 1048/1802/1979 71/621/1980
f 575/828/1981 2832/1827/1972 574/829/1978
f 575/828/1981 2834/1833/1982 2833/1825/1970
f 576/827/1983 1054/1834/1984 2834/1833/1982
f 2834/1833/1982 1055/1835/1985 2837/1828/1973
f 2837/1828/1973 1056/1836/1986 2840/1831/1976
f 1056/1836/1986 936/1837/1987 2840/1831/1976
f 2840/1831/1976 935/1838/1988 2839/1832/1977
f 2838/1830/1975 935/1838/1988 934/1839/1989
f 1050/1804/1990 934/1839/1989 131/1840/1991
f 2835/1826/1971 1050/1804/1990 1049/1803/1992
f 2832/1827/1972 1049/1803/1992 1048/1802/1979
f 2842/1841/1993 2844/1842/1994 2841/1843/1995
f 2842/1841/1993 2846/1844/1996 2845/1845/1997
f 2845/1845/1997 2847/1846/1998 2844/1842/1994
f 2845/1845/1997 2849/1847/1999 2848/1848/2000
f 496/280/2001 1062/1849/2002 50/281/2003
f 497/279/2004 2841/1843/1995 496/280/2001
f 497/279/2004 2843/1850/2005 2842/1841/1993
f 498/278/2006 1057/1851/2007 2843/1850/2005
f 2843/1850/2005 1058/1852/2008 2846/1844/1996
f 2846/1844/1996 1059/1853/2009 2849/1847/1999
f 1059/1853/2009 858/1854/2010 2849/1847/1999
f 2849/1847/1999 857/1855/2011 2848/1848/2000
f 2847/1846/1998 857/1855/2011 856/1856/2012
f 1060/1849/2013 856/1856/2012 110/281/2014
f 2844/1842/1994 1060/1849/2013 1061/1849/2015
f 2841/1843/1995 1061/1849/2015 1062/1849/2002
f 2851/1857/2016 2853/1858/2017 2850/1859/2018
f 2851/1857/2016 2855/1860/2019 2854/1861/2020
f 2854/1861/2020 2856/1862/2021 2853/1858/2017
f 2854/1861/2020 2858/1863/2022 2857/1864/2023
f 577/841/2024 1054/1834/2025 72/826/2026
f 578/842/2027 2850/1859/2018 577/841/2024
f 578/842/2027 2852/1865/2028 2851/1857/2016
f 579/840/2029 1063/1866/2030 2852/1865/2028
f 2852/1865/2028 1064/1866/2031 2855/1860/2019
f 2855/1860/2019 1065/1866/2032 2858/1863/2022
f 1065/1866/2032 939/1867/2033 2858/1863/2022
f 2858/1863/2022 938/1868/2034 2857/1864/2023
f 2856/1862/2021 938/1868/2034 937/1869/2035
f 1056/1836/2036 937/1869/2035 132/1870/2037
f 2853/1858/2017 1056/1836/2036 1055/1835/2038
f 2850/1859/2018 1055/1835/2038 1054/1834/2025
f 2860/1871/2039 2862/1872/2040 2859/1873/2041
f 2860/1871/2039 2864/1874/2042 2863/1875/2043
f 2863/1875/2043 2865/1876/2044 2862/1872/2040
f 2863/1875/2043 2867/1877/2045 2866/1878/2046
f 499/1040/2047 1057/1851/2048 46/277/2049
f 500/1041/2050 2859/1873/2041 499/1040/2047
f 500/1041/2050 2861/1879/2051 2860/1871/2039
f 501/1039/2052 1066/1880/2053 2861/1879/2051
f 2861/1879/2051 1067/1881/2054 2864/1874/2042
f 2864/1874/2042 1068/1882/2055 2867/1877/2045
f 1068/1882/2055 861/1883/2056 2867/1877/2045
f 2867/1877/2045 860/1884/2057 2866/1878/2046
f 2865/1876/2044 860/1884/2057 859/1885/2058
f 1059/1853/2059 859/1885/2058 106/1886/2060
f 2862/1872/2040 1059/1853/2059 1058/1852/2061
f 2859/1873/2041 1058/1852/2061 1057/1851/2048
f 2869/1887/2062 2871/1888/2063 2868/1889/2064
f 2869/1887/2062 2873/1890/2065 2872/1891/2066
f 2872/1891/2066 2874/1892/2067 2871/1888/2063
f 2872/1891/2066 2876/1893/2068 2875/1894/2069
f 580/419/2070 1063/1895/2071 73/420/2072
f 581/1896/2073 2868/1889/2064 580/419/2070
f 581/1896/2073 2870/1897/2074 2869/1887/2062
f 582/417/2075 1069/1898/2076 2870/1897/2074
f 2870/1897/2074 1070/1899/2077 2873/1890/2065
f 2873/1890/2065 1071/1900/2078 2876/1893/2068
f 1071/1900/2078 942/1901/2079 2876/1893/2068
f 2876/1893/2068 941/1902/2080 2875/1894/2069
f 2874/1892/2067 941/1902/2080 940/1903/2081
f 1065/1895/2082 940/1903/2081 133/420/2083
f 2871/1888/2063 1065/1895/2082 1064/1895/2084
f 2868/1889/2064 1064/1895/2084 1063/1895/2071
f 2878/1904/2085 2880/1905/2086 2877/1906/2087
f 2878/1904/2085 2882/1907/2088 2881/1908/2089
f 2881/1908/2089 2883/1909/2090 2880/1905/2086
f 2881/1908/2089 2885/1910/2091 2884/1911/2092
f 502/176/2093 1066/1880/2094 47/178/2095
f 503/177/2096 2877/1906/2087 502/176/2093
f 503/177/2096 2879/1912/2097 2878/1904/2085
f 504/175/2098 1072/1913/2099 2879/1912/2097
f 2879/1912/2097 1073/1914/2100 2882/1907/2088
f 2882/1907/2088 1074/1915/2101 2885/1910/2091
f 1074/1915/2101 864/1916/2102 2885/1910/2091
f 2885/1910/2091 863/1917/2103 2884/1911/2092
f 2883/1909/2090 863/1917/2103 862/1918/2104
f 1068/1882/2105 862/1918/2104 107/1919/2106
f 2880/1905/2086 1068/1882/2105 1067/1881/2107
f 2877/1906/2087 1067/1881/2107 1066/1880/2094
f 2887/1920/2108 2889/1921/2109 2886/1922/2110
f 2887/1920/2108 2891/1923/2111 2890/1924/2112
f 2890/1924/2112 2892/1925/2113 2889/1921/2109
f 2890/1924/2112 2894/1926/2114 2893/1927/2115
f 583/1019/2116 1069/1898/2117 74/416/2118
f 584/1928/2119 2886/1922/2110 583/1019/2116
f 584/1928/2119 2888/1929/2120 2887/1920/2108
f 585/1017/2121 1053/1800/2122 2888/1929/2120
f 2888/1929/2120 1052/1809/2123 2891/1923/2111
f 2891/1923/2111 1051/1808/2124 2894/1926/2114
f 1051/1808/2124 945/1739/2125 2894/1926/2114
f 2894/1926/2114 944/1734/2126 2893/1927/2115
f 2892/1925/2113 944/1734/2126 943/1731/2127
f 1071/1900/2128 943/1731/2127 134/1737/2129
f 2889/1921/2109 1071/1900/2128 1070/1899/2130
f 2886/1922/2110 1070/1899/2130 1069/1898/2117
f 2896/1930/2131 2898/1931/2132 2895/1932/2133
f 2896/1930/2131 2900/1933/2134 2899/1934/2135
f 2899/1934/2135 2901/1935/2136 2898/1931/2132
f 2899/1934/2135 2903/1936/2137 2902/1937/2138
f 505/1247/2139 1072/1913/2140 48/173/2141
f 506/1938/2142 2895/1932/2133 505/1247/2139
f 506/1938/2142 2897/1939/2143 2896/1930/2131
f 507/1245/2144 1075/1940/2145 2897/1939/2143
f 2897/1939/2143 1076/1941/2146 2900/1933/2134
f 2900/1933/2134 1077/1942/2147 2903/1936/2137
f 1077/1942/2147 867/1722/2148 2903/1936/2137
f 2903/1936/2137 866/1723/2149 2902/1937/2138
f 2901/1935/2136 866/1723/2149 865/1721/2150
f 1074/1915/2151 865/1721/2150 108/1719/2152
f 2898/1931/2132 1074/1915/2151 1073/1914/2153
f 2895/1932/2133 1073/1914/2153 1072/1913/2140
f 2905/1943/2154 2907/1944/2155 2904/1945/2156
f 2905/1943/2154 2909/1946/2157 2908/1947/2158
f 2908/1947/2158 2910/1948/2159 2907/1944/2155
f 2908/1947/2158 2912/1949/2160 2911/1950/2161
f 586/566/2162 1083/1951/2163 80/567/2164
f 587/565/2165 2904/1945/2156 586/566/2162
f 587/565/2165 2906/1952/2166 2905/1943/2154
f 588/564/2167 1078/1953/2168 2906/1952/2166
f 2906/1952/2166 1079/1954/2169 2909/1946/2157
f 2909/1946/2157 1080/1955/2170 2912/1949/2160
f 1080/1955/2170 948/1709/2171 2912/1949/2160
f 2912/1949/2160 947/1710/2172 2911/1950/2161
f 2910/1948/2159 947/1710/2172 946/1708/2173
f 1081/1956/2174 946/1708/2173 140/1615/2175
f 2907/1944/2155 1081/1956/2174 1082/1957/2176
f 2904/1945/2156 1082/1957/2176 1083/1951/2163
f 2914/1958/2177 2916/1959/2178 2913/1960/2179
f 2914/1958/2177 2918/1961/2180 2917/1962/2181
f 2917/1962/2181 2919/1963/2182 2916/1959/2178
f 2917/1962/2181 2921/1964/2183 2920/1965/2184
f 508/1262/2185 1075/1940/2186 49/1244/2187
f 509/1966/2188 2913/1960/2179 508/1262/2185
f 509/1966/2188 2915/1967/2189 2914/1958/2177
f 510/1260/2190 1062/1697/2191 2915/1967/2189
f 2915/1967/2189 1061/1697/2192 2918/1961/2180
f 2918/1961/2180 1060/1697/2193 2921/1964/2183
f 1060/1697/2193 870/1695/2194 2921/1964/2183
f 2921/1964/2183 869/1696/2195 2920/1965/2184
f 2919/1963/2182 869/1696/2195 868/1691/2196
f 1077/1942/2197 868/1691/2196 109/1694/2198
f 2916/1959/2178 1077/1942/2197 1076/1941/2199
f 2913/1960/2179 1076/1941/2199 1075/1940/2186
f 2923/1968/2200 2925/1969/2201 2922/1970/2202
f 2923/1968/2200 2927/1971/2203 2926/1972/2204
f 2926/1972/2204 2928/1973/2205 2925/1969/2201
f 2926/1972/2204 2930/1974/2206 2929/1975/2207
f 589/784/2208 1078/1953/2209 76/563/2210
f 590/783/2211 2922/1970/2202 589/784/2208
f 590/783/2211 2924/1976/2212 2923/1968/2200
f 591/782/2213 1084/1977/2214 2924/1976/2212
f 2924/1976/2212 1085/1978/2215 2927/1971/2203
f 2927/1971/2203 1086/1979/2216 2930/1974/2206
f 1086/1979/2216 951/1685/2217 2930/1974/2206
f 2930/1974/2206 950/1686/2218 2929/1975/2207
f 2928/1973/2205 950/1686/2218 949/1684/2219
f 1080/1955/2220 949/1684/2219 136/1682/2221
f 2925/1969/2201 1080/1955/2220 1079/1954/2222
f 2922/1970/2202 1079/1954/2222 1078/1953/2209
f 2932/1980/2223 2934/1981/2224 2931/1982/2225
f 2932/1980/2223 2936/1983/2226 2935/1984/2227
f 2935/1984/2227 2937/1985/2228 2934/1981/2224
f 2935/1984/2227 2939/1986/2229 2938/1987/2230
f 511/303/2231 1092/1673/2232 55/304/2233
f 512/302/2234 2931/1982/2225 511/303/2231
f 512/302/2234 2933/1988/2235 2932/1980/2223
f 513/301/2236 1087/1989/2237 2933/1988/2235
f 2933/1988/2235 1088/1990/2238 2936/1983/2226
f 2936/1983/2226 1089/1991/2239 2939/1986/2229
f 1089/1991/2239 873/1674/2240 2939/1986/2229
f 2939/1986/2229 872/1669/2241 2938/1987/2230
f 2937/1985/2228 872/1669/2241 871/1668/2242
f 1090/1673/2243 871/1668/2242 115/304/2244
f 2934/1981/2224 1090/1673/2243 1091/1673/2245
f 2931/1982/2225 1091/1673/2245 1092/1673/2232
f 2941/1992/2246 2943/1993/2247 2940/1994/2248
f 2941/1992/2246 2945/1995/2249 2944/1996/2250
f 2944/1996/2250 2946/1997/2251 2943/1993/2247
f 2944/1996/2250 2948/1998/2252 2947/1999/2253
f 592/796/2254 1084/1977/2255 77/781/2256
f 593/797/2257 2940/1994/2248 592/796/2254
f 593/797/2257 2942/2000/2258 2941/1992/2246
f 594/795/2259 1093/1664/2260 2942/2000/2258
f 2942/2000/2258 1094/1664/2261 2945/1995/2249
f 2945/1995/2249 1095/1664/2262 2948/1998/2252
f 1095/1664/2262 954/1663/2263 2948/1998/2252
f 2948/1998/2252 953/1655/2264 2947/1999/2253
f 2946/1997/2251 953/1655/2264 952/1662/2265
f 1086/1979/2266 952/1662/2265 137/1660/2267
f 2943/1993/2247 1086/1979/2266 1085/1978/2268
f 2940/1994/2248 1085/1978/2268 1084/1977/2255
f 2950/2001/2269 2952/2002/2270 2949/2003/2271
f 2950/2001/2269 2954/2004/2272 2953/2005/2273
f 2953/2005/2273 2955/2006/2274 2952/2002/2270
f 2953/2005/2273 2957/2007/2275 2956/2008/2276
f 514/1003/2277 1087/1989/2278 51/300/2279
f 515/1004/2280 2949/2003/2271 514/1003/2277
f 515/1004/2280 2951/2009/2281 2950/2001/2269
f 516/1002/2282 1096/2010/2283 2951/2009/2281
f 2951/2009/2281 1097/2011/2284 2954/2004/2272
f 2954/2004/2272 1098/2012/2285 2957/2007/2275
f 1098/2012/2285 876/1650/2286 2957/2007/2275
f 2957/2007/2275 875/1651/2287 2956/2008/2276
f 2955/2006/2274 875/1651/2287 874/1649/2288
f 1089/1991/2289 874/1649/2288 111/1647/2290
f 2952/2002/2270 1089/1991/2289 1088/1990/2291
f 2949/2003/2271 1088/1990/2291 1087/1989/2278
f 2959/2013/2292 2961/2014/2293 2958/2015/2294
f 2959/2013/2292 2963/2016/2295 2962/2017/2296
f 2962/2017/2296 2964/2018/2297 2961/2014/2293
f 2962/2017/2296 2966/2019/2298 2965/2020/2299
f 595/443/2300 1093/1637/2301 78/444/2302
f 596/2021/2303 2958/2015/2294 595/443/2300
f 596/2021/2303 2960/2022/2304 2959/2013/2292
f 597/441/2305 1099/2023/2306 2960/2022/2304
f 2960/2022/2304 1100/2024/2307 2963/2016/2295
f 2963/2016/2295 1101/2025/2308 2966/2019/2298
f 1101/2025/2308 957/1638/2309 2966/2019/2298
f 2966/2019/2298 956/1632/2310 2965/2020/2299
f 2964/2018/2297 956/1632/2310 955/1631/2311
f 1095/1637/2312 955/1631/2311 138/444/2313
f 2961/2014/2293 1095/1637/2312 1094/1637/2314
f 2958/2015/2294 1094/1637/2314 1093/1637/2301
f 2968/2026/2315 2970/2027/2316 2967/2028/2317
f 2968/2026/2315 2972/2029/2318 2971/2030/2319
f 2971/2030/2319 2973/2031/2320 2970/2027/2316
f 2971/2030/2319 2975/2032/2321 2974/2033/2322
f 517/200/2323 1096/2010/2324 52/202/2325
f 518/201/2326 2967/2028/2317 517/200/2323
f 518/201/2326 2969/2034/2327 2968/2026/2315
f 519/199/2328 1102/2035/2329 2969/2034/2327
f 2969/2034/2327 1103/2036/2330 2972/2029/2318
f 2972/2029/2318 1104/2037/2331 2975/2032/2321
f 1104/2037/2331 879/1627/2332 2975/2032/2321
f 2975/2032/2321 878/1628/2333 2974/2033/2322
f 2973/2031/2320 878/1628/2333 877/1626/2334
f 1098/2012/2335 877/1626/2334 112/1625/2336
f 2970/2027/2316 1098/2012/2335 1097/2011/2337
f 2967/2028/2317 1097/2011/2337 1096/2010/2324
f 2977/2038/2338 2979/2039/2339 2976/2040/2340
f 2977/2038/2338 2981/2041/2341 2980/2042/2342
f 2980/2042/2342 2982/2043/2343 2979/2039/2339
f 2980/2042/2342 2984/2044/2344 2983/2045/2345
f 598/979/2346 1099/2023/2347 79/440/2348
f 599/2046/2349 2976/2040/2340 598/979/2346
f 599/2046/2349 2978/2047/2350 2977/2038/2338
f 600/977/2351 1083/1951/2352 2978/2047/2350
f 2978/2047/2350 1082/1957/2353 2981/2041/2341
f 2981/2041/2341 1081/1956/2354 2984/2044/2344
f 1081/1956/2354 960/1613/2355 2984/2044/2344
f 2984/2044/2344 959/1614/2356 2983/2045/2345
f 2982/2043/2343 959/1614/2356 958/1612/2357
f 1101/2025/2358 958/1612/2357 139/1610/2359
f 2979/2039/2339 1101/2025/2358 1100/2024/2360
f 2976/2040/2340 1100/2024/2360 1099/2023/2347
f 2986/2048/2361 2988/2049/2362 2985/2050/2363
f 2986/2048/2361 2990/2051/2364 2989/2052/2365
f 2989/2052/2365 2991/2053/2366 2988/2049/2362
f 2989/2052/2365 2993/2054/2367 2992/2055/2368
f 520/1206/2369 1102/2035/2370 53/197/2371
f 521/2056/2372 2985/2050/2363 520/1206/2369
f 521/2056/2372 2987/2057/2373 2986/2048/2361
f 522/1204/2374 1105/2058/2375 2987/2057/2373
f 2987/2057/2373 1106/2059/2376 2990/2051/2364
f 2990/2051/2364 1107/2060/2377 2993/2054/2367
f 1107/2060/2377 882/1595/2378 2993/2054/2367
f 2993/2054/2367 881/1596/2379 2992/2055/2368
f 2991/2053/2366 881/1596/2379 880/1594/2380
f 1104/2037/2381 880/1594/2380 113/1592/2382
f 2988/2049/2362 1104/2037/2381 1103/2036/2383
f 2985/2050/2363 1103/2036/2383 1102/2035/2370
f 2995/2061/2384 2997/2062/2385 2994/2063/2386
f 2995/2061/2384 2999/2064/2387 2998/2065/2388
f 2998/2065/2388 3000/2066/2389 2997/2062/2385
f 2998/2065/2388 3002/2067/2390 3001/2068/2391
f 601/508/2392 1113/2069/2393 85/509/2394
f 602/507/2395 2994/2063/2386 601/508/2392
f 602/507/2395 2996/2070/2396 2995/2061/2384
f 603/506/2397 1108/2071/2398 2996/2070/2396
f 2996/2070/2396 1109/2072/2399 2999/2064/2387
f 2999/2064/2387 1110/2073/2400 3002/2067/2390
f 1110/2073/2400 963/2074/2401 3002/2067/2390
f 3002/2067/2390 962/2075/2402 3001/2068/2391
f 3000/2066/2389 962/2075/2402 961/2076/2403
f 1111/2077/2404 961/2076/2403 145/2078/2405
f 2997/2062/2385 1111/2077/2404 1112/2079/2406
f 2994/2063/2386 1112/2079/2406 1113/2069/2393
f 3004/2080/2407 3006/2081/2408 3003/2082/2409
f 3004/2080/2407 3008/2083/2410 3007/2084/2411
f 3007/2084/2411 3009/2085/2412 3006/2081/2408
f 3007/2084/2411 3011/2086/2413 3010/2087/2414
f 523/1221/2415 1105/2058/2416 54/1203/2417
f 524/2088/2418 3003/2082/2409 523/1221/2415
f 524/2088/2418 3005/2089/2419 3004/2080/2407
f 525/1219/2420 1092/2090/2421 3005/2089/2419
f 3005/2089/2419 1091/2090/2422 3008/2083/2410
f 3008/2083/2410 1090/2090/2423 3011/2086/2413
f 1090/2090/2423 885/2091/2424 3011/2086/2413
f 3011/2086/2413 884/2092/2425 3010/2087/2414
f 3009/2085/2412 884/2092/2425 883/2093/2426
f 1107/2060/2427 883/2093/2426 114/1597/2428
f 3006/2081/2408 1107/2060/2427 1106/2059/2429
f 3003/2082/2409 1106/2059/2429 1105/2058/2416
f 3013/2094/2430 3015/2095/2431 3012/2096/2432
f 3013/2094/2430 3017/2097/2433 3016/2098/2434
f 3016/2098/2434 3018/2099/2435 3015/2095/2431
f 3016/2098/2434 3020/2100/2436 3019/2101/2437
f 604/739/2438 1108/2071/2439 81/505/2440
f 605/738/2441 3012/2096/2432 604/739/2438
f 605/738/2441 3014/2102/2442 3013/2094/2430
f 606/737/2443 1114/2103/2444 3014/2102/2442
f 3014/2102/2442 1115/2104/2445 3017/2097/2433
f 3017/2097/2433 1116/2105/2446 3020/2100/2436
f 1116/2105/2446 966/2106/2447 3020/2100/2436
f 3020/2100/2436 965/2107/2448 3019/2101/2437
f 3018/2099/2435 965/2107/2448 964/2108/2449
f 1110/2073/2450 964/2108/2449 141/2109/2451
f 3015/2095/2431 1110/2073/2450 1109/2072/2452
f 3012/2096/2432 1109/2072/2452 1108/2071/2439
f 3022/2110/2453 3024/2111/2454 3021/2112/2455
f 3022/2110/2453 3026/2113/2456 3025/2114/2457
f 3025/2114/2457 3027/2115/2458 3024/2111/2454
f 3025/2114/2457 3029/2116/2459 3028/2117/2460
f 526/327/2461 1122/2118/2462 60/328/2463
f 527/326/2464 3021/2112/2455 526/327/2461
f 527/326/2464 3023/2119/2465 3022/2110/2453
f 528/325/2466 1117/2120/2467 3023/2119/2465
f 3023/2119/2465 1118/2120/2468 3026/2113/2456
f 3026/2113/2456 1119/2120/2469 3029/2116/2459
f 1119/2120/2469 888/2121/2470 3029/2116/2459
f 3029/2116/2459 887/2122/2471 3028/2117/2460
f 3027/2115/2458 887/2122/2471 886/2123/2472
f 1120/2124/2473 886/2123/2472 120/2125/2474
f 3024/2111/2454 1120/2124/2473 1121/2126/2475
f 3021/2112/2455 1121/2126/2475 1122/2118/2462
f 3031/2127/2476 3033/2128/2477 3030/2129/2478
f 3031/2127/2476 3035/2130/2479 3034/2131/2480
f 3034/2131/2480 3036/2132/2481 3033/2128/2477
f 3034/2131/2480 3038/2133/2482 3037/2134/2483
f 607/751/2484 1114/2103/2485 82/736/2486
f 608/752/2487 3030/2129/2478 607/751/2484
f 608/752/2487 3032/2135/2488 3031/2127/2476
f 609/750/2489 1123/2136/2490 3032/2135/2488
f 3032/2135/2488 1124/2136/2491 3035/2130/2479
f 3035/2130/2479 1125/2136/2492 3038/2133/2482
f 1125/2136/2492 969/2137/2493 3038/2133/2482
f 3038/2133/2482 968/2138/2494 3037/2134/2483
f 3036/2132/2481 968/2138/2494 967/2139/2495
f 1116/2105/2496 967/2139/2495 142/2140/2497
f 3033/2128/2477 1116/2105/2496 1115/2104/2498
f 3030/2129/2478 1115/2104/2498 1114/2103/2485
f 3040/2141/2499 3042/2142/2500 3039/2143/2501
f 3040/2141/2499 3044/2144/2502 3043/2145/2503
f 3043/2145/2503 3045/2146/2504 3042/2142/2500
f 3043/2145/2503 3047/2147/2505 3046/2148/2506
f 529/1165/2507 1117/2149/2508 56/1166/2509
f 530/1164/2510 3039/2143/2501 529/1165/2507
f 530/1164/2510 3041/2150/2511 3040/2141/2499
f 531/1163/2512 1126/2151/2513 3041/2150/2511
f 3041/2150/2511 1127/2152/2514 3044/2144/2502
f 3044/2144/2502 1128/2153/2515 3047/2147/2505
f 1128/2153/2515 891/2154/2516 3047/2147/2505
f 3047/2147/2505 890/2155/2517 3046/2148/2506
f 3045/2146/2504 890/2155/2517 889/2156/2518
f 1119/2149/2519 889/2156/2518 116/1166/2520
f 3042/2142/2500 1119/2149/2519 1118/2149/2521
f 3039/2143/2501 1118/2149/2521 1117/2149/2508
f 3049/2157/2522 3051/2158/2523 3048/2159/2524
f 3049/2157/2522 3053/2160/2525 3052/2161/2526
f 3052/2161/2526 3054/2162/2527 3051/2158/2523
f 3052/2161/2526 3056/2163/2528 3055/2164/2529
f 451/108/2530 1134/2165/2531 35/110/2532
f 452/109/2533 3048/2159/2524 451/108/2530
f 452/109/2533 3050/2166/2534 3049/2157/2522
f 453/107/2535 1129/2167/2536 3050/2166/2534
f 3050/2166/2534 1130/2167/2537 3053/2160/2525
f 3053/2160/2525 1131/2167/2538 3056/2163/2528
f 1131/2167/2538 813/2168/2539 3056/2163/2528
f 3056/2163/2528 812/2169/2540 3055/2164/2529
f 3054/2162/2527 812/2169/2540 811/2170/2541
f 1132/2165/2542 811/2170/2541 95/110/2543
f 3051/2158/2523 1132/2165/2542 1133/2165/2544
f 3048/2159/2524 1133/2165/2544 1134/2165/2531
f 3058/2171/2545 3060/2172/2546 3057/2173/2547
f 3058/2171/2545 3062/2174/2548 3061/2175/2549
f 3061/2175/2549 3063/2176/2550 3060/2172/2546
f 3061/2175/2549 3065/2177/2551 3064/2178/2552
f 610/964/2553 1123/2179/2554 83/965/2555
f 611/2180/2556 3057/2173/2547 610/964/2553
f 611/2180/2556 3059/2181/2557 3058/2171/2545
f 612/962/2558 1135/2182/2559 3059/2181/2557
f 3059/2181/2557 1136/2183/2560 3062/2174/2548
f 3062/2174/2548 1137/2184/2561 3065/2177/2551
f 1137/2184/2561 972/2185/2562 3065/2177/2551
f 3065/2177/2551 971/2186/2563 3064/2178/2552
f 3063/2176/2550 971/2186/2563 970/2187/2564
f 1125/2179/2565 970/2187/2564 143/965/2566
f 3060/2172/2546 1125/2179/2565 1124/2179/2567
f 3057/2173/2547 1124/2179/2567 1123/2179/2554
f 3067/2188/2568 3069/2189/2569 3066/2190/2570
f 3067/2188/2568 3071/2191/2571 3070/2192/2572
f 3070/2192/2572 3072/2193/2573 3069/2189/2569
f 3070/2192/2572 3074/2194/2574 3073/2195/2575
f 532/1178/2576 1126/2151/2577 57/1162/2578
f 533/1179/2579 3066/2190/2570 532/1178/2576
f 533/1179/2579 3068/2196/2580 3067/2188/2568
f 534/1177/2581 1138/2197/2582 3068/2196/2580
f 3068/2196/2580 1139/2198/2583 3071/2191/2571
f 3071/2191/2571 1140/2199/2584 3074/2194/2574
f 1140/2199/2584 894/2200/2585 3074/2194/2574
f 3074/2194/2574 893/2201/2586 3073/2195/2575
f 3072/2193/2573 893/2201/2586 892/2202/2587
f 1128/2153/2588 892/2202/2587 117/2203/2589
f 3069/2189/2569 1128/2153/2588 1127/2152/2590
f 3066/2190/2570 1127/2152/2590 1126/2151/2577
f 3076/2204/2591 3078/2205/2592 3075/2206/2593
f 3076/2204/2591 3080/2207/2594 3079/2208/2595
f 3079/2208/2595 3081/2209/2596 3078/2205/2592
f 3079/2208/2595 3083/2210/2597 3082/2211/2598
f 454/1577/2599 1129/2212/2600 31/1579/2601
f 455/1578/2602 3075/2206/2593 454/1577/2599
f 455/1578/2602 3077/2213/2603 3076/2204/2591
f 456/1576/2604 1141/2214/2605 3077/2213/2603
f 3077/2213/2603 1142/2214/2606 3080/2207/2594
f 3080/2207/2594 1143/2214/2607 3083/2210/2597
f 1143/2214/2607 816/2215/2608 3083/2210/2597
f 3083/2210/2597 815/2216/2609 3082/2211/2598
f 3081/2209/2596 815/2216/2609 814/2217/2610
f 1131/2212/2611 814/2217/2610 91/1579/2612
f 3078/2205/2592 1131/2212/2611 1130/2212/2613
f 3075/2206/2593 1130/2212/2613 1129/2212/2600
f 3085/2218/2614 3087/2219/2615 3084/2220/2616
f 3085/2218/2614 3089/2221/2617 3088/2222/2618
f 3088/2222/2618 3090/2223/2619 3087/2219/2615
f 3088/2222/2618 3092/2224/2620 3091/2225/2621
f 613/1135/2622 1135/2182/2623 84/961/2624
f 614/2226/2625 3084/2220/2616 613/1135/2622
f 614/2226/2625 3086/2227/2626 3085/2218/2614
f 615/1133/2627 1113/2069/2628 3086/2227/2626
f 3086/2227/2626 1112/2079/2629 3089/2221/2617
f 3089/2221/2617 1111/2077/2630 3092/2224/2620
f 1111/2077/2630 975/2228/2631 3092/2224/2620
f 3092/2224/2620 974/2229/2632 3091/2225/2621
f 3090/2223/2619 974/2229/2632 973/2230/2633
f 1137/2184/2634 973/2230/2633 144/2231/2635
f 3087/2219/2615 1137/2184/2634 1136/2183/2636
f 3084/2220/2616 1136/2183/2636 1135/2182/2623
f 3094/2232/2637 3096/2233/2638 3093/2234/2639
f 3094/2232/2637 3098/2235/2640 3097/2236/2641
f 3097/2236/2641 3099/2237/2642 3096/2233/2638
f 3097/2236/2641 3101/2238/2643 3100/2239/2644
f 535/224/2645 1138/2197/2646 58/226/2647
f 536/225/2648 3093/2234/2639 535/224/2645
f 536/225/2648 3095/2240/2649 3094/2232/2637
f 537/223/2650 1144/2241/2651 3095/2240/2649
f 3095/2240/2649 1145/2242/2652 3098/2235/2640
f 3098/2235/2640 1146/2243/2653 3101/2238/2643
f 1146/2243/2653 897/2244/2654 3101/2238/2643
f 3101/2238/2643 896/2245/2655 3100/2239/2644
f 3099/2237/2642 896/2245/2655 895/2246/2656
f 1140/2199/2657 895/2246/2656 118/2247/2658
f 3096/2233/2638 1140/2199/2657 1139/2198/2659
f 3093/2234/2639 1139/2198/2659 1138/2197/2646
f 3103/2248/2660 3105/2249/2661 3102/2250/2662
f 3103/2248/2660 3107/2251/2663 3106/2252/2664
f 3106/2252/2664 3108/2253/2665 3105/2249/2661
f 3106/2252/2664 3110/2254/2666 3109/2255/2667
f 457/60/2668 1141/2256/2669 32/62/2670
f 458/61/2671 3102/2250/2662 457/60/2668
f 458/61/2671 3104/2257/2672 3103/2248/2660
f 459/59/2673 1147/2258/2674 3104/2257/2672
f 3104/2257/2672 1148/2258/2675 3107/2251/2663
f 3107/2251/2663 1149/2258/2676 3110/2254/2666
f 1149/2258/2676 819/2259/2677 3110/2254/2666
f 3110/2254/2666 818/2260/2678 3109/2255/2667
f 3108/2253/2665 818/2260/2678 817/2261/2679
f 1143/2256/2680 817/2261/2679 92/62/2681
f 3105/2249/2661 1143/2256/2680 1142/2256/2682
f 3102/2250/2662 1142/2256/2682 1141/2256/2669
f 3112/2262/2683 3114/2263/2684 3111/2264/2685
f 3112/2262/2683 3116/2265/2686 3115/2266/2687
f 3115/2266/2687 3117/2267/2688 3114/2263/2684
f 3115/2266/2687 3119/2268/2689 3118/2269/2690
f 616/528/2691 991/2270/2692 90/529/2693
f 617/527/2694 3111/2264/2685 616/528/2691
f 617/527/2694 3113/2271/2695 3112/2262/2683
f 618/526/2696 1150/2272/2697 3113/2271/2695
f 3113/2271/2695 1151/2272/2698 3116/2265/2686
f 3116/2265/2686 1152/2272/2699 3119/2268/2689
f 1152/2272/2699 978/2273/2700 3119/2268/2689
f 3119/2268/2689 977/2274/2701 3118/2269/2690
f 3117/2267/2688 977/2274/2701 976/2275/2702
f 993/2276/2703 976/2275/2702 150/529/2704
f 3114/2263/2684 993/2276/2703 992/2270/2705
f 3111/2264/2685 992/2270/2705 991/2270/2692
f 3121/2277/2706 3123/2278/2707 3120/2279/2708
f 3121/2277/2706 3125/2280/2709 3124/2281/2710
f 3124/2281/2710 3126/2282/2711 3123/2278/2707
f 3124/2281/2710 3128/2283/2712 3127/2284/2713
f 538/1306/2714 1144/2241/2715 59/221/2716
f 539/2285/2717 3120/2279/2708 538/1306/2714
f 539/2285/2717 3122/2286/2718 3121/2277/2706
f 540/1304/2719 1122/2118/2720 3122/2286/2718
f 3122/2286/2718 1121/2126/2721 3125/2280/2709
f 3125/2280/2709 1120/2124/2722 3128/2283/2712
f 1120/2124/2722 900/2287/2723 3128/2283/2712
f 3128/2283/2712 899/2288/2724 3127/2284/2713
f 3126/2282/2711 899/2288/2724 898/2289/2725
f 1146/2243/2726 898/2289/2725 119/2290/2727
f 3123/2278/2707 1146/2243/2726 1145/2242/2728
f 3120/2279/2708 1145/2242/2728 1144/2241/2715
f 3130/2291/2729 3132/2292/2730 3129/2293/2731
f 3130/2291/2729 3134/2294/2732 3133/2295/2733
f 3133/2295/2733 3135/2296/2734 3132/2292/2730
f 3133/2295/2733 3137/2297/2735 3136/2298/2736
f 460/84/2737 1147/2299/2738 33/86/2739
f 461/85/2740 3129/2293/2731 460/84/2737
f 461/85/2740 3131/2300/2741 3130/2291/2729
f 462/83/2742 1153/2301/2743 3131/2300/2741
f 3131/2300/2741 1154/2301/2744 3134/2294/2732
f 3134/2294/2732 1155/2301/2745 3137/2297/2735
f 1155/2301/2745 822/2302/2746 3137/2297/2735
f 3137/2297/2735 821/2303/2747 3136/2298/2736
f 3135/2296/2734 821/2303/2747 820/2304/2748
f 1149/2299/2749 820/2304/2748 93/86/2750
f 3132/2292/2730 1149/2299/2749 1148/2299/2751
f 3129/2293/2731 1148/2299/2751 1147/2299/2738
f 3139/2305/2752 3141/2306/2753 3138/2307/2754
f 3139/2305/2752 3143/2308/2755 3142/2309/2756
f 3142/2309/2756 3144/2310/2757 3141/2306/2753
f 3142/2309/2756 3146/2311/2758 3145/2312/2759
f 619/586/2760 1150/2313/2761 86/587/2762
f 620/585/2763 3138/2307/2754 619/586/2760
f 620/585/2763 3140/2314/2764 3139/2305/2752
f 621/584/2765 1156/2315/2766 3140/2314/2764
f 3140/2314/2764 1157/2315/2767 3143/2308/2755
f 3143/2308/2755 1158/2315/2768 3146/2311/2758
f 1158/2315/2768 981/2316/2769 3146/2311/2758
f 3146/2311/2758 980/2317/2770 3145/2312/2759
f 3144/2310/2757 980/2317/2770 979/2318/2771
f 1152/2313/2772 979/2318/2771 146/587/2773
f 3141/2306/2753 1152/2313/2772 1151/2313/2774
f 3138/2307/2754 1151/2313/2774 1150/2313/2761
f 3148/2319/2775 3150/2320/2776 3147/2321/2777
f 3148/2319/2775 3152/2322/2778 3151/2323/2779
f 3151/2323/2779 3153/2324/2780 3150/2320/2776
f 3151/2323/2779 3155/2325/2781 3154/2326/2782
f 541/351/2783 1009/1513/2784 65/352/2785
f 542/350/2786 3147/2321/2777 541/351/2783
f 542/350/2786 3149/2327/2787 3148/2319/2775
f 543/349/2788 1159/2328/2789 3149/2327/2787
f 3149/2327/2787 1160/2329/2790 3152/2322/2778
f 3152/2322/2778 1161/2330/2791 3155/2325/2781
f 1161/2330/2791 903/2331/2792 3155/2325/2781
f 3155/2325/2781 902/2332/2793 3154/2326/2782
f 3153/2324/2780 902/2332/2793 901/2333/2794
f 1011/1515/2795 901/2333/2794 125/2334/2796
f 3150/2320/2776 1011/1515/2795 1010/1514/2797
f 3147/2321/2777 1010/1514/2797 1009/1513/2784
f 3157/2335/2798 3159/2336/2799 3156/2337/2800
f 3157/2335/2798 3161/2338/2801 3160/2339/2802
f 3160/2339/2802 3162/2340/2803 3159/2336/2799
f 3160/2339/2802 3164/2341/2804 3163/2342/2805
f 463/17/2806 1153/2343/2807 34/18/2808
f 464/2344/2809 3156/2337/2800 463/17/2806
f 464/2344/2809 3158/2345/2810 3157/2335/2798
f 465/15/2811 1134/2346/2812 3158/2345/2810
f 3158/2345/2810 1133/2346/2813 3161/2338/2801
f 3161/2338/2801 1132/2346/2814 3164/2341/2804
f 1132/2346/2814 825/2347/2815 3164/2341/2804
f 3164/2341/2804 824/2348/2816 3163/2342/2805
f 3162/2340/2803 824/2348/2816 823/2349/2817
f 1155/2343/2818 823/2349/2817 94/18/2819
f 3159/2336/2799 1155/2343/2818 1154/2343/2820
f 3156/2337/2800 1154/2343/2820 1153/2343/2807
f 3166/2350/2821 3168/2351/2822 3165/2352/2823
f 3166/2350/2821 3170/2353/2824 3169/2354/2825
f 3169/2354/2825 3171/2355/2826 3168/2351/2822
f 3169/2354/2825 3173/2356/2827 3172/2357/2828
f 622/644/2829 1156/2358/2830 87/645/2831
f 623/643/2832 3165/2352/2823 622/644/2829
f 623/643/2832 3167/2359/2833 3166/2350/2821
f 624/642/2834 1162/2360/2835 3167/2359/2833
f 3167/2359/2833 1163/2360/2836 3170/2353/2824
f 3170/2353/2824 1164/2360/2837 3173/2356/2827
f 1164/2360/2837 984/2361/2838 3173/2356/2827
f 3173/2356/2827 983/2362/2839 3172/2357/2828
f 3171/2355/2826 983/2362/2839 982/2363/2840
f 1158/2358/2841 982/2363/2840 147/645/2842
f 3168/2351/2822 1158/2358/2841 1157/2358/2843
f 3165/2352/2823 1157/2358/2843 1156/2358/2830
f 3175/2364/2844 3177/2365/2845 3174/2366/2846
f 3175/2364/2844 3179/2367/2847 3178/2368/2848
f 3178/2368/2848 3180/2369/2849 3177/2365/2845
f 3178/2368/2848 3182/2370/2850 3181/2371/2851
f 544/923/2852 1159/2328/2853 61/348/2854
f 545/922/2855 3174/2366/2846 544/923/2852
f 545/922/2855 3176/2372/2856 3175/2364/2844
f 546/921/2857 1165/2373/2858 3176/2372/2856
f 3176/2372/2856 1166/2374/2859 3179/2367/2847
f 3179/2367/2847 1167/2375/2860 3182/2370/2850
f 1167/2375/2860 906/2376/2861 3182/2370/2850
f 3182/2370/2850 905/2377/2862 3181/2371/2851
f 3180/2369/2849 905/2377/2862 904/2378/2863
f 1161/2330/2864 904/2378/2863 121/2379/2865
f 3177/2365/2845 1161/2330/2864 1160/2329/2866
f 3174/2366/2846 1160/2329/2866 1159/2328/2853
f 3184/2380/2867 3186/2381/2868 3183/2382/2869
f 3184/2380/2867 3188/2383/2870 3187/2384/2871
f 3187/2384/2871 3189/2385/2872 3186/2381/2868
f 3187/2384/2871 3191/2386/2873 3190/2387/2874
f 466/1330/2875 1021/1460/2876 40/1331/2877
f 467/2388/2878 3183/2382/2869 466/1330/2875
f 467/2388/2878 3185/2389/2879 3184/2380/2867
f 468/1328/2880 1168/2390/2881 3185/2389/2879
f 3185/2389/2879 1169/2390/2882 3188/2383/2870
f 3188/2383/2870 1170/2390/2883 3191/2386/2873
f 1170/2390/2883 828/2391/2884 3191/2386/2873
f 3191/2386/2873 827/2392/2885 3190/2387/2874
f 3189/2385/2872 827/2392/2885 826/2393/2886
f 1023/1462/2887 826/2393/2886 100/2394/2888
f 3186/2381/2868 1023/1462/2887 1022/1461/2889
f 3183/2382/2869 1022/1461/2889 1021/1460/2876
f 3193/2395/2890 3195/2396/2891 3192/2397/2892
f 3193/2395/2890 3197/2398/2893 3196/2399/2894
f 3196/2399/2894 3198/2400/2895 3195/2396/2891
f 3196/2399/2894 3200/2401/2896 3199/2402/2897
f 625/702/2898 1162/2403/2899 88/703/2900
f 626/701/2901 3192/2397/2892 625/702/2898
f 626/701/2901 3194/2404/2902 3193/2395/2890
f 627/700/2903 996/2405/2904 3194/2404/2902
f 3194/2404/2902 995/2405/2905 3197/2398/2893
f 3197/2398/2893 994/2405/2906 3200/2401/2896
f 994/2405/2906 987/2406/2907 3200/2401/2896
f 3200/2401/2896 986/2407/2908 3199/2402/2897
f 3198/2400/2895 986/2407/2908 985/2408/2909
f 1164/2403/2910 985/2408/2909 148/703/2911
f 3195/2396/2891 1164/2403/2910 1163/2403/2912
f 3192/2397/2892 1163/2403/2912 1162/2403/2899
f 3202/2409/2913 3204/2410/2914 3201/2411/2915
f 3202/2409/2913 3206/2412/2916 3205/2413/2917
f 3205/2413/2917 3207/2414/2918 3204/2410/2914
f 3205/2413/2917 3209/2415/2919 3208/2416/2920
f 547/935/2921 1165/2373/2922 62/920/2923
f 548/936/2924 3201/2411/2915 547/935/2921
f 548/936/2924 3203/2417/2925 3202/2409/2913
f 549/934/2926 1002/2418/2927 3203/2417/2925
f 3203/2417/2925 1001/2418/2928 3206/2412/2916
f 3206/2412/2916 1000/2418/2929 3209/2415/2919
f 1000/2418/2929 909/2419/2930 3209/2415/2919
f 3209/2415/2919 908/2420/2931 3208/2416/2920
f 3207/2414/2918 908/2420/2931 907/2421/2932
f 1167/2375/2933 907/2421/2932 122/2422/2934
f 3204/2410/2914 1167/2375/2933 1166/2374/2935
f 3201/2411/2915 1166/2374/2935 1165/2373/2922
f 3211/2423/2936 3213/2424/2937 3210/2425/2938
f 3211/2423/2936 3215/2426/2939 3214/2427/2940
f 3214/2427/2940 3216/2428/2941 3213/2424/2937
f 3214/2427/2940 3218/2429/2942 3217/2430/2943
f 469/1115/2944 1168/2431/2945 36/1117/2946
f 470/1116/2947 3210/2425/2938 469/1115/2944
f 470/1116/2947 3212/2432/2948 3211/2423/2936
f 471/1114/2949 1008/1530/2950 3212/2432/2948
f 3212/2432/2948 1007/1537/2951 3215/2426/2939
f 3215/2426/2939 1006/1535/2952 3218/2429/2942
f 1006/1535/2952 831/2433/2953 3218/2429/2942
f 3218/2429/2942 830/2434/2954 3217/2430/2943
f 3216/2428/2941 830/2434/2954 829/2435/2955
f 1170/2431/2956 829/2435/2955 96/1117/2957
f 3213/2424/2937 1170/2431/2956 1169/2431/2958
f 3210/2425/2938 1169/2431/2958 1168/2431/2945
f 3220/2436/2959 3222/2437/2960 3219/2438/2961
f 3220/2436/2959 3224/2439/2962 3223/2440/2963
f 3223/2440/2963 3225/2441/2964 3222/2437/2960
f 3223/2440/2963 3227/2442/2965 3226/2443/2966
f 1189/2435/2967 1747/2431/2968 156/1117/2969
f 1190/2434/2970 3219/2438/2961 1189/2435/2967
f 1190/2434/2970 3221/2444/2971 3220/2436/2959
f 1191/2445/2972 1759/2446/2973 3221/2444/2971
f 3221/2444/2971 1760/2447/2974 3224/2439/2962
f 3224/2439/2962 1761/2448/2975 3227/2442/2965
f 3227/2442/2965 217/2449/2976 1551/2450/2977
f 3226/2443/2966 1551/2450/2977 1550/2451/2978
f 3226/2443/2966 1549/2452/2979 3225/2441/2964
f 3225/2441/2964 216/2431/2980 1749/2431/2981
f 3222/2437/2960 1749/2431/2981 1748/2431/2982
f 3219/2438/2961 1748/2431/2982 1747/2431/2968
f 3229/2453/2983 3231/2454/2984 3228/2455/2985
f 3229/2453/2983 3233/2456/2986 3232/2457/2987
f 3232/2457/2987 3234/2458/2988 3231/2454/2984
f 3232/2457/2987 3236/2459/2989 3235/2460/2990
f 1267/2421/2991 1744/2461/2992 182/2462/2993
f 1268/2420/2994 3228/2455/2985 1267/2421/2991
f 1268/2420/2994 3230/2463/2995 3229/2453/2983
f 1269/2419/2996 1756/2418/2997 3230/2463/2995
f 3230/2463/2995 1757/2418/2998 3233/2456/2986
f 3233/2456/2986 1758/2418/2999 3236/2459/2989
f 3236/2459/2989 243/932/3000 1629/2464/3001
f 3235/2460/2990 1629/2464/3001 1628/2465/3002
f 3235/2460/2990 1627/2466/3003 3234/2458/2988
f 3234/2458/2988 242/2467/3004 1746/2468/3005
f 3231/2454/2984 1746/2468/3005 1745/2469/3006
f 3228/2455/2985 1745/2469/3006 1744/2461/2992
f 3238/2470/3007 3240/2408/3008 3237/2408/3009
f 3238/2470/3007 3242/2471/3010 3241/2470/3011
f 3241/2470/3011 3243/2472/3012 3240/2408/3008
f 3241/2470/3011 3245/2406/3013 3244/2473/3014
f 1345/2408/3015 1741/2403/3016 208/703/3017
f 1346/2407/3018 3237/2408/3009 1345/2408/3015
f 1346/2407/3018 3239/2471/3019 3238/2470/3007
f 1347/2406/3020 1753/2405/3021 3239/2471/3019
f 3239/2471/3019 1754/2405/3022 3242/2471/3010
f 3242/2471/3010 1755/2405/3023 3245/2406/3013
f 3245/2406/3013 269/2474/3024 1707/2475/3025
f 3244/2473/3014 1707/2475/3025 1706/2476/3026
f 3244/2473/3014 1705/2477/3027 3243/2472/3012
f 3243/2472/3012 268/2478/3028 1743/2403/3029
f 3240/2408/3008 1743/2403/3029 1742/2403/3030
f 3237/2408/3009 1742/2403/3030 1741/2403/3016
f 3247/2479/3031 3249/2480/3032 3246/2481/3033
f 3247/2479/3031 3251/2482/3034 3250/2483/3035
f 3250/2483/3035 3252/2484/3036 3249/2480/3032
f 3250/2483/3035 3254/2485/3037 3253/2486/3038
f 1186/2393/3039 1752/2487/3040 160/2394/3041
f 1187/2488/3042 3246/2481/3033 1186/2393/3039
f 1187/2488/3042 3248/2489/3043 3247/2479/3031
f 1188/2490/3044 1747/2390/3045 3248/2489/3043
f 3248/2489/3043 1748/2390/3046 3251/2482/3034
f 3251/2482/3034 1749/2390/3047 3254/2485/3037
f 3254/2485/3037 216/1327/3048 1548/2491/3049
f 3253/2486/3038 1548/2491/3049 1547/2492/3050
f 3253/2486/3038 1546/2493/3051 3252/2484/3036
f 3252/2484/3036 220/2494/3052 1750/2495/3053
f 3249/2480/3032 1750/2495/3053 1751/2496/3054
f 3246/2481/3033 1751/2496/3054 1752/2487/3040
f 3256/2497/3055 3258/2498/3056 3255/2499/3057
f 3256/2497/3055 3260/2500/3058 3259/2501/3059
f 3259/2501/3059 3261/2502/3060 3258/2498/3056
f 3259/2501/3059 3263/2503/3061 3262/2504/3062
f 1264/2505/3063 1732/2506/3064 181/2507/3065
f 1265/2508/3066 3255/2499/3057 1264/2505/3063
f 1265/2508/3066 3257/2509/3067 3256/2497/3055
f 1266/2510/3068 1744/2461/3069 3257/2509/3067
f 3257/2509/3067 1745/2469/3070 3260/2500/3058
f 3260/2500/3058 1746/2468/3071 3263/2503/3061
f 3263/2503/3061 242/2467/3072 1626/2511/3073
f 3262/2504/3062 1626/2511/3073 1625/2512/3074
f 3262/2504/3062 1624/2513/3075 3261/2502/3060
f 3261/2502/3060 241/2514/3076 1734/2515/3077
f 3258/2498/3056 1734/2515/3077 1733/2516/3078
f 3255/2499/3057 1733/2516/3078 1732/2506/3064
f 3265/2362/3079 3267/2517/3080 3264/2517/3081
f 3265/2362/3079 3269/2518/3082 3268/2519/3083
f 3268/2519/3083 3270/2363/3084 3267/2517/3080
f 3268/2519/3083 3272/2520/3085 3271/2521/3086
f 1342/2517/3087 1729/2358/3088 207/645/3089
f 1343/2362/3090 3264/2517/3081 1342/2517/3087
f 1343/2362/3090 3266/2518/3091 3265/2362/3079
f 1344/2361/3092 1741/2360/3093 3266/2518/3091
f 3266/2518/3091 1742/2360/3094 3269/2518/3082
f 3269/2518/3082 1743/2360/3095 3272/2520/3085
f 3272/2520/3085 268/2522/3096 1704/2523/3097
f 3271/2521/3086 1704/2523/3097 1703/2524/3098
f 3271/2521/3086 1702/2525/3099 3270/2363/3084
f 3270/2363/3084 267/2526/3100 1731/2358/3101
f 3267/2517/3080 1731/2358/3101 1730/2358/3102
f 3264/2517/3081 1730/2358/3102 1729/2358/3088
f 3274/2348/3103 3276/2349/3104 3273/2349/3105
f 3274/2348/3103 3278/2527/3106 3277/2528/3107
f 3277/2528/3107 3279/2349/3108 3276/2349/3104
f 3277/2528/3107 3281/2527/3109 3280/2529/3110
f 1183/2349/3111 1723/2343/3112 154/18/3113
f 1184/2348/3114 3273/2349/3105 1183/2349/3111
f 1184/2348/3114 3275/2530/3115 3274/2348/3103
f 1185/2347/3116 1738/2346/3117 3275/2530/3115
f 3275/2530/3115 1739/2346/3118 3278/2527/3106
f 3278/2527/3106 1740/2346/3119 3281/2527/3109
f 3281/2527/3109 215/2531/3120 1545/2527/3121
f 3280/2529/3110 1545/2527/3121 1544/2532/3122
f 3280/2529/3110 1543/2533/3123 3279/2349/3108
f 3279/2349/3108 214/2534/3124 1725/2343/3125
f 3276/2349/3104 1725/2343/3125 1724/2343/3126
f 3273/2349/3105 1724/2343/3126 1723/2343/3112
f 3283/2535/3127 3285/2536/3128 3282/2537/3129
f 3283/2535/3127 3287/2538/3130 3286/2539/3131
f 3286/2539/3131 3288/2540/3132 3285/2536/3128
f 3286/2539/3131 3290/2541/3133 3289/2542/3134
f 1261/2543/3135 1737/2544/3136 185/2545/3137
f 1262/2546/3138 3282/2537/3129 1261/2543/3135
f 1262/2546/3138 3284/2547/3139 3283/2535/3127
f 1263/2548/3140 1732/2506/3141 3284/2547/3139
f 3284/2547/3139 1733/2516/3142 3287/2538/3130
f 3287/2538/3130 1734/2515/3143 3290/2541/3133
f 3290/2541/3133 241/2514/3144 1623/2549/3145
f 3289/2542/3134 1623/2549/3145 1622/2550/3146
f 3289/2542/3134 1621/2551/3147 3288/2540/3132
f 3288/2540/3132 245/2552/3148 1735/2553/3149
f 3285/2536/3128 1735/2553/3149 1736/2554/3150
f 3282/2537/3129 1736/2554/3150 1737/2544/3136
f 3292/2555/3151 3294/2556/3152 3291/2556/3153
f 3292/2555/3151 3296/2557/3154 3295/2558/3155
f 3295/2558/3155 3297/2559/3156 3294/2556/3152
f 3295/2558/3155 3299/2560/3157 3298/2561/3158
f 1339/2562/3159 1711/2313/3160 206/587/3161
f 1340/2317/3162 3291/2556/3153 1339/2562/3159
f 1340/2317/3162 3293/2557/3163 3292/2555/3151
f 1341/2560/3164 1729/2315/3165 3293/2557/3163
f 3293/2557/3163 1730/2315/3166 3296/2557/3154
f 3296/2557/3154 1731/2315/3167 3299/2560/3157
f 3299/2560/3157 267/2563/3168 1701/2564/3169
f 3298/2561/3158 1701/2564/3169 1700/2565/3170
f 3298/2561/3158 1699/2566/3171 3297/2559/3156
f 3297/2559/3156 266/2567/3172 1713/2313/3173
f 3294/2556/3152 1713/2313/3173 1712/2313/3174
f 3291/2556/3153 1712/2313/3174 1711/2313/3160
f 3301/2303/3175 3303/2568/3176 3300/2569/3177
f 3301/2303/3175 3305/2302/3178 3304/2570/3179
f 3304/2570/3179 3306/2569/3180 3303/2568/3176
f 3304/2570/3179 3308/2302/3181 3307/2570/3182
f 1180/2571/3183 1728/2299/3184 153/86/3185
f 1181/2303/3186 3300/2569/3177 1180/2571/3183
f 1181/2303/3186 3302/2572/3187 3301/2303/3175
f 1182/2572/3188 1723/2301/3189 3302/2572/3187
f 3302/2572/3187 1724/2301/3190 3305/2302/3178
f 3305/2302/3178 1725/2301/3191 3308/2302/3181
f 3308/2302/3181 214/2301/3192 1542/2573/3193
f 3307/2570/3182 1542/2573/3193 1541/2574/3194
f 3307/2570/3182 1540/2575/3195 3306/2569/3180
f 3306/2569/3180 213/2576/3196 1726/2299/3197
f 3303/2568/3176 1726/2299/3197 1727/2299/3198
f 3300/2569/3177 1727/2299/3198 1728/2299/3184
f 3310/2577/3199 3312/2578/3200 3309/2579/3201
f 3310/2577/3199 3314/2580/3202 3313/2581/3203
f 3313/2581/3203 3315/2582/3204 3312/2578/3200
f 3313/2581/3203 3317/2583/3205 3316/2584/3206
f 1258/2585/3207 1722/2586/3208 179/2587/3209
f 1259/2588/3210 3309/2579/3201 1258/2585/3207
f 1259/2588/3210 3311/2589/3211 3310/2577/3199
f 1260/2590/3212 1717/2591/3213 3311/2589/3211
f 3311/2589/3211 1718/2592/3214 3314/2580/3202
f 3314/2580/3202 1719/2593/3215 3317/2583/3205
f 3317/2583/3205 240/2594/3216 1620/2595/3217
f 3316/2584/3206 1620/2595/3217 1619/2596/3218
f 3316/2584/3206 1618/2597/3219 3315/2582/3204
f 3315/2582/3204 239/2598/3220 1720/2599/3221
f 3312/2578/3200 1720/2599/3221 1721/2600/3222
f 3309/2579/3201 1721/2600/3222 1722/2586/3208
f 3319/2601/3223 3321/2602/3224 3318/2603/3225
f 3319/2601/3223 3323/2604/3226 3322/2605/3227
f 3322/2605/3227 3324/2606/3228 3321/2602/3224
f 3322/2605/3227 3326/2607/3229 3325/2608/3230
f 1336/2602/3231 1716/2270/3232 210/529/3233
f 1337/2609/3234 3318/2603/3225 1336/2602/3231
f 1337/2609/3234 3320/2604/3235 3319/2601/3223
f 1338/2273/3236 1711/2272/3237 3320/2604/3235
f 3320/2604/3235 1712/2272/3238 3323/2604/3226
f 3323/2604/3226 1713/2272/3239 3326/2607/3229
f 3326/2607/3229 266/2610/3240 1698/2611/3241
f 3325/2608/3230 1698/2611/3241 1697/2612/3242
f 3325/2608/3230 1696/2613/3243 3324/2606/3228
f 3324/2606/3228 270/2614/3244 1714/2276/3245
f 3321/2602/3224 1714/2276/3245 1715/2270/3246
f 3318/2603/3225 1715/2270/3246 1716/2270/3232
f 3327/2615/3247 3331/2616/3248 3330/2615/3249
f 3329/2617/3250 3331/2616/3248 3328/2618/3251
f 3330/2615/3249 3334/2075/3252 3333/2619/3253
f 3332/2620/3254 3334/2075/3252 3331/2616/3248
f 145/2078/3255 3327/2615/3247 1401/2621/3256
f 961/2076/3257 3328/2618/3251 3327/2615/3247
f 963/2074/3258 3328/2618/3251 962/2075/3259
f 141/2109/3260 3329/2617/3250 963/2074/3258
f 1396/2109/3261 3332/2620/3254 3329/2617/3250
f 1397/2622/3262 3335/2617/3263 3332/2620/3254
f 1398/2623/3264 1323/2074/3265 3335/2617/3263
f 3335/2617/3263 1322/2075/3266 3334/2075/3252
f 3333/2619/3253 1322/2075/3266 1321/2076/3267
f 1399/2624/3268 1321/2076/3267 205/2078/3269
f 1400/2625/3270 3333/2619/3253 1399/2624/3268
f 1401/2621/3256 3330/2615/3249 1400/2625/3270
f 3336/2626/3271 3340/2627/3272 3339/2628/3273
f 3338/2091/3274 3340/2627/3272 3337/2627/3275
f 3339/2628/3273 3343/2092/3276 3342/2093/3277
f 3341/2091/3278 3343/2092/3276 3340/2627/3272
f 114/1597/3279 3336/2626/3271 1393/1598/3280
f 883/2093/3281 3337/2627/3275 3336/2626/3271
f 885/2091/3282 3337/2627/3275 884/2092/3283
f 115/1218/3284 3338/2091/3274 885/2091/3282
f 1380/2090/3285 3341/2091/3278 3338/2091/3274
f 1379/2090/3286 3344/2629/3287 3341/2091/3278
f 1378/2090/3288 1245/2091/3289 3344/2629/3287
f 3344/2629/3287 1244/2092/3290 3343/2092/3276
f 3342/2093/3277 1244/2092/3290 1243/2093/3291
f 1395/1601/3292 1243/2093/3291 174/1597/3293
f 1394/1599/3294 3342/2093/3277 1395/1601/3292
f 1393/1598/3280 3339/2628/3273 1394/1599/3294
f 3345/2630/3295 3349/2631/3296 3348/2632/3297
f 3347/2633/3298 3349/2631/3296 3346/2634/3299
f 3348/2632/3297 3352/2635/3300 3351/2108/3301
f 3350/2636/3302 3352/2635/3300 3349/2631/3296
f 141/2109/3303 3345/2630/3295 1396/2109/3304
f 964/2108/3305 3346/2634/3299 3345/2630/3295
f 966/2106/3306 3346/2634/3299 965/2107/3307
f 142/2140/3308 3347/2633/3298 966/2106/3306
f 1402/2637/3309 3350/2636/3302 3347/2633/3298
f 1403/2638/3310 3353/2106/3311 3350/2636/3302
f 1404/2140/3312 1326/2106/3313 3353/2106/3311
f 3353/2106/3311 1325/2107/3314 3352/2635/3300
f 3351/2108/3301 1325/2107/3314 1324/2108/3315
f 1398/2623/3316 1324/2108/3315 201/2109/3317
f 1397/2622/3318 3351/2108/3301 1398/2623/3316
f 1396/2109/3304 3348/2632/3297 1397/2622/3318
f 3354/2639/3319 3358/2122/3320 3357/2123/3321
f 3356/2640/3322 3358/2122/3320 3355/2122/3323
f 3357/2123/3321 3361/2122/3324 3360/2641/3325
f 3359/2642/3326 3361/2122/3324 3358/2122/3320
f 120/2125/3327 3354/2639/3319 1410/2125/3328
f 886/2123/3329 3355/2122/3323 3354/2639/3319
f 888/2121/3330 3355/2122/3323 887/2122/3331
f 116/324/3332 3356/2640/3322 888/2121/3330
f 1405/2120/3333 3359/2642/3326 3356/2640/3322
f 1406/2120/3334 3362/2643/3335 3359/2642/3326
f 1407/2120/3336 1248/2121/3337 3362/2643/3335
f 3362/2643/3335 1247/2122/3338 3361/2122/3324
f 3360/2641/3325 1247/2122/3338 1246/2639/3339
f 1408/2125/3340 1246/2639/3339 180/2644/3341
f 1409/2125/3342 3360/2641/3325 1408/2125/3340
f 1410/2125/3328 3357/2123/3321 1409/2125/3342
f 3363/2645/3343 3367/2646/3344 3366/2139/3345
f 3365/2647/3346 3367/2646/3344 3364/2138/3347
f 3366/2139/3345 3370/2646/3348 3369/2648/3349
f 3368/2649/3350 3370/2646/3348 3367/2646/3344
f 142/2140/3351 3363/2645/3343 1402/2637/3352
f 967/2139/3353 3364/2138/3347 3363/2645/3343
f 969/2137/3354 3364/2138/3347 968/2138/3355
f 143/748/3356 3365/2647/3346 969/2137/3354
f 1411/2136/3357 3368/2649/3350 3365/2647/3346
f 1412/2136/3358 3371/2647/3359 3368/2649/3350
f 1413/2136/3360 1329/2137/3361 3371/2647/3359
f 3371/2647/3359 1328/2138/3362 3370/2646/3348
f 3369/2648/3349 1328/2138/3362 1327/2139/3363
f 1404/2140/3364 1327/2139/3363 202/2140/3365
f 1403/2638/3366 3369/2648/3349 1404/2140/3364
f 1402/2637/3352 3366/2139/3345 1403/2638/3366
f 3372/2650/3367 3376/2155/3368 3375/2156/3369
f 3374/2154/3370 3376/2155/3368 3373/2651/3371
f 3375/2156/3369 3379/2651/3372 3378/2156/3373
f 3377/2652/3374 3379/2651/3372 3376/2155/3368
f 116/1166/3375 3372/2650/3367 1405/2149/3376
f 889/2156/3377 3373/2651/3371 3372/2650/3367
f 891/2154/3378 3373/2651/3371 890/2155/3379
f 117/2203/3380 3374/2154/3370 891/2154/3378
f 1414/2653/3381 3377/2652/3374 3374/2154/3370
f 1415/2203/3382 3380/2154/3383 3377/2652/3374
f 1416/2654/3384 1251/2154/3385 3380/2154/3383
f 3380/2154/3383 1250/2155/3386 3379/2651/3372
f 3378/2156/3373 1250/2155/3386 1249/2156/3387
f 1407/2149/3388 1249/2156/3387 176/1166/3389
f 1406/2149/3390 3378/2156/3373 1407/2149/3388
f 1405/2149/3376 3375/2156/3369 1406/2149/3390
f 3381/2170/3391 3385/2655/3392 3384/2656/3393
f 3383/2657/3394 3385/2655/3392 3382/2658/3395
f 3384/2656/3393 3388/2655/3396 3387/2170/3397
f 3386/2657/3398 3388/2655/3396 3385/2655/3392
f 95/110/3399 3381/2170/3391 1422/2165/3400
f 811/2170/3401 3382/2658/3395 3381/2170/3391
f 813/2168/3402 3382/2658/3395 812/2169/3403
f 91/105/3404 3383/2657/3394 813/2168/3402
f 1417/2167/3405 3386/2657/3398 3383/2657/3394
f 1418/2167/3406 3389/2659/3407 3386/2657/3398
f 1419/2167/3408 1173/2168/3409 3389/2659/3407
f 3389/2659/3407 1172/2169/3410 3388/2655/3396
f 3387/2170/3397 1172/2169/3410 1171/2170/3411
f 1420/2165/3412 1171/2170/3411 155/110/3413
f 1421/2165/3414 3387/2170/3397 1420/2165/3412
f 1422/2165/3400 3384/2656/3393 1421/2165/3414
f 3390/2660/3415 3394/2186/3416 3393/2187/3417
f 3392/2661/3418 3394/2186/3416 3391/2186/3419
f 3393/2187/3417 3397/2186/3420 3396/2660/3421
f 3395/2185/3422 3397/2186/3420 3394/2186/3416
f 143/965/3423 3390/2660/3415 1411/2179/3424
f 970/2187/3425 3391/2186/3419 3390/2660/3415
f 972/2185/3426 3391/2186/3419 971/2186/3427
f 144/2231/3428 3392/2661/3418 972/2185/3426
f 1423/2662/3429 3395/2185/3422 3392/2661/3418
f 1424/2231/3430 3398/2661/3431 3395/2185/3422
f 1425/2662/3432 1332/2185/3433 3398/2661/3431
f 3398/2661/3431 1331/2186/3434 3397/2186/3420
f 3396/2660/3421 1331/2186/3434 1330/2187/3435
f 1413/2179/3436 1330/2187/3435 203/965/3437
f 1412/2179/3438 3396/2660/3421 1413/2179/3436
f 1411/2179/3424 3393/2187/3417 1412/2179/3438
f 3399/2663/3439 3403/2664/3440 3402/2663/3441
f 3401/2200/3442 3403/2664/3440 3400/2665/3443
f 3402/2663/3441 3406/2201/3444 3405/2666/3445
f 3404/2200/3446 3406/2201/3444 3403/2664/3440
f 117/2203/3447 3399/2663/3439 1414/2653/3448
f 892/2202/3449 3400/2665/3443 3399/2663/3439
f 894/2200/3450 3400/2665/3443 893/2201/3451
f 118/2247/3452 3401/2200/3442 894/2200/3450
f 1426/2667/3453 3404/2200/3446 3401/2200/3442
f 1427/2668/3454 3407/2669/3455 3404/2200/3446
f 1428/2667/3456 1254/2200/3457 3407/2669/3455
f 3407/2669/3455 1253/2201/3458 3406/2201/3444
f 3405/2666/3445 1253/2201/3458 1252/2202/3459
f 1416/2654/3460 1252/2202/3459 177/2203/3461
f 1415/2203/3462 3405/2666/3445 1416/2654/3460
f 1414/2653/3448 3402/2663/3441 1415/2203/3462
f 3408/2217/3463 3412/2216/3464 3411/2217/3465
f 3410/2670/3466 3412/2216/3464 3409/2216/3467
f 3411/2217/3465 3415/2216/3468 3414/2671/3469
f 3413/2670/3470 3415/2216/3468 3412/2216/3464
f 91/1579/3471 3408/2217/3463 1417/2212/3472
f 814/2217/3473 3409/2216/3467 3408/2217/3463
f 816/2215/3474 3409/2216/3467 815/2216/3475
f 92/1574/3476 3410/2670/3466 816/2215/3474
f 1429/2214/3477 3413/2670/3470 3410/2670/3466
f 1430/2214/3478 3416/2215/3479 3413/2670/3470
f 1431/2214/3480 1176/2215/3481 3416/2215/3479
f 3416/2215/3479 1175/2216/3482 3415/2216/3468
f 3414/2671/3469 1175/2216/3482 1174/2217/3483
f 1419/2212/3484 1174/2217/3483 151/1579/3485
f 1418/2212/3486 3414/2671/3469 1419/2212/3484
f 1417/2212/3472 3411/2217/3465 1418/2212/3486
f 3417/2672/3487 3421/2673/3488 3420/2674/3489
f 3419/2675/3490 3421/2673/3488 3418/2676/3491
f 3420/2674/3489 3424/2676/3492 3423/2674/3493
f 3422/2677/3494 3424/2676/3492 3421/2673/3488
f 144/2231/3495 3417/2672/3487 1423/2662/3496
f 973/2230/3497 3418/2676/3491 3417/2672/3487
f 975/2228/3498 3418/2676/3491 974/2229/3499
f 145/2078/3500 3419/2675/3490 975/2228/3498
f 1401/2621/3501 3422/2677/3494 3419/2675/3490
f 1400/2625/3502 3425/2675/3503 3422/2677/3494
f 1399/2624/3504 1335/2228/3505 3425/2675/3503
f 3425/2675/3503 1334/2229/3506 3424/2676/3492
f 3423/2674/3493 1334/2229/3506 1333/2230/3507
f 1425/2662/3508 1333/2230/3507 204/2231/3509
f 1424/2231/3510 3423/2674/3493 1425/2662/3508
f 1423/2662/3496 3420/2674/3489 1424/2231/3510
f 3426/2678/3511 3430/2679/3512 3429/2680/3513
f 3428/2681/3514 3430/2679/3512 3427/2682/3515
f 3429/2680/3513 3433/2683/3516 3432/2684/3517
f 3431/2244/3518 3433/2683/3516 3430/2679/3512
f 118/2247/3519 3426/2678/3511 1426/2667/3520
f 895/2246/3521 3427/2682/3515 3426/2678/3511
f 897/2244/3522 3427/2682/3515 896/2245/3523
f 119/2290/3524 3428/2681/3514 897/2244/3522
f 1432/2685/3525 3431/2244/3518 3428/2681/3514
f 1433/2587/3526 3434/2686/3527 3431/2244/3518
f 1434/2290/3528 1257/2244/3529 3434/2686/3527
f 3434/2686/3527 1256/2682/3530 3433/2683/3516
f 3432/2684/3517 1256/2682/3530 1255/2246/3531
f 1428/2667/3532 1255/2246/3531 178/2247/3533
f 1427/2668/3534 3432/2684/3517 1428/2667/3532
f 1426/2667/3520 3429/2680/3513 1427/2668/3534
f 3435/2687/3535 3439/2688/3536 3438/2261/3537
f 3437/2689/3538 3439/2688/3536 3436/2688/3539
f 3438/2261/3537 3442/2688/3540 3441/2687/3541
f 3440/2690/3542 3442/2688/3540 3439/2688/3536
f 92/62/3543 3435/2687/3535 1429/2256/3544
f 817/2261/3545 3436/2688/3539 3435/2687/3535
f 819/2259/3546 3436/2688/3539 818/2260/3547
f 93/57/3548 3437/2689/3538 819/2259/3546
f 1435/2258/3549 3440/2690/3542 3437/2689/3538
f 1436/2258/3550 3443/2259/3551 3440/2690/3542
f 1437/2258/3552 1179/2259/3553 3443/2259/3551
f 3443/2259/3551 1178/2260/3554 3442/2688/3540
f 3441/2687/3541 1178/2260/3554 1177/2261/3555
f 1431/2256/3556 1177/2261/3555 152/62/3557
f 1430/2256/3558 3441/2687/3541 1431/2256/3556
f 1429/2256/3544 3438/2261/3537 1430/2256/3558
f 3444/2602/3559 3448/2691/3560 3447/2613/3561
f 3446/2692/3562 3448/2691/3560 3445/2693/3563
f 3447/2613/3561 3451/2601/3564 3450/2603/3565
f 3449/2611/3566 3451/2601/3564 3448/2691/3560
f 150/529/3567 3444/2602/3559 1443/2270/3568
f 976/2275/3569 3445/2693/3563 3444/2602/3559
f 978/2273/3570 3445/2693/3563 977/2274/3571
f 146/525/3572 3446/2692/3562 978/2273/3570
f 1438/2272/3573 3449/2611/3566 3446/2692/3562
f 1439/2272/3574 3452/2694/3575 3449/2611/3566
f 1440/2272/3576 1338/2273/3577 3452/2694/3575
f 3452/2694/3575 1337/2609/3578 3451/2601/3564
f 3450/2603/3565 1337/2609/3578 1336/2602/3579
f 1441/2276/3580 1336/2602/3579 210/529/3581
f 1442/2270/3582 3450/2603/3565 1441/2276/3580
f 1443/2270/3568 3447/2613/3561 1442/2270/3582
f 3453/2289/3583 3457/2288/3584 3456/2695/3585
f 3455/2696/3586 3457/2288/3584 3454/2697/3587
f 3456/2695/3585 3460/2698/3588 3459/2699/3589
f 3458/2700/3590 3460/2698/3588 3457/2288/3584
f 119/2290/3591 3453/2289/3583 1432/2685/3592
f 898/2289/3593 3454/2697/3587 3453/2289/3583
f 900/2287/3594 3454/2697/3587 899/2288/3595
f 120/2125/3596 3455/2696/3586 900/2287/3594
f 1410/2125/3597 3458/2700/3590 3455/2696/3586
f 1409/2125/3598 3461/2590/3599 3458/2700/3590
f 1408/2125/3600 1260/2590/3601 3461/2590/3599
f 3461/2590/3599 1259/2588/3602 3460/2698/3588
f 3459/2699/3589 1259/2588/3602 1258/2585/3603
f 1434/2290/3604 1258/2585/3603 179/2587/3605
f 1433/2587/3606 3459/2699/3589 1434/2290/3604
f 1432/2685/3592 3456/2695/3585 1433/2587/3606
f 3462/2575/3607 3466/2701/3608 3465/2568/3609
f 3464/2302/3610 3466/2701/3608 3463/2303/3611
f 3465/2568/3609 3469/2570/3612 3468/2569/3613
f 3467/2702/3614 3469/2570/3612 3466/2701/3608
f 93/86/3615 3462/2575/3607 1435/2299/3616
f 820/2304/3617 3463/2303/3611 3462/2575/3607
f 822/2302/3618 3463/2303/3611 821/2303/3619
f 94/81/3620 3464/2302/3610 822/2302/3618
f 1444/2301/3621 3467/2702/3614 3464/2302/3610
f 1445/2301/3622 3470/2703/3623 3467/2702/3614
f 1446/2301/3624 1182/2572/3625 3470/2703/3623
f 3470/2703/3623 1181/2303/3626 3469/2570/3612
f 3468/2569/3613 1181/2303/3626 1180/2571/3627
f 1437/2299/3628 1180/2571/3627 153/86/3629
f 1436/2299/3630 3468/2569/3613 1437/2299/3628
f 1435/2299/3616 3465/2568/3609 1436/2299/3630
f 3471/2556/3631 3475/2704/3632 3474/2705/3633
f 3473/2557/3634 3475/2704/3632 3472/2706/3635
f 3474/2705/3633 3478/2317/3636 3477/2556/3637
f 3476/2564/3638 3478/2317/3636 3475/2704/3632
f 146/587/3639 3471/2556/3631 1438/2313/3640
f 979/2318/3641 3472/2706/3635 3471/2556/3631
f 981/2316/3642 3472/2706/3635 980/2317/3643
f 147/583/3644 3473/2557/3634 981/2316/3642
f 1447/2315/3645 3476/2564/3638 3473/2557/3634
f 1448/2315/3646 3479/2707/3647 3476/2564/3638
f 1449/2315/3648 1341/2560/3649 3479/2707/3647
f 3479/2707/3647 1340/2317/3650 3478/2317/3636
f 3477/2556/3637 1340/2317/3650 1339/2562/3651
f 1440/2313/3652 1339/2562/3651 206/587/3653
f 1439/2313/3654 3477/2556/3637 1440/2313/3652
f 1438/2313/3640 3474/2705/3633 1439/2313/3654
f 3480/2708/3655 3484/2709/3656 3483/2543/3657
f 3482/2710/3658 3484/2709/3656 3481/2711/3659
f 3483/2543/3657 3487/2332/3660 3486/2712/3661
f 3485/2710/3662 3487/2332/3660 3484/2709/3656
f 125/2334/3663 3480/2708/3655 1455/2713/3664
f 901/2333/3665 3481/2711/3659 3480/2708/3655
f 903/2331/3666 3481/2711/3659 902/2332/3667
f 121/2379/3668 3482/2710/3658 903/2331/3666
f 1450/2714/3669 3485/2710/3662 3482/2710/3658
f 1451/2715/3670 3488/2716/3671 3485/2710/3662
f 1452/2717/3672 1263/2548/3673 3488/2716/3671
f 3488/2716/3671 1262/2546/3674 3487/2332/3660
f 3486/2712/3661 1262/2546/3674 1261/2543/3675
f 1453/2718/3676 1261/2543/3675 185/2545/3677
f 1454/2334/3678 3486/2712/3661 1453/2718/3676
f 1455/2713/3664 3483/2543/3657 1454/2334/3678
f 3489/2349/3679 3493/2529/3680 3492/2349/3681
f 3491/2530/3682 3493/2529/3680 3490/2348/3683
f 3492/2349/3681 3496/2529/3684 3495/2349/3685
f 3494/2719/3686 3496/2529/3684 3493/2529/3680
f 94/18/3687 3489/2349/3679 1444/2343/3688
f 823/2349/3689 3490/2348/3683 3489/2349/3679
f 825/2347/3690 3490/2348/3683 824/2348/3691
f 95/14/3692 3491/2530/3682 825/2347/3690
f 1422/2346/3693 3494/2719/3686 3491/2530/3682
f 1421/2346/3694 3497/2527/3695 3494/2719/3686
f 1420/2346/3696 1185/2347/3697 3497/2527/3695
f 3497/2527/3695 1184/2348/3698 3496/2529/3684
f 3495/2349/3685 1184/2348/3698 1183/2349/3699
f 1446/2343/3700 1183/2349/3699 154/18/3701
f 1445/2343/3702 3495/2349/3685 1446/2343/3700
f 1444/2343/3688 3492/2349/3681 1445/2343/3702
f 3498/2517/3703 3502/2720/3704 3501/2721/3705
f 3500/2722/3706 3502/2720/3704 3499/2521/3707
f 3501/2721/3705 3505/2362/3708 3504/2517/3709
f 3503/2723/3710 3505/2362/3708 3502/2720/3704
f 147/645/3711 3498/2517/3703 1447/2358/3712
f 982/2363/3713 3499/2521/3707 3498/2517/3703
f 984/2361/3714 3499/2521/3707 983/2362/3715
f 148/641/3716 3500/2722/3706 984/2361/3714
f 1456/2360/3717 3503/2723/3710 3500/2722/3706
f 1457/2360/3718 3506/2518/3719 3503/2723/3710
f 1458/2360/3720 1344/2361/3721 3506/2518/3719
f 3506/2518/3719 1343/2362/3722 3505/2362/3708
f 3504/2517/3709 1343/2362/3722 1342/2517/3723
f 1449/2358/3724 1342/2517/3723 207/645/3725
f 1448/2358/3726 3504/2517/3709 1449/2358/3724
f 1447/2358/3712 3501/2721/3705 1448/2358/3726
f 3507/2505/3727 3511/2724/3728 3510/2725/3729
f 3509/2726/3730 3511/2724/3728 3508/2727/3731
f 3510/2725/3729 3514/2728/3732 3513/2729/3733
f 3512/2730/3734 3514/2728/3732 3511/2724/3728
f 121/2379/3735 3507/2505/3727 1450/2714/3736
f 904/2378/3737 3508/2727/3731 3507/2505/3727
f 906/2376/3738 3508/2727/3731 905/2377/3739
f 122/2422/3740 3509/2726/3730 906/2376/3738
f 1459/2731/3741 3512/2730/3734 3509/2726/3730
f 1460/2732/3742 3515/2376/3743 3512/2730/3734
f 1461/2733/3744 1266/2510/3745 3515/2376/3743
f 3515/2376/3743 1265/2508/3746 3514/2728/3732
f 3513/2729/3733 1265/2508/3746 1264/2505/3747
f 1452/2717/3748 1264/2505/3747 181/2507/3749
f 1451/2715/3750 3513/2729/3733 1452/2717/3748
f 1450/2714/3736 3510/2725/3729 1451/2715/3750
f 3516/2734/3751 3520/2735/3752 3519/2736/3753
f 3518/2737/3754 3520/2735/3752 3517/2735/3755
f 3519/2736/3753 3523/2392/3756 3522/2734/3757
f 3521/2737/3758 3523/2392/3756 3520/2735/3752
f 100/2394/3759 3516/2734/3751 1467/2394/3760
f 826/2393/3761 3517/2735/3755 3516/2734/3751
f 828/2391/3762 3517/2735/3755 827/2392/3763
f 96/1327/3764 3518/2737/3754 828/2391/3762
f 1462/2390/3765 3521/2737/3758 3518/2737/3754
f 1463/2390/3766 3524/2738/3767 3521/2737/3758
f 1464/2390/3768 1188/2490/3769 3524/2738/3767
f 3524/2738/3767 1187/2488/3770 3523/2392/3756
f 3522/2734/3757 1187/2488/3770 1186/2393/3771
f 1465/2394/3772 1186/2393/3771 160/2394/3773
f 1466/2394/3774 3522/2734/3757 1465/2394/3772
f 1467/2394/3760 3519/2736/3753 1466/2394/3774
f 3525/2408/3775 3529/2407/3776 3528/2477/3777
f 3527/2471/3778 3529/2407/3776 3526/2470/3779
f 3528/2477/3777 3532/2739/3780 3531/2408/3781
f 3530/2471/3782 3532/2739/3780 3529/2407/3776
f 148/703/3783 3525/2408/3775 1456/2403/3784
f 985/2408/3785 3526/2470/3779 3525/2408/3775
f 987/2406/3786 3526/2470/3779 986/2407/3787
f 149/699/3788 3527/2471/3778 987/2406/3786
f 1468/2405/3789 3530/2471/3782 3527/2471/3778
f 1469/2405/3790 3533/2406/3791 3530/2471/3782
f 1470/2405/3792 1347/2406/3793 3533/2406/3791
f 3533/2406/3791 1346/2407/3794 3532/2739/3780
f 3531/2408/3781 1346/2407/3794 1345/2408/3795
f 1458/2403/3796 1345/2408/3795 208/703/3797
f 1457/2403/3798 3531/2408/3781 1458/2403/3796
f 1456/2403/3784 3528/2477/3777 1457/2403/3798
f 3534/2740/3799 3538/2741/3800 3537/2421/3801
f 3536/2742/3802 3538/2741/3800 3535/2420/3803
f 3537/2421/3801 3541/2743/3804 3540/2744/3805
f 3539/2745/3806 3541/2743/3804 3538/2741/3800
f 122/2422/3807 3534/2740/3799 1459/2731/3808
f 907/2421/3809 3535/2420/3803 3534/2740/3799
f 909/2419/3810 3535/2420/3803 908/2420/3811
f 123/932/3812 3536/2742/3802 909/2419/3810
f 1471/2418/3813 3539/2745/3806 3536/2742/3802
f 1472/2418/3814 3542/2742/3815 3539/2745/3806
f 1473/2418/3816 1269/2419/3817 3542/2742/3815
f 3542/2742/3815 1268/2420/3818 3541/2743/3804
f 3540/2744/3805 1268/2420/3818 1267/2421/3819
f 1461/2733/3820 1267/2421/3819 182/2462/3821
f 1460/2732/3822 3540/2744/3805 1461/2733/3820
f 1459/2731/3808 3537/2421/3801 1460/2732/3822
f 3543/2746/3823 3547/2434/3824 3546/2746/3825
f 3545/2747/3826 3547/2434/3824 3544/2748/3827
f 3546/2746/3825 3550/2749/3828 3549/2746/3829
f 3548/2433/3830 3550/2749/3828 3547/2434/3824
f 96/1117/3831 3543/2746/3823 1462/2431/3832
f 829/2435/3833 3544/2748/3827 3543/2746/3823
f 831/2433/3834 3544/2748/3827 830/2434/3835
f 97/1536/3836 3545/2747/3826 831/2433/3834
f 1474/2750/3837 3548/2433/3830 3545/2747/3826
f 1475/2750/3838 3551/2747/3839 3548/2433/3830
f 1476/1536/3840 1191/2445/3841 3551/2747/3839
f 3551/2747/3839 1190/2434/3842 3550/2749/3828
f 3549/2746/3829 1190/2434/3842 1189/2435/3843
f 1464/2431/3844 1189/2435/3843 156/1117/3845
f 1463/2431/3846 3549/2746/3829 1464/2431/3844
f 1462/2431/3832 3546/2746/3825 1463/2431/3846
f 3552/1565/3847 3556/1564/3848 3555/2751/3849
f 3554/2752/3850 3556/1564/3848 3553/2753/3851
f 3555/2751/3849 3559/1564/3852 3558/1565/3853
f 3557/2752/3854 3559/1564/3852 3556/1564/3848
f 149/472/3855 3552/1565/3847 1468/1560/3856
f 988/1565/3857 3553/2753/3851 3552/1565/3847
f 990/1563/3858 3553/2753/3851 989/1564/3859
f 150/468/3860 3554/2752/3850 990/1563/3858
f 1443/1562/3861 3557/2752/3854 3554/2752/3850
f 1442/1562/3862 3560/1563/3863 3557/2752/3854
f 1441/1562/3864 1350/1563/3865 3560/1563/3863
f 3560/1563/3863 1349/1564/3866 3559/1564/3852
f 3558/1565/3853 1349/1564/3866 1348/1565/3867
f 1470/1560/3868 1348/1565/3867 209/472/3869
f 1469/1560/3870 3558/1565/3853 1470/1560/3868
f 1468/1560/3856 3555/2751/3849 1469/1560/3870
f 3561/1551/3871 3565/2754/3872 3564/1551/3873
f 3563/2755/3874 3565/2754/3872 3562/2756/3875
f 3564/1551/3873 3568/2756/3876 3567/2757/3877
f 3566/2755/3878 3568/2756/3876 3565/2754/3872
f 123/372/3879 3561/1551/3871 1471/1546/3880
f 910/1551/3881 3562/2756/3875 3561/1551/3871
f 912/1549/3882 3562/2756/3875 911/1550/3883
f 124/1520/3884 3563/2755/3874 912/1549/3882
f 1477/2758/3885 3566/2755/3878 3563/2755/3874
f 1478/2758/3886 3569/2759/3887 3566/2755/3878
f 1479/2758/3888 1272/2755/3889 3569/2759/3887
f 3569/2759/3887 1271/1550/3890 3568/2756/3876
f 3567/2757/3877 1271/1550/3890 1270/1551/3891
f 1473/1546/3892 1270/1551/3891 183/372/3893
f 1472/1546/3894 3567/2757/3877 1473/1546/3892
f 1471/1546/3880 3564/1551/3873 1472/1546/3894
f 3570/2760/3895 3574/2761/3896 3573/2762/3897
f 3572/2763/3898 3574/2761/3896 3571/1533/3899
f 3573/2762/3897 3577/2764/3900 3576/2765/3901
f 3575/1532/3902 3577/2764/3900 3574/2761/3896
f 97/1536/3903 3570/2760/3895 1474/2750/3904
f 832/1534/3905 3571/1533/3899 3570/2760/3895
f 834/1532/3906 3571/1533/3899 833/1533/3907
f 98/1500/3908 3572/2763/3898 834/1532/3906
f 1480/1500/3909 3575/1532/3902 3572/2763/3898
f 1481/2766/3910 3578/2767/3911 3575/1532/3902
f 1482/2766/3912 1194/1532/3913 3578/2767/3911
f 3578/2767/3911 1193/1533/3914 3577/2764/3900
f 3576/2765/3901 1193/1533/3914 1192/1534/3915
f 1476/1536/3916 1192/1534/3915 157/1536/3917
f 1475/2750/3918 3576/2765/3901 1476/1536/3916
f 1474/2750/3904 3573/2762/3897 1475/2750/3918
f 3579/2768/3919 3583/2769/3920 3582/2770/3921
f 3581/2771/3922 3583/2769/3920 3580/2772/3923
f 3582/2770/3921 3586/2772/3924 3585/2773/3925
f 3584/2774/3926 3586/2772/3924 3583/2769/3920
f 124/1520/3927 3579/2768/3919 1477/2758/3928
f 913/1518/3929 3580/2772/3923 3579/2768/3919
f 915/1516/3930 3580/2772/3923 914/1517/3931
f 125/2334/3932 3581/2771/3922 915/1516/3930
f 1455/2713/3933 3584/2774/3926 3581/2771/3922
f 1454/2334/3934 3587/2775/3935 3584/2774/3926
f 1453/2718/3936 1275/1516/3937 3587/2775/3935
f 3587/2775/3935 1274/1517/3938 3586/2772/3924
f 3585/2773/3925 1274/1517/3938 1273/2776/3939
f 1479/2758/3940 1273/2776/3939 184/2777/3941
f 1478/2758/3942 3585/2773/3925 1479/2758/3940
f 1477/2758/3928 3582/2770/3921 1478/2758/3942
f 3588/2778/3943 3592/2779/3944 3591/2778/3945
f 3590/2780/3946 3592/2779/3944 3589/1497/3947
f 3591/2778/3945 3595/2781/3948 3594/1498/3949
f 3593/2782/3950 3595/2781/3948 3592/2779/3944
f 98/1500/3951 3588/2778/3943 1480/1500/3952
f 835/1498/3953 3589/1497/3947 3588/2778/3943
f 837/1496/3954 3589/1497/3947 836/1497/3955
f 99/1467/3956 3590/2780/3946 837/1496/3954
f 1483/2783/3957 3593/2782/3950 3590/2780/3946
f 1484/1467/3958 3596/2784/3959 3593/2782/3950
f 1485/2785/3960 1197/1496/3961 3596/2784/3959
f 3596/2784/3959 1196/1497/3962 3595/2781/3948
f 3594/1498/3949 1196/1497/3962 1195/1498/3963
f 1482/2766/3964 1195/1498/3963 158/1500/3965
f 1481/2766/3966 3594/1498/3949 1482/2766/3964
f 1480/1500/3952 3591/2778/3945 1481/2766/3966
f 3597/2786/3967 3601/2787/3968 3600/1482/3969
f 3599/2788/3970 3601/2787/3968 3598/2789/3971
f 3600/1482/3969 3604/1481/3972 3603/2786/3973
f 3602/2790/3974 3604/1481/3972 3601/2787/3968
f 130/1484/3975 3597/2786/3967 1491/2791/3976
f 916/1482/3977 3598/2789/3971 3597/2786/3967
f 918/1480/3978 3598/2789/3971 917/1481/3979
f 126/679/3980 3599/2788/3970 918/1480/3978
f 1486/1479/3981 3602/2790/3974 3599/2788/3970
f 1487/1479/3982 3605/2792/3983 3602/2790/3974
f 1488/1479/3984 1278/1480/3985 3605/2792/3983
f 3605/2792/3983 1277/1481/3986 3604/1481/3972
f 3603/2786/3973 1277/1481/3986 1276/1482/3987
f 1489/2791/3988 1276/1482/3987 190/1484/3989
f 1490/1484/3990 3603/2786/3973 1489/2791/3988
f 1491/2791/3976 3600/1482/3969 1490/1484/3990
f 3606/2793/3991 3610/2794/3992 3609/2795/3993
f 3608/2796/3994 3610/2794/3992 3607/2797/3995
f 3609/2795/3993 3613/1464/3996 3612/2798/3997
f 3611/1463/3998 3613/1464/3996 3610/2794/3992
f 99/1467/3999 3606/2793/3991 1483/2783/4000
f 838/1465/4001 3607/2797/3995 3606/2793/3991
f 840/1463/4002 3607/2797/3995 839/1464/4003
f 100/2394/4004 3608/2796/3994 840/1463/4002
f 1467/2394/4005 3611/1463/3998 3608/2796/3994
f 1466/2394/4006 3614/2799/4007 3611/1463/3998
f 1465/2394/4008 1200/1463/4009 3614/2799/4007
f 3614/2799/4007 1199/1464/4010 3613/1464/3996
f 3612/2798/3997 1199/1464/4010 1198/1465/4011
f 1485/2785/4012 1198/1465/4011 159/2800/4013
f 1484/1467/4014 3612/2798/3997 1485/2785/4012
f 1483/2783/4000 3609/2795/3993 1484/1467/4014
f 3615/2801/4015 3619/2802/4016 3618/2803/4017
f 3617/2804/4018 3619/2802/4016 3616/2805/4019
f 3618/2803/4017 3622/2806/4020 3621/2803/4021
f 3620/2807/4022 3622/2806/4020 3619/2802/4016
f 126/876/4023 3615/2801/4015 1486/1444/4024
f 919/1448/4025 3616/2805/4019 3615/2801/4015
f 921/1446/4026 3616/2805/4019 920/1447/4027
f 127/1421/4028 3617/2804/4018 921/1446/4026
f 1492/2808/4029 3620/2807/4022 3617/2804/4018
f 1493/2809/4030 3623/2810/4031 3620/2807/4022
f 1494/2811/4032 1281/2812/4033 3623/2810/4031
f 3623/2810/4031 1280/2813/4034 3622/2806/4020
f 3621/2803/4021 1280/2813/4034 1279/2803/4035
f 1488/1444/4036 1279/2803/4035 186/876/4037
f 1487/1444/4038 3621/2803/4021 1488/1444/4036
f 1486/1444/4024 3618/2803/4017 1487/1444/4038
f 3624/2814/4039 3628/2815/4040 3627/1435/4041
f 3626/2816/4042 3628/2815/4040 3625/2817/4043
f 3627/1435/4041 3631/2817/4044 3630/2814/4045
f 3629/1433/4046 3631/2817/4044 3628/2815/4040
f 105/257/4047 3624/2814/4039 1500/1431/4048
f 841/1435/4049 3625/2817/4043 3624/2814/4039
f 843/1433/4050 3625/2817/4043 842/1434/4051
f 101/1404/4052 3626/2816/4042 843/1433/4050
f 1495/2818/4053 3629/1433/4046 3626/2816/4042
f 1496/2818/4054 3632/2819/4055 3629/1433/4046
f 1497/2820/4056 1203/1433/4057 3632/2819/4055
f 3632/2819/4055 1202/1434/4058 3631/2817/4044
f 3630/2814/4045 1202/1434/4058 1201/1435/4059
f 1498/1431/4060 1201/1435/4059 165/257/4061
f 1499/1431/4062 3630/2814/4045 1498/1431/4060
f 1500/1431/4048 3627/1435/4041 1499/1431/4062
f 3633/2821/4063 3637/2822/4064 3636/2823/4065
f 3635/2824/4066 3637/2822/4064 3634/2822/4067
f 3636/2823/4065 3640/2825/4068 3639/2826/4069
f 3638/2824/4070 3640/2825/4068 3637/2822/4064
f 127/1421/4071 3633/2821/4063 1492/2808/4072
f 922/1419/4073 3634/2822/4067 3633/2821/4063
f 924/1417/4074 3634/2822/4067 923/1418/4075
f 128/887/4076 3635/2824/4066 924/1417/4074
f 1501/1416/4077 3638/2824/4070 3635/2824/4066
f 1502/1416/4078 3641/2824/4079 3638/2824/4070
f 1503/1416/4080 1284/2827/4081 3641/2824/4079
f 3641/2824/4079 1283/2828/4082 3640/2825/4068
f 3639/2826/4069 1283/2828/4082 1282/2826/4083
f 1494/2811/4084 1282/2826/4083 187/2809/4085
f 1493/2809/4086 3639/2826/4069 1494/2811/4084
f 1492/2808/4072 3636/2823/4065 1493/2809/4086
f 3642/2829/4087 3646/2830/4088 3645/2831/4089
f 3644/2832/4090 3646/2830/4088 3643/2833/4091
f 3645/2831/4089 3649/2830/4092 3648/2834/4093
f 3647/2835/4094 3649/2830/4092 3646/2830/4088
f 101/1404/4095 3642/2829/4087 1495/2818/4096
f 844/1402/4097 3643/2833/4091 3642/2829/4087
f 846/1400/4098 3643/2833/4091 845/1401/4099
f 102/1760/4100 3644/2832/4090 846/1400/4098
f 1504/2836/4101 3647/2835/4094 3644/2832/4090
f 1505/2837/4102 3650/2838/4103 3647/2835/4094
f 1506/2839/4104 1206/1400/4105 3650/2838/4103
f 3650/2838/4103 1205/1401/4106 3649/2830/4092
f 3648/2834/4093 1205/1401/4106 1204/1402/4107
f 1497/2820/4108 1204/1402/4107 161/1404/4109
f 1496/2818/4110 3648/2834/4093 1497/2820/4108
f 1495/2818/4096 3645/2831/4089 1496/2818/4110
f 3651/1386/4111 3655/1385/4112 3654/1386/4113
f 3653/2840/4114 3655/1385/4112 3652/1385/4115
f 3654/1386/4113 3658/1385/4116 3657/1386/4117
f 3656/1384/4118 3658/1385/4116 3655/1385/4112
f 128/396/4119 3651/1386/4111 1501/1378/4120
f 925/1386/4121 3652/1385/4115 3651/1386/4111
f 927/1384/4122 3652/1385/4115 926/1385/4123
f 129/1774/4124 3653/2840/4114 927/1384/4122
f 1507/2841/4125 3656/1384/4118 3653/2840/4114
f 1508/1774/4126 3659/2840/4127 3656/1384/4118
f 1509/2841/4128 1287/1384/4129 3659/2840/4127
f 3659/2840/4127 1286/1385/4130 3658/1385/4116
f 3657/1386/4117 1286/1385/4130 1285/1386/4131
f 1503/1378/4132 1285/1386/4131 188/396/4133
f 1502/1378/4134 3657/1386/4117 1503/1378/4132
f 1501/1378/4120 3654/1386/4113 1502/1378/4134
f 3660/2842/4135 3664/2843/4136 3663/1759/4137
f 3662/2844/4138 3664/2843/4136 3661/2845/4139
f 3663/1759/4137 3667/2846/4140 3666/2847/4141
f 3665/2844/4142 3667/2846/4140 3664/2843/4136
f 102/1760/4143 3660/2842/4135 1504/2836/4144
f 847/1759/4145 3661/2845/4139 3660/2842/4135
f 849/1757/4146 3661/2845/4139 848/1758/4147
f 103/149/4148 3662/2844/4138 849/1757/4146
f 1510/1756/4149 3665/2844/4142 3662/2844/4138
f 1511/1756/4150 3668/1757/4151 3665/2844/4142
f 1512/1756/4152 1209/1757/4153 3668/1757/4151
f 3668/1757/4151 1208/1758/4154 3667/2846/4140
f 3666/2847/4141 1208/1758/4154 1207/1759/4155
f 1506/2839/4156 1207/1759/4155 162/1760/4157
f 1505/2837/4158 3666/2847/4141 1506/2839/4156
f 1504/2836/4144 3663/1759/4137 1505/2837/4158
f 3669/2848/4159 3673/2849/4160 3672/2850/4161
f 3671/2851/4162 3673/2849/4160 3670/1772/4163
f 3672/2850/4161 3676/1772/4164 3675/2852/4165
f 3674/2853/4166 3676/1772/4164 3673/2849/4160
f 129/1774/4167 3669/2848/4159 1507/2841/4168
f 928/1773/4169 3670/1772/4163 3669/2848/4159
f 930/1771/4170 3670/1772/4163 929/1772/4171
f 130/1484/4172 3671/2851/4162 930/1771/4170
f 1491/2791/4173 3674/2853/4166 3671/2851/4162
f 1490/1484/4174 3677/2851/4175 3674/2853/4166
f 1489/2791/4176 1290/1771/4177 3677/2851/4175
f 3677/2851/4175 1289/1772/4178 3676/1772/4164
f 3675/2852/4165 1289/1772/4178 1288/1773/4179
f 1509/2841/4180 1288/1773/4179 189/1774/4181
f 1508/1774/4182 3675/2852/4165 1509/2841/4180
f 1507/2841/4168 3672/2850/4161 1508/1774/4182
f 3678/1791/4183 3682/1790/4184 3681/2854/4185
f 3680/1789/4186 3682/1790/4184 3679/2855/4187
f 3681/2854/4185 3685/2855/4188 3684/2854/4189
f 3683/1789/4190 3685/2855/4188 3682/1790/4184
f 103/1292/4191 3678/1791/4183 1510/1783/4192
f 850/1791/4193 3679/2855/4187 3678/1791/4183
f 852/1789/4194 3679/2855/4187 851/1790/4195
f 104/1824/4196 3680/1789/4186 852/1789/4194
f 1513/2856/4197 3683/1789/4190 3680/1789/4186
f 1514/2857/4198 3686/2858/4199 3683/1789/4190
f 1515/2857/4200 1212/1789/4201 3686/2858/4199
f 3686/2858/4199 1211/1790/4202 3685/2855/4188
f 3684/2854/4189 1211/1790/4202 1210/1791/4203
f 1512/1783/4204 1210/1791/4203 163/1292/4205
f 1511/1783/4206 3684/2854/4189 1512/1783/4204
f 1510/1783/4192 3681/2854/4185 1511/1783/4206
f 3687/2859/4207 3691/2860/4208 3690/2861/4209
f 3689/2862/4210 3691/2860/4208 3688/2863/4211
f 3690/2861/4209 3694/2864/4212 3693/2859/4213
f 3692/2865/4214 3694/2864/4212 3691/2860/4208
f 135/1740/4215 3687/2859/4207 1351/1741/4216
f 931/1807/4217 3688/2863/4211 3687/2859/4207
f 933/1805/4218 3688/2863/4211 932/1806/4219
f 131/1840/4220 3689/2862/4210 933/1805/4218
f 1516/1840/4221 3692/2865/4214 3689/2862/4210
f 1517/2866/4222 3695/2867/4223 3692/2865/4214
f 1518/2868/4224 1293/1805/4225 3695/2867/4223
f 3695/2867/4223 1292/2864/4226 3694/2864/4212
f 3693/2859/4213 1292/2864/4226 1291/1807/4227
f 1353/1744/4228 1291/1807/4227 195/1740/4229
f 1352/1742/4230 3693/2859/4213 1353/1744/4228
f 1351/1741/4216 3690/2861/4209 1352/1742/4230
f 3696/2869/4231 3700/2870/4232 3699/2869/4233
f 3698/2871/4234 3700/2870/4232 3697/2870/4235
f 3699/2869/4233 3703/1822/4236 3702/1823/4237
f 3701/2871/4238 3703/1822/4236 3700/2870/4232
f 104/1824/4239 3696/2869/4231 1513/2856/4240
f 853/1823/4241 3697/2870/4235 3696/2869/4231
f 855/1821/4242 3697/2870/4235 854/1822/4243
f 105/1348/4244 3698/2871/4234 855/1821/4242
f 1500/1820/4245 3701/2871/4238 3698/2871/4234
f 1499/1820/4246 3704/2872/4247 3701/2871/4238
f 1498/1820/4248 1215/1821/4249 3704/2872/4247
f 3704/2872/4247 1214/1822/4250 3703/1822/4236
f 3702/1823/4237 1214/1822/4250 1213/1823/4251
f 1515/2857/4252 1213/1823/4251 164/1824/4253
f 1514/2857/4254 3702/1823/4237 1515/2857/4252
f 1513/2856/4240 3699/2869/4233 1514/2857/4254
f 3705/2873/4255 3709/2874/4256 3708/2875/4257
f 3707/2876/4258 3709/2874/4256 3706/2877/4259
f 3708/2875/4257 3712/2874/4260 3711/2878/4261
f 3710/2876/4262 3712/2874/4260 3709/2874/4256
f 131/1840/4263 3705/2873/4255 1516/1840/4264
f 934/1839/4265 3706/2877/4259 3705/2873/4255
f 936/1837/4266 3706/2877/4259 935/1838/4267
f 132/1870/4268 3707/2876/4258 936/1837/4266
f 1519/2879/4269 3710/2876/4262 3707/2876/4258
f 1520/2880/4270 3713/1837/4271 3710/2876/4262
f 1521/2881/4272 1296/1837/4273 3713/1837/4271
f 3713/1837/4271 1295/1838/4274 3712/2874/4260
f 3711/2878/4261 1295/1838/4274 1294/1839/4275
f 1518/2868/4276 1294/1839/4275 191/1840/4277
f 1517/2866/4278 3711/2878/4261 1518/2868/4276
f 1516/1840/4264 3708/2875/4257 1517/2866/4278
f 3714/1856/4279 3718/1855/4280 3717/1856/4281
f 3716/2882/4282 3718/1855/4280 3715/2883/4283
f 3717/1856/4281 3721/2884/4284 3720/1856/4285
f 3719/2885/4286 3721/2884/4284 3718/1855/4280
f 110/281/4287 3714/1856/4279 1369/1849/4288
f 856/1856/4289 3715/2883/4283 3714/1856/4279
f 858/1854/4290 3715/2883/4283 857/1855/4291
f 106/1886/4292 3716/2882/4282 858/1854/4290
f 1522/2886/4293 3719/2885/4286 3716/2882/4282
f 1523/2886/4294 3722/2887/4295 3719/2885/4286
f 1524/2888/4296 1218/1854/4297 3722/2887/4295
f 3722/2887/4295 1217/1855/4298 3721/2884/4284
f 3720/1856/4285 1217/1855/4298 1216/1856/4299
f 1371/1849/4300 1216/1856/4299 170/281/4301
f 1370/1849/4302 3720/1856/4285 1371/1849/4300
f 1369/1849/4288 3717/1856/4281 1370/1849/4302
f 3723/2889/4303 3727/2890/4304 3726/1869/4305
f 3725/2891/4306 3727/2890/4304 3724/1868/4307
f 3726/1869/4305 3730/2892/4308 3729/2889/4309
f 3728/2893/4310 3730/2892/4308 3727/2890/4304
f 132/1870/4311 3723/2889/4303 1519/2879/4312
f 937/1869/4313 3724/1868/4307 3723/2889/4303
f 939/1867/4314 3724/1868/4307 938/1868/4315
f 133/838/4316 3725/2891/4306 939/1867/4314
f 1525/1866/4317 3728/2893/4310 3725/2891/4306
f 1526/1866/4318 3731/1867/4319 3728/2893/4310
f 1527/1866/4320 1299/1867/4321 3731/1867/4319
f 3731/1867/4319 1298/1868/4322 3730/2892/4308
f 3729/2889/4309 1298/1868/4322 1297/1869/4323
f 1521/2881/4324 1297/1869/4323 192/1870/4325
f 1520/2880/4326 3729/2889/4309 1521/2881/4324
f 1519/2879/4312 3726/1869/4305 1520/2880/4326
f 3732/2894/4327 3736/2895/4328 3735/2896/4329
f 3734/2897/4330 3736/2895/4328 3733/2898/4331
f 3735/2896/4329 3739/2899/4332 3738/1885/4333
f 3737/2900/4334 3739/2899/4332 3736/2895/4328
f 106/1886/4335 3732/2894/4327 1522/2886/4336
f 859/1885/4337 3733/2898/4331 3732/2894/4327
f 861/1883/4338 3733/2898/4331 860/1884/4339
f 107/1919/4340 3734/2897/4330 861/1883/4338
f 1528/2901/4341 3737/2900/4334 3734/2897/4330
f 1529/2902/4342 3740/2903/4343 3737/2900/4334
f 1530/2904/4344 1221/1883/4345 3740/2903/4343
f 3740/2903/4343 1220/1884/4346 3739/2899/4332
f 3738/1885/4333 1220/1884/4346 1219/1885/4347
f 1524/2888/4348 1219/1885/4347 166/1886/4349
f 1523/2886/4350 3738/1885/4333 1524/2888/4348
f 1522/2886/4336 3735/2896/4329 1523/2886/4350
f 3741/2905/4351 3745/1902/4352 3744/1903/4353
f 3743/2906/4354 3745/1902/4352 3742/2907/4355
f 3744/1903/4353 3748/2907/4356 3747/1903/4357
f 3746/1901/4358 3748/2907/4356 3745/1902/4352
f 133/420/4359 3741/2905/4351 1525/1895/4360
f 940/1903/4361 3742/2907/4355 3741/2905/4351
f 942/1901/4362 3742/2907/4355 941/1902/4363
f 134/1737/4364 3743/2906/4354 942/1901/4362
f 1356/1738/4365 3746/1901/4358 3743/2906/4354
f 1355/1746/4366 3749/2906/4367 3746/1901/4358
f 1354/1745/4368 1302/1901/4369 3749/2906/4367
f 3749/2906/4367 1301/1902/4370 3748/2907/4356
f 3747/1903/4357 1301/1902/4370 1300/1903/4371
f 1527/1895/4372 1300/1903/4371 193/420/4373
f 1526/1895/4374 3747/1903/4357 1527/1895/4372
f 1525/1895/4360 3744/1903/4353 1526/1895/4374
f 3750/1918/4375 3754/2908/4376 3753/2909/4377
f 3752/2910/4378 3754/2908/4376 3751/2911/4379
f 3753/2909/4377 3757/2911/4380 3756/2912/4381
f 3755/2913/4382 3757/2911/4380 3754/2908/4376
f 107/1919/4383 3750/1918/4375 1528/2901/4384
f 862/1918/4385 3751/2911/4379 3750/1918/4375
f 864/1916/4386 3751/2911/4379 863/1917/4387
f 108/1719/4388 3752/2910/4378 864/1916/4386
f 1362/1720/4389 3755/2913/4382 3752/2910/4378
f 1361/1728/4390 3758/2914/4391 3755/2913/4382
f 1360/1726/4392 1224/2915/4393 3758/2914/4391
f 3758/2914/4391 1223/2916/4394 3757/2911/4380
f 3756/2912/4381 1223/2916/4394 1222/1918/4395
f 1530/2904/4396 1222/1918/4395 167/1919/4397
f 1529/2902/4398 3756/2912/4381 1530/2904/4396
f 1528/2901/4384 3753/2909/4377 1529/2902/4398
f 3761/2917/4399 3769/2918/4400 3760/2919/4401
f 3763/2920/4402 3761/2917/4399 3762/2921/4403
f 3765/2922/4404 3763/2920/4402 3764/2923/4405
f 3767/2924/4406 3765/2922/4404 3766/2925/4407
f 3769/2918/4400 3767/2924/4406 3768/2926/4408
f 1534/2927/4409 1533/2928/4410 211/2929/4411
f 1535/2930/4412 3760/2919/4401 1534/2927/4409
f 3760/2919/4401 1532/2931/4413 1533/2928/4410
f 1537/2932/4414 1536/2933/4415 212/2934/4416
f 1538/2935/4417 3762/2921/4403 1537/2932/4414
f 3762/2921/4403 1535/2930/4412 1536/2933/4415
f 1540/2936/4418 1539/2937/4419 213/2938/4420
f 1541/2939/4421 3764/2923/4405 1540/2936/4418
f 3764/2923/4405 1538/2935/4417 1539/2937/4419
f 1543/2940/4422 1542/2941/4423 214/2301/4424
f 1544/2942/4425 3766/2925/4407 1543/2940/4422
f 3766/2925/4407 1541/2939/4421 1542/2941/4423
f 1531/2943/4426 1545/2944/4427 215/2531/4428
f 1532/2931/4413 3768/2926/4408 1531/2943/4426
f 3768/2926/4408 1544/2942/4425 1545/2944/4427
f 3772/2945/4429 3780/2946/4430 3771/2947/4431
f 3774/2948/4432 3772/2945/4429 3773/2949/4433
f 3776/2950/4434 3774/2948/4432 3775/2951/4435
f 3778/2952/4436 3776/2950/4434 3777/2953/4437
f 3780/2946/4430 3778/2952/4436 3779/2954/4438
f 1549/2955/4439 1548/2491/4440 216/1327/4441
f 1550/2956/4442 3771/2947/4431 1549/2955/4439
f 3771/2947/4431 1547/2492/4443 1548/2491/4440
f 1552/2957/4444 1551/2958/4445 217/2449/4446
f 1553/2959/4447 3773/2949/4433 1552/2957/4444
f 3773/2949/4433 1550/2956/4442 1551/2958/4445
f 1555/2960/4448 1554/2961/4449 218/2962/4450
f 1556/2963/4451 3775/2951/4435 1555/2960/4448
f 3775/2951/4435 1553/2959/4447 1554/2961/4449
f 1558/2964/4452 1557/2965/4453 219/2966/4454
f 1559/2967/4455 3777/2953/4437 1558/2964/4452
f 3777/2953/4437 1556/2963/4451 1557/2965/4453
f 1546/2493/4456 1560/2968/4457 220/2494/4458
f 1547/2492/4443 3779/2954/4438 1546/2493/4456
f 3779/2954/4438 1559/2967/4455 1560/2968/4457
f 3783/2969/4459 3791/2970/4460 3782/2971/4461
f 3785/2972/4462 3783/2969/4459 3784/2973/4463
f 3787/2974/4464 3785/2972/4462 3786/2975/4465
f 3789/2976/4466 3787/2974/4464 3788/2977/4467
f 3791/2970/4460 3789/2976/4466 3790/2978/4468
f 1564/2979/4469 1563/2980/4470 221/2981/4471
f 1565/2982/4472 3782/2971/4461 1564/2979/4469
f 3782/2971/4461 1562/2983/4473 1563/2980/4470
f 1567/2984/4474 1566/2985/4475 222/2986/4476
f 1568/2987/4477 3784/2973/4463 1567/2984/4474
f 3784/2973/4463 1565/2982/4472 1566/2985/4475
f 1570/2988/4478 1569/2989/4479 223/2990/4480
f 1571/2991/4481 3786/2975/4465 1570/2988/4478
f 3786/2975/4465 1568/2987/4477 1569/2989/4479
f 1573/2992/4482 1572/2993/4483 224/2994/4484
f 1574/2995/4485 3788/2977/4467 1573/2992/4482
f 3788/2977/4467 1571/2991/4481 1572/2993/4483
f 1561/2996/4486 1575/2997/4487 225/2998/4488
f 1562/2983/4473 3790/2978/4468 1561/2996/4486
f 3790/2978/4468 1574/2995/4485 1575/2997/4487
f 3794/2999/4489 3802/3000/4490 3793/3001/4491
f 3796/3002/4492 3794/2999/4489 3795/3003/4493
f 3798/3004/4494 3796/3002/4492 3797/3005/4495
f 3800/3006/4496 3798/3004/4494 3799/3007/4497
f 3802/3000/4490 3800/3006/4496 3801/3008/4498
f 1579/3009/4499 1578/3010/4500 226/3011/4501
f 1580/3012/4502 3793/3001/4491 1579/3009/4499
f 3793/3001/4491 1577/3013/4503 1578/3010/4500
f 1582/3014/4504 1581/3015/4505 227/3016/4506
f 1583/3017/4507 3795/3003/4493 1582/3014/4504
f 3795/3003/4493 1580/3012/4502 1581/3015/4505
f 1585/3018/4508 1584/3019/4509 228/3020/4510
f 1586/3021/4511 3797/3005/4495 1585/3018/4508
f 3797/3005/4495 1583/3017/4507 1584/3019/4509
f 1588/3022/4512 1587/3023/4513 229/3024/4514
f 1589/3025/4515 3799/3007/4497 1588/3022/4512
f 3799/3007/4497 1586/3021/4511 1587/3023/4513
f 1576/3026/4516 1590/3027/4517 230/1259/4518
f 1577/3013/4503 3801/3008/4498 1576/3026/4516
f 3801/3008/4498 1589/3025/4515 1590/3027/4517
f 3805/3028/4519 3813/3029/4520 3804/3030/4521
f 3807/3031/4522 3805/3028/4519 3806/3032/4523
f 3809/3033/4524 3807/3031/4522 3808/3034/4525
f 3811/3035/4526 3809/3033/4524 3810/3036/4527
f 3813/3029/4520 3811/3035/4526 3812/3037/4528
f 1594/3038/4529 1593/3039/4530 231/3040/4531
f 1595/3041/4532 3804/3030/4521 1594/3038/4529
f 3804/3030/4521 1592/3042/4533 1593/3039/4530
f 1597/3043/4534 1596/3044/4535 232/3045/4536
f 1598/3046/4537 3806/3032/4523 1597/3043/4534
f 3806/3032/4523 1595/3041/4532 1596/3044/4535
f 1600/3047/4538 1599/3048/4539 233/3049/4540
f 1601/3050/4541 3808/3034/4525 1600/3047/4538
f 3808/3034/4525 1598/3046/4537 1599/3048/4539
f 1603/3051/4542 1602/3052/4543 234/3053/4544
f 1604/3054/4545 3810/3036/4527 1603/3051/4542
f 3810/3036/4527 1601/3050/4541 1602/3052/4543
f 1591/3055/4546 1605/3056/4547 235/1218/4548
f 1592/3042/4533 3812/3037/4528 1591/3055/4546
f 3812/3037/4528 1604/3054/4545 1605/3056/4547
f 3816/3057/4549 3824/3058/4550 3815/3059/4551
f 3818/3060/4552 3816/3057/4549 3817/3061/4553
f 3820/3062/4554 3818/3060/4552 3819/3063/4555
f 3822/3064/4556 3820/3062/4554 3821/3065/4557
f 3824/3058/4550 3822/3064/4556 3823/3066/4558
f 1609/3067/4559 1608/3068/4560 236/324/4561
f 1610/3069/4562 3815/3059/4551 1609/3067/4559
f 3815/3059/4551 1607/3070/4563 1608/3068/4560
f 1612/3071/4564 1611/3072/4565 237/3073/4566
f 1613/3074/4567 3817/3061/4553 1612/3071/4564
f 3817/3061/4553 1610/3069/4562 1611/3072/4565
f 1615/3075/4568 1614/3076/4569 238/3077/4570
f 1616/3078/4571 3819/3063/4555 1615/3075/4568
f 3819/3063/4555 1613/3074/4567 1614/3076/4569
f 1618/2597/4572 1617/3079/4573 239/2598/4574
f 1619/2596/4575 3821/3065/4557 1618/2597/4572
f 3821/3065/4557 1616/3078/4571 1617/3079/4573
f 1606/3080/4576 1620/2595/4577 240/2594/4578
f 1607/3070/4563 3823/3066/4558 1606/3080/4576
f 3823/3066/4558 1619/2596/4575 1620/2595/4577
f 3827/3081/4579 3835/3082/4580 3826/3083/4581
f 3829/3084/4582 3827/3081/4579 3828/3085/4583
f 3831/3086/4584 3829/3084/4582 3830/3087/4585
f 3833/3088/4586 3831/3086/4584 3832/3089/4587
f 3835/3082/4580 3833/3088/4586 3834/3090/4588
f 1624/2513/4589 1623/2549/4590 241/2514/4591
f 1625/2512/4592 3826/3083/4581 1624/2513/4589
f 3826/3083/4581 1622/2550/4593 1623/2549/4590
f 1627/2466/4594 1626/2511/4595 242/2467/4596
f 1628/2465/4597 3828/3085/4583 1627/2466/4594
f 3828/3085/4583 1625/2512/4592 1626/2511/4595
f 1630/3091/4598 1629/2464/4599 243/932/4600
f 1631/3092/4601 3830/3087/4585 1630/3091/4598
f 3830/3087/4585 1628/2465/4597 1629/2464/4599
f 1633/3093/4602 1632/3094/4603 244/3095/4604
f 1634/3096/4605 3832/3089/4587 1633/3093/4602
f 3832/3089/4587 1631/3092/4601 1632/3094/4603
f 1621/2551/4606 1635/3097/4607 245/2552/4608
f 1622/2550/4593 3834/3090/4588 1621/2551/4606
f 3834/3090/4588 1634/3096/4605 1635/3097/4607
f 3838/3098/4609 3846/3099/4610 3837/3100/4611
f 3840/3101/4612 3838/3098/4609 3839/3102/4613
f 3842/3103/4614 3840/3101/4612 3841/3104/4615
f 3844/3105/4616 3842/3103/4614 3843/3106/4617
f 3846/3099/4610 3844/3105/4616 3845/3107/4618
f 1639/3108/4619 1638/3109/4620 246/1479/4621
f 1640/3110/4622 3837/3100/4611 1639/3108/4619
f 3837/3100/4611 1637/3111/4623 1638/3109/4620
f 1642/3112/4624 1641/3113/4625 247/3114/4626
f 1643/3115/4627 3839/3102/4613 1642/3112/4624
f 3839/3102/4613 1640/3110/4622 1641/3113/4625
f 1645/3116/4628 1644/3117/4629 248/1416/4630
f 1646/3118/4631 3841/3104/4615 1645/3116/4628
f 3841/3104/4615 1643/3115/4627 1644/3117/4629
f 1648/3119/4632 1647/3120/4633 249/3121/4634
f 1649/3122/4635 3843/3106/4617 1648/3119/4632
f 3843/3106/4617 1646/3118/4631 1647/3120/4633
f 1636/3123/4636 1650/3124/4637 250/3125/4638
f 1637/3111/4623 3845/3107/4618 1636/3123/4636
f 3845/3107/4618 1649/3122/4635 1650/3124/4637
f 3849/3126/4639 3857/3127/4640 3848/3128/4641
f 3851/3129/4642 3849/3126/4639 3850/3130/4643
f 3853/3131/4644 3851/3129/4642 3852/3132/4645
f 3855/3133/4646 3853/3131/4644 3854/3134/4647
f 3857/3127/4640 3855/3133/4646 3856/3135/4648
f 1654/3136/4649 1653/3137/4650 251/3138/4651
f 1655/3139/4652 3848/3128/4641 1654/3136/4649
f 3848/3128/4641 1652/3140/4653 1653/3137/4650
f 1657/3141/4654 1656/3142/4655 252/3143/4656
f 1658/3144/4657 3850/3130/4643 1657/3141/4654
f 3850/3130/4643 1655/3139/4652 1656/3142/4655
f 1660/3145/4658 1659/3146/4659 253/838/4660
f 1661/3147/4661 3852/3132/4645 1660/3145/4658
f 3852/3132/4645 1658/3144/4657 1659/3146/4659
f 1663/3148/4662 1662/3149/4663 254/3150/4664
f 1664/3151/4665 3854/3134/4647 1663/3148/4662
f 3854/3134/4647 1661/3147/4661 1662/3149/4663
f 1651/3152/4666 1665/3153/4667 255/3154/4668
f 1652/3140/4653 3856/3135/4648 1651/3152/4666
f 3856/3135/4648 1664/3151/4665 1665/3153/4667
f 3860/3155/4669 3868/3156/4670 3859/3157/4671
f 3862/3158/4672 3860/3155/4669 3861/3159/4673
f 3864/3160/4674 3862/3158/4672 3863/3161/4675
f 3866/3162/4676 3864/3160/4674 3865/3163/4677
f 3868/3156/4670 3866/3162/4676 3867/3164/4678
f 1669/3165/4679 1668/3166/4680 256/3167/4681
f 1670/3168/4682 3859/3157/4671 1669/3165/4679
f 3859/3157/4671 1667/3169/4683 1668/3166/4680
f 1672/3170/4684 1671/3171/4685 257/3172/4686
f 1673/3173/4687 3861/3159/4673 1672/3170/4684
f 3861/3159/4673 1670/3168/4682 1671/3171/4685
f 1675/3174/4688 1674/3175/4689 258/793/4690
f 1676/3176/4691 3863/3161/4675 1675/3174/4688
f 3863/3161/4675 1673/3173/4687 1674/3175/4689
f 1678/3177/4692 1677/3178/4693 259/3179/4694
f 1679/3180/4695 3865/3163/4677 1678/3177/4692
f 3865/3163/4677 1676/3176/4691 1677/3178/4693
f 1666/3181/4696 1680/3182/4697 260/3183/4698
f 1667/3169/4683 3867/3164/4678 1666/3181/4696
f 3867/3164/4678 1679/3180/4695 1680/3182/4697
f 3871/3184/4699 3879/3185/4700 3870/3186/4701
f 3873/3187/4702 3871/3184/4699 3872/3188/4703
f 3875/3189/4704 3873/3187/4702 3874/3190/4705
f 3877/3191/4706 3875/3189/4704 3876/3192/4707
f 3879/3185/4700 3877/3191/4706 3878/3193/4708
f 1684/3194/4709 1683/3195/4710 261/3196/4711
f 1685/3197/4712 3870/3186/4701 1684/3194/4709
f 3870/3186/4701 1682/3198/4713 1683/3195/4710
f 1687/3199/4714 1686/3200/4715 262/3201/4716
f 1688/3202/4717 3872/3188/4703 1687/3199/4714
f 3872/3188/4703 1685/3197/4712 1686/3200/4715
f 1690/3203/4718 1689/3204/4719 263/748/4720
f 1691/3205/4721 3874/3190/4705 1690/3203/4718
f 3874/3190/4705 1688/3202/4717 1689/3204/4719
f 1693/3206/4722 1692/3207/4723 264/3208/4724
f 1694/3209/4725 3876/3192/4707 1693/3206/4722
f 3876/3192/4707 1691/3205/4721 1692/3207/4723
f 1681/3210/4726 1695/3211/4727 265/3212/4728
f 1682/3198/4713 3878/3193/4708 1681/3210/4726
f 3878/3193/4708 1694/3209/4725 1695/3211/4727
f 3882/3213/4729 3890/3214/4730 3881/2610/4731
f 3884/3215/4732 3882/3213/4729 3883/3216/4733
f 3886/3217/4734 3884/3215/4732 3885/3218/4735
f 3888/3219/4736 3886/3217/4734 3887/3220/4737
f 3890/3214/4730 3888/3219/4736 3889/3221/4738
f 1699/3222/4739 1698/3223/4740 266/2610/4741
f 1700/3224/4742 3881/2610/4731 1699/3222/4739
f 3881/2610/4731 1697/3225/4743 1698/3223/4740
f 1702/3226/4744 1701/3227/4745 267/2563/4746
f 1703/3228/4747 3883/3216/4733 1702/3226/4744
f 3883/3216/4733 1700/3224/4742 1701/3227/4745
f 1705/2315/4748 1704/3229/4749 268/2522/4750
f 1706/2272/4751 3885/3218/4735 1705/2315/4748
f 3885/3218/4735 1703/3228/4747 1704/3229/4749
f 1708/3230/4752 1707/3231/4753 269/2474/4754
f 1709/3232/4755 3887/3220/4737 1708/3230/4752
f 3887/3220/4737 1706/2272/4751 1707/3231/4753
f 1696/3233/4756 1710/3234/4757 270/3235/4758
f 1697/3225/4743 3889/3221/4738 1696/3233/4756
f 3889/3221/4738 1709/3232/4755 1710/3234/4757
f 3892/2753/4759 3894/1565/4760 3891/1565/4761
f 3892/2753/4759 3896/2752/4762 3895/1564/4763
f 3895/1564/4763 3897/1565/4764 3894/1565/4760
f 3895/1564/4763 3899/1563/4765 3898/1564/4766
f 1348/1565/4767 1753/1560/4768 209/472/4769
f 1349/1564/4770 3891/1565/4761 1348/1565/4767
f 1349/1564/4770 3893/2752/4771 3892/2753/4759
f 1350/1563/4772 1716/1562/4773 3893/2752/4771
f 3893/2752/4771 1715/1562/4774 3896/2752/4762
f 3896/2752/4762 1714/1562/4775 3899/1563/4765
f 3899/1563/4765 270/3235/4776 1710/1563/4777
f 3898/1564/4766 1710/1563/4777 1709/1564/4778
f 3898/1564/4766 1708/3236/4779 3897/1565/4764
f 3897/1565/4764 269/3237/4780 1755/1560/4781
f 3894/1565/4760 1755/1560/4781 1754/1560/4782
f 3891/1565/4761 1754/1560/4782 1753/1560/4768
f 3901/3238/4783 3903/3239/4784 3900/3240/4785
f 3901/3238/4783 3905/3241/4786 3904/3242/4787
f 3904/3242/4787 3906/3243/4788 3903/3239/4784
f 3904/3242/4787 3908/3244/4789 3907/3245/4790
f 1270/1551/4791 1756/1546/4792 183/372/4793
f 1271/1550/4794 3900/3240/4785 1270/1551/4791
f 1271/1550/4794 3902/3246/4795 3901/3238/4783
f 1272/2755/4796 1762/3247/4797 3902/3246/4795
f 3902/3246/4795 1763/3248/4798 3905/3241/4786
f 3905/3241/4786 1764/3249/4799 3908/3244/4789
f 3908/3244/4789 244/3095/4800 1632/3250/4801
f 3907/3245/4790 1632/3250/4801 1631/3251/4802
f 3907/3245/4790 1630/3252/4803 3906/3243/4788
f 3906/3243/4788 243/3253/4804 1758/1546/4805
f 3903/3239/4784 1758/1546/4805 1757/1546/4806
f 3900/3240/4785 1757/1546/4806 1756/1546/4792
f 3910/3254/4807 3912/3255/4808 3909/3256/4809
f 3910/3254/4807 3914/3257/4810 3913/3258/4811
f 3913/3258/4811 3915/3259/4812 3912/3255/4808
f 3913/3258/4811 3917/3260/4813 3916/3261/4814
f 1192/1534/4815 1759/2446/4816 157/1536/4817
f 1193/1533/4818 3909/3256/4809 1192/1534/4815
f 1193/1533/4818 3911/3262/4819 3910/3254/4807
f 1194/1532/4820 1765/3263/4821 3911/3262/4819
f 3911/3262/4819 1766/3264/4822 3914/3257/4810
f 3914/3257/4810 1767/3265/4823 3917/3260/4813
f 3917/3260/4813 218/2962/4824 1554/2961/4825
f 3916/3261/4814 1554/2961/4825 1553/2959/4826
f 3916/3261/4814 1552/2957/4827 3915/3259/4812
f 3915/3259/4812 217/2449/4828 1761/2448/4829
f 3912/3255/4808 1761/2448/4829 1760/2447/4830
f 3909/3256/4809 1760/2447/4830 1759/2446/4816
f 3919/3266/4831 3921/3267/4832 3918/3268/4833
f 3919/3266/4831 3923/3269/4834 3922/3270/4835
f 3922/3270/4835 3924/3271/4836 3921/3267/4832
f 3922/3270/4835 3926/3272/4837 3925/3273/4838
f 1273/2776/4839 1762/3247/4840 184/2777/4841
f 1274/1517/4842 3918/3268/4833 1273/2776/4839
f 1274/1517/4842 3920/3274/4843 3919/3266/4831
f 1275/1516/4844 1737/2544/4845 3920/3274/4843
f 3920/3274/4843 1736/2554/4846 3923/3269/4834
f 3923/3269/4834 1735/2553/4847 3926/3272/4837
f 3926/3272/4837 245/2552/4848 1635/3097/4849
f 3925/3273/4838 1635/3097/4849 1634/3096/4850
f 3925/3273/4838 1633/3093/4851 3924/3271/4836
f 3924/3271/4836 244/3095/4852 1764/3249/4853
f 3921/3267/4832 1764/3249/4853 1763/3248/4854
f 3918/3268/4833 1763/3248/4854 1762/3247/4840
f 3928/3275/4855 3930/3276/4856 3927/3277/4857
f 3928/3275/4855 3932/3278/4858 3931/3279/4859
f 3931/3279/4859 3933/3280/4860 3930/3276/4856
f 3931/3279/4859 3935/3281/4861 3934/3282/4862
f 1195/1498/4863 1765/3263/4864 158/1500/4865
f 1196/1497/4866 3927/3277/4857 1195/1498/4863
f 1196/1497/4866 3929/3283/4867 3928/3275/4855
f 1197/1496/4868 1768/3284/4869 3929/3283/4867
f 3929/3283/4867 1769/3285/4870 3932/3278/4858
f 3932/3278/4858 1770/3286/4871 3935/3281/4861
f 3935/3281/4861 219/2966/4872 1557/2965/4873
f 3934/3282/4862 1557/2965/4873 1556/2963/4874
f 3934/3282/4862 1555/2960/4875 3933/3280/4860
f 3933/3280/4860 218/2962/4876 1767/3265/4877
f 3930/3276/4856 1767/3265/4877 1766/3264/4878
f 3927/3277/4857 1766/3264/4878 1765/3263/4864
f 3937/3287/4879 3939/3288/4880 3936/3289/4881
f 3937/3287/4879 3941/3290/4882 3940/3291/4883
f 3940/3291/4883 3942/3292/4884 3939/3288/4880
f 3940/3291/4883 3944/3293/4885 3943/3294/4886
f 1276/1482/4887 1776/3295/4888 190/1484/4889
f 1277/1481/4890 3936/3289/4881 1276/1482/4887
f 1277/1481/4890 3938/3296/4891 3937/3287/4879
f 1278/1480/4892 1771/1479/4893 3938/3296/4891
f 3938/3296/4891 1772/1479/4894 3941/3290/4882
f 3941/3290/4882 1773/1479/4895 3944/3293/4885
f 3944/3293/4885 246/1479/4896 1638/3109/4897
f 3943/3294/4886 1638/3109/4897 1637/3111/4898
f 3943/3294/4886 1636/3123/4899 3942/3292/4884
f 3942/3292/4884 250/3125/4900 1774/3297/4901
f 3939/3288/4880 1774/3297/4901 1775/3298/4902
f 3936/3289/4881 1775/3298/4902 1776/3295/4888
f 3946/3299/4903 3948/3300/4904 3945/3301/4905
f 3946/3299/4903 3950/3302/4906 3949/3303/4907
f 3949/3303/4907 3951/3304/4908 3948/3300/4904
f 3949/3303/4907 3953/3305/4909 3952/3306/4910
f 1198/1465/4911 1768/3284/4912 159/2800/4913
f 1199/1464/4914 3945/3301/4905 1198/1465/4911
f 1199/1464/4914 3947/3307/4915 3946/3299/4903
f 1200/1463/4916 1752/2487/4917 3947/3307/4915
f 3947/3307/4915 1751/2496/4918 3950/3302/4906
f 3950/3302/4906 1750/2495/4919 3953/3305/4909
f 3953/3305/4909 220/2494/4920 1560/2968/4921
f 3952/3306/4910 1560/2968/4921 1559/2967/4922
f 3952/3306/4910 1558/2964/4923 3951/3304/4908
f 3951/3304/4908 219/2966/4924 1770/3286/4925
f 3948/3300/4904 1770/3286/4925 1769/3285/4926
f 3945/3301/4905 1769/3285/4926 1768/3284/4912
f 3955/3308/4927 3957/3309/4928 3954/3310/4929
f 3955/3308/4927 3959/3311/4930 3958/3312/4931
f 3958/3312/4931 3960/3313/4932 3957/3309/4928
f 3958/3312/4931 3962/3314/4933 3961/3315/4934
f 1279/2803/4935 1771/1444/4936 186/876/4937
f 1280/2813/4938 3954/3310/4929 1279/2803/4935
f 1280/2813/4938 3956/3316/4939 3955/3308/4927
f 1281/2812/4940 1777/3317/4941 3956/3316/4939
f 3956/3316/4939 1778/3318/4942 3959/3311/4930
f 3959/3311/4930 1779/3319/4943 3962/3314/4933
f 3962/3314/4933 247/3320/4944 1641/3321/4945
f 3961/3315/4934 1641/3321/4945 1640/3322/4946
f 3961/3315/4934 1639/3323/4947 3960/3313/4932
f 3960/3313/4932 246/3324/4948 1773/1444/4949
f 3957/3309/4928 1773/1444/4949 1772/1444/4950
f 3954/3310/4929 1772/1444/4950 1771/1444/4936
f 3964/3325/4951 3966/3326/4952 3963/3327/4953
f 3964/3325/4951 3968/3328/4954 3967/3329/4955
f 3967/3329/4955 3969/3330/4956 3966/3326/4952
f 3967/3329/4955 3971/3331/4957 3970/3332/4958
f 1201/1435/4959 1785/1431/4960 165/257/4961
f 1202/1434/4962 3963/3327/4953 1201/1435/4959
f 1202/1434/4962 3965/3333/4963 3964/3325/4951
f 1203/1433/4964 1780/3334/4965 3965/3333/4963
f 3965/3333/4963 1781/3335/4966 3968/3328/4954
f 3968/3328/4954 1782/3336/4967 3971/3331/4957
f 3971/3331/4957 221/2981/4968 1563/3337/4969
f 3970/3332/4958 1563/3337/4969 1562/3338/4970
f 3970/3332/4958 1561/3339/4971 3969/3330/4956
f 3969/3330/4956 225/3340/4972 1783/1431/4973
f 3966/3326/4952 1783/1431/4973 1784/1431/4974
f 3963/3327/4953 1784/1431/4974 1785/1431/4960
f 3973/3341/4975 3975/3342/4976 3972/3343/4977
f 3973/3341/4975 3977/3344/4978 3976/3345/4979
f 3976/3345/4979 3978/3346/4980 3975/3342/4976
f 3976/3345/4979 3980/3347/4981 3979/3348/4982
f 1282/2826/4983 1777/3317/4984 187/2809/4985
f 1283/2828/4986 3972/3343/4977 1282/2826/4983
f 1283/2828/4986 3974/3349/4987 3973/3341/4975
f 1284/2827/4988 1786/1416/4989 3974/3349/4987
f 3974/3349/4987 1787/1416/4990 3977/3344/4978
f 3977/3344/4978 1788/1416/4991 3980/3347/4981
f 3980/3347/4981 248/1416/4992 1644/3117/4993
f 3979/3348/4982 1644/3117/4993 1643/3115/4994
f 3979/3348/4982 1642/3112/4995 3978/3346/4980
f 3978/3346/4980 247/3320/4996 1779/3319/4997
f 3975/3342/4976 1779/3319/4997 1778/3318/4998
f 3972/3343/4977 1778/3318/4998 1777/3317/4984
f 3982/3350/4999 3984/3351/5000 3981/3352/5001
f 3982/3350/4999 3986/3353/5002 3985/3354/5003
f 3985/3354/5003 3987/3355/5004 3984/3351/5000
f 3985/3354/5003 3989/3356/5005 3988/3357/5006
f 1204/1402/5007 1780/3334/5008 161/1404/5009
f 1205/1401/5010 3981/3352/5001 1204/1402/5007
f 1205/1401/5010 3983/3358/5011 3982/3350/4999
f 1206/1400/5012 1789/3359/5013 3983/3358/5011
f 3983/3358/5011 1790/3360/5014 3986/3353/5002
f 3986/3353/5002 1791/3361/5015 3989/3356/5005
f 3989/3356/5005 222/2986/5016 1566/2985/5017
f 3988/3357/5006 1566/2985/5017 1565/2982/5018
f 3988/3357/5006 1564/2979/5019 3987/3355/5004
f 3987/3355/5004 221/2981/5020 1782/3336/5021
f 3984/3351/5000 1782/3336/5021 1781/3335/5022
f 3981/3352/5001 1781/3335/5022 1780/3334/5008
f 3991/3362/5023 3993/3363/5024 3990/3364/5025
f 3991/3362/5023 3995/3365/5026 3994/3366/5027
f 3994/3366/5027 3996/3367/5028 3993/3363/5024
f 3994/3366/5027 3998/3368/5029 3997/3369/5030
f 1285/1386/5031 1786/1378/5032 188/396/5033
f 1286/1385/5034 3990/3364/5025 1285/1386/5031
f 1286/1385/5034 3992/3370/5035 3991/3362/5023
f 1287/1384/5036 1792/3371/5037 3992/3370/5035
f 3992/3370/5035 1793/3372/5038 3995/3365/5026
f 3995/3365/5026 1794/3373/5039 3998/3368/5029
f 3998/3368/5029 249/3121/5040 1647/3374/5041
f 3997/3369/5030 1647/3374/5041 1646/3375/5042
f 3997/3369/5030 1645/3376/5043 3996/3367/5028
f 3996/3367/5028 248/1378/5044 1788/1378/5045
f 3993/3363/5024 1788/1378/5045 1787/1378/5046
f 3990/3364/5025 1787/1378/5046 1786/1378/5032
f 4000/3377/5047 4002/3378/5048 3999/3379/5049
f 4000/3377/5047 4004/3380/5050 4003/3381/5051
f 4003/3381/5051 4005/3382/5052 4002/3378/5048
f 4003/3381/5051 4007/3383/5053 4006/3384/5054
f 1207/1759/5055 1789/3359/5056 162/1760/5057
f 1208/1758/5058 3999/3379/5049 1207/1759/5055
f 1208/1758/5058 4001/3385/5059 4000/3377/5047
f 1209/1757/5060 1795/1756/5061 4001/3385/5059
f 4001/3385/5059 1796/1756/5062 4004/3380/5050
f 4004/3380/5050 1797/1756/5063 4007/3383/5053
f 4007/3383/5053 223/2990/5064 1569/2989/5065
f 4006/3384/5054 1569/2989/5065 1568/2987/5066
f 4006/3384/5054 1567/2984/5067 4005/3382/5052
f 4005/3382/5052 222/2986/5068 1791/3361/5069
f 4002/3378/5048 1791/3361/5069 1790/3360/5070
f 3999/3379/5049 1790/3360/5070 1789/3359/5056
f 4009/3386/5071 4011/3387/5072 4008/3388/5073
f 4009/3386/5071 4013/3389/5074 4012/3390/5075
f 4012/3390/5075 4014/3391/5076 4011/3387/5072
f 4012/3390/5075 4016/3392/5077 4015/3393/5078
f 1288/1773/5079 1792/3371/5080 189/1774/5081
f 1289/1772/5082 4008/3388/5073 1288/1773/5079
f 1289/1772/5082 4010/3394/5083 4009/3386/5071
f 1290/1771/5084 1776/3295/5085 4010/3394/5083
f 4010/3394/5083 1775/3298/5086 4013/3389/5074
f 4013/3389/5074 1774/3297/5087 4016/3392/5077
f 4016/3392/5077 250/3125/5088 1650/3124/5089
f 4015/3393/5078 1650/3124/5089 1649/3122/5090
f 4015/3393/5078 1648/3119/5091 4014/3391/5076
f 4014/3391/5076 249/3121/5092 1794/3373/5093
f 4011/3387/5072 1794/3373/5093 1793/3372/5094
f 4008/3388/5073 1793/3372/5094 1792/3371/5080
f 4018/3395/5095 4020/3396/5096 4017/3397/5097
f 4018/3395/5095 4022/3398/5098 4021/3399/5099
f 4021/3399/5099 4023/3400/5100 4020/3396/5096
f 4021/3399/5099 4025/3401/5101 4024/3402/5102
f 1210/1791/5103 1795/1783/5104 163/1292/5105
f 1211/1790/5106 4017/3397/5097 1210/1791/5103
f 1211/1790/5106 4019/3403/5107 4018/3395/5095
f 1212/1789/5108 1798/3404/5109 4019/3403/5107
f 4019/3403/5107 1799/3405/5110 4022/3398/5098
f 4022/3398/5098 1800/3406/5111 4025/3401/5101
f 4025/3401/5101 224/2994/5112 1572/3407/5113
f 4024/3402/5102 1572/3407/5113 1571/3408/5114
f 4024/3402/5102 1570/3409/5115 4023/3400/5100
f 4023/3400/5100 223/1783/5116 1797/1783/5117
f 4020/3396/5096 1797/1783/5117 1796/1783/5118
f 4017/3397/5097 1796/1783/5118 1795/1783/5104
f 4027/3410/5119 4029/3411/5120 4026/3412/5121
f 4027/3410/5119 4031/3413/5122 4030/3414/5123
f 4030/3414/5123 4032/3415/5124 4029/3411/5120
f 4030/3414/5123 4034/3416/5125 4033/3417/5126
f 1291/1807/5127 1806/3418/5128 195/1740/5129
f 1292/2864/5130 4026/3412/5121 1291/1807/5127
f 1292/2864/5130 4028/3419/5131 4027/3410/5119
f 1293/1805/5132 1801/3420/5133 4028/3419/5131
f 4028/3419/5131 1802/3421/5134 4031/3413/5122
f 4031/3413/5122 1803/3422/5135 4034/3416/5125
f 4034/3416/5125 251/3138/5136 1653/3137/5137
f 4033/3417/5126 1653/3137/5137 1652/3140/5138
f 4033/3417/5126 1651/3152/5139 4032/3415/5124
f 4032/3415/5124 255/3154/5140 1804/3423/5141
f 4029/3411/5120 1804/3423/5141 1805/3424/5142
f 4026/3412/5121 1805/3424/5142 1806/3418/5128
f 4036/3425/5143 4038/3426/5144 4035/3427/5145
f 4036/3425/5143 4040/3428/5146 4039/3429/5147
f 4039/3429/5147 4041/3430/5148 4038/3426/5144
f 4039/3429/5147 4043/3431/5149 4042/3432/5150
f 1213/1823/5151 1798/3404/5152 164/1824/5153
f 1214/1822/5154 4035/3427/5145 1213/1823/5151
f 1214/1822/5154 4037/3433/5155 4036/3425/5143
f 1215/1821/5156 1785/1820/5157 4037/3433/5155
f 4037/3433/5155 1784/1820/5158 4040/3428/5146
f 4040/3428/5146 1783/1820/5159 4043/3431/5149
f 4043/3431/5149 225/2998/5160 1575/2997/5161
f 4042/3432/5150 1575/2997/5161 1574/2995/5162
f 4042/3432/5150 1573/2992/5163 4041/3430/5148
f 4041/3430/5148 224/2994/5164 1800/3406/5165
f 4038/3426/5144 1800/3406/5165 1799/3405/5166
f 4035/3427/5145 1799/3405/5166 1798/3404/5152
f 4045/3434/5167 4047/3435/5168 4044/3436/5169
f 4045/3434/5167 4049/3437/5170 4048/3438/5171
f 4048/3438/5171 4050/3439/5172 4047/3435/5168
f 4048/3438/5171 4052/3440/5173 4051/3441/5174
f 1294/1839/5175 1801/3420/5176 191/1840/5177
f 1295/1838/5178 4044/3436/5169 1294/1839/5175
f 1295/1838/5178 4046/3442/5179 4045/3434/5167
f 1296/1837/5180 1807/3443/5181 4046/3442/5179
f 4046/3442/5179 1808/3444/5182 4049/3437/5170
f 4049/3437/5170 1809/3445/5183 4052/3440/5173
f 4052/3440/5173 252/3143/5184 1656/3142/5185
f 4051/3441/5174 1656/3142/5185 1655/3139/5186
f 4051/3441/5174 1654/3136/5187 4050/3439/5172
f 4050/3439/5172 251/3138/5188 1803/3422/5189
f 4047/3435/5168 1803/3422/5189 1802/3421/5190
f 4044/3436/5169 1802/3421/5190 1801/3420/5176
f 4054/3446/5191 4056/3447/5192 4053/3448/5193
f 4054/3446/5191 4058/3449/5194 4057/3450/5195
f 4057/3450/5195 4059/3451/5196 4056/3447/5192
f 4057/3450/5195 4061/3452/5197 4060/3453/5198
f 1216/1856/5199 1815/1849/5200 170/281/5201
f 1217/1855/5202 4053/3448/5193 1216/1856/5199
f 1217/1855/5202 4055/3454/5203 4054/3446/5191
f 1218/1854/5204 1810/3455/5205 4055/3454/5203
f 4055/3454/5203 1811/3456/5206 4058/3449/5194
f 4058/3449/5194 1812/3457/5207 4061/3452/5197
f 4061/3452/5197 226/3011/5208 1578/3458/5209
f 4060/3453/5198 1578/3458/5209 1577/3459/5210
f 4060/3453/5198 1576/3460/5211 4059/3451/5196
f 4059/3451/5196 230/1849/5212 1813/1849/5213
f 4056/3447/5192 1813/1849/5213 1814/1849/5214
f 4053/3448/5193 1814/1849/5214 1815/1849/5200
f 4063/3461/5215 4065/3462/5216 4062/3463/5217
f 4063/3461/5215 4067/3464/5218 4066/3465/5219
f 4066/3465/5219 4068/3466/5220 4065/3462/5216
f 4066/3465/5219 4070/3467/5221 4069/3468/5222
f 1297/1869/5223 1807/3443/5224 192/1870/5225
f 1298/1868/5226 4062/3463/5217 1297/1869/5223
f 1298/1868/5226 4064/3469/5227 4063/3461/5215
f 1299/1867/5228 1816/1866/5229 4064/3469/5227
f 4064/3469/5227 1817/1866/5230 4067/3464/5218
f 4067/3464/5218 1818/1866/5231 4070/3467/5221
f 4070/3467/5221 253/838/5232 1659/3146/5233
f 4069/3468/5222 1659/3146/5233 1658/3144/5234
f 4069/3468/5222 1657/3141/5235 4068/3466/5220
f 4068/3466/5220 252/3143/5236 1809/3445/5237
f 4065/3462/5216 1809/3445/5237 1808/3444/5238
f 4062/3463/5217 1808/3444/5238 1807/3443/5224
f 4072/3470/5239 4074/3471/5240 4071/3472/5241
f 4072/3470/5239 4076/3473/5242 4075/3474/5243
f 4075/3474/5243 4077/3475/5244 4074/3471/5240
f 4075/3474/5243 4079/3476/5245 4078/3477/5246
f 1219/1885/5247 1810/3455/5248 166/1886/5249
f 1220/1884/5250 4071/3472/5241 1219/1885/5247
f 1220/1884/5250 4073/3478/5251 4072/3470/5239
f 1221/1883/5252 1819/3479/5253 4073/3478/5251
f 4073/3478/5251 1820/3480/5254 4076/3473/5242
f 4076/3473/5242 1821/3481/5255 4079/3476/5245
f 4079/3476/5245 227/3016/5256 1581/3015/5257
f 4078/3477/5246 1581/3015/5257 1580/3012/5258
f 4078/3477/5246 1579/3009/5259 4077/3475/5244
f 4077/3475/5244 226/3011/5260 1812/3457/5261
f 4074/3471/5240 1812/3457/5261 1811/3456/5262
f 4071/3472/5241 1811/3456/5262 1810/3455/5248
f 4081/3482/5263 4083/3483/5264 4080/3484/5265
f 4081/3482/5263 4085/3485/5266 4084/3486/5267
f 4084/3486/5267 4086/3487/5268 4083/3483/5264
f 4084/3486/5267 4088/3488/5269 4087/3489/5270
f 1300/1903/5271 1816/1895/5272 193/420/5273
f 1301/1902/5274 4080/3484/5265 1300/1903/5271
f 1301/1902/5274 4082/3490/5275 4081/3482/5263
f 1302/1901/5276 1822/3491/5277 4082/3490/5275
f 4082/3490/5275 1823/3492/5278 4085/3485/5266
f 4085/3485/5266 1824/3493/5279 4088/3488/5269
f 4088/3488/5269 254/3150/5280 1662/3494/5281
f 4087/3489/5270 1662/3494/5281 1661/3495/5282
f 4087/3489/5270 1660/3496/5283 4086/3487/5268
f 4086/3487/5268 253/1895/5284 1818/1895/5285
f 4083/3483/5264 1818/1895/5285 1817/1895/5286
f 4080/3484/5265 1817/1895/5286 1816/1895/5272
f 4090/3497/5287 4092/3498/5288 4089/3499/5289
f 4090/3497/5287 4094/3500/5290 4093/3501/5291
f 4093/3501/5291 4095/3502/5292 4092/3498/5288
f 4093/3501/5291 4097/3503/5293 4096/3504/5294
f 1222/1918/5295 1819/3479/5296 167/1919/5297
f 1223/2916/5298 4089/3499/5289 1222/1918/5295
f 1223/2916/5298 4091/3505/5299 4090/3497/5287
f 1224/2915/5300 1825/3506/5301 4091/3505/5299
f 4091/3505/5299 1826/3507/5302 4094/3500/5290
f 4094/3500/5290 1827/3508/5303 4097/3503/5293
f 4097/3503/5293 228/3020/5304 1584/3019/5305
f 4096/3504/5294 1584/3019/5305 1583/3017/5306
f 4096/3504/5294 1582/3014/5307 4095/3502/5292
f 4095/3502/5292 227/3016/5308 1821/3481/5309
f 4092/3498/5288 1821/3481/5309 1820/3480/5310
f 4089/3499/5289 1820/3480/5310 1819/3479/5296
f 4099/3509/5311 4101/3510/5312 4098/3511/5313
f 4099/3509/5311 4103/3512/5314 4102/3513/5315
f 4102/3513/5315 4104/3514/5316 4101/3510/5312
f 4102/3513/5315 4106/3515/5317 4105/3516/5318
f 1303/1731/5319 1822/3491/5320 194/1738/5321
f 1304/1734/5322 4098/3511/5313 1303/1731/5319
f 1304/1734/5322 4100/3517/5323 4099/3509/5311
f 1305/1739/5324 1806/3418/5325 4100/3517/5323
f 4100/3517/5323 1805/3424/5326 4103/3512/5314
f 4103/3512/5314 1804/3423/5327 4106/3515/5317
f 4106/3515/5317 255/3154/5328 1665/3153/5329
f 4105/3516/5318 1665/3153/5329 1664/3151/5330
f 4105/3516/5318 1663/3148/5331 4104/3514/5316
f 4104/3514/5316 254/3150/5332 1824/3493/5333
f 4101/3510/5312 1824/3493/5333 1823/3492/5334
f 4098/3511/5313 1823/3492/5334 1822/3491/5320
f 4108/3518/5335 4110/3519/5336 4107/3520/5337
f 4108/3518/5335 4112/3521/5338 4111/3522/5339
f 4111/3522/5339 4113/3523/5340 4110/3519/5336
f 4111/3522/5339 4115/3524/5341 4114/3525/5342
f 1225/1721/5343 1825/3506/5344 168/1727/5345
f 1226/1725/5346 4107/3520/5337 1225/1721/5343
f 1226/1725/5346 4109/3526/5347 4108/3518/5335
f 1227/1724/5348 1828/3527/5349 4109/3526/5347
f 4109/3526/5347 1829/3528/5350 4112/3521/5338
f 4112/3521/5338 1830/3529/5351 4115/3524/5341
f 4115/3524/5341 229/3024/5352 1587/3023/5353
f 4114/3525/5342 1587/3023/5353 1586/3021/5354
f 4114/3525/5342 1585/3018/5355 4113/3523/5340
f 4113/3523/5340 228/3020/5356 1827/3508/5357
f 4110/3519/5336 1827/3508/5357 1826/3507/5358
f 4107/3520/5337 1826/3507/5358 1825/3506/5344
f 4117/3530/5359 4119/3531/5360 4116/3532/5361
f 4117/3530/5359 4121/3533/5362 4120/3534/5363
f 4120/3534/5363 4122/3535/5364 4119/3531/5360
f 4120/3534/5363 4124/3536/5365 4123/3537/5366
f 1306/1708/5367 1836/3538/5368 200/1615/5369
f 1307/1710/5370 4116/3532/5361 1306/1708/5367
f 1307/1710/5370 4118/3539/5371 4117/3530/5359
f 1308/1709/5372 1831/3540/5373 4118/3539/5371
f 4118/3539/5371 1832/3541/5374 4121/3533/5362
f 4121/3533/5362 1833/3542/5375 4124/3536/5365
f 4124/3536/5365 256/3167/5376 1668/3166/5377
f 4123/3537/5366 1668/3166/5377 1667/3169/5378
f 4123/3537/5366 1666/3181/5379 4122/3535/5364
f 4122/3535/5364 260/3183/5380 1834/3543/5381
f 4119/3531/5360 1834/3543/5381 1835/3544/5382
f 4116/3532/5361 1835/3544/5382 1836/3538/5368
f 4126/3545/5383 4128/3546/5384 4125/3547/5385
f 4126/3545/5383 4130/3548/5386 4129/3549/5387
f 4129/3549/5387 4131/3550/5388 4128/3546/5384
f 4129/3549/5387 4133/3551/5389 4132/3552/5390
f 1228/1691/5391 1828/3527/5392 169/1694/5393
f 1229/1693/5394 4125/3547/5385 1228/1691/5391
f 1229/1693/5394 4127/3553/5395 4126/3545/5383
f 1230/1695/5396 1815/1697/5397 4127/3553/5395
f 4127/3553/5395 1814/1697/5398 4130/3548/5386
f 4130/3548/5386 1813/1697/5399 4133/3551/5389
f 4133/3551/5389 230/1259/5400 1590/3027/5401
f 4132/3552/5390 1590/3027/5401 1589/3025/5402
f 4132/3552/5390 1588/3022/5403 4131/3550/5388
f 4131/3550/5388 229/3024/5404 1830/3529/5405
f 4128/3546/5384 1830/3529/5405 1829/3528/5406
f 4125/3547/5385 1829/3528/5406 1828/3527/5392
f 4135/3554/5407 4137/3555/5408 4134/3556/5409
f 4135/3554/5407 4139/3557/5410 4138/3558/5411
f 4138/3558/5411 4140/3559/5412 4137/3555/5408
f 4138/3558/5411 4142/3560/5413 4141/3561/5414
f 1309/1684/5415 1831/3540/5416 196/1682/5417
f 1310/1686/5418 4134/3556/5409 1309/1684/5415
f 1310/1686/5418 4136/3562/5419 4135/3554/5407
f 1311/1685/5420 1837/3563/5421 4136/3562/5419
f 4136/3562/5419 1838/3564/5422 4139/3557/5410
f 4139/3557/5410 1839/3565/5423 4142/3560/5413
f 4142/3560/5413 257/3172/5424 1671/3171/5425
f 4141/3561/5414 1671/3171/5425 1670/3168/5426
f 4141/3561/5414 1669/3165/5427 4140/3559/5412
f 4140/3559/5412 256/3167/5428 1833/3542/5429
f 4137/3555/5408 1833/3542/5429 1832/3541/5430
f 4134/3556/5409 1832/3541/5430 1831/3540/5416
f 4144/3566/5431 4146/3567/5432 4143/3568/5433
f 4144/3566/5431 4148/3569/5434 4147/3570/5435
f 4147/3570/5435 4149/3571/5436 4146/3567/5432
f 4147/3570/5435 4151/3572/5437 4150/3573/5438
f 1231/1668/5439 1845/1673/5440 175/304/5441
f 1232/1669/5442 4143/3568/5433 1231/1668/5439
f 1232/1669/5442 4145/3574/5443 4144/3566/5431
f 1233/1674/5444 1840/3575/5445 4145/3574/5443
f 4145/3574/5443 1841/3576/5446 4148/3569/5434
f 4148/3569/5434 1842/3577/5447 4151/3572/5437
f 4151/3572/5437 231/3040/5448 1593/3578/5449
f 4150/3573/5438 1593/3578/5449 1592/3579/5450
f 4150/3573/5438 1591/3580/5451 4149/3571/5436
f 4149/3571/5436 235/1673/5452 1843/1673/5453
f 4146/3567/5432 1843/1673/5453 1844/1673/5454
f 4143/3568/5433 1844/1673/5454 1845/1673/5440
f 4153/3581/5455 4155/3582/5456 4152/3583/5457
f 4153/3581/5455 4157/3584/5458 4156/3585/5459
f 4156/3585/5459 4158/3586/5460 4155/3582/5456
f 4156/3585/5459 4160/3587/5461 4159/3588/5462
f 1312/1662/5463 1837/3563/5464 197/1660/5465
f 1313/1655/5466 4152/3583/5457 1312/1662/5463
f 1313/1655/5466 4154/3589/5467 4153/3581/5455
f 1314/1666/5468 1846/1664/5469 4154/3589/5467
f 4154/3589/5467 1847/1664/5470 4157/3584/5458
f 4157/3584/5458 1848/1664/5471 4160/3587/5461
f 4160/3587/5461 258/793/5472 1674/3175/5473
f 4159/3588/5462 1674/3175/5473 1673/3173/5474
f 4159/3588/5462 1672/3170/5475 4158/3586/5460
f 4158/3586/5460 257/3172/5476 1839/3565/5477
f 4155/3582/5456 1839/3565/5477 1838/3564/5478
f 4152/3583/5457 1838/3564/5478 1837/3563/5464
f 4162/3590/5479 4164/3591/5480 4161/3592/5481
f 4162/3590/5479 4166/3593/5482 4165/3594/5483
f 4165/3594/5483 4167/3595/5484 4164/3591/5480
f 4165/3594/5483 4169/3596/5485 4168/3597/5486
f 1234/1649/5487 1840/3575/5488 171/1647/5489
f 1235/1651/5490 4161/3592/5481 1234/1649/5487
f 1235/1651/5490 4163/3598/5491 4162/3590/5479
f 1236/1650/5492 1849/3599/5493 4163/3598/5491
f 4163/3598/5491 1850/3600/5494 4166/3593/5482
f 4166/3593/5482 1851/3601/5495 4169/3596/5485
f 4169/3596/5485 232/3045/5496 1596/3044/5497
f 4168/3597/5486 1596/3044/5497 1595/3041/5498
f 4168/3597/5486 1594/3038/5499 4167/3595/5484
f 4167/3595/5484 231/3040/5500 1842/3577/5501
f 4164/3591/5480 1842/3577/5501 1841/3576/5502
f 4161/3592/5481 1841/3576/5502 1840/3575/5488
f 4171/3602/5503 4173/3603/5504 4170/3604/5505
f 4171/3602/5503 4175/3605/5506 4174/3606/5507
f 4174/3606/5507 4176/3607/5508 4173/3603/5504
f 4174/3606/5507 4178/3608/5509 4177/3609/5510
f 1315/1631/5511 1846/1637/5512 198/444/5513
f 1316/1635/5514 4170/3604/5505 1315/1631/5511
f 1316/1635/5514 4172/3610/5515 4171/3602/5503
f 1317/1638/5516 1852/3611/5517 4172/3610/5515
f 4172/3610/5515 1853/3612/5518 4175/3605/5506
f 4175/3605/5506 1854/3613/5519 4178/3608/5509
f 4178/3608/5509 259/3179/5520 1677/3614/5521
f 4177/3609/5510 1677/3614/5521 1676/3615/5522
f 4177/3609/5510 1675/3616/5523 4176/3607/5508
f 4176/3607/5508 258/1637/5524 1848/1637/5525
f 4173/3603/5504 1848/1637/5525 1847/1637/5526
f 4170/3604/5505 1847/1637/5526 1846/1637/5512
f 4180/3617/5527 4182/3618/5528 4179/3619/5529
f 4180/3617/5527 4184/3620/5530 4183/3621/5531
f 4183/3621/5531 4185/3622/5532 4182/3618/5528
f 4183/3621/5531 4187/3623/5533 4186/3624/5534
f 1237/1626/5535 1849/3599/5536 172/1625/5537
f 1238/1628/5538 4179/3619/5529 1237/1626/5535
f 1238/1628/5538 4181/3625/5539 4180/3617/5527
f 1239/1627/5540 1855/3626/5541 4181/3625/5539
f 4181/3625/5539 1856/3627/5542 4184/3620/5530
f 4184/3620/5530 1857/3628/5543 4187/3623/5533
f 4187/3623/5533 233/3049/5544 1599/3048/5545
f 4186/3624/5534 1599/3048/5545 1598/3046/5546
f 4186/3624/5534 1597/3043/5547 4185/3622/5532
f 4185/3622/5532 232/3045/5548 1851/3601/5549
f 4182/3618/5528 1851/3601/5549 1850/3600/5550
f 4179/3619/5529 1850/3600/5550 1849/3599/5536
f 4189/3629/5551 4191/3630/5552 4188/3631/5553
f 4189/3629/5551 4193/3632/5554 4192/3633/5555
f 4192/3633/5555 4194/3634/5556 4191/3630/5552
f 4192/3633/5555 4196/3635/5557 4195/3636/5558
f 1318/1612/5559 1852/3611/5560 199/1610/5561
f 1319/1614/5562 4188/3631/5553 1318/1612/5559
f 1319/1614/5562 4190/3637/5563 4189/3629/5551
f 1320/1613/5564 1836/3538/5565 4190/3637/5563
f 4190/3637/5563 1835/3544/5566 4193/3632/5554
f 4193/3632/5554 1834/3543/5567 4196/3635/5557
f 4196/3635/5557 260/3183/5568 1680/3182/5569
f 4195/3636/5558 1680/3182/5569 1679/3180/5570
f 4195/3636/5558 1678/3177/5571 4194/3634/5556
f 4194/3634/5556 259/3179/5572 1854/3613/5573
f 4191/3630/5552 1854/3613/5573 1853/3612/5574
f 4188/3631/5553 1853/3612/5574 1852/3611/5560
f 4198/3638/5575 4200/3639/5576 4197/3640/5577
f 4198/3638/5575 4202/3641/5578 4201/3642/5579
f 4201/3642/5579 4203/3643/5580 4200/3639/5576
f 4201/3642/5579 4205/3644/5581 4204/3645/5582
f 1240/1594/5583 1855/3626/5584 173/1592/5585
f 1241/1596/5586 4197/3640/5577 1240/1594/5583
f 1241/1596/5586 4199/3646/5587 4198/3638/5575
f 1242/1595/5588 1858/3647/5589 4199/3646/5587
f 4199/3646/5587 1859/3648/5590 4202/3641/5578
f 4202/3641/5578 1860/3649/5591 4205/3644/5581
f 4205/3644/5581 234/3053/5592 1602/3052/5593
f 4204/3645/5582 1602/3052/5593 1601/3050/5594
f 4204/3645/5582 1600/3047/5595 4203/3643/5580
f 4203/3643/5580 233/3049/5596 1857/3628/5597
f 4200/3639/5576 1857/3628/5597 1856/3627/5598
f 4197/3640/5577 1856/3627/5598 1855/3626/5584
f 4207/3650/5599 4209/3651/5600 4206/3652/5601
f 4207/3650/5599 4211/3653/5602 4210/3654/5603
f 4210/3654/5603 4212/3655/5604 4209/3651/5600
f 4210/3654/5603 4214/3656/5605 4213/3657/5606
f 1321/2076/5607 1866/3658/5608 205/2078/5609
f 1322/2075/5610 4206/3652/5601 1321/2076/5607
f 1322/2075/5610 4208/3659/5611 4207/3650/5599
f 1323/2074/5612 1861/3660/5613 4208/3659/5611
f 4208/3659/5611 1862/3661/5614 4211/3653/5602
f 4211/3653/5602 1863/3662/5615 4214/3656/5605
f 4214/3656/5605 261/3196/5616 1683/3195/5617
f 4213/3657/5606 1683/3195/5617 1682/3198/5618
f 4213/3657/5606 1681/3210/5619 4212/3655/5604
f 4212/3655/5604 265/3212/5620 1864/3663/5621
f 4209/3651/5600 1864/3663/5621 1865/3664/5622
f 4206/3652/5601 1865/3664/5622 1866/3658/5608
f 4216/3665/5623 4218/3666/5624 4215/3667/5625
f 4216/3665/5623 4220/3668/5626 4219/3669/5627
f 4219/3669/5627 4221/3670/5628 4218/3666/5624
f 4219/3669/5627 4223/3671/5629 4222/3672/5630
f 1243/2093/5631 1858/3647/5632 174/1597/5633
f 1244/2092/5634 4215/3667/5625 1243/2093/5631
f 1244/2092/5634 4217/3673/5635 4216/3665/5623
f 1245/2091/5636 1845/2090/5637 4217/3673/5635
f 4217/3673/5635 1844/2090/5638 4220/3668/5626
f 4220/3668/5626 1843/2090/5639 4223/3671/5629
f 4223/3671/5629 235/1218/5640 1605/3056/5641
f 4222/3672/5630 1605/3056/5641 1604/3054/5642
f 4222/3672/5630 1603/3051/5643 4221/3670/5628
f 4221/3670/5628 234/3053/5644 1860/3649/5645
f 4218/3666/5624 1860/3649/5645 1859/3648/5646
f 4215/3667/5625 1859/3648/5646 1858/3647/5632
f 4225/3674/5647 4227/3675/5648 4224/3676/5649
f 4225/3674/5647 4229/3677/5650 4228/3678/5651
f 4228/3678/5651 4230/3679/5652 4227/3675/5648
f 4228/3678/5651 4232/3680/5653 4231/3681/5654
f 1324/2108/5655 1861/3660/5656 201/2109/5657
f 1325/2107/5658 4224/3676/5649 1324/2108/5655
f 1325/2107/5658 4226/3682/5659 4225/3674/5647
f 1326/2106/5660 1867/3683/5661 4226/3682/5659
f 4226/3682/5659 1868/3684/5662 4229/3677/5650
f 4229/3677/5650 1869/3685/5663 4232/3680/5653
f 4232/3680/5653 262/3201/5664 1686/3200/5665
f 4231/3681/5654 1686/3200/5665 1685/3197/5666
f 4231/3681/5654 1684/3194/5667 4230/3679/5652
f 4230/3679/5652 261/3196/5668 1863/3662/5669
f 4227/3675/5648 1863/3662/5669 1862/3661/5670
f 4224/3676/5649 1862/3661/5670 1861/3660/5656
f 4234/3686/5671 4236/3687/5672 4233/3688/5673
f 4234/3686/5671 4238/3689/5674 4237/3690/5675
f 4237/3690/5675 4239/3691/5676 4236/3687/5672
f 4237/3690/5675 4241/3692/5677 4240/3693/5678
f 1246/2639/5679 1717/2591/5680 180/2644/5681
f 1247/2122/5682 4233/3688/5673 1246/2639/5679
f 1247/2122/5682 4235/3694/5683 4234/3686/5671
f 1248/2121/5684 1870/2120/5685 4235/3694/5683
f 4235/3694/5683 1871/2120/5686 4238/3689/5674
f 4238/3689/5674 1872/2120/5687 4241/3692/5677
f 4241/3692/5677 236/324/5688 1608/3068/5689
f 4240/3693/5678 1608/3068/5689 1607/3070/5690
f 4240/3693/5678 1606/3080/5691 4239/3691/5676
f 4239/3691/5676 240/2594/5692 1719/2593/5693
f 4236/3687/5672 1719/2593/5693 1718/2592/5694
f 4233/3688/5673 1718/2592/5694 1717/2591/5680
f 4243/3695/5695 4245/3696/5696 4242/3697/5697
f 4243/3695/5695 4247/3698/5698 4246/3699/5699
f 4246/3699/5699 4248/3700/5700 4245/3696/5696
f 4246/3699/5699 4250/3701/5701 4249/3702/5702
f 1327/2139/5703 1867/3683/5704 202/2140/5705
f 1328/2138/5706 4242/3697/5697 1327/2139/5703
f 1328/2138/5706 4244/3703/5707 4243/3695/5695
f 1329/2137/5708 1873/2136/5709 4244/3703/5707
f 4244/3703/5707 1874/2136/5710 4247/3698/5698
f 4247/3698/5698 1875/2136/5711 4250/3701/5701
f 4250/3701/5701 263/748/5712 1689/3204/5713
f 4249/3702/5702 1689/3204/5713 1688/3202/5714
f 4249/3702/5702 1687/3199/5715 4248/3700/5700
f 4248/3700/5700 262/3201/5716 1869/3685/5717
f 4245/3696/5696 1869/3685/5717 1868/3684/5718
f 4242/3697/5697 1868/3684/5718 1867/3683/5704
f 4252/3704/5719 4254/3705/5720 4251/3706/5721
f 4252/3704/5719 4256/3707/5722 4255/3708/5723
f 4255/3708/5723 4257/3709/5724 4254/3705/5720
f 4255/3708/5723 4259/3710/5725 4258/3711/5726
f 1249/2156/5727 1870/2149/5728 176/1166/5729
f 1250/2155/5730 4251/3706/5721 1249/2156/5727
f 1250/2155/5730 4253/3712/5731 4252/3704/5719
f 1251/2154/5732 1876/3713/5733 4253/3712/5731
f 4253/3712/5731 1877/3714/5734 4256/3707/5722
f 4256/3707/5722 1878/3715/5735 4259/3710/5725
f 4259/3710/5725 237/3073/5736 1611/3716/5737
f 4258/3711/5726 1611/3716/5737 1610/3717/5738
f 4258/3711/5726 1609/3718/5739 4257/3709/5724
f 4257/3709/5724 236/2149/5740 1872/2149/5741
f 4254/3705/5720 1872/2149/5741 1871/2149/5742
f 4251/3706/5721 1871/2149/5742 1870/2149/5728
f 4261/2658/5743 4263/2656/5744 4260/2170/5745
f 4261/2658/5743 4265/2657/5746 4264/2655/5747
f 4264/2655/5747 4266/3719/5748 4263/2656/5744
f 4264/2655/5747 4268/2659/5749 4267/2658/5750
f 1171/2170/5751 1738/2165/5752 155/110/5753
f 1172/2169/5754 4260/2170/5745 1171/2170/5751
f 1172/2169/5754 4262/2657/5755 4261/2658/5743
f 1173/2168/5756 1879/2167/5757 4262/2657/5755
f 4262/2657/5755 1880/2167/5758 4265/2657/5746
f 4265/2657/5746 1881/2167/5759 4268/2659/5749
f 4268/2659/5749 211/2929/5760 1533/2659/5761
f 4267/2658/5750 1533/2659/5761 1532/3720/5762
f 4267/2658/5750 1531/3721/5763 4266/3719/5748
f 4266/3719/5748 215/3722/5764 1740/2165/5765
f 4263/2656/5744 1740/2165/5765 1739/2165/5766
f 4260/2170/5745 1739/2165/5766 1738/2165/5752
f 4270/3723/5767 4272/3724/5768 4269/3725/5769
f 4270/3723/5767 4274/3726/5770 4273/3727/5771
f 4273/3727/5771 4275/3728/5772 4272/3724/5768
f 4273/3727/5771 4277/3729/5773 4276/3730/5774
f 1330/2187/5775 1873/2179/5776 203/965/5777
f 1331/2186/5778 4269/3725/5769 1330/2187/5775
f 1331/2186/5778 4271/3731/5779 4270/3723/5767
f 1332/2185/5780 1882/3732/5781 4271/3731/5779
f 4271/3731/5779 1883/3733/5782 4274/3726/5770
f 4274/3726/5770 1884/3734/5783 4277/3729/5773
f 4277/3729/5773 264/3208/5784 1692/3735/5785
f 4276/3730/5774 1692/3735/5785 1691/3736/5786
f 4276/3730/5774 1690/3737/5787 4275/3728/5772
f 4275/3728/5772 263/2179/5788 1875/2179/5789
f 4272/3724/5768 1875/2179/5789 1874/2179/5790
f 4269/3725/5769 1874/2179/5790 1873/2179/5776
f 4279/3738/5791 4281/3739/5792 4278/3740/5793
f 4279/3738/5791 4283/3741/5794 4282/3742/5795
f 4282/3742/5795 4284/3743/5796 4281/3739/5792
f 4282/3742/5795 4286/3744/5797 4285/3745/5798
f 1252/2202/5799 1876/3713/5800 177/2203/5801
f 1253/2201/5802 4278/3740/5793 1252/2202/5799
f 1253/2201/5802 4280/3746/5803 4279/3738/5791
f 1254/2200/5804 1885/3747/5805 4280/3746/5803
f 4280/3746/5803 1886/3748/5806 4283/3741/5794
f 4283/3741/5794 1887/3749/5807 4286/3744/5797
f 4286/3744/5797 238/3077/5808 1614/3076/5809
f 4285/3745/5798 1614/3076/5809 1613/3074/5810
f 4285/3745/5798 1612/3071/5811 4284/3743/5796
f 4284/3743/5796 237/3073/5812 1878/3715/5813
f 4281/3739/5792 1878/3715/5813 1877/3714/5814
f 4278/3740/5793 1877/3714/5814 1876/3713/5800
f 4288/2216/5815 4290/2217/5816 4287/2217/5817
f 4288/2216/5815 4292/2670/5818 4291/2216/5819
f 4291/2216/5819 4293/2217/5820 4290/2217/5816
f 4291/2216/5819 4295/3750/5821 4294/3751/5822
f 1174/2217/5823 1879/2212/5824 151/1579/5825
f 1175/2216/5826 4287/2217/5817 1174/2217/5823
f 1175/2216/5826 4289/2670/5827 4288/2216/5815
f 1176/2215/5828 1888/2214/5829 4289/2670/5827
f 4289/2670/5827 1889/2214/5830 4292/2670/5818
f 4292/2670/5818 1890/2214/5831 4295/3750/5821
f 4295/3750/5821 212/2934/5832 1536/3752/5833
f 4294/3751/5822 1536/3752/5833 1535/3753/5834
f 4294/3751/5822 1534/3754/5835 4293/2217/5820
f 4293/2217/5820 211/3755/5836 1881/2212/5837
f 4290/2217/5816 1881/2212/5837 1880/2212/5838
f 4287/2217/5817 1880/2212/5838 1879/2212/5824
f 4297/3756/5839 4299/3757/5840 4296/3758/5841
f 4297/3756/5839 4301/3759/5842 4300/3760/5843
f 4300/3760/5843 4302/3761/5844 4299/3757/5840
f 4300/3760/5843 4304/3762/5845 4303/3763/5846
f 1333/2230/5847 1882/3732/5848 204/2231/5849
f 1334/2229/5850 4296/3758/5841 1333/2230/5847
f 1334/2229/5850 4298/3764/5851 4297/3756/5839
f 1335/2228/5852 1866/3658/5853 4298/3764/5851
f 4298/3764/5851 1865/3664/5854 4301/3759/5842
f 4301/3759/5842 1864/3663/5855 4304/3762/5845
f 4304/3762/5845 265/3212/5856 1695/3211/5857
f 4303/3763/5846 1695/3211/5857 1694/3209/5858
f 4303/3763/5846 1693/3206/5859 4302/3761/5844
f 4302/3761/5844 264/3208/5860 1884/3734/5861
f 4299/3757/5840 1884/3734/5861 1883/3733/5862
f 4296/3758/5841 1883/3733/5862 1882/3732/5848
f 4306/3765/5863 4308/3766/5864 4305/3767/5865
f 4306/3765/5863 4310/3768/5866 4309/3769/5867
f 4309/3769/5867 4311/3770/5868 4308/3766/5864
f 4309/3769/5867 4313/3771/5869 4312/3772/5870
f 1255/2246/5871 1885/3747/5872 178/2247/5873
f 1256/2682/5874 4305/3767/5865 1255/2246/5871
f 1256/2682/5874 4307/3773/5875 4306/3765/5863
f 1257/2244/5876 1722/2586/5877 4307/3773/5875
f 4307/3773/5875 1721/2600/5878 4310/3768/5866
f 4310/3768/5866 1720/2599/5879 4313/3771/5869
f 4313/3771/5869 239/2598/5880 1617/3079/5881
f 4312/3772/5870 1617/3079/5881 1616/3078/5882
f 4312/3772/5870 1615/3075/5883 4311/3770/5868
f 4311/3770/5868 238/3077/5884 1887/3749/5885
f 4308/3766/5864 1887/3749/5885 1886/3748/5886
f 4305/3767/5865 1886/3748/5886 1885/3747/5872
f 4315/2688/5887 4317/3774/5888 4314/2261/5889
f 4315/2688/5887 4319/2259/5890 4318/2688/5891
f 4318/2688/5891 4320/2261/5892 4317/3774/5888
f 4318/2688/5891 4322/2259/5893 4321/2688/5894
f 1177/2261/5895 1888/2256/5896 152/62/5897
f 1178/2260/5898 4314/2261/5889 1177/2261/5895
f 1178/2260/5898 4316/2689/5899 4315/2688/5887
f 1179/2259/5900 1728/2258/5901 4316/2689/5899
f 4316/2689/5899 1727/2258/5902 4319/2259/5890
f 4319/2259/5890 1726/2258/5903 4322/2259/5893
f 4322/2259/5893 213/2938/5904 1539/3775/5905
f 4321/2688/5894 1539/3775/5905 1538/3776/5906
f 4321/2688/5894 1537/3777/5907 4320/2261/5892
f 4320/2261/5892 212/3778/5908 1890/2256/5909
f 4317/3774/5888 1890/2256/5909 1889/2256/5910
f 4314/2261/5889 1889/2256/5910 1888/2256/5896
f 1892/1/1 1895/5/5 1894/2/2
f 1893/4/4 1896/16/16 1895/5/5
f 1894/2/2 1895/5/5 1898/6/6
f 1895/5/5 1896/16/16 1899/8/8
f 645/9/9 1891/3/3 441/10/10
f 644/12/12 1892/1/1 1891/3/3
f 643/13/13 1893/4/4 1892/1/1
f 35/14/14 465/15/15 1893/4/4
f 465/15/15 464/2344/5911 1896/16/16
f 1896/16/16 464/2344/5911 463/17/17
f 1899/8/8 463/17/17 34/18/18
f 1898/6/6 1899/8/8 642/19/19
f 1897/7/7 1898/6/6 641/20/20
f 439/22/22 1897/7/7 640/21/21
f 440/24/24 1894/2/2 1897/7/7
f 1891/3/3 1894/2/2 440/24/24
f 1900/25/25 1901/29/29 1904/26/26
f 1902/28/28 1905/32/32 1904/26/26
f 1903/27/27 1904/26/26 1907/30/30
f 1905/32/32 1908/41/41 1907/30/30
f 38/33/33 474/35/35 1900/25/25
f 474/35/35 473/37/37 1901/29/29
f 472/36/36 1902/28/28 1901/29/29
f 37/38/38 657/39/39 1902/28/28
f 657/39/39 656/40/40 1905/32/32
f 656/40/40 655/42/42 1908/41/41
f 655/42/42 4/317/304 402/43/43
f 1908/41/41 402/43/43 401/44/44
f 1906/31/31 1907/30/30 401/44/44
f 658/46/46 1906/31/31 400/45/45
f 659/48/48 1903/27/27 1906/31/31
f 660/34/34 1900/25/25 1903/27/27
f 1909/49/49 1910/53/53 1913/50/50
f 1911/52/52 1914/56/56 1913/50/50
f 1912/51/51 1913/50/50 1916/54/54
f 1914/56/56 1917/65/65 1916/54/54
f 33/57/57 459/59/59 1909/49/49
f 459/59/59 458/61/61 1910/53/53
f 457/60/60 1911/52/52 1910/53/53
f 32/62/62 633/63/63 1911/52/52
f 633/63/63 632/64/64 1914/56/56
f 632/64/64 631/66/66 1917/65/65
f 631/66/66 6/1230/257 420/67/67
f 1917/65/65 420/67/67 419/68/68
f 1915/55/55 1916/54/54 419/68/68
f 637/70/70 1915/55/55 418/69/69
f 638/72/72 1912/51/51 1915/55/55
f 639/58/58 1909/49/49 1912/51/51
f 1918/73/73 1919/77/77 1922/74/74
f 1920/76/76 1923/80/80 1922/74/74
f 1921/75/75 1922/74/74 1925/78/78
f 1923/80/80 1926/89/84 1925/78/78
f 34/81/18 462/83/81 1918/73/73
f 462/83/81 461/85/83 1919/77/77
f 460/84/82 1920/76/76 1919/77/77
f 33/86/57 639/87/58 1920/76/76
f 639/87/58 638/88/72 1923/80/80
f 638/88/72 637/90/70 1926/89/84
f 637/90/70 8/1189/71 411/91/85
f 1926/89/84 411/91/85 410/92/86
f 1924/79/79 1925/78/78 410/92/86
f 640/94/21 1924/79/79 409/93/87
f 641/96/20 1921/75/75 1924/79/79
f 642/82/19 1918/73/73 1921/75/75
f 1927/97/88 1928/101/92 1931/98/89
f 1929/100/91 1932/104/95 1931/98/89
f 1930/99/90 1931/98/89 1934/102/93
f 1932/104/95 1935/113/101 1934/102/93
f 31/105/96 453/107/98 1927/97/88
f 453/107/98 452/109/100 1928/101/92
f 451/108/99 1929/100/91 1928/101/92
f 35/110/14 643/111/13 1929/100/91
f 643/111/13 644/112/12 1932/104/95
f 644/112/12 645/114/9 1935/113/101
f 645/114/9 2/1324/11 447/115/102
f 1935/113/101 447/115/102 446/116/103
f 1933/103/94 1934/102/93 446/116/103
f 636/118/105 1933/103/94 445/117/104
f 635/120/107 1930/99/90 1933/103/94
f 634/106/97 1927/97/88 1930/99/90
f 1936/121/108 1937/125/112 1940/122/109
f 1938/124/111 1941/128/115 1940/122/109
f 1939/123/110 1940/122/109 1943/126/113
f 1941/128/115 1944/134/121 1943/126/113
f 39/129/116 477/131/118 1936/121/108
f 477/131/118 476/133/120 1937/125/112
f 475/132/119 1938/124/111 1937/125/112
f 38/33/33 660/34/34 1938/124/111
f 660/34/34 659/48/48 1941/128/115
f 659/48/48 658/46/46 1944/134/121
f 658/46/46 11/47/47 357/135/122
f 1944/134/121 357/135/122 356/136/123
f 1942/127/114 1943/126/113 356/136/123
f 654/138/125 1942/127/114 355/137/124
f 653/140/127 1939/123/110 1942/127/114
f 652/130/117 1936/121/108 1939/123/110
f 1945/141/128 1946/145/132 1949/142/129
f 1947/144/131 1950/148/135 1949/142/129
f 1948/143/130 1949/142/129 1952/146/133
f 1950/148/135 1953/157/144 1952/146/133
f 43/149/136 489/151/138 1945/141/128
f 489/151/138 488/153/140 1946/145/132
f 487/152/139 1947/144/131 1946/145/132
f 42/154/141 675/155/142 1947/144/131
f 675/155/142 674/156/143 1950/148/135
f 674/156/143 673/158/145 1953/157/144
f 673/158/145 13/341/328 348/159/146
f 1953/157/144 348/159/146 347/160/147
f 1951/147/134 1952/146/133 347/160/147
f 672/162/149 1951/147/134 346/161/148
f 671/164/151 1948/143/130 1951/147/134
f 670/150/137 1945/141/128 1948/143/130
f 1954/165/152 1955/169/156 1958/166/153
f 1956/168/155 1959/172/159 1958/166/153
f 1957/167/154 1958/166/153 1961/170/157
f 1959/172/159 1962/181/168 1961/170/157
f 48/173/160 504/175/162 1954/165/152
f 504/175/162 503/177/164 1955/169/156
f 502/176/163 1956/168/155 1955/169/156
f 47/178/165 690/179/166 1956/168/155
f 690/179/166 689/180/167 1959/172/159
f 689/180/167 688/182/169 1962/181/168
f 688/182/169 15/672/643 339/183/170
f 1962/181/168 339/183/170 338/184/171
f 1960/171/158 1961/170/157 338/184/171
f 687/186/173 1960/171/158 337/185/172
f 686/188/175 1957/167/154 1960/171/158
f 685/174/161 1954/165/152 1957/167/154
f 1963/189/176 1964/193/180 1967/190/177
f 1965/192/179 1968/196/183 1967/190/177
f 1966/191/178 1967/190/177 1970/194/181
f 1968/196/183 1971/205/192 1970/194/181
f 53/197/184 519/199/186 1963/189/176
f 519/199/186 518/201/188 1964/193/180
f 517/200/187 1965/192/179 1964/193/180
f 52/202/189 705/203/190 1965/192/179
f 705/203/190 704/204/191 1968/196/183
f 704/204/191 703/206/193 1971/205/192
f 703/206/193 17/614/590 330/207/194
f 1971/205/192 330/207/194 329/208/195
f 1969/195/182 1970/194/181 329/208/195
f 702/210/197 1969/195/182 328/209/196
f 701/212/199 1966/191/178 1969/195/182
f 700/198/185 1963/189/176 1966/191/178
f 1972/213/200 1973/217/204 1976/214/201
f 1974/216/203 1977/220/207 1976/214/201
f 1975/215/202 1976/214/201 1979/218/205
f 1977/220/207 1980/229/216 1979/218/205
f 59/221/208 537/223/210 1972/213/200
f 537/223/210 536/225/212 1973/217/204
f 535/224/211 1974/216/203 1973/217/204
f 58/226/213 720/227/214 1974/216/203
f 720/227/214 719/228/215 1977/220/207
f 719/228/215 718/230/217 1980/229/216
f 718/230/217 19/556/537 321/231/218
f 1980/229/216 321/231/218 320/232/219
f 1978/219/206 1979/218/205 320/232/219
f 714/234/221 1978/219/206 319/233/220
f 713/236/223 1975/215/202 1978/219/206
f 712/222/209 1972/213/200 1975/215/202
f 1982/237/224 1985/241/228 1984/238/225
f 1982/237/224 1983/248/235 1986/240/227
f 1985/241/228 1988/244/231 1987/242/229
f 1985/241/228 1986/240/227 1989/243/230
f 442/245/232 1981/239/226 663/246/233
f 443/247/234 1982/237/224 1981/239/226
f 443/247/234 444/249/236 1983/248/235
f 444/249/236 3/1103/1040 664/250/237
f 1983/248/235 664/250/237 665/251/238
f 1986/240/227 665/251/238 666/252/239
f 1989/243/230 666/252/239 41/253/240
f 1988/244/231 1989/243/230 483/254/241
f 1988/244/231 482/255/242 481/256/243
f 1987/242/229 481/256/243 45/257/244
f 1984/238/225 1987/242/229 661/258/245
f 1981/239/226 1984/238/225 662/259/246
f 1991/260/247 1994/264/251 1993/261/248
f 1991/260/247 1992/272/259 1995/263/250
f 1994/264/251 1997/267/254 1996/265/252
f 1994/264/251 1995/263/250 1998/266/253
f 424/268/255 1990/262/249 678/269/256
f 425/271/258 1991/260/247 1990/262/249
f 425/271/258 426/273/260 1992/272/259
f 426/273/260 7/1065/1003 679/274/261
f 1992/272/259 679/274/261 680/275/262
f 1995/263/250 680/275/262 681/276/263
f 1998/266/253 681/276/263 46/277/264
f 1997/267/254 1998/266/253 498/278/265
f 1997/267/254 497/279/266 496/280/267
f 1996/265/252 496/280/267 50/281/268
f 1993/261/248 1996/265/252 676/282/269
f 1990/262/249 1993/261/248 677/283/270
f 2000/284/271 2003/288/275 2002/285/272
f 2000/284/271 2001/295/282 2004/287/274
f 2003/288/275 2006/291/278 2005/289/276
f 2003/288/275 2004/287/274 2007/290/277
f 415/292/279 1999/286/273 693/293/280
f 416/294/281 2000/284/271 1999/286/273
f 416/294/281 417/296/283 2001/295/282
f 417/296/283 9/1028/966 694/297/284
f 2001/295/282 694/297/284 695/298/285
f 2004/287/274 695/298/285 696/299/286
f 2007/290/277 696/299/286 51/300/287
f 2006/291/278 2007/290/277 513/301/288
f 2006/291/278 512/302/289 511/303/290
f 2005/289/276 511/303/290 55/304/291
f 2002/285/272 2005/289/276 691/305/292
f 1999/286/273 2002/285/272 692/306/293
f 2009/307/294 2012/311/298 2011/308/295
f 2009/307/294 2010/319/306 2013/310/297
f 2012/311/298 2015/314/301 2014/312/299
f 2012/311/298 2013/310/297 2016/313/300
f 433/315/302 2008/309/296 708/316/303
f 434/318/305 2009/307/294 2008/309/296
f 434/318/305 435/320/307 2010/319/306
f 435/320/307 5/23/23 709/321/308
f 2010/319/306 709/321/308 710/322/309
f 2013/310/297 710/322/309 711/323/310
f 2016/313/300 711/323/310 56/324/311
f 2015/314/301 2016/313/300 528/325/312
f 2015/314/301 527/326/313 526/327/314
f 2014/312/299 526/327/314 60/328/315
f 2011/308/295 2014/312/299 706/329/316
f 2008/309/296 2011/308/295 707/330/317
f 2018/331/318 2021/335/322 2020/332/319
f 2018/331/318 2019/343/330 2022/334/321
f 2021/335/322 2024/338/325 2023/336/323
f 2021/335/322 2022/334/321 2025/337/324
f 388/339/326 2017/333/320 723/340/327
f 389/342/329 2018/331/318 2017/333/320
f 389/342/329 390/344/331 2019/343/330
f 390/344/331 14/139/126 724/345/332
f 2019/343/330 724/345/332 725/346/333
f 2022/334/321 725/346/333 726/347/334
f 2025/337/324 726/347/334 61/348/335
f 2024/338/325 2025/337/324 543/349/336
f 2024/338/325 542/350/337 541/351/338
f 2023/336/323 541/351/338 65/352/339
f 2020/332/319 2023/336/323 721/353/340
f 2017/333/320 2020/332/319 722/354/341
f 2027/355/342 2030/359/346 2029/356/343
f 2028/358/345 2031/370/357 2030/359/346
f 2029/356/343 2030/359/346 2033/360/347
f 2030/359/346 2031/370/357 2034/362/349
f 729/363/350 2026/357/344 306/364/351
f 728/366/353 2027/355/342 2026/357/344
f 727/367/354 2028/358/345 2027/355/342
f 64/368/355 552/369/356 2028/358/345
f 552/369/356 551/1547/5912 2031/370/357
f 2031/370/357 551/1547/5912 550/371/358
f 2034/362/349 550/371/358 63/372/359
f 2033/360/347 2034/362/349 735/373/360
f 2032/361/348 2033/360/347 734/374/361
f 304/376/363 2032/361/348 733/375/362
f 305/378/365 2029/356/343 2032/361/348
f 2026/357/344 2029/356/343 305/378/365
f 2036/379/366 2039/383/370 2038/380/367
f 2037/382/369 2040/394/381 2039/383/370
f 2038/380/367 2039/383/370 2042/384/371
f 2039/383/370 2040/394/381 2043/386/373
f 744/387/374 2035/381/368 297/388/375
f 743/390/377 2036/379/366 2035/381/368
f 742/391/378 2037/382/369 2036/379/366
f 69/392/379 567/393/380 2037/382/369
f 567/393/380 566/1379/5913 2040/394/381
f 2040/394/381 566/1379/5913 565/395/382
f 2043/386/373 565/395/382 68/396/383
f 2042/384/371 2043/386/373 750/397/384
f 2041/385/372 2042/384/371 749/398/385
f 295/400/387 2041/385/372 748/399/386
f 296/402/389 2038/380/367 2041/385/372
f 2035/381/368 2038/380/367 296/402/389
f 2045/403/390 2048/407/394 2047/404/391
f 2046/406/393 2049/418/405 2048/407/394
f 2047/404/391 2048/407/394 2051/408/395
f 2048/407/394 2049/418/405 2052/410/397
f 759/411/398 2044/405/392 288/412/399
f 758/414/401 2045/403/390 2044/405/392
f 757/415/402 2046/406/393 2045/403/390
f 74/416/403 582/417/404 2046/406/393
f 582/417/404 581/1896/5914 2049/418/405
f 2049/418/405 581/1896/5914 580/419/406
f 2052/410/397 580/419/406 73/420/407
f 2051/408/395 2052/410/397 765/421/408
f 2050/409/396 2051/408/395 764/422/409
f 286/424/411 2050/409/396 763/423/410
f 287/426/413 2047/404/391 2050/409/396
f 2044/405/392 2047/404/391 287/426/413
f 2054/427/414 2057/431/418 2056/428/415
f 2055/430/417 2058/442/429 2057/431/418
f 2056/428/415 2057/431/418 2060/432/419
f 2057/431/418 2058/442/429 2061/434/421
f 774/435/422 2053/429/416 279/436/423
f 773/438/425 2054/427/414 2053/429/416
f 772/439/426 2055/430/417 2054/427/414
f 79/440/427 597/441/428 2055/430/417
f 597/441/428 596/2021/5915 2058/442/429
f 2058/442/429 596/2021/5915 595/443/430
f 2061/434/421 595/443/430 78/444/431
f 2060/432/419 2061/434/421 780/445/432
f 2059/433/420 2060/432/419 779/446/433
f 277/448/435 2059/433/420 778/447/434
f 278/450/437 2056/428/415 2059/433/420
f 2053/429/416 2056/428/415 278/450/437
f 2063/451/438 2066/455/442 2065/452/439
f 2063/451/438 2064/463/449 2067/454/441
f 2066/455/442 2069/458/445 2068/456/443
f 2066/455/442 2067/454/441 2070/457/444
f 307/459/446 2062/453/440 798/460/447
f 308/462/448 2063/451/438 2062/453/440
f 308/462/448 309/464/450 2064/463/449
f 309/464/450 27/720/470 799/465/451
f 2064/463/449 799/465/451 800/466/452
f 2067/454/441 800/466/452 801/467/453
f 2070/457/444 801/467/453 90/468/454
f 2069/458/445 2070/457/444 630/469/455
f 2069/458/445 629/470/456 628/471/457
f 2068/456/443 628/471/457 89/472/458
f 2065/452/439 2068/456/443 796/473/459
f 2062/453/440 2065/452/439 797/474/460
f 2072/475/461 2073/479/465 2071/476/462
f 2074/478/464 2075/481/467 2071/476/462
f 2076/480/466 2077/477/463 2071/476/462
f 274/482/468 2072/475/461 271/483/469
f 275/485/471 2073/479/465 2072/475/461
f 2072/475/461 2077/477/463 272/486/472
f 279/436/423 2074/478/464 276/487/473
f 278/450/437 2075/481/467 2074/478/464
f 2074/478/464 2073/479/465 275/485/471
f 273/488/474 2076/480/466 277/448/435
f 272/486/472 2077/477/463 2076/480/466
f 2076/480/466 2075/481/467 278/450/437
f 2079/489/475 2082/493/479 2081/490/476
f 2079/489/475 2080/500/486 2083/492/478
f 2082/493/479 2085/496/482 2084/494/480
f 2082/493/479 2083/492/478 2086/495/481
f 397/497/483 2078/491/477 783/498/484
f 398/499/485 2079/489/475 2078/491/477
f 398/499/485 399/501/487 2080/500/486
f 399/501/487 12/235/222 784/502/488
f 2080/500/486 784/502/488 785/503/489
f 2083/492/478 785/503/489 786/504/490
f 2086/495/481 786/504/490 81/505/491
f 2085/496/482 2086/495/481 603/506/492
f 2085/496/482 602/507/493 601/508/494
f 2084/494/480 601/508/494 85/509/495
f 2081/490/476 2084/494/480 781/510/496
f 2078/491/477 2081/490/476 782/511/497
f 2088/512/498 2091/516/502 2090/513/499
f 2088/512/498 2089/521/506 2092/515/501
f 2091/516/502 2094/519/505 2093/517/503
f 2091/516/502 2092/515/501 2095/518/504
f 271/483/469 2087/514/500 799/520/451
f 272/486/472 2088/512/498 2087/514/500
f 272/486/472 273/488/474 2089/521/506
f 273/488/474 30/449/436 810/522/507
f 2089/521/506 810/522/507 809/523/508
f 2092/515/501 809/523/508 808/524/509
f 2095/518/504 808/524/509 86/525/510
f 2094/519/505 2095/518/504 618/526/511
f 2094/519/505 617/527/512 616/528/513
f 2093/517/503 616/528/513 90/529/454
f 2090/513/499 2093/517/503 801/530/453
f 2087/514/500 2090/513/499 800/531/452
f 2097/532/514 2098/536/518 2096/533/515
f 2099/535/517 2100/538/520 2096/533/515
f 2101/537/519 2102/534/516 2096/533/515
f 283/539/521 2097/532/514 280/540/522
f 284/542/523 2098/536/518 2097/532/514
f 2097/532/514 2102/534/516 281/543/524
f 288/412/399 2099/535/517 285/544/525
f 287/426/413 2100/538/520 2099/535/517
f 2099/535/517 2098/536/518 284/542/523
f 282/545/526 2101/537/519 286/424/411
f 281/543/524 2102/534/516 2101/537/519
f 2101/537/519 2100/538/520 287/426/413
f 2104/546/527 2107/550/531 2106/547/528
f 2104/546/527 2105/558/539 2108/549/530
f 2107/550/531 2110/553/534 2109/551/532
f 2107/550/531 2108/549/530 2111/552/533
f 361/554/535 2103/548/529 768/555/536
f 362/557/538 2104/546/527 2103/548/529
f 362/557/538 363/559/540 2105/558/539
f 363/559/540 20/211/198 769/560/541
f 2105/558/539 769/560/541 770/561/542
f 2108/549/530 770/561/542 771/562/543
f 2111/552/533 771/562/543 76/563/544
f 2110/553/534 2111/552/533 588/564/545
f 2110/553/534 587/565/546 586/566/547
f 2109/551/532 586/566/547 80/567/548
f 2106/547/528 2109/551/532 766/568/549
f 2103/548/529 2106/547/528 767/569/550
f 2113/570/551 2116/574/555 2115/571/552
f 2113/570/551 2114/579/559 2117/573/554
f 2116/574/555 2119/577/558 2118/575/556
f 2116/574/555 2117/573/554 2120/576/557
f 280/540/522 2112/572/553 810/578/507
f 281/543/524 2113/570/551 2112/572/553
f 281/543/524 282/545/526 2114/579/559
f 282/545/526 29/425/412 807/580/560
f 2114/579/559 807/580/560 806/581/561
f 2117/573/554 806/581/561 805/582/562
f 2120/576/557 805/582/562 87/583/563
f 2119/577/558 2120/576/557 621/584/564
f 2119/577/558 620/585/565 619/586/566
f 2118/575/556 619/586/566 86/587/510
f 2115/571/552 2118/575/556 808/588/509
f 2112/572/553 2115/571/552 809/589/508
f 2122/590/567 2123/594/571 2121/591/568
f 2124/593/570 2125/596/573 2121/591/568
f 2126/595/572 2127/592/569 2121/591/568
f 292/597/574 2122/590/567 289/598/575
f 293/600/576 2123/594/571 2122/590/567
f 2122/590/567 2127/592/569 290/601/577
f 297/388/375 2124/593/570 294/602/578
f 296/402/389 2125/596/573 2124/593/570
f 2124/593/570 2123/594/571 293/600/576
f 291/603/579 2126/595/572 295/400/387
f 290/601/577 2127/592/569 2126/595/572
f 2126/595/572 2125/596/573 296/402/389
f 2129/604/580 2132/608/584 2131/605/581
f 2129/604/580 2130/616/592 2133/607/583
f 2132/608/584 2135/611/587 2134/609/585
f 2132/608/584 2133/607/583 2136/610/586
f 370/612/588 2128/606/582 753/613/589
f 371/615/591 2129/604/580 2128/606/582
f 371/615/591 372/617/593 2130/616/592
f 372/617/593 18/187/174 754/618/594
f 2130/616/592 754/618/594 755/619/595
f 2133/607/583 755/619/595 756/620/596
f 2136/610/586 756/620/596 71/621/597
f 2135/611/587 2136/610/586 573/622/598
f 2135/611/587 572/623/599 571/624/600
f 2134/609/585 571/624/600 75/625/601
f 2131/605/581 2134/609/585 751/626/602
f 2128/606/582 2131/605/581 752/627/603
f 2138/628/604 2141/632/608 2140/629/605
f 2138/628/604 2139/637/612 2142/631/607
f 2141/632/608 2144/635/611 2143/633/609
f 2141/632/608 2142/631/607 2145/634/610
f 289/598/575 2137/630/606 807/636/560
f 290/601/577 2138/628/604 2137/630/606
f 290/601/577 291/603/579 2139/637/612
f 291/603/579 28/401/388 804/638/613
f 2139/637/612 804/638/613 803/639/614
f 2142/631/607 803/639/614 802/640/615
f 2145/634/610 802/640/615 88/641/616
f 2144/635/611 2145/634/610 624/642/617
f 2144/635/611 623/643/618 622/644/619
f 2143/633/609 622/644/619 87/645/563
f 2140/629/605 2143/633/609 805/646/562
f 2137/630/606 2140/629/605 806/647/561
f 2147/648/620 2148/652/624 2146/649/621
f 2149/651/623 2150/654/626 2146/649/621
f 2151/653/625 2152/650/622 2146/649/621
f 301/655/627 2147/648/620 298/656/628
f 302/658/629 2148/652/624 2147/648/620
f 2147/648/620 2152/650/622 299/659/630
f 306/364/351 2149/651/623 303/660/631
f 305/378/365 2150/654/626 2149/651/623
f 2149/651/623 2148/652/624 302/658/629
f 300/661/632 2151/653/625 304/376/363
f 299/659/630 2152/650/622 2151/653/625
f 2151/653/625 2150/654/626 305/378/365
f 2154/662/633 2157/666/637 2156/663/634
f 2154/662/633 2155/674/645 2158/665/636
f 2157/666/637 2160/669/640 2159/667/638
f 2157/666/637 2158/665/636 2161/668/639
f 379/670/641 2153/664/635 738/671/642
f 380/673/644 2154/662/633 2153/664/635
f 380/673/644 381/675/646 2155/674/645
f 381/675/646 16/1068/150 739/676/647
f 2155/674/645 739/676/647 740/677/648
f 2158/665/636 740/677/648 741/678/649
f 2161/668/639 741/678/649 66/679/650
f 2160/669/640 2161/668/639 558/680/651
f 2160/669/640 557/681/652 556/682/653
f 2159/667/638 556/682/653 70/683/654
f 2156/663/634 2159/667/638 736/684/655
f 2153/664/635 2156/663/634 737/685/656
f 2163/686/657 2166/690/661 2165/687/658
f 2163/686/657 2164/695/665 2167/689/660
f 2166/690/661 2169/693/664 2168/691/662
f 2166/690/661 2167/689/660 2170/692/663
f 298/656/628 2162/688/659 804/694/613
f 299/659/630 2163/686/657 2162/688/659
f 299/659/630 300/661/632 2164/695/665
f 300/661/632 26/377/364 798/696/447
f 2164/695/665 798/696/447 797/697/460
f 2167/689/660 797/697/460 796/698/459
f 2170/692/663 796/698/459 89/699/458
f 2169/693/664 2170/692/663 627/700/666
f 2169/693/664 626/701/667 625/702/668
f 2168/691/662 625/702/668 88/703/616
f 2165/687/658 2168/691/662 802/704/615
f 2162/688/659 2165/687/658 803/705/614
f 2172/706/669 2173/710/673 2171/707/670
f 2174/709/672 2175/712/675 2171/707/670
f 2176/711/674 2177/708/671 2171/707/670
f 310/713/676 2172/706/669 307/459/446
f 311/714/677 2173/710/673 2172/706/669
f 2172/706/669 2177/708/671 308/462/448
f 315/715/678 2174/709/672 312/716/679
f 314/718/681 2175/712/675 2174/709/672
f 2174/709/672 2173/710/673 311/714/677
f 309/464/450 2176/711/674 313/719/682
f 308/462/448 2177/708/671 2176/711/674
f 2176/711/674 2175/712/675 314/718/681
f 2179/721/683 2182/725/687 2181/722/684
f 2179/721/683 2180/731/693 2183/724/686
f 2182/725/687 2185/728/690 2184/726/688
f 2182/725/687 2183/724/686 2186/727/689
f 316/729/691 2178/723/685 784/502/488
f 317/730/692 2179/721/683 2178/723/685
f 317/730/692 318/732/694 2180/731/693
f 318/732/694 25/437/424 793/733/695
f 2180/731/693 793/733/695 794/734/696
f 2183/724/686 794/734/696 795/735/697
f 2186/727/689 795/735/697 82/736/698
f 2185/728/690 2186/727/689 606/737/699
f 2185/728/690 605/738/700 604/739/701
f 2184/726/688 604/739/701 81/505/491
f 2181/722/684 2184/726/688 786/504/490
f 2178/723/685 2181/722/684 785/503/489
f 2187/740/702 2188/744/706 2191/741/703
f 2189/743/705 2192/747/709 2191/741/703
f 2190/742/704 2191/741/703 2194/745/707
f 2192/747/709 2195/753/715 2194/745/707
f 83/748/710 609/750/712 2187/740/702
f 609/750/712 608/752/714 2188/744/706
f 607/751/713 2189/743/705 2188/744/706
f 82/736/698 795/735/697 2189/743/705
f 795/735/697 794/734/696 2192/747/709
f 794/734/696 793/733/695 2195/753/715
f 793/733/695 25/437/424 276/487/473
f 2195/753/715 276/487/473 275/485/471
f 2193/746/708 2194/745/707 275/485/471
f 792/754/716 2193/746/708 274/482/468
f 791/755/717 2190/742/704 2193/746/708
f 790/749/711 2187/740/702 2190/742/704
f 2197/756/718 2198/760/722 2196/757/719
f 2199/759/721 2200/762/724 2196/757/719
f 2201/761/723 2202/758/720 2196/757/719
f 319/233/220 2197/756/718 316/729/691
f 320/232/219 2198/760/722 2197/756/718
f 2197/756/718 2202/758/720 317/730/692
f 324/763/725 2199/759/721 321/231/218
f 323/764/726 2200/762/724 2199/759/721
f 2199/759/721 2198/760/722 320/232/219
f 318/732/694 2201/761/723 322/765/727
f 317/730/692 2202/758/720 2201/761/723
f 2201/761/723 2200/762/724 323/764/726
f 2204/766/728 2207/770/732 2206/767/729
f 2204/766/728 2205/776/738 2208/769/731
f 2207/770/732 2210/773/735 2209/771/733
f 2207/770/732 2208/769/731 2211/772/734
f 325/774/736 2203/768/730 769/560/541
f 326/775/737 2204/766/728 2203/768/730
f 326/775/737 327/777/739 2205/776/738
f 327/777/739 24/413/400 775/778/740
f 2205/776/738 775/778/740 776/779/741
f 2208/769/731 776/779/741 777/780/742
f 2211/772/734 777/780/742 77/781/743
f 2210/773/735 2211/772/734 591/782/744
f 2210/773/735 590/783/745 589/784/746
f 2209/771/733 589/784/746 76/563/544
f 2206/767/729 2209/771/733 771/562/543
f 2203/768/730 2206/767/729 770/561/542
f 2212/785/747 2213/789/751 2216/786/748
f 2214/788/750 2217/792/754 2216/786/748
f 2215/787/749 2216/786/748 2219/790/752
f 2217/792/754 2220/798/758 2219/790/752
f 78/793/431 594/795/755 2212/785/747
f 594/795/755 593/797/757 2213/789/751
f 592/796/756 2214/788/750 2213/789/751
f 77/781/743 777/780/742 2214/788/750
f 777/780/742 776/779/741 2217/792/754
f 776/779/741 775/778/740 2220/798/758
f 775/778/740 24/413/400 285/544/525
f 2220/798/758 285/544/525 284/542/523
f 2218/791/753 2219/790/752 284/542/523
f 778/799/434 2218/791/753 283/539/521
f 779/800/433 2215/787/749 2218/791/753
f 780/794/432 2212/785/747 2215/787/749
f 2222/801/759 2223/805/763 2221/802/760
f 2224/804/762 2225/807/765 2221/802/760
f 2226/806/764 2227/803/761 2221/802/760
f 328/209/196 2222/801/759 325/774/736
f 329/208/195 2223/805/763 2222/801/759
f 2222/801/759 2227/803/761 326/775/737
f 333/808/766 2224/804/762 330/207/194
f 332/809/767 2225/807/765 2224/804/762
f 2224/804/762 2223/805/763 329/208/195
f 327/777/739 2226/806/764 331/810/768
f 326/775/737 2227/803/761 2226/806/764
f 2226/806/764 2225/807/765 332/809/767
f 2229/811/769 2232/815/773 2231/812/770
f 2229/811/769 2230/821/779 2233/814/772
f 2232/815/773 2235/818/776 2234/816/774
f 2232/815/773 2233/814/772 2236/817/775
f 334/819/777 2228/813/771 754/618/594
f 335/820/778 2229/811/769 2228/813/771
f 335/820/778 336/822/780 2230/821/779
f 336/822/780 23/389/376 760/823/781
f 2230/821/779 760/823/781 761/824/782
f 2233/814/772 761/824/782 762/825/783
f 2236/817/775 762/825/783 72/826/784
f 2235/818/776 2236/817/775 576/827/785
f 2235/818/776 575/828/786 574/829/787
f 2234/816/774 574/829/787 71/621/597
f 2231/812/770 2234/816/774 756/620/596
f 2228/813/771 2231/812/770 755/619/595
f 2237/830/788 2238/834/792 2241/831/789
f 2239/833/791 2242/837/795 2241/831/789
f 2240/832/790 2241/831/789 2244/835/793
f 2242/837/795 2245/843/799 2244/835/793
f 73/838/407 579/840/796 2237/830/788
f 579/840/796 578/842/798 2238/834/792
f 577/841/797 2239/833/791 2238/834/792
f 72/826/784 762/825/783 2239/833/791
f 762/825/783 761/824/782 2242/837/795
f 761/824/782 760/823/781 2245/843/799
f 760/823/781 23/389/376 294/602/578
f 2245/843/799 294/602/578 293/600/576
f 2243/836/794 2244/835/793 293/600/576
f 763/844/410 2243/836/794 292/597/574
f 764/845/409 2240/832/790 2243/836/794
f 765/839/408 2237/830/788 2240/832/790
f 2247/846/800 2248/850/804 2246/847/801
f 2249/849/803 2250/852/806 2246/847/801
f 2251/851/805 2252/848/802 2246/847/801
f 337/185/172 2247/846/800 334/819/777
f 338/184/171 2248/850/804 2247/846/800
f 2247/846/800 2252/848/802 335/820/778
f 342/853/807 2249/849/803 339/183/170
f 341/854/808 2250/852/806 2249/849/803
f 2249/849/803 2248/850/804 338/184/171
f 336/822/780 2251/851/805 340/855/809
f 335/820/778 2252/848/802 2251/851/805
f 2251/851/805 2250/852/806 341/854/808
f 2254/856/810 2257/860/814 2256/857/811
f 2254/856/810 2255/867/820 2258/859/813
f 2257/860/814 2260/863/817 2259/861/815
f 2257/860/814 2258/859/813 2261/862/816
f 343/864/818 2253/858/812 739/865/647
f 344/866/819 2254/856/810 2253/858/812
f 344/866/819 345/868/821 2255/867/820
f 345/868/821 22/365/352 745/869/822
f 2255/867/820 745/869/822 746/870/823
f 2258/859/813 746/870/823 747/871/824
f 2261/862/816 747/871/824 67/872/825
f 2260/863/817 2261/862/816 561/873/826
f 2260/863/817 560/874/827 559/875/828
f 2259/861/815 559/875/828 66/876/650
f 2256/857/811 2259/861/815 741/877/649
f 2253/858/812 2256/857/811 740/878/648
f 2262/879/829 2263/883/833 2266/880/830
f 2264/882/832 2267/886/836 2266/880/830
f 2265/881/831 2266/880/830 2269/884/834
f 2267/886/836 2270/892/840 2269/884/834
f 68/887/383 564/889/837 2262/879/829
f 564/889/837 563/891/839 2263/883/833
f 562/890/838 2264/882/832 2263/883/833
f 67/872/825 747/871/824 2264/882/832
f 747/871/824 746/870/823 2267/886/836
f 746/870/823 745/869/822 2270/892/840
f 745/869/822 22/365/352 303/660/631
f 2270/892/840 303/660/631 302/658/629
f 2268/885/835 2269/884/834 302/658/629
f 748/893/386 2268/885/835 301/655/627
f 749/894/385 2265/881/831 2268/885/835
f 750/888/384 2262/879/829 2265/881/831
f 2272/895/841 2273/899/845 2271/896/842
f 2274/898/844 2275/901/847 2271/896/842
f 2276/900/846 2277/897/843 2271/896/842
f 346/161/148 2272/895/841 343/864/818
f 347/160/147 2273/899/845 2272/895/841
f 2272/895/841 2277/897/843 344/866/819
f 351/902/848 2274/898/844 348/159/146
f 350/903/849 2275/901/847 2274/898/844
f 2274/898/844 2273/899/845 347/160/147
f 345/868/821 2276/900/846 349/904/850
f 344/866/819 2277/897/843 2276/900/846
f 2276/900/846 2275/901/847 350/903/849
f 2279/905/851 2282/909/855 2281/906/852
f 2279/905/851 2280/915/861 2283/908/854
f 2282/909/855 2285/912/858 2284/910/856
f 2282/909/855 2283/908/854 2286/911/857
f 352/913/859 2278/907/853 724/345/332
f 353/914/860 2279/905/851 2278/907/853
f 353/914/860 354/916/862 2280/915/861
f 354/916/862 21/717/680 730/917/863
f 2280/915/861 730/917/863 731/918/864
f 2283/908/854 731/918/864 732/919/865
f 2286/911/857 732/919/865 62/920/866
f 2285/912/858 2286/911/857 546/921/867
f 2285/912/858 545/922/868 544/923/869
f 2284/910/856 544/923/869 61/348/335
f 2281/906/852 2284/910/856 726/347/334
f 2278/907/853 2281/906/852 725/346/333
f 2287/924/870 2288/928/874 2291/925/871
f 2289/927/873 2292/931/877 2291/925/871
f 2290/926/872 2291/925/871 2294/929/875
f 2292/931/877 2295/937/881 2294/929/875
f 63/932/359 549/934/878 2287/924/870
f 549/934/878 548/936/880 2288/928/874
f 547/935/879 2289/927/873 2288/928/874
f 62/920/866 732/919/865 2289/927/873
f 732/919/865 731/918/864 2292/931/877
f 731/918/864 730/917/863 2295/937/881
f 730/917/863 21/717/680 312/716/679
f 2295/937/881 312/716/679 311/714/677
f 2293/930/876 2294/929/875 311/714/677
f 733/938/362 2293/930/876 310/713/676
f 734/939/361 2290/926/872 2293/930/876
f 735/933/360 2287/924/870 2290/926/872
f 2297/940/882 2298/944/886 2296/941/883
f 2299/943/885 2300/946/888 2296/941/883
f 2301/945/887 2302/942/884 2296/941/883
f 355/137/124 2297/940/882 352/913/859
f 356/136/123 2298/944/886 2297/940/882
f 2297/940/882 2302/942/884 353/914/860
f 360/947/889 2299/943/885 357/135/122
f 359/948/890 2300/946/888 2299/943/885
f 2299/943/885 2298/944/886 356/136/123
f 354/916/862 2301/945/887 358/949/891
f 353/914/860 2302/942/884 2301/945/887
f 2301/945/887 2300/946/888 359/948/890
f 2304/950/892 2307/954/896 2306/951/893
f 2305/953/895 2308/963/905 2307/954/896
f 2306/951/893 2307/954/896 2310/955/897
f 2307/954/896 2308/963/905 2311/957/899
f 789/958/900 2303/952/894 315/715/678
f 788/959/901 2304/950/892 2303/952/894
f 787/960/902 2305/953/895 2304/950/892
f 84/961/903 612/962/904 2305/953/895
f 612/962/904 611/2180/5916 2308/963/905
f 2308/963/905 611/2180/5916 610/964/906
f 2311/957/899 610/964/906 83/965/710
f 2310/955/897 2311/957/899 790/966/711
f 2309/956/898 2310/955/897 791/967/717
f 313/719/682 2309/956/898 792/968/716
f 314/718/681 2306/951/893 2309/956/898
f 2303/952/894 2306/951/893 314/718/681
f 2313/969/907 2316/973/911 2315/970/908
f 2314/972/910 2317/978/916 2316/973/911
f 2315/970/908 2316/973/911 2319/974/912
f 2316/973/911 2317/978/916 2320/976/914
f 768/555/536 2312/971/909 324/763/725
f 767/569/550 2313/969/907 2312/971/909
f 766/568/549 2314/972/910 2313/969/907
f 80/567/548 600/977/915 2314/972/910
f 600/977/915 599/2046/5917 2317/978/916
f 2317/978/916 599/2046/5917 598/979/917
f 2320/976/914 598/979/917 79/440/427
f 2319/974/912 2320/976/914 772/439/426
f 2318/975/913 2319/974/912 773/438/425
f 322/765/727 2318/975/913 774/435/422
f 323/764/726 2315/970/908 2318/975/913
f 2312/971/909 2315/970/908 323/764/726
f 2322/980/918 2323/984/922 2321/981/919
f 2324/983/921 2325/986/924 2321/981/919
f 2326/985/923 2327/982/920 2321/981/919
f 364/987/925 2322/980/918 361/554/535
f 365/988/926 2323/984/922 2322/980/918
f 2322/980/918 2327/982/920 362/557/538
f 369/989/927 2324/983/921 366/990/928
f 368/992/930 2325/986/924 2324/983/921
f 2324/983/921 2323/984/922 365/988/926
f 363/559/540 2326/985/923 367/993/931
f 362/557/538 2327/982/920 2326/985/923
f 2326/985/923 2325/986/924 368/992/930
f 2328/994/932 2329/998/936 2332/995/933
f 2330/997/935 2333/1001/939 2332/995/933
f 2331/996/934 2332/995/933 2335/999/937
f 2333/1001/939 2336/1005/943 2335/999/937
f 52/202/189 516/1002/940 2328/994/932
f 516/1002/940 515/1004/942 2329/998/936
f 514/1003/941 2330/997/935 2329/998/936
f 51/300/287 696/299/286 2330/997/935
f 696/299/286 695/298/285 2333/1001/939
f 695/298/285 694/297/284 2336/1005/943
f 694/297/284 9/1028/966 375/1006/944
f 2336/1005/943 375/1006/944 374/1007/945
f 2334/1000/938 2335/999/937 374/1007/945
f 703/206/193 2334/1000/938 373/1008/946
f 704/204/191 2331/996/934 2334/1000/938
f 705/203/190 2328/994/932 2331/996/934
f 2338/1009/947 2341/1013/951 2340/1010/948
f 2339/1012/950 2342/1018/956 2341/1013/951
f 2340/1010/948 2341/1013/951 2344/1014/952
f 2341/1013/951 2342/1018/956 2345/1016/954
f 753/613/589 2337/1011/949 333/808/766
f 752/627/603 2338/1009/947 2337/1011/949
f 751/626/602 2339/1012/950 2338/1009/947
f 75/625/601 585/1017/955 2339/1012/950
f 585/1017/955 584/1928/5918 2342/1018/956
f 2342/1018/956 584/1928/5918 583/1019/957
f 2345/1016/954 583/1019/957 74/416/403
f 2344/1014/952 2345/1016/954 757/415/402
f 2343/1015/953 2344/1014/952 758/414/401
f 331/810/768 2343/1015/953 759/411/398
f 332/809/767 2340/1010/948 2343/1015/953
f 2337/1011/949 2340/1010/948 332/809/767
f 2347/1020/958 2348/1024/962 2346/1021/959
f 2349/1023/961 2350/1026/964 2346/1021/959
f 2351/1025/963 2352/1022/960 2346/1021/959
f 373/1008/946 2347/1020/958 370/612/588
f 374/1007/945 2348/1024/962 2347/1020/958
f 2347/1020/958 2352/1022/960 371/615/591
f 378/1027/965 2349/1023/961 375/1006/944
f 377/1029/967 2350/1026/964 2349/1023/961
f 2349/1023/961 2348/1024/962 374/1007/945
f 372/617/593 2351/1025/963 376/1030/968
f 371/615/591 2352/1022/960 2351/1025/963
f 2351/1025/963 2350/1026/964 377/1029/967
f 2353/1031/969 2354/1035/973 2357/1032/970
f 2355/1034/972 2358/1038/976 2357/1032/970
f 2356/1033/971 2357/1032/970 2360/1036/974
f 2358/1038/976 2361/1042/980 2360/1036/974
f 47/178/165 501/1039/977 2353/1031/969
f 501/1039/977 500/1041/979 2354/1035/973
f 499/1040/978 2355/1034/972 2354/1035/973
f 46/277/264 681/276/263 2355/1034/972
f 681/276/263 680/275/262 2358/1038/976
f 680/275/262 679/274/261 2361/1042/980
f 679/274/261 7/1065/1003 384/1043/981
f 2361/1042/980 384/1043/981 383/1044/982
f 2359/1037/975 2360/1036/974 383/1044/982
f 688/182/169 2359/1037/975 382/1045/983
f 689/180/167 2356/1033/971 2359/1037/975
f 690/179/166 2353/1031/969 2356/1033/971
f 2363/1046/984 2366/1050/988 2365/1047/985
f 2364/1049/987 2367/1055/993 2366/1050/988
f 2365/1047/985 2366/1050/988 2369/1051/989
f 2366/1050/988 2367/1055/993 2370/1053/991
f 738/671/642 2362/1048/986 342/853/807
f 737/685/656 2363/1046/984 2362/1048/986
f 736/684/655 2364/1049/987 2363/1046/984
f 70/683/654 570/1054/992 2364/1049/987
f 570/1054/992 569/1769/5919 2367/1055/993
f 2367/1055/993 569/1769/5919 568/1056/994
f 2370/1053/991 568/1056/994 69/392/379
f 2369/1051/989 2370/1053/991 742/391/378
f 2368/1052/990 2369/1051/989 743/390/377
f 340/855/809 2368/1052/990 744/387/374
f 341/854/808 2365/1047/985 2368/1052/990
f 2362/1048/986 2365/1047/985 341/854/808
f 2372/1057/995 2373/1061/999 2371/1058/996
f 2374/1060/998 2375/1063/1001 2371/1058/996
f 2376/1062/1000 2377/1059/997 2371/1058/996
f 382/1045/983 2372/1057/995 379/670/641
f 383/1044/982 2373/1061/999 2372/1057/995
f 2372/1057/995 2377/1059/997 380/673/644
f 387/1064/1002 2374/1060/998 384/1043/981
f 386/1066/1004 2375/1063/1001 2374/1060/998
f 2374/1060/998 2373/1061/999 383/1044/982
f 381/675/646 2376/1062/1000 385/1067/1005
f 380/673/644 2377/1059/997 2376/1062/1000
f 2376/1062/1000 2375/1063/1001 386/1066/1004
f 2378/1069/1006 2379/1073/1010 2382/1070/1007
f 2380/1072/1009 2383/1076/1013 2382/1070/1007
f 2381/1071/1008 2382/1070/1007 2385/1074/1011
f 2383/1076/1013 2386/1080/1017 2385/1074/1011
f 42/154/141 486/1077/1014 2378/1069/1006
f 486/1077/1014 485/1079/1016 2379/1073/1010
f 484/1078/1015 2380/1072/1009 2379/1073/1010
f 41/253/240 666/252/239 2380/1072/1009
f 666/252/239 665/251/238 2383/1076/1013
f 665/251/238 664/250/237 2386/1080/1017
f 664/250/237 3/1103/1040 393/1081/1018
f 2386/1080/1017 393/1081/1018 392/1082/1019
f 2384/1075/1012 2385/1074/1011 392/1082/1019
f 673/158/145 2384/1075/1012 391/1083/1020
f 674/156/143 2381/1071/1008 2384/1075/1012
f 675/155/142 2378/1069/1006 2381/1071/1008
f 2388/1084/1021 2391/1088/1025 2390/1085/1022
f 2389/1087/1024 2392/1093/1030 2391/1088/1025
f 2390/1085/1022 2391/1088/1025 2394/1089/1026
f 2391/1088/1025 2392/1093/1030 2395/1091/1028
f 723/340/327 2387/1086/1023 351/902/848
f 722/354/341 2388/1084/1021 2387/1086/1023
f 721/353/340 2389/1087/1024 2388/1084/1021
f 65/352/339 555/1092/1029 2389/1087/1024
f 555/1092/1029 554/1511/5920 2392/1093/1030
f 2392/1093/1030 554/1511/5920 553/1094/1031
f 2395/1091/1028 553/1094/1031 64/368/355
f 2394/1089/1026 2395/1091/1028 727/367/354
f 2393/1090/1027 2394/1089/1026 728/366/353
f 349/904/850 2393/1090/1027 729/363/350
f 350/903/849 2390/1085/1022 2393/1090/1027
f 2387/1086/1023 2390/1085/1022 350/903/849
f 2397/1095/1032 2398/1099/1036 2396/1096/1033
f 2399/1098/1035 2400/1101/1038 2396/1096/1033
f 2401/1100/1037 2402/1097/1034 2396/1096/1033
f 391/1083/1020 2397/1095/1032 388/339/326
f 392/1082/1019 2398/1099/1036 2397/1095/1032
f 2397/1095/1032 2402/1097/1034 389/342/329
f 396/1102/1039 2399/1098/1035 393/1081/1018
f 395/1104/1041 2400/1101/1038 2399/1098/1035
f 2399/1098/1035 2398/1099/1036 392/1082/1019
f 390/344/331 2401/1100/1037 394/1105/1042
f 389/342/329 2402/1097/1034 2401/1100/1037
f 2401/1100/1037 2400/1101/1038 395/1104/1041
f 2403/1106/1043 2404/1110/1047 2407/1107/1044
f 2405/1109/1046 2408/1113/1050 2407/1107/1044
f 2406/1108/1045 2407/1107/1044 2410/1111/1048
f 2408/1113/1050 2411/1120/1057 2410/1111/1048
f 37/38/38 471/1114/1051 2403/1106/1043
f 471/1114/1051 470/1116/1053 2404/1110/1047
f 469/1115/1052 2405/1109/1046 2404/1110/1047
f 36/1117/1054 648/1118/1055 2405/1109/1046
f 648/1118/1055 647/1119/1056 2408/1113/1050
f 647/1119/1056 646/1121/1058 2411/1120/1057
f 646/1121/1058 2/11/11 438/1122/1059
f 2411/1120/1057 438/1122/1059 437/1123/1060
f 2409/1112/1049 2410/1111/1048 437/1123/1060
f 655/42/42 2409/1112/1049 436/1124/1061
f 656/40/40 2406/1108/1045 2409/1112/1049
f 657/39/39 2403/1106/1043 2406/1108/1045
f 2413/1125/1062 2416/1129/1066 2415/1126/1063
f 2414/1128/1065 2417/1134/1071 2416/1129/1066
f 2415/1126/1063 2416/1129/1066 2419/1130/1067
f 2416/1129/1066 2417/1134/1071 2420/1132/1069
f 783/498/484 2412/1127/1064 360/947/889
f 782/511/497 2413/1125/1062 2412/1127/1064
f 781/510/496 2414/1128/1065 2413/1125/1062
f 85/509/495 615/1133/1070 2414/1128/1065
f 615/1133/1070 614/2226/5921 2417/1134/1071
f 2417/1134/1071 614/2226/5921 613/1135/1072
f 2420/1132/1069 613/1135/1072 84/961/903
f 2419/1130/1067 2420/1132/1069 787/960/902
f 2418/1131/1068 2419/1130/1067 788/959/901
f 358/949/891 2418/1131/1068 789/958/900
f 359/948/890 2415/1126/1063 2418/1131/1068
f 2412/1127/1064 2415/1126/1063 359/948/890
f 2422/1136/1073 2423/1140/1077 2421/1137/1074
f 2424/1139/1076 2425/1142/1079 2421/1137/1074
f 2426/1141/1078 2427/1138/1075 2421/1137/1074
f 400/45/45 2422/1136/1073 397/497/483
f 401/44/44 2423/1140/1077 2422/1136/1073
f 2422/1136/1073 2427/1138/1075 398/499/485
f 405/1143/1080 2424/1139/1076 402/43/43
f 404/1144/1081 2425/1142/1079 2424/1139/1076
f 2424/1139/1076 2423/1140/1077 401/44/44
f 399/501/487 2426/1141/1078 403/1145/1082
f 398/499/485 2427/1138/1075 2426/1141/1078
f 2426/1141/1078 2425/1142/1079 404/1144/1081
f 2429/1146/1083 2432/1150/1087 2431/1147/1084
f 2429/1146/1083 2430/1157/1093 2433/1149/1086
f 2432/1150/1087 2435/1153/1090 2434/1151/1088
f 2432/1150/1087 2433/1149/1086 2436/1152/1089
f 406/1154/1091 2428/1148/1085 709/1155/308
f 407/1156/1092 2429/1146/1083 2428/1148/1085
f 407/1156/1092 408/1158/1094 2430/1157/1093
f 408/1158/1094 10/991/929 715/1159/1095
f 2430/1157/1093 715/1159/1095 716/1160/1096
f 2433/1149/1086 716/1160/1096 717/1161/1097
f 2436/1152/1089 717/1161/1097 57/1162/1098
f 2435/1153/1090 2436/1152/1089 531/1163/1099
f 2435/1153/1090 530/1164/1100 529/1165/1101
f 2434/1151/1088 529/1165/1101 56/1166/311
f 2431/1147/1084 2434/1151/1088 711/1167/310
f 2428/1148/1085 2431/1147/1084 710/1168/309
f 2437/1169/1102 2438/1173/1106 2441/1170/1103
f 2439/1172/1105 2442/1176/1109 2441/1170/1103
f 2440/1171/1104 2441/1170/1103 2444/1174/1107
f 2442/1176/1109 2445/1180/1113 2444/1174/1107
f 58/226/213 534/1177/1110 2437/1169/1102
f 534/1177/1110 533/1179/1112 2438/1173/1106
f 532/1178/1111 2439/1172/1105 2438/1173/1106
f 57/1162/1098 717/1161/1097 2439/1172/1105
f 717/1161/1097 716/1160/1096 2442/1176/1109
f 716/1160/1096 715/1159/1095 2445/1180/1113
f 715/1159/1095 10/991/929 366/990/928
f 2445/1180/1113 366/990/928 365/988/926
f 2443/1175/1108 2444/1174/1107 365/988/926
f 718/230/217 2443/1175/1108 364/987/925
f 719/228/215 2440/1171/1104 2443/1175/1108
f 720/227/214 2437/1169/1102 2440/1171/1104
f 2447/1181/1114 2448/1185/1118 2446/1182/1115
f 2449/1184/1117 2450/1187/1120 2446/1182/1115
f 2451/1186/1119 2452/1183/1116 2446/1182/1115
f 409/93/87 2447/1181/1114 406/1154/1091
f 410/92/86 2448/1185/1118 2447/1181/1114
f 2447/1181/1114 2452/1183/1116 407/1156/1092
f 414/1188/1121 2449/1184/1117 411/91/85
f 413/1190/1122 2450/1187/1120 2449/1184/1117
f 2449/1184/1117 2448/1185/1118 410/92/86
f 408/1158/1094 2451/1186/1119 412/1191/1123
f 407/1156/1092 2452/1183/1116 2451/1186/1119
f 2451/1186/1119 2450/1187/1120 413/1190/1122
f 2454/1192/1124 2457/1196/1128 2456/1193/1125
f 2455/1195/1127 2458/1205/1137 2457/1196/1128
f 2456/1193/1125 2457/1196/1128 2460/1197/1129
f 2457/1196/1128 2458/1205/1137 2461/1199/1131
f 699/1200/1132 2453/1194/1126 369/989/927
f 698/1201/1133 2454/1192/1124 2453/1194/1126
f 697/1202/1134 2455/1195/1127 2454/1192/1124
f 54/1203/1135 522/1204/1136 2455/1195/1127
f 522/1204/1136 521/2056/5922 2458/1205/1137
f 2458/1205/1137 521/2056/5922 520/1206/1138
f 2461/1199/1131 520/1206/1138 53/197/184
f 2460/1197/1129 2461/1199/1131 700/198/185
f 2459/1198/1130 2460/1197/1129 701/212/199
f 367/993/931 2459/1198/1130 702/210/197
f 368/992/930 2456/1193/1125 2459/1198/1130
f 2453/1194/1126 2456/1193/1125 368/992/930
f 2463/1207/1139 2466/1211/1143 2465/1208/1140
f 2464/1210/1142 2467/1220/1148 2466/1211/1143
f 2465/1208/1140 2466/1211/1143 2469/1212/1144
f 2466/1211/1143 2467/1220/1148 2470/1214/1146
f 693/1215/280 2462/1209/1141 414/1188/1121
f 692/1216/293 2463/1207/1139 2462/1209/1141
f 691/1217/292 2464/1210/1142 2463/1207/1139
f 55/1218/291 525/1219/1147 2464/1210/1142
f 525/1219/1147 524/2088/5923 2467/1220/1148
f 2467/1220/1148 524/2088/5923 523/1221/1149
f 2470/1214/1146 523/1221/1149 54/1203/1135
f 2469/1212/1144 2470/1214/1146 697/1202/1134
f 2468/1213/1145 2469/1212/1144 698/1201/1133
f 412/1191/1123 2468/1213/1145 699/1200/1132
f 413/1190/1122 2465/1208/1140 2468/1213/1145
f 2462/1209/1141 2465/1208/1140 413/1190/1122
f 2472/1222/1150 2473/1226/1154 2471/1223/1151
f 2474/1225/1153 2475/1228/1156 2471/1223/1151
f 2476/1227/1155 2477/1224/1152 2471/1223/1151
f 418/69/69 2472/1222/1150 415/292/279
f 419/68/68 2473/1226/1154 2472/1222/1150
f 2472/1222/1150 2477/1224/1152 416/294/281
f 423/1229/1157 2474/1225/1153 420/67/67
f 422/1231/1158 2475/1228/1156 2474/1225/1153
f 2474/1225/1153 2473/1226/1154 419/68/68
f 417/296/283 2476/1227/1155 421/1232/1159
f 416/294/281 2477/1224/1152 2476/1227/1155
f 2476/1227/1155 2475/1228/1156 422/1231/1158
f 2479/1233/1160 2482/1237/1164 2481/1234/1161
f 2480/1236/1163 2483/1246/1173 2482/1237/1164
f 2481/1234/1161 2482/1237/1164 2485/1238/1165
f 2482/1237/1164 2483/1246/1173 2486/1240/1167
f 684/1241/1168 2478/1235/1162 378/1027/965
f 683/1242/1169 2479/1233/1160 2478/1235/1162
f 682/1243/1170 2480/1236/1163 2479/1233/1160
f 49/1244/1171 507/1245/1172 2480/1236/1163
f 507/1245/1172 506/1938/5924 2483/1246/1173
f 2483/1246/1173 506/1938/5924 505/1247/1174
f 2486/1240/1167 505/1247/1174 48/173/160
f 2485/1238/1165 2486/1240/1167 685/174/161
f 2484/1239/1166 2485/1238/1165 686/188/175
f 376/1030/968 2484/1239/1166 687/186/173
f 377/1029/967 2481/1234/1161 2484/1239/1166
f 2478/1235/1162 2481/1234/1161 377/1029/967
f 2488/1248/1175 2491/1252/1179 2490/1249/1176
f 2489/1251/1178 2492/1261/1184 2491/1252/1179
f 2490/1249/1176 2491/1252/1179 2494/1253/1180
f 2491/1252/1179 2492/1261/1184 2495/1255/1182
f 678/1256/256 2487/1250/1177 423/1229/1157
f 677/1257/270 2488/1248/1175 2487/1250/1177
f 676/1258/269 2489/1251/1178 2488/1248/1175
f 50/1259/268 510/1260/1183 2489/1251/1178
f 510/1260/1183 509/1966/5925 2492/1261/1184
f 2492/1261/1184 509/1966/5925 508/1262/1185
f 2495/1255/1182 508/1262/1185 49/1244/1171
f 2494/1253/1180 2495/1255/1182 682/1243/1170
f 2493/1254/1181 2494/1253/1180 683/1242/1169
f 421/1232/1159 2493/1254/1181 684/1241/1168
f 422/1231/1158 2490/1249/1176 2493/1254/1181
f 2487/1250/1177 2490/1249/1176 422/1231/1158
f 2497/1263/1186 2498/1267/1190 2496/1264/1187
f 2499/1266/1189 2500/1269/1192 2496/1264/1187
f 2501/1268/1191 2502/1265/1188 2496/1264/1187
f 427/1270/1193 2497/1263/1186 424/268/255
f 428/1271/1194 2498/1267/1190 2497/1263/1186
f 2497/1263/1186 2502/1265/1188 425/271/258
f 432/1272/1195 2499/1266/1189 429/1273/1196
f 431/1275/1197 2500/1269/1192 2499/1266/1189
f 2499/1266/1189 2498/1267/1190 428/1271/1194
f 426/273/260 2501/1268/1191 430/1276/1198
f 425/271/258 2502/1265/1188 2501/1268/1191
f 2501/1268/1191 2500/1269/1192 431/1275/1197
f 2504/1277/1199 2507/1281/1203 2506/1278/1200
f 2505/1280/1202 2508/1290/1212 2507/1281/1203
f 2506/1278/1200 2507/1281/1203 2510/1282/1204
f 2507/1281/1203 2508/1290/1212 2511/1284/1206
f 669/1285/1207 2503/1279/1201 387/1064/1002
f 668/1286/1208 2504/1277/1199 2503/1279/1201
f 667/1287/1209 2505/1280/1202 2504/1277/1199
f 44/1288/1210 492/1289/1211 2505/1280/1202
f 492/1289/1211 491/1784/5926 2508/1290/1212
f 2508/1290/1212 491/1784/5926 490/1291/1213
f 2511/1284/1206 490/1291/1213 43/1292/136
f 2510/1282/1204 2511/1284/1206 670/1293/137
f 2509/1283/1205 2510/1282/1204 671/1294/151
f 385/1067/1005 2509/1283/1205 672/1295/149
f 386/1066/1004 2506/1278/1200 2509/1283/1205
f 2503/1279/1201 2506/1278/1200 386/1066/1004
f 2513/1296/1214 2516/1300/1218 2515/1297/1215
f 2514/1299/1217 2517/1305/1223 2516/1300/1218
f 2515/1297/1215 2516/1300/1218 2519/1301/1219
f 2516/1300/1218 2517/1305/1223 2520/1303/1221
f 708/316/303 2512/1298/1216 405/1143/1080
f 707/330/317 2513/1296/1214 2512/1298/1216
f 706/329/316 2514/1299/1217 2513/1296/1214
f 60/328/315 540/1304/1222 2514/1299/1217
f 540/1304/1222 539/2285/5927 2517/1305/1223
f 2517/1305/1223 539/2285/5927 538/1306/1224
f 2520/1303/1221 538/1306/1224 59/221/208
f 2519/1301/1219 2520/1303/1221 712/222/209
f 2518/1302/1220 2519/1301/1219 713/236/223
f 403/1145/1082 2518/1302/1220 714/234/221
f 404/1144/1081 2515/1297/1215 2518/1302/1220
f 2512/1298/1216 2515/1297/1215 404/1144/1081
f 2522/1307/1225 2523/1311/1229 2521/1308/1226
f 2524/1310/1228 2525/1313/1231 2521/1308/1226
f 2526/1312/1230 2527/1309/1227 2521/1308/1226
f 436/1124/1061 2522/1307/1225 433/315/302
f 437/1123/1060 2523/1311/1229 2522/1307/1225
f 2522/1307/1225 2527/1309/1227 434/318/305
f 441/10/10 2524/1310/1228 438/1122/1059
f 440/24/24 2525/1313/1231 2524/1310/1228
f 2524/1310/1228 2523/1311/1229 437/1123/1060
f 435/320/307 2526/1312/1230 439/22/22
f 434/318/305 2527/1309/1227 2526/1312/1230
f 2526/1312/1230 2525/1313/1231 440/24/24
f 2529/1314/1232 2532/1318/1236 2531/1315/1233
f 2530/1317/1235 2533/1329/1242 2532/1318/1236
f 2531/1315/1233 2532/1318/1236 2535/1319/1237
f 2532/1318/1236 2533/1329/1242 2536/1321/1239
f 646/1322/1058 2528/1316/1234 450/1323/1240
f 647/1325/1056 2529/1314/1232 2528/1316/1234
f 648/1326/1055 2530/1317/1235 2529/1314/1232
f 36/1327/1054 468/1328/1241 2530/1317/1235
f 468/1328/1241 467/2388/5928 2533/1329/1242
f 2533/1329/1242 467/2388/5928 466/1330/1243
f 2536/1321/1239 466/1330/1243 40/1331/1244
f 2535/1319/1237 2536/1321/1239 649/1332/1245
f 2534/1320/1238 2535/1319/1237 650/1333/1246
f 448/1335/1248 2534/1320/1238 651/1334/1247
f 449/1336/1249 2531/1315/1233 2534/1320/1238
f 2528/1316/1234 2531/1315/1233 449/1336/1249
f 2538/1337/1250 2541/1341/1254 2540/1338/1251
f 2539/1340/1253 2542/1350/1259 2541/1341/1254
f 2540/1338/1251 2541/1341/1254 2544/1342/1255
f 2541/1341/1254 2542/1350/1259 2545/1344/1257
f 663/1345/233 2537/1339/1252 432/1272/1195
f 662/1346/246 2538/1337/1250 2537/1339/1252
f 661/1347/245 2539/1340/1253 2538/1337/1250
f 45/1348/244 495/1349/1258 2539/1340/1253
f 495/1349/1258 494/1818/5929 2542/1350/1259
f 2542/1350/1259 494/1818/5929 493/1351/1260
f 2545/1344/1257 493/1351/1260 44/1288/1210
f 2544/1342/1255 2545/1344/1257 667/1287/1209
f 2543/1343/1256 2544/1342/1255 668/1286/1208
f 430/1276/1198 2543/1343/1256 669/1285/1207
f 431/1275/1197 2540/1338/1251 2543/1343/1256
f 2537/1339/1252 2540/1338/1251 431/1275/1197
f 2547/1352/1261 2548/1356/1265 2546/1353/1262
f 2549/1355/1264 2550/1358/1267 2546/1353/1262
f 2551/1357/1266 2552/1354/1263 2546/1353/1262
f 445/117/104 2547/1352/1261 442/245/232
f 446/116/103 2548/1356/1265 2547/1352/1261
f 2547/1352/1261 2552/1354/1263 443/247/234
f 450/1323/1240 2549/1355/1264 447/115/102
f 449/1336/1249 2550/1358/1267 2549/1355/1264
f 2549/1355/1264 2548/1356/1265 446/116/103
f 444/249/236 2551/1357/1266 448/1335/1248
f 443/247/234 2552/1354/1263 2551/1357/1266
f 2551/1357/1266 2550/1358/1267 449/1336/1249
f 2554/1359/1268 2557/1363/1272 2556/1360/1269
f 2555/1362/1271 2558/1368/1277 2557/1363/1272
f 2556/1360/1269 2557/1363/1272 2560/1364/1273
f 2557/1363/1272 2558/1368/1277 2561/1366/1275
f 651/1334/1247 2553/1361/1270 396/1102/1039
f 650/1333/1246 2554/1359/1268 2553/1361/1270
f 649/1332/1245 2555/1362/1271 2554/1359/1268
f 40/1331/1244 480/1367/1276 2555/1362/1271
f 480/1367/1276 479/1458/5930 2558/1368/1277
f 2558/1368/1277 479/1458/5930 478/1369/1278
f 2561/1366/1275 478/1369/1278 39/129/116
f 2560/1364/1273 2561/1366/1275 652/130/117
f 2559/1365/1274 2560/1364/1273 653/140/127
f 394/1105/1042 2559/1365/1274 654/138/125
f 395/1104/1041 2556/1360/1269 2559/1365/1274
f 2553/1361/1270 2556/1360/1269 395/1104/1041
f 2563/1370/1279 2566/1374/1283 2565/1371/1280
f 2563/1370/1279 2564/1380/1291 2567/1373/1282
f 2566/1374/1283 2569/1377/1286 2568/1375/1284
f 2566/1374/1283 2567/1373/1282 2570/1376/1285
f 565/395/1287 2562/1372/1281 1033/1378/1288
f 566/1379/1290 2563/1370/1279 2562/1372/1281
f 566/1379/1290 567/393/1292 2564/1380/1291
f 567/393/1292 69/392/5931 1039/1381/1293
f 2564/1380/1291 1039/1381/1293 1040/1382/1294
f 2567/1373/1282 1040/1382/1294 1041/1383/1295
f 1041/1383/1295 129/1774/5932 927/1384/1296
f 2570/1376/1285 927/1384/1296 926/1385/1297
f 2568/1375/1284 2569/1377/1286 926/1385/1297
f 1035/1378/1299 2568/1375/1284 925/1386/1298
f 2565/1371/1280 2568/1375/1284 1035/1378/1299
f 2562/1372/1281 2565/1371/1280 1034/1378/1301
f 2572/1387/1302 2575/1391/1306 2574/1388/1303
f 2572/1387/1302 2573/1396/1314 2576/1390/1305
f 2575/1391/1306 2578/1394/1309 2577/1392/1307
f 2575/1391/1306 2576/1390/1305 2579/1393/1308
f 484/1078/1310 2571/1389/1304 1027/1395/1311
f 485/1079/1313 2572/1387/1302 2571/1389/1304
f 485/1079/1313 486/1077/1315 2573/1396/1314
f 486/1077/1315 42/154/5933 1036/1397/1316
f 2573/1396/1314 1036/1397/1316 1037/1398/1317
f 2576/1390/1305 1037/1398/1317 1038/1399/1318
f 1038/1399/1318 102/1760/5934 846/1400/1319
f 2579/1393/1308 846/1400/1319 845/1401/1320
f 2577/1392/1307 2578/1394/1309 845/1401/1320
f 1029/1403/1322 2577/1392/1307 844/1402/1321
f 2574/1388/1303 2577/1392/1307 1029/1403/1322
f 2571/1389/1304 2574/1388/1303 1028/1405/1324
f 2581/1406/1325 2584/1410/1329 2583/1407/1326
f 2581/1406/1325 2582/1415/1337 2585/1409/1328
f 2584/1410/1329 2587/1413/1332 2586/1411/1330
f 2584/1410/1329 2585/1409/1328 2588/1412/1331
f 562/890/1333 2580/1408/1327 1024/1414/1334
f 563/891/1336 2581/1406/1325 2580/1408/1327
f 563/891/1336 564/889/1338 2582/1415/1337
f 564/889/1338 68/887/5935 1033/1416/1339
f 2582/1415/1337 1033/1416/1339 1034/1416/1340
f 2585/1409/1328 1034/1416/1340 1035/1416/1341
f 1035/1416/1341 128/887/5936 924/1417/1342
f 2588/1412/1331 924/1417/1342 923/1418/1343
f 2586/1411/1330 2587/1413/1332 923/1418/1343
f 1026/1420/1345 2586/1411/1330 922/1419/1344
f 2583/1407/1326 2586/1411/1330 1026/1420/1345
f 2580/1408/1327 2583/1407/1326 1025/1422/1347
f 2590/1423/1348 2593/1427/1352 2592/1424/1349
f 2590/1423/1348 2591/1432/1360 2594/1426/1351
f 2593/1427/1352 2596/1430/1355 2595/1428/1353
f 2593/1427/1352 2594/1426/1351 2597/1429/1354
f 481/256/1356 2589/1425/1350 1032/1431/1357
f 482/255/1359 2590/1423/1348 2589/1425/1350
f 482/255/1359 483/254/1361 2591/1432/1360
f 483/254/1361 41/253/5937 1027/1395/1362
f 2591/1432/1360 1027/1395/1362 1028/1405/1363
f 2594/1426/1351 1028/1405/1363 1029/1403/1364
f 1029/1403/1364 101/1404/5938 843/1433/1365
f 2597/1429/1354 843/1433/1365 842/1434/1366
f 2595/1428/1353 2596/1430/1355 842/1434/1366
f 1030/1431/1368 2595/1428/1353 841/1435/1367
f 2592/1424/1349 2595/1428/1353 1030/1431/1368
f 2589/1425/1350 2592/1424/1349 1031/1431/1370
f 2599/1436/1371 2602/1440/1375 2601/1437/1372
f 2599/1436/1371 2600/1445/1383 2603/1439/1374
f 2602/1440/1375 2605/1443/1378 2604/1441/1376
f 2602/1440/1375 2603/1439/1374 2606/1442/1377
f 559/875/1379 2598/1438/1373 1015/1444/1380
f 560/874/1382 2599/1436/1371 2598/1438/1373
f 560/874/1382 561/873/1384 2600/1445/1383
f 561/873/1384 67/872/5939 1024/1414/1385
f 2600/1445/1383 1024/1414/1385 1025/1422/1386
f 2603/1439/1374 1025/1422/1386 1026/1420/1387
f 1026/1420/1387 127/1421/5940 921/1446/1388
f 2606/1442/1377 921/1446/1388 920/1447/1389
f 2604/1441/1376 2605/1443/1378 920/1447/1389
f 1017/1444/1391 2604/1441/1376 919/1448/1390
f 2601/1437/1372 2604/1441/1376 1017/1444/1391
f 2598/1438/1373 2601/1437/1372 1016/1444/1393
f 2608/1449/1394 2611/1453/1398 2610/1450/1395
f 2608/1449/1394 2609/1459/1406 2612/1452/1397
f 2611/1453/1398 2614/1456/1401 2613/1454/1399
f 2611/1453/1398 2612/1452/1397 2615/1455/1400
f 478/1369/1402 2607/1451/1396 1012/1457/1403
f 479/1458/1405 2608/1449/1394 2607/1451/1396
f 479/1458/1405 480/1367/1407 2609/1459/1406
f 480/1367/1407 40/1331/5941 1021/1460/1408
f 2609/1459/1406 1021/1460/1408 1022/1461/1409
f 2612/1452/1397 1022/1461/1409 1023/1462/1410
f 1023/1462/1410 100/2394/5942 840/1463/1411
f 2615/1455/1400 840/1463/1411 839/1464/1412
f 2613/1454/1399 2614/1456/1401 839/1464/1412
f 1014/1466/1414 2613/1454/1399 838/1465/1413
f 2610/1450/1395 2613/1454/1399 1014/1466/1414
f 2607/1451/1396 2610/1450/1395 1013/1468/1416
f 2617/1469/1417 2620/1473/1421 2619/1470/1418
f 2617/1469/1417 2618/1478/1429 2621/1472/1420
f 2620/1473/1421 2623/1476/1424 2622/1474/1422
f 2620/1473/1421 2621/1472/1420 2624/1475/1423
f 556/682/1425 2616/1471/1419 1020/1477/1426
f 557/681/1428 2617/1469/1417 2616/1471/1419
f 557/681/1428 558/680/1430 2618/1478/1429
f 558/680/1430 66/679/5943 1015/1479/1431
f 2618/1478/1429 1015/1479/1431 1016/1479/1432
f 2621/1472/1420 1016/1479/1432 1017/1479/1433
f 1017/1479/1433 126/679/5944 918/1480/1434
f 2624/1475/1423 918/1480/1434 917/1481/1435
f 2622/1474/1422 2623/1476/1424 917/1481/1435
f 1018/1483/1437 2622/1474/1422 916/1482/1436
f 2619/1470/1418 2622/1474/1422 1018/1483/1437
f 2616/1471/1419 2619/1470/1418 1019/1485/1439
f 2626/1486/1440 2629/1490/1444 2628/1487/1441
f 2626/1486/1440 2627/1495/1452 2630/1489/1443
f 2629/1490/1444 2632/1493/1447 2631/1491/1445
f 2629/1490/1444 2630/1489/1443 2633/1492/1446
f 475/132/1448 2625/1488/1442 1003/1494/1449
f 476/133/1451 2626/1486/1440 2625/1488/1442
f 476/133/1451 477/131/1453 2627/1495/1452
f 477/131/1453 39/129/5945 1012/1457/1454
f 2627/1495/1452 1012/1457/1454 1013/1468/1455
f 2630/1489/1443 1013/1468/1455 1014/1466/1456
f 1014/1466/1456 99/1467/5946 837/1496/1457
f 2633/1492/1446 837/1496/1457 836/1497/1458
f 2631/1491/1445 2632/1493/1447 836/1497/1458
f 1005/1499/1460 2631/1491/1445 835/1498/1459
f 2628/1487/1441 2631/1491/1445 1005/1499/1460
f 2625/1488/1442 2628/1487/1441 1004/1501/1462
f 2635/1502/1463 2638/1506/1467 2637/1503/1464
f 2635/1502/1463 2636/1512/1475 2639/1505/1466
f 2638/1506/1467 2641/1509/1470 2640/1507/1468
f 2638/1506/1467 2639/1505/1466 2642/1508/1469
f 553/1094/1471 2634/1504/1465 997/1510/1472
f 554/1511/1474 2635/1502/1463 2634/1504/1465
f 554/1511/1474 555/1092/1476 2636/1512/1475
f 555/1092/1476 65/352/5947 1009/1513/1477
f 2636/1512/1475 1009/1513/1477 1010/1514/1478
f 2639/1505/1466 1010/1514/1478 1011/1515/1479
f 1011/1515/1479 125/2334/5948 915/1516/1480
f 2642/1508/1469 915/1516/1480 914/1517/1481
f 2640/1507/1468 2641/1509/1470 914/1517/1481
f 999/1519/1483 2640/1507/1468 913/1518/1482
f 2637/1503/1464 2640/1507/1468 999/1519/1483
f 2634/1504/1465 2637/1503/1464 998/1521/1485
f 2644/1522/1486 2647/1526/1490 2646/1523/1487
f 2644/1522/1486 2645/1531/1498 2648/1525/1489
f 2647/1526/1490 2650/1529/1493 2649/1527/1491
f 2647/1526/1490 2648/1525/1489 2651/1528/1492
f 472/36/1494 2643/1524/1488 1008/1530/1495
f 473/37/1497 2644/1522/1486 2643/1524/1488
f 473/37/1497 474/35/1499 2645/1531/1498
f 474/35/1499 38/33/5949 1003/1494/1500
f 2645/1531/1498 1003/1494/1500 1004/1501/1501
f 2648/1525/1489 1004/1501/1501 1005/1499/1502
f 1005/1499/1502 98/1500/5950 834/1532/1503
f 2651/1528/1492 834/1532/1503 833/1533/1504
f 2649/1527/1491 2650/1529/1493 833/1533/1504
f 1006/1535/1506 2649/1527/1491 832/1534/1505
f 2646/1523/1487 2649/1527/1491 1006/1535/1506
f 2643/1524/1488 2646/1523/1487 1007/1537/1508
f 2653/1538/1509 2656/1542/1513 2655/1539/1510
f 2653/1538/1509 2654/1548/1521 2657/1541/1512
f 2656/1542/1513 2659/1545/1516 2658/1543/1514
f 2656/1542/1513 2657/1541/1512 2660/1544/1515
f 550/371/1517 2652/1540/1511 1002/1546/1518
f 551/1547/1520 2653/1538/1509 2652/1540/1511
f 551/1547/1520 552/369/1522 2654/1548/1521
f 552/369/1522 64/368/5951 997/1510/1523
f 2654/1548/1521 997/1510/1523 998/1521/1524
f 2657/1541/1512 998/1521/1524 999/1519/1525
f 999/1519/1525 124/1520/5952 912/1549/1526
f 2660/1544/1515 912/1549/1526 911/1550/1527
f 2658/1543/1514 2659/1545/1516 911/1550/1527
f 1000/1546/1529 2658/1543/1514 910/1551/1528
f 2655/1539/1510 2658/1543/1514 1000/1546/1529
f 2652/1540/1511 2655/1539/1510 1001/1546/1531
f 2662/1552/1532 2665/1556/1536 2664/1553/1533
f 2662/1552/1532 2663/1561/1544 2666/1555/1535
f 2665/1556/1536 2668/1559/1539 2667/1557/1537
f 2665/1556/1536 2666/1555/1535 2669/1558/1538
f 628/471/1540 2661/1554/1534 996/1560/1541
f 629/470/1543 2662/1552/1532 2661/1554/1534
f 629/470/1543 630/469/1545 2663/1561/1544
f 630/469/1545 90/468/5953 991/1562/1546
f 2663/1561/1544 991/1562/1546 992/1562/1547
f 2666/1555/1535 992/1562/1547 993/1562/1548
f 993/1562/1548 150/468/5954 990/1563/1549
f 2669/1558/1538 990/1563/1549 989/1564/1550
f 2667/1557/1537 2668/1559/1539 989/1564/1550
f 994/1560/1552 2667/1557/1537 988/1565/1551
f 2664/1553/1533 2667/1557/1537 994/1560/1552
f 2661/1554/1534 2664/1553/1533 995/1560/1554
f 2670/1566/1555 2671/1570/1559 2674/1567/1556
f 2672/1569/1558 2675/1573/1562 2674/1567/1556
f 2673/1568/1557 2674/1567/1556 2677/1571/1560
f 2675/1573/1562 2678/1582/1566 2677/1571/1560
f 32/1574/62 456/1576/1563 2670/1566/1555
f 456/1576/1563 455/1578/1565 2671/1570/1559
f 454/1577/1564 2672/1569/1558 2671/1570/1559
f 31/1579/96 634/1580/97 2672/1569/1558
f 634/1580/97 635/1581/107 2675/1573/1562
f 635/1581/107 636/1583/105 2678/1582/1566
f 636/1583/105 1/1274/106 429/1273/1196
f 2678/1582/1566 429/1273/1196 428/1271/1194
f 2676/1572/1561 2677/1571/1560 428/1271/1194
f 631/1584/66 2676/1572/1561 427/1270/1193
f 632/1585/64 2673/1568/1557 2676/1572/1561
f 633/1575/63 2670/1566/1555 2673/1568/1557
f 2679/1586/1567 2680/1589/1571 2683/1587/1568
f 2681/1588/1570 2684/1591/1574 2683/1587/1568
f 2682/1586/1569 2683/1587/1568 2686/1589/1572
f 2684/1591/1574 2687/1600/1583 2686/1589/1572
f 113/1592/1575 880/1594/1577 2679/1586/1567
f 880/1594/1577 881/1596/1579 2680/1589/1571
f 882/1595/1578 2681/1588/1570 2680/1589/1571
f 114/1597/1580 1393/1598/1581 2681/1588/1570
f 1393/1598/1581 1394/1599/1582 2684/1591/1574
f 1394/1599/1582 1395/1601/1584 2687/1600/1583
f 1395/1601/1584 174/1597/5955 1242/1595/1585
f 2687/1600/1583 1242/1595/1585 1241/1596/1586
f 2685/1590/1573 2686/1589/1572 1241/1596/1586
f 1392/1592/1588 2685/1590/1573 1240/1594/1587
f 1391/1602/1590 2682/1586/1569 2685/1590/1573
f 1390/1593/1576 2679/1586/1567 2682/1586/1569
f 2688/1603/1591 2689/1607/1595 2692/1604/1592
f 2690/1606/1594 2693/1609/1598 2692/1604/1592
f 2691/1605/1593 2692/1604/1592 2695/1607/1596
f 2693/1609/1598 2696/1617/1607 2695/1607/1596
f 139/1610/1599 958/1612/1601 2688/1603/1591
f 958/1612/1601 959/1614/1603 2689/1607/1595
f 960/1613/1602 2690/1606/1594 2689/1607/1595
f 140/1615/1604 1368/1616/1605 2690/1606/1594
f 1368/1616/1605 1367/1615/1606 2693/1609/1598
f 1367/1615/1606 1366/1616/1608 2696/1617/1607
f 1366/1616/1608 200/1615/5956 1320/1613/1609
f 2696/1617/1607 1320/1613/1609 1319/1614/1610
f 2694/1608/1597 2695/1607/1596 1319/1614/1610
f 1389/1611/1612 2694/1608/1597 1318/1612/1611
f 1388/1618/1614 2691/1605/1593 2694/1608/1597
f 1387/1611/1600 2688/1603/1591 2691/1605/1593
f 2697/1619/1615 2698/1620/1619 2701/1620/1616
f 2699/1622/1618 2702/1624/1622 2701/1620/1616
f 2700/1621/1617 2701/1620/1616 2704/1623/1620
f 2702/1624/1622 2705/1627/1631 2704/1623/1620
f 112/1625/1623 877/1626/1625 2697/1619/1615
f 877/1626/1625 878/1628/1627 2698/1620/1619
f 879/1627/1626 2699/1622/1618 2698/1620/1619
f 113/1592/1628 1390/1593/1629 2699/1622/1618
f 1390/1593/1629 1391/1602/1630 2702/1624/1622
f 1391/1602/1630 1392/1592/1632 2705/1627/1631
f 1392/1592/1632 173/1592/5957 1239/1627/1633
f 2705/1627/1631 1239/1627/1633 1238/1628/1634
f 2703/1621/1621 2704/1623/1620 1238/1628/1634
f 1386/1629/1636 2703/1621/1621 1237/1626/1635
f 1385/1630/1638 2700/1621/1617 2703/1621/1621
f 1384/1625/1624 2697/1619/1615 2700/1621/1617
f 2706/1631/1639 2707/1632/1643 2710/1632/1640
f 2708/1634/1642 2711/1636/1646 2710/1632/1640
f 2709/1633/1641 2710/1632/1640 2713/1635/1644
f 2711/1636/1646 2714/1639/1655 2713/1635/1644
f 138/444/1647 955/1631/1649 2706/1631/1639
f 955/1631/1649 956/1632/1651 2707/1632/1643
f 957/1638/1650 2708/1634/1642 2707/1632/1643
f 139/1610/1652 1387/1611/1653 2708/1634/1642
f 1387/1611/1653 1388/1618/1654 2711/1636/1646
f 1388/1618/1654 1389/1611/1656 2714/1639/1655
f 1389/1611/1656 199/1610/5958 1317/1638/1657
f 2714/1639/1655 1317/1638/1657 1316/1635/1658
f 2712/1633/1645 2713/1635/1644 1316/1635/1658
f 1383/1637/1660 2712/1633/1645 1315/1631/1659
f 1382/1637/1662 2709/1633/1641 2712/1633/1645
f 1381/1637/1648 2706/1631/1639 2709/1633/1641
f 2715/1640/1663 2716/1644/1667 2719/1641/1664
f 2717/1643/1666 2720/1646/1670 2719/1641/1664
f 2718/1642/1665 2719/1641/1664 2722/1645/1668
f 2720/1646/1670 2723/1652/1679 2722/1645/1668
f 111/1647/1671 874/1649/1673 2715/1640/1663
f 874/1649/1673 875/1651/1675 2716/1644/1667
f 876/1650/1674 2717/1643/1666 2716/1644/1667
f 112/1625/1676 1384/1625/1677 2717/1643/1666
f 1384/1625/1677 1385/1630/1678 2720/1646/1670
f 1385/1630/1678 1386/1629/1680 2723/1652/1679
f 1386/1629/1680 172/1625/5959 1236/1650/1681
f 2723/1652/1679 1236/1650/1681 1235/1651/1682
f 2721/1642/1669 2722/1645/1668 1235/1651/1682
f 1377/1653/1684 2721/1642/1669 1234/1649/1683
f 1376/1653/1686 2718/1642/1665 2721/1642/1669
f 1375/1648/1672 2715/1640/1663 2718/1642/1665
f 2724/1654/1687 2725/1655/1691 2728/1655/1688
f 2726/1657/1690 2729/1659/1694 2728/1655/1688
f 2727/1656/1689 2728/1655/1688 2731/1655/1692
f 2729/1659/1694 2732/1665/1703 2731/1655/1692
f 137/1660/1695 952/1662/1697 2724/1654/1687
f 952/1662/1697 953/1655/1699 2725/1655/1691
f 954/1663/1698 2726/1657/1690 2725/1655/1691
f 138/793/1700 1381/1664/1701 2726/1657/1690
f 1381/1664/1701 1382/1664/1702 2729/1659/1694
f 1382/1664/1702 1383/1664/1704 2732/1665/1703
f 1383/1664/1704 198/793/5960 1314/1666/1705
f 2732/1665/1703 1314/1666/1705 1313/1655/1706
f 2730/1658/1693 2731/1655/1692 1313/1655/1706
f 1374/1661/1708 2730/1658/1693 1312/1662/1707
f 1373/1667/1710 2727/1656/1689 2730/1658/1693
f 1372/1661/1696 2724/1654/1687 2727/1656/1689
f 2733/1668/1711 2734/1671/1715 2737/1669/1712
f 2735/1670/1714 2738/1670/1718 2737/1669/1712
f 2736/1668/1713 2737/1669/1712 2740/1672/1716
f 2738/1670/1718 2741/1670/1727 2740/1672/1716
f 115/304/1719 871/1668/1721 2733/1668/1711
f 871/1668/1721 872/1669/1723 2734/1671/1715
f 873/1674/1722 2735/1670/1714 2734/1671/1715
f 111/1647/1724 1375/1648/1725 2735/1670/1714
f 1375/1648/1725 1376/1653/1726 2738/1670/1718
f 1376/1653/1726 1377/1653/1728 2741/1670/1727
f 1377/1653/1728 171/1647/5961 1233/1674/1729
f 2741/1670/1727 1233/1674/1729 1232/1669/1730
f 2739/1668/1717 2740/1672/1716 1232/1669/1730
f 1378/1673/1732 2739/1668/1717 1231/1668/1731
f 1379/1673/1734 2736/1668/1713 2739/1668/1717
f 1380/1673/1720 2733/1668/1711 2736/1668/1713
f 2742/1675/1735 2743/1679/1739 2746/1676/1736
f 2744/1678/1738 2747/1678/1742 2746/1676/1736
f 2745/1677/1737 2746/1676/1736 2749/1680/1740
f 2747/1678/1742 2750/1687/1751 2749/1680/1740
f 136/1682/1743 949/1684/1745 2742/1675/1735
f 949/1684/1745 950/1686/1747 2743/1679/1739
f 951/1685/1746 2744/1678/1738 2743/1679/1739
f 137/1660/1748 1372/1661/1749 2744/1678/1738
f 1372/1661/1749 1373/1667/1750 2747/1678/1742
f 1373/1667/1750 1374/1661/1752 2750/1687/1751
f 1374/1661/1752 197/1660/5962 1311/1685/1753
f 2750/1687/1751 1311/1685/1753 1310/1686/1754
f 2748/1681/1741 2749/1680/1740 1310/1686/1754
f 1365/1688/1756 2748/1681/1741 1309/1684/1755
f 1364/1682/1758 2745/1677/1737 2748/1681/1741
f 1363/1683/1744 2742/1675/1735 2745/1677/1737
f 2751/1689/1759 2752/1693/1763 2755/1690/1760
f 2753/1692/1762 2756/1692/1766 2755/1690/1760
f 2754/1691/1761 2755/1690/1760 2758/1693/1764
f 2756/1692/1766 2759/1698/1775 2758/1693/1764
f 109/1694/1767 868/1691/1769 2751/1689/1759
f 868/1691/1769 869/1696/1771 2752/1693/1763
f 870/1695/1770 2753/1692/1762 2752/1693/1763
f 110/1259/1772 1369/1697/1773 2753/1692/1762
f 1369/1697/1773 1370/1697/1774 2756/1692/1766
f 1370/1697/1774 1371/1697/1776 2759/1698/1775
f 1371/1697/1776 170/1259/5963 1230/1695/1777
f 2759/1698/1775 1230/1695/1777 1229/1693/1778
f 2757/1689/1765 2758/1693/1764 1229/1693/1778
f 1359/1699/1780 2757/1689/1765 1228/1691/1779
f 1358/1700/1782 2754/1691/1761 2757/1689/1765
f 1357/1694/1768 2751/1689/1759 2754/1691/1761
f 2760/1701/1783 2761/1705/1787 2764/1702/1784
f 2762/1704/1786 2765/1707/1790 2764/1702/1784
f 2763/1703/1785 2764/1702/1784 2767/1702/1788
f 2765/1707/1790 2768/1711/1799 2767/1702/1788
f 140/1615/1791 946/1708/1793 2760/1701/1783
f 946/1708/1793 947/1710/1795 2761/1705/1787
f 948/1709/1794 2762/1704/1786 2761/1705/1787
f 136/1682/1796 1363/1683/1797 2762/1704/1786
f 1363/1683/1797 1364/1682/1798 2765/1707/1790
f 1364/1682/1798 1365/1688/1800 2768/1711/1799
f 1365/1688/1800 196/1682/5964 1308/1709/1801
f 2768/1711/1799 1308/1709/1801 1307/1710/1802
f 2766/1706/1789 2767/1702/1788 1307/1710/1802
f 1366/1616/1804 2766/1706/1789 1306/1708/1803
f 1367/1615/1806 2763/1703/1785 2766/1706/1789
f 1368/1616/1792 2760/1701/1783 2763/1703/1785
f 2769/1712/1807 2770/1716/1811 2773/1713/1808
f 2771/1715/1810 2774/1718/1814 2773/1713/1808
f 2772/1714/1809 2773/1713/1808 2776/1717/1812
f 2774/1718/1814 2777/1722/1823 2776/1717/1812
f 108/1719/1815 865/1721/1817 2769/1712/1807
f 865/1721/1817 866/1723/1819 2770/1716/1811
f 867/1722/1818 2771/1715/1810 2770/1716/1811
f 109/1694/1820 1357/1694/1821 2771/1715/1810
f 1357/1694/1821 1358/1700/1822 2774/1718/1814
f 1358/1700/1822 1359/1699/1824 2777/1722/1823
f 1359/1699/1824 169/1694/5965 1227/1724/1825
f 2777/1722/1823 1227/1724/1825 1226/1725/1826
f 2775/1712/1813 2776/1717/1812 1226/1725/1826
f 1360/1726/1828 2775/1712/1813 1225/1721/1827
f 1361/1728/1830 2772/1714/1809 2775/1712/1813
f 1362/1720/1816 2769/1712/1807 2772/1714/1809
f 2778/1729/1831 2779/1733/1835 2782/1730/1832
f 2780/1732/1834 2783/1736/1838 2782/1730/1832
f 2781/1731/1833 2782/1730/1832 2785/1734/1836
f 2783/1736/1838 2786/1743/1847 2785/1734/1836
f 134/1737/1839 943/1731/1841 2778/1729/1831
f 943/1731/1841 944/1734/1843 2779/1733/1835
f 945/1739/1842 2780/1732/1834 2779/1733/1835
f 135/1740/1844 1351/1741/1845 2780/1732/1834
f 1351/1741/1845 1352/1742/1846 2783/1736/1838
f 1352/1742/1846 1353/1744/1848 2786/1743/1847
f 1353/1744/1848 195/1740/5966 1305/1739/1849
f 2786/1743/1847 1305/1739/1849 1304/1734/1850
f 2784/1735/1837 2785/1734/1836 1304/1734/1850
f 1354/1745/1852 2784/1735/1837 1303/1731/1851
f 1355/1746/1854 2781/1731/1833 2784/1735/1837
f 1356/1738/1840 2778/1729/1831 2781/1731/1833
f 2788/1747/1855 2791/1751/1859 2790/1748/1856
f 2788/1747/1855 2789/1755/1867 2792/1750/1858
f 2791/1751/1859 2794/1754/1862 2793/1752/1860
f 2791/1751/1859 2792/1750/1858 2795/1753/1861
f 487/152/1863 2787/1749/1857 1036/1397/1864
f 488/153/1866 2788/1747/1855 2787/1749/1857
f 488/153/1866 489/151/1868 2789/1755/1867
f 489/151/1868 43/149/5967 1042/1756/1869
f 2789/1755/1867 1042/1756/1869 1043/1756/1870
f 2792/1750/1858 1043/1756/1870 1044/1756/1871
f 1044/1756/1871 103/149/5968 849/1757/1872
f 2795/1753/1861 849/1757/1872 848/1758/1873
f 2793/1752/1860 2794/1754/1862 848/1758/1873
f 1038/1399/1875 2793/1752/1860 847/1759/1874
f 2790/1748/1856 2793/1752/1860 1038/1399/1875
f 2787/1749/1857 2790/1748/1856 1037/1398/1877
f 2797/1761/1878 2800/1765/1882 2799/1762/1879
f 2797/1761/1878 2798/1770/1890 2801/1764/1881
f 2800/1765/1882 2803/1768/1885 2802/1766/1883
f 2800/1765/1882 2801/1764/1881 2804/1767/1884
f 568/1056/1886 2796/1763/1880 1039/1381/1887
f 569/1769/1889 2797/1761/1878 2796/1763/1880
f 569/1769/1889 570/1054/1891 2798/1770/1890
f 570/1054/1891 70/683/5969 1020/1477/1892
f 2798/1770/1890 1020/1477/1892 1019/1485/1893
f 2801/1764/1881 1019/1485/1893 1018/1483/1894
f 1018/1483/1894 130/1484/5970 930/1771/1895
f 2804/1767/1884 930/1771/1895 929/1772/1896
f 2802/1766/1883 2803/1768/1885 929/1772/1896
f 1041/1383/1898 2802/1766/1883 928/1773/1897
f 2799/1762/1879 2802/1766/1883 1041/1383/1898
f 2796/1763/1880 2799/1762/1879 1040/1382/1900
f 2806/1775/1901 2809/1779/1905 2808/1776/1902
f 2806/1775/1901 2807/1785/1913 2810/1778/1904
f 2809/1779/1905 2812/1782/1908 2811/1780/1906
f 2809/1779/1905 2810/1778/1904 2813/1781/1907
f 490/1291/1909 2805/1777/1903 1042/1783/1910
f 491/1784/1912 2806/1775/1901 2805/1777/1903
f 491/1784/1912 492/1289/1914 2807/1785/1913
f 492/1289/1914 44/1288/5971 1045/1786/1915
f 2807/1785/1913 1045/1786/1915 1046/1787/1916
f 2810/1778/1904 1046/1787/1916 1047/1788/1917
f 1047/1788/1917 104/1824/5972 852/1789/1918
f 2813/1781/1907 852/1789/1918 851/1790/1919
f 2811/1780/1906 2812/1782/1908 851/1790/1919
f 1044/1783/1921 2811/1780/1906 850/1791/1920
f 2808/1776/1902 2811/1780/1906 1044/1783/1921
f 2805/1777/1903 2808/1776/1902 1043/1783/1923
f 2815/1792/1924 2818/1796/1928 2817/1793/1925
f 2815/1792/1924 2816/1801/1936 2819/1795/1927
f 2818/1796/1928 2821/1799/1931 2820/1797/1929
f 2818/1796/1928 2819/1795/1927 2822/1798/1930
f 571/624/1932 2814/1794/1926 1053/1800/1933
f 572/623/1935 2815/1792/1924 2814/1794/1926
f 572/623/1935 573/622/1937 2816/1801/1936
f 573/622/1937 71/621/5973 1048/1802/1938
f 2816/1801/1936 1048/1802/1938 1049/1803/1939
f 2819/1795/1927 1049/1803/1939 1050/1804/1940
f 1050/1804/1940 131/1840/5974 933/1805/1941
f 2822/1798/1930 933/1805/1941 932/1806/1942
f 2820/1797/1929 2821/1799/1931 932/1806/1942
f 1051/1808/1944 2820/1797/1929 931/1807/1943
f 2817/1793/1925 2820/1797/1929 1051/1808/1944
f 2814/1794/1926 2817/1793/1925 1052/1809/1946
f 2824/1810/1947 2827/1814/1951 2826/1811/1948
f 2824/1810/1947 2825/1819/1959 2828/1813/1950
f 2827/1814/1951 2830/1817/1954 2829/1815/1952
f 2827/1814/1951 2828/1813/1950 2831/1816/1953
f 493/1351/1955 2823/1812/1949 1045/1786/1956
f 494/1818/1958 2824/1810/1947 2823/1812/1949
f 494/1818/1958 495/1349/1960 2825/1819/1959
f 495/1349/1960 45/1348/5975 1032/1820/1961
f 2825/1819/1959 1032/1820/1961 1031/1820/1962
f 2828/1813/1950 1031/1820/1962 1030/1820/1963
f 1030/1820/1963 105/1348/5976 855/1821/1964
f 2831/1816/1953 855/1821/1964 854/1822/1965
f 2829/1815/1952 2830/1817/1954 854/1822/1965
f 1047/1788/1967 2829/1815/1952 853/1823/1966
f 2826/1811/1948 2829/1815/1952 1047/1788/1967
f 2823/1812/1949 2826/1811/1948 1046/1787/1969
f 2833/1825/1970 2836/1829/1974 2835/1826/1971
f 2833/1825/1970 2834/1833/1982 2837/1828/1973
f 2836/1829/1974 2839/1832/1977 2838/1830/1975
f 2836/1829/1974 2837/1828/1973 2840/1831/1976
f 574/829/1978 2832/1827/1972 1048/1802/1979
f 575/828/1981 2833/1825/1970 2832/1827/1972
f 575/828/1981 576/827/1983 2834/1833/1982
f 576/827/1983 72/826/5977 1054/1834/1984
f 2834/1833/1982 1054/1834/1984 1055/1835/1985
f 2837/1828/1973 1055/1835/1985 1056/1836/1986
f 1056/1836/1986 132/1870/5978 936/1837/1987
f 2840/1831/1976 936/1837/1987 935/1838/1988
f 2838/1830/1975 2839/1832/1977 935/1838/1988
f 1050/1804/1990 2838/1830/1975 934/1839/1989
f 2835/1826/1971 2838/1830/1975 1050/1804/1990
f 2832/1827/1972 2835/1826/1971 1049/1803/1992
f 2842/1841/1993 2845/1845/1997 2844/1842/1994
f 2842/1841/1993 2843/1850/2005 2846/1844/1996
f 2845/1845/1997 2848/1848/2000 2847/1846/1998
f 2845/1845/1997 2846/1844/1996 2849/1847/1999
f 496/280/2001 2841/1843/1995 1062/1849/2002
f 497/279/2004 2842/1841/1993 2841/1843/1995
f 497/279/2004 498/278/2006 2843/1850/2005
f 498/278/2006 46/277/5979 1057/1851/2007
f 2843/1850/2005 1057/1851/2007 1058/1852/2008
f 2846/1844/1996 1058/1852/2008 1059/1853/2009
f 1059/1853/2009 106/1886/5980 858/1854/2010
f 2849/1847/1999 858/1854/2010 857/1855/2011
f 2847/1846/1998 2848/1848/2000 857/1855/2011
f 1060/1849/2013 2847/1846/1998 856/1856/2012
f 2844/1842/1994 2847/1846/1998 1060/1849/2013
f 2841/1843/1995 2844/1842/1994 1061/1849/2015
f 2851/1857/2016 2854/1861/2020 2853/1858/2017
f 2851/1857/2016 2852/1865/2028 2855/1860/2019
f 2854/1861/2020 2857/1864/2023 2856/1862/2021
f 2854/1861/2020 2855/1860/2019 2858/1863/2022
f 577/841/2024 2850/1859/2018 1054/1834/2025
f 578/842/2027 2851/1857/2016 2850/1859/2018
f 578/842/2027 579/840/2029 2852/1865/2028
f 579/840/2029 73/838/5981 1063/1866/2030
f 2852/1865/2028 1063/1866/2030 1064/1866/2031
f 2855/1860/2019 1064/1866/2031 1065/1866/2032
f 1065/1866/2032 133/838/5982 939/1867/2033
f 2858/1863/2022 939/1867/2033 938/1868/2034
f 2856/1862/2021 2857/1864/2023 938/1868/2034
f 1056/1836/2036 2856/1862/2021 937/1869/2035
f 2853/1858/2017 2856/1862/2021 1056/1836/2036
f 2850/1859/2018 2853/1858/2017 1055/1835/2038
f 2860/1871/2039 2863/1875/2043 2862/1872/2040
f 2860/1871/2039 2861/1879/2051 2864/1874/2042
f 2863/1875/2043 2866/1878/2046 2865/1876/2044
f 2863/1875/2043 2864/1874/2042 2867/1877/2045
f 499/1040/2047 2859/1873/2041 1057/1851/2048
f 500/1041/2050 2860/1871/2039 2859/1873/2041
f 500/1041/2050 501/1039/2052 2861/1879/2051
f 501/1039/2052 47/178/5983 1066/1880/2053
f 2861/1879/2051 1066/1880/2053 1067/1881/2054
f 2864/1874/2042 1067/1881/2054 1068/1882/2055
f 1068/1882/2055 107/1919/5984 861/1883/2056
f 2867/1877/2045 861/1883/2056 860/1884/2057
f 2865/1876/2044 2866/1878/2046 860/1884/2057
f 1059/1853/2059 2865/1876/2044 859/1885/2058
f 2862/1872/2040 2865/1876/2044 1059/1853/2059
f 2859/1873/2041 2862/1872/2040 1058/1852/2061
f 2869/1887/2062 2872/1891/2066 2871/1888/2063
f 2869/1887/2062 2870/1897/2074 2873/1890/2065
f 2872/1891/2066 2875/1894/2069 2874/1892/2067
f 2872/1891/2066 2873/1890/2065 2876/1893/2068
f 580/419/2070 2868/1889/2064 1063/1895/2071
f 581/1896/2073 2869/1887/2062 2868/1889/2064
f 581/1896/2073 582/417/2075 2870/1897/2074
f 582/417/2075 74/416/5985 1069/1898/2076
f 2870/1897/2074 1069/1898/2076 1070/1899/2077
f 2873/1890/2065 1070/1899/2077 1071/1900/2078
f 1071/1900/2078 134/1737/5986 942/1901/2079
f 2876/1893/2068 942/1901/2079 941/1902/2080
f 2874/1892/2067 2875/1894/2069 941/1902/2080
f 1065/1895/2082 2874/1892/2067 940/1903/2081
f 2871/1888/2063 2874/1892/2067 1065/1895/2082
f 2868/1889/2064 2871/1888/2063 1064/1895/2084
f 2878/1904/2085 2881/1908/2089 2880/1905/2086
f 2878/1904/2085 2879/1912/2097 2882/1907/2088
f 2881/1908/2089 2884/1911/2092 2883/1909/2090
f 2881/1908/2089 2882/1907/2088 2885/1910/2091
f 502/176/2093 2877/1906/2087 1066/1880/2094
f 503/177/2096 2878/1904/2085 2877/1906/2087
f 503/177/2096 504/175/2098 2879/1912/2097
f 504/175/2098 48/173/5987 1072/1913/2099
f 2879/1912/2097 1072/1913/2099 1073/1914/2100
f 2882/1907/2088 1073/1914/2100 1074/1915/2101
f 1074/1915/2101 108/1719/5988 864/1916/2102
f 2885/1910/2091 864/1916/2102 863/1917/2103
f 2883/1909/2090 2884/1911/2092 863/1917/2103
f 1068/1882/2105 2883/1909/2090 862/1918/2104
f 2880/1905/2086 2883/1909/2090 1068/1882/2105
f 2877/1906/2087 2880/1905/2086 1067/1881/2107
f 2887/1920/2108 2890/1924/2112 2889/1921/2109
f 2887/1920/2108 2888/1929/2120 2891/1923/2111
f 2890/1924/2112 2893/1927/2115 2892/1925/2113
f 2890/1924/2112 2891/1923/2111 2894/1926/2114
f 583/1019/2116 2886/1922/2110 1069/1898/2117
f 584/1928/2119 2887/1920/2108 2886/1922/2110
f 584/1928/2119 585/1017/2121 2888/1929/2120
f 585/1017/2121 75/625/5989 1053/1800/2122
f 2888/1929/2120 1053/1800/2122 1052/1809/2123
f 2891/1923/2111 1052/1809/2123 1051/1808/2124
f 1051/1808/2124 135/1740/5990 945/1739/2125
f 2894/1926/2114 945/1739/2125 944/1734/2126
f 2892/1925/2113 2893/1927/2115 944/1734/2126
f 1071/1900/2128 2892/1925/2113 943/1731/2127
f 2889/1921/2109 2892/1925/2113 1071/1900/2128
f 2886/1922/2110 2889/1921/2109 1070/1899/2130
f 2896/1930/2131 2899/1934/2135 2898/1931/2132
f 2896/1930/2131 2897/1939/2143 2900/1933/2134
f 2899/1934/2135 2902/1937/2138 2901/1935/2136
f 2899/1934/2135 2900/1933/2134 2903/1936/2137
f 505/1247/2139 2895/1932/2133 1072/1913/2140
f 506/1938/2142 2896/1930/2131 2895/1932/2133
f 506/1938/2142 507/1245/2144 2897/1939/2143
f 507/1245/2144 49/1244/5991 1075/1940/2145
f 2897/1939/2143 1075/1940/2145 1076/1941/2146
f 2900/1933/2134 1076/1941/2146 1077/1942/2147
f 1077/1942/2147 109/1694/5992 867/1722/2148
f 2903/1936/2137 867/1722/2148 866/1723/2149
f 2901/1935/2136 2902/1937/2138 866/1723/2149
f 1074/1915/2151 2901/1935/2136 865/1721/2150
f 2898/1931/2132 2901/1935/2136 1074/1915/2151
f 2895/1932/2133 2898/1931/2132 1073/1914/2153
f 2905/1943/2154 2908/1947/2158 2907/1944/2155
f 2905/1943/2154 2906/1952/2166 2909/1946/2157
f 2908/1947/2158 2911/1950/2161 2910/1948/2159
f 2908/1947/2158 2909/1946/2157 2912/1949/2160
f 586/566/2162 2904/1945/2156 1083/1951/2163
f 587/565/2165 2905/1943/2154 2904/1945/2156
f 587/565/2165 588/564/2167 2906/1952/2166
f 588/564/2167 76/563/5993 1078/1953/2168
f 2906/1952/2166 1078/1953/2168 1079/1954/2169
f 2909/1946/2157 1079/1954/2169 1080/1955/2170
f 1080/1955/2170 136/1682/5994 948/1709/2171
f 2912/1949/2160 948/1709/2171 947/1710/2172
f 2910/1948/2159 2911/1950/2161 947/1710/2172
f 1081/1956/2174 2910/1948/2159 946/1708/2173
f 2907/1944/2155 2910/1948/2159 1081/1956/2174
f 2904/1945/2156 2907/1944/2155 1082/1957/2176
f 2914/1958/2177 2917/1962/2181 2916/1959/2178
f 2914/1958/2177 2915/1967/2189 2918/1961/2180
f 2917/1962/2181 2920/1965/2184 2919/1963/2182
f 2917/1962/2181 2918/1961/2180 2921/1964/2183
f 508/1262/2185 2913/1960/2179 1075/1940/2186
f 509/1966/2188 2914/1958/2177 2913/1960/2179
f 509/1966/2188 510/1260/2190 2915/1967/2189
f 510/1260/2190 50/1259/5995 1062/1697/2191
f 2915/1967/2189 1062/1697/2191 1061/1697/2192
f 2918/1961/2180 1061/1697/2192 1060/1697/2193
f 1060/1697/2193 110/1259/5996 870/1695/2194
f 2921/1964/2183 870/1695/2194 869/1696/2195
f 2919/1963/2182 2920/1965/2184 869/1696/2195
f 1077/1942/2197 2919/1963/2182 868/1691/2196
f 2916/1959/2178 2919/1963/2182 1077/1942/2197
f 2913/1960/2179 2916/1959/2178 1076/1941/2199
f 2923/1968/2200 2926/1972/2204 2925/1969/2201
f 2923/1968/2200 2924/1976/2212 2927/1971/2203
f 2926/1972/2204 2929/1975/2207 2928/1973/2205
f 2926/1972/2204 2927/1971/2203 2930/1974/2206
f 589/784/2208 2922/1970/2202 1078/1953/2209
f 590/783/2211 2923/1968/2200 2922/1970/2202
f 590/783/2211 591/782/2213 2924/1976/2212
f 591/782/2213 77/781/5997 1084/1977/2214
f 2924/1976/2212 1084/1977/2214 1085/1978/2215
f 2927/1971/2203 1085/1978/2215 1086/1979/2216
f 1086/1979/2216 137/1660/5998 951/1685/2217
f 2930/1974/2206 951/1685/2217 950/1686/2218
f 2928/1973/2205 2929/1975/2207 950/1686/2218
f 1080/1955/2220 2928/1973/2205 949/1684/2219
f 2925/1969/2201 2928/1973/2205 1080/1955/2220
f 2922/1970/2202 2925/1969/2201 1079/1954/2222
f 2932/1980/2223 2935/1984/2227 2934/1981/2224
f 2932/1980/2223 2933/1988/2235 2936/1983/2226
f 2935/1984/2227 2938/1987/2230 2937/1985/2228
f 2935/1984/2227 2936/1983/2226 2939/1986/2229
f 511/303/2231 2931/1982/2225 1092/1673/2232
f 512/302/2234 2932/1980/2223 2931/1982/2225
f 512/302/2234 513/301/2236 2933/1988/2235
f 513/301/2236 51/300/5999 1087/1989/2237
f 2933/1988/2235 1087/1989/2237 1088/1990/2238
f 2936/1983/2226 1088/1990/2238 1089/1991/2239
f 1089/1991/2239 111/1647/6000 873/1674/2240
f 2939/1986/2229 873/1674/2240 872/1669/2241
f 2937/1985/2228 2938/1987/2230 872/1669/2241
f 1090/1673/2243 2937/1985/2228 871/1668/2242
f 2934/1981/2224 2937/1985/2228 1090/1673/2243
f 2931/1982/2225 2934/1981/2224 1091/1673/2245
f 2941/1992/2246 2944/1996/2250 2943/1993/2247
f 2941/1992/2246 2942/2000/2258 2945/1995/2249
f 2944/1996/2250 2947/1999/2253 2946/1997/2251
f 2944/1996/2250 2945/1995/2249 2948/1998/2252
f 592/796/2254 2940/1994/2248 1084/1977/2255
f 593/797/2257 2941/1992/2246 2940/1994/2248
f 593/797/2257 594/795/2259 2942/2000/2258
f 594/795/2259 78/793/6001 1093/1664/2260
f 2942/2000/2258 1093/1664/2260 1094/1664/2261
f 2945/1995/2249 1094/1664/2261 1095/1664/2262
f 1095/1664/2262 138/793/6002 954/1663/2263
f 2948/1998/2252 954/1663/2263 953/1655/2264
f 2946/1997/2251 2947/1999/2253 953/1655/2264
f 1086/1979/2266 2946/1997/2251 952/1662/2265
f 2943/1993/2247 2946/1997/2251 1086/1979/2266
f 2940/1994/2248 2943/1993/2247 1085/1978/2268
f 2950/2001/2269 2953/2005/2273 2952/2002/2270
f 2950/2001/2269 2951/2009/2281 2954/2004/2272
f 2953/2005/2273 2956/2008/2276 2955/2006/2274
f 2953/2005/2273 2954/2004/2272 2957/2007/2275
f 514/1003/2277 2949/2003/2271 1087/1989/2278
f 515/1004/2280 2950/2001/2269 2949/2003/2271
f 515/1004/2280 516/1002/2282 2951/2009/2281
f 516/1002/2282 52/202/6003 1096/2010/2283
f 2951/2009/2281 1096/2010/2283 1097/2011/2284
f 2954/2004/2272 1097/2011/2284 1098/2012/2285
f 1098/2012/2285 112/1625/6004 876/1650/2286
f 2957/2007/2275 876/1650/2286 875/1651/2287
f 2955/2006/2274 2956/2008/2276 875/1651/2287
f 1089/1991/2289 2955/2006/2274 874/1649/2288
f 2952/2002/2270 2955/2006/2274 1089/1991/2289
f 2949/2003/2271 2952/2002/2270 1088/1990/2291
f 2959/2013/2292 2962/2017/2296 2961/2014/2293
f 2959/2013/2292 2960/2022/2304 2963/2016/2295
f 2962/2017/2296 2965/2020/2299 2964/2018/2297
f 2962/2017/2296 2963/2016/2295 2966/2019/2298
f 595/443/2300 2958/2015/2294 1093/1637/2301
f 596/2021/2303 2959/2013/2292 2958/2015/2294
f 596/2021/2303 597/441/2305 2960/2022/2304
f 597/441/2305 79/440/6005 1099/2023/2306
f 2960/2022/2304 1099/2023/2306 1100/2024/2307
f 2963/2016/2295 1100/2024/2307 1101/2025/2308
f 1101/2025/2308 139/1610/6006 957/1638/2309
f 2966/2019/2298 957/1638/2309 956/1632/2310
f 2964/2018/2297 2965/2020/2299 956/1632/2310
f 1095/1637/2312 2964/2018/2297 955/1631/2311
f 2961/2014/2293 2964/2018/2297 1095/1637/2312
f 2958/2015/2294 2961/2014/2293 1094/1637/2314
f 2968/2026/2315 2971/2030/2319 2970/2027/2316
f 2968/2026/2315 2969/2034/2327 2972/2029/2318
f 2971/2030/2319 2974/2033/2322 2973/2031/2320
f 2971/2030/2319 2972/2029/2318 2975/2032/2321
f 517/200/2323 2967/2028/2317 1096/2010/2324
f 518/201/2326 2968/2026/2315 2967/2028/2317
f 518/201/2326 519/199/2328 2969/2034/2327
f 519/199/2328 53/197/6007 1102/2035/2329
f 2969/2034/2327 1102/2035/2329 1103/2036/2330
f 2972/2029/2318 1103/2036/2330 1104/2037/2331
f 1104/2037/2331 113/1592/6008 879/1627/2332
f 2975/2032/2321 879/1627/2332 878/1628/2333
f 2973/2031/2320 2974/2033/2322 878/1628/2333
f 1098/2012/2335 2973/2031/2320 877/1626/2334
f 2970/2027/2316 2973/2031/2320 1098/2012/2335
f 2967/2028/2317 2970/2027/2316 1097/2011/2337
f 2977/2038/2338 2980/2042/2342 2979/2039/2339
f 2977/2038/2338 2978/2047/2350 2981/2041/2341
f 2980/2042/2342 2983/2045/2345 2982/2043/2343
f 2980/2042/2342 2981/2041/2341 2984/2044/2344
f 598/979/2346 2976/2040/2340 1099/2023/2347
f 599/2046/2349 2977/2038/2338 2976/2040/2340
f 599/2046/2349 600/977/2351 2978/2047/2350
f 600/977/2351 80/567/6009 1083/1951/2352
f 2978/2047/2350 1083/1951/2352 1082/1957/2353
f 2981/2041/2341 1082/1957/2353 1081/1956/2354
f 1081/1956/2354 140/1615/6010 960/1613/2355
f 2984/2044/2344 960/1613/2355 959/1614/2356
f 2982/2043/2343 2983/2045/2345 959/1614/2356
f 1101/2025/2358 2982/2043/2343 958/1612/2357
f 2979/2039/2339 2982/2043/2343 1101/2025/2358
f 2976/2040/2340 2979/2039/2339 1100/2024/2360
f 2986/2048/2361 2989/2052/2365 2988/2049/2362
f 2986/2048/2361 2987/2057/2373 2990/2051/2364
f 2989/2052/2365 2992/2055/2368 2991/2053/2366
f 2989/2052/2365 2990/2051/2364 2993/2054/2367
f 520/1206/2369 2985/2050/2363 1102/2035/2370
f 521/2056/2372 2986/2048/2361 2985/2050/2363
f 521/2056/2372 522/1204/2374 2987/2057/2373
f 522/1204/2374 54/1203/6011 1105/2058/2375
f 2987/2057/2373 1105/2058/2375 1106/2059/2376
f 2990/2051/2364 1106/2059/2376 1107/2060/2377
f 1107/2060/2377 114/1597/6012 882/1595/2378
f 2993/2054/2367 882/1595/2378 881/1596/2379
f 2991/2053/2366 2992/2055/2368 881/1596/2379
f 1104/2037/2381 2991/2053/2366 880/1594/2380
f 2988/2049/2362 2991/2053/2366 1104/2037/2381
f 2985/2050/2363 2988/2049/2362 1103/2036/2383
f 2995/2061/2384 2998/2065/2388 2997/2062/2385
f 2995/2061/2384 2996/2070/2396 2999/2064/2387
f 2998/2065/2388 3001/2068/2391 3000/2066/2389
f 2998/2065/2388 2999/2064/2387 3002/2067/2390
f 601/508/2392 2994/2063/2386 1113/2069/2393
f 602/507/2395 2995/2061/2384 2994/2063/2386
f 602/507/2395 603/506/2397 2996/2070/2396
f 603/506/2397 81/505/6013 1108/2071/2398
f 2996/2070/2396 1108/2071/2398 1109/2072/2399
f 2999/2064/2387 1109/2072/2399 1110/2073/2400
f 1110/2073/2400 141/2109/6014 963/2074/2401
f 3002/2067/2390 963/2074/2401 962/2075/2402
f 3000/2066/2389 3001/2068/2391 962/2075/2402
f 1111/2077/2404 3000/2066/2389 961/2076/2403
f 2997/2062/2385 3000/2066/2389 1111/2077/2404
f 2994/2063/2386 2997/2062/2385 1112/2079/2406
f 3004/2080/2407 3007/2084/2411 3006/2081/2408
f 3004/2080/2407 3005/2089/2419 3008/2083/2410
f 3007/2084/2411 3010/2087/2414 3009/2085/2412
f 3007/2084/2411 3008/2083/2410 3011/2086/2413
f 523/1221/2415 3003/2082/2409 1105/2058/2416
f 524/2088/2418 3004/2080/2407 3003/2082/2409
f 524/2088/2418 525/1219/2420 3005/2089/2419
f 525/1219/2420 55/1218/6015 1092/2090/2421
f 3005/2089/2419 1092/2090/2421 1091/2090/2422
f 3008/2083/2410 1091/2090/2422 1090/2090/2423
f 1090/2090/2423 115/1218/6016 885/2091/2424
f 3011/2086/2413 885/2091/2424 884/2092/2425
f 3009/2085/2412 3010/2087/2414 884/2092/2425
f 1107/2060/2427 3009/2085/2412 883/2093/2426
f 3006/2081/2408 3009/2085/2412 1107/2060/2427
f 3003/2082/2409 3006/2081/2408 1106/2059/2429
f 3013/2094/2430 3016/2098/2434 3015/2095/2431
f 3013/2094/2430 3014/2102/2442 3017/2097/2433
f 3016/2098/2434 3019/2101/2437 3018/2099/2435
f 3016/2098/2434 3017/2097/2433 3020/2100/2436
f 604/739/2438 3012/2096/2432 1108/2071/2439
f 605/738/2441 3013/2094/2430 3012/2096/2432
f 605/738/2441 606/737/2443 3014/2102/2442
f 606/737/2443 82/736/6017 1114/2103/2444
f 3014/2102/2442 1114/2103/2444 1115/2104/2445
f 3017/2097/2433 1115/2104/2445 1116/2105/2446
f 1116/2105/2446 142/2140/6018 966/2106/2447
f 3020/2100/2436 966/2106/2447 965/2107/2448
f 3018/2099/2435 3019/2101/2437 965/2107/2448
f 1110/2073/2450 3018/2099/2435 964/2108/2449
f 3015/2095/2431 3018/2099/2435 1110/2073/2450
f 3012/2096/2432 3015/2095/2431 1109/2072/2452
f 3022/2110/2453 3025/2114/2457 3024/2111/2454
f 3022/2110/2453 3023/2119/2465 3026/2113/2456
f 3025/2114/2457 3028/2117/2460 3027/2115/2458
f 3025/2114/2457 3026/2113/2456 3029/2116/2459
f 526/327/2461 3021/2112/2455 1122/2118/2462
f 527/326/2464 3022/2110/2453 3021/2112/2455
f 527/326/2464 528/325/2466 3023/2119/2465
f 528/325/2466 56/324/6019 1117/2120/2467
f 3023/2119/2465 1117/2120/2467 1118/2120/2468
f 3026/2113/2456 1118/2120/2468 1119/2120/2469
f 1119/2120/2469 116/324/6020 888/2121/2470
f 3029/2116/2459 888/2121/2470 887/2122/2471
f 3027/2115/2458 3028/2117/2460 887/2122/2471
f 1120/2124/2473 3027/2115/2458 886/2123/2472
f 3024/2111/2454 3027/2115/2458 1120/2124/2473
f 3021/2112/2455 3024/2111/2454 1121/2126/2475
f 3031/2127/2476 3034/2131/2480 3033/2128/2477
f 3031/2127/2476 3032/2135/2488 3035/2130/2479
f 3034/2131/2480 3037/2134/2483 3036/2132/2481
f 3034/2131/2480 3035/2130/2479 3038/2133/2482
f 607/751/2484 3030/2129/2478 1114/2103/2485
f 608/752/2487 3031/2127/2476 3030/2129/2478
f 608/752/2487 609/750/2489 3032/2135/2488
f 609/750/2489 83/748/6021 1123/2136/2490
f 3032/2135/2488 1123/2136/2490 1124/2136/2491
f 3035/2130/2479 1124/2136/2491 1125/2136/2492
f 1125/2136/2492 143/748/6022 969/2137/2493
f 3038/2133/2482 969/2137/2493 968/2138/2494
f 3036/2132/2481 3037/2134/2483 968/2138/2494
f 1116/2105/2496 3036/2132/2481 967/2139/2495
f 3033/2128/2477 3036/2132/2481 1116/2105/2496
f 3030/2129/2478 3033/2128/2477 1115/2104/2498
f 3040/2141/2499 3043/2145/2503 3042/2142/2500
f 3040/2141/2499 3041/2150/2511 3044/2144/2502
f 3043/2145/2503 3046/2148/2506 3045/2146/2504
f 3043/2145/2503 3044/2144/2502 3047/2147/2505
f 529/1165/2507 3039/2143/2501 1117/2149/2508
f 530/1164/2510 3040/2141/2499 3039/2143/2501
f 530/1164/2510 531/1163/2512 3041/2150/2511
f 531/1163/2512 57/1162/6023 1126/2151/2513
f 3041/2150/2511 1126/2151/2513 1127/2152/2514
f 3044/2144/2502 1127/2152/2514 1128/2153/2515
f 1128/2153/2515 117/2203/6024 891/2154/2516
f 3047/2147/2505 891/2154/2516 890/2155/2517
f 3045/2146/2504 3046/2148/2506 890/2155/2517
f 1119/2149/2519 3045/2146/2504 889/2156/2518
f 3042/2142/2500 3045/2146/2504 1119/2149/2519
f 3039/2143/2501 3042/2142/2500 1118/2149/2521
f 3049/2157/2522 3052/2161/2526 3051/2158/2523
f 3049/2157/2522 3050/2166/2534 3053/2160/2525
f 3052/2161/2526 3055/2164/2529 3054/2162/2527
f 3052/2161/2526 3053/2160/2525 3056/2163/2528
f 451/108/2530 3048/2159/2524 1134/2165/2531
f 452/109/2533 3049/2157/2522 3048/2159/2524
f 452/109/2533 453/107/2535 3050/2166/2534
f 453/107/2535 31/105/6025 1129/2167/2536
f 3050/2166/2534 1129/2167/2536 1130/2167/2537
f 3053/2160/2525 1130/2167/2537 1131/2167/2538
f 1131/2167/2538 91/105/6026 813/2168/2539
f 3056/2163/2528 813/2168/2539 812/2169/2540
f 3054/2162/2527 3055/2164/2529 812/2169/2540
f 1132/2165/2542 3054/2162/2527 811/2170/2541
f 3051/2158/2523 3054/2162/2527 1132/2165/2542
f 3048/2159/2524 3051/2158/2523 1133/2165/2544
f 3058/2171/2545 3061/2175/2549 3060/2172/2546
f 3058/2171/2545 3059/2181/2557 3062/2174/2548
f 3061/2175/2549 3064/2178/2552 3063/2176/2550
f 3061/2175/2549 3062/2174/2548 3065/2177/2551
f 610/964/2553 3057/2173/2547 1123/2179/2554
f 611/2180/2556 3058/2171/2545 3057/2173/2547
f 611/2180/2556 612/962/2558 3059/2181/2557
f 612/962/2558 84/961/6027 1135/2182/2559
f 3059/2181/2557 1135/2182/2559 1136/2183/2560
f 3062/2174/2548 1136/2183/2560 1137/2184/2561
f 1137/2184/2561 144/2231/6028 972/2185/2562
f 3065/2177/2551 972/2185/2562 971/2186/2563
f 3063/2176/2550 3064/2178/2552 971/2186/2563
f 1125/2179/2565 3063/2176/2550 970/2187/2564
f 3060/2172/2546 3063/2176/2550 1125/2179/2565
f 3057/2173/2547 3060/2172/2546 1124/2179/2567
f 3067/2188/2568 3070/2192/2572 3069/2189/2569
f 3067/2188/2568 3068/2196/2580 3071/2191/2571
f 3070/2192/2572 3073/2195/2575 3072/2193/2573
f 3070/2192/2572 3071/2191/2571 3074/2194/2574
f 532/1178/2576 3066/2190/2570 1126/2151/2577
f 533/1179/2579 3067/2188/2568 3066/2190/2570
f 533/1179/2579 534/1177/2581 3068/2196/2580
f 534/1177/2581 58/226/6029 1138/2197/2582
f 3068/2196/2580 1138/2197/2582 1139/2198/2583
f 3071/2191/2571 1139/2198/2583 1140/2199/2584
f 1140/2199/2584 118/2247/6030 894/2200/2585
f 3074/2194/2574 894/2200/2585 893/2201/2586
f 3072/2193/2573 3073/2195/2575 893/2201/2586
f 1128/2153/2588 3072/2193/2573 892/2202/2587
f 3069/2189/2569 3072/2193/2573 1128/2153/2588
f 3066/2190/2570 3069/2189/2569 1127/2152/2590
f 3076/2204/2591 3079/2208/2595 3078/2205/2592
f 3076/2204/2591 3077/2213/2603 3080/2207/2594
f 3079/2208/2595 3082/2211/2598 3081/2209/2596
f 3079/2208/2595 3080/2207/2594 3083/2210/2597
f 454/1577/2599 3075/2206/2593 1129/2212/2600
f 455/1578/2602 3076/2204/2591 3075/2206/2593
f 455/1578/2602 456/1576/2604 3077/2213/2603
f 456/1576/2604 32/1574/6031 1141/2214/2605
f 3077/2213/2603 1141/2214/2605 1142/2214/2606
f 3080/2207/2594 1142/2214/2606 1143/2214/2607
f 1143/2214/2607 92/1574/6032 816/2215/2608
f 3083/2210/2597 816/2215/2608 815/2216/2609
f 3081/2209/2596 3082/2211/2598 815/2216/2609
f 1131/2212/2611 3081/2209/2596 814/2217/2610
f 3078/2205/2592 3081/2209/2596 1131/2212/2611
f 3075/2206/2593 3078/2205/2592 1130/2212/2613
f 3085/2218/2614 3088/2222/2618 3087/2219/2615
f 3085/2218/2614 3086/2227/2626 3089/2221/2617
f 3088/2222/2618 3091/2225/2621 3090/2223/2619
f 3088/2222/2618 3089/2221/2617 3092/2224/2620
f 613/1135/2622 3084/2220/2616 1135/2182/2623
f 614/2226/2625 3085/2218/2614 3084/2220/2616
f 614/2226/2625 615/1133/2627 3086/2227/2626
f 615/1133/2627 85/509/6033 1113/2069/2628
f 3086/2227/2626 1113/2069/2628 1112/2079/2629
f 3089/2221/2617 1112/2079/2629 1111/2077/2630
f 1111/2077/2630 145/2078/6034 975/2228/2631
f 3092/2224/2620 975/2228/2631 974/2229/2632
f 3090/2223/2619 3091/2225/2621 974/2229/2632
f 1137/2184/2634 3090/2223/2619 973/2230/2633
f 3087/2219/2615 3090/2223/2619 1137/2184/2634
f 3084/2220/2616 3087/2219/2615 1136/2183/2636
f 3094/2232/2637 3097/2236/2641 3096/2233/2638
f 3094/2232/2637 3095/2240/2649 3098/2235/2640
f 3097/2236/2641 3100/2239/2644 3099/2237/2642
f 3097/2236/2641 3098/2235/2640 3101/2238/2643
f 535/224/2645 3093/2234/2639 1138/2197/2646
f 536/225/2648 3094/2232/2637 3093/2234/2639
f 536/225/2648 537/223/2650 3095/2240/2649
f 537/223/2650 59/221/6035 1144/2241/2651
f 3095/2240/2649 1144/2241/2651 1145/2242/2652
f 3098/2235/2640 1145/2242/2652 1146/2243/2653
f 1146/2243/2653 119/2290/6036 897/2244/2654
f 3101/2238/2643 897/2244/2654 896/2245/2655
f 3099/2237/2642 3100/2239/2644 896/2245/2655
f 1140/2199/2657 3099/2237/2642 895/2246/2656
f 3096/2233/2638 3099/2237/2642 1140/2199/2657
f 3093/2234/2639 3096/2233/2638 1139/2198/2659
f 3103/2248/2660 3106/2252/2664 3105/2249/2661
f 3103/2248/2660 3104/2257/2672 3107/2251/2663
f 3106/2252/2664 3109/2255/2667 3108/2253/2665
f 3106/2252/2664 3107/2251/2663 3110/2254/2666
f 457/60/2668 3102/2250/2662 1141/2256/2669
f 458/61/2671 3103/2248/2660 3102/2250/2662
f 458/61/2671 459/59/2673 3104/2257/2672
f 459/59/2673 33/57/6037 1147/2258/2674
f 3104/2257/2672 1147/2258/2674 1148/2258/2675
f 3107/2251/2663 1148/2258/2675 1149/2258/2676
f 1149/2258/2676 93/57/6038 819/2259/2677
f 3110/2254/2666 819/2259/2677 818/2260/2678
f 3108/2253/2665 3109/2255/2667 818/2260/2678
f 1143/2256/2680 3108/2253/2665 817/2261/2679
f 3105/2249/2661 3108/2253/2665 1143/2256/2680
f 3102/2250/2662 3105/2249/2661 1142/2256/2682
f 3112/2262/2683 3115/2266/2687 3114/2263/2684
f 3112/2262/2683 3113/2271/2695 3116/2265/2686
f 3115/2266/2687 3118/2269/2690 3117/2267/2688
f 3115/2266/2687 3116/2265/2686 3119/2268/2689
f 616/528/2691 3111/2264/2685 991/2270/2692
f 617/527/2694 3112/2262/2683 3111/2264/2685
f 617/527/2694 618/526/2696 3113/2271/2695
f 618/526/2696 86/525/6039 1150/2272/2697
f 3113/2271/2695 1150/2272/2697 1151/2272/2698
f 3116/2265/2686 1151/2272/2698 1152/2272/2699
f 1152/2272/2699 146/525/6040 978/2273/2700
f 3119/2268/2689 978/2273/2700 977/2274/2701
f 3117/2267/2688 3118/2269/2690 977/2274/2701
f 993/2276/2703 3117/2267/2688 976/2275/2702
f 3114/2263/2684 3117/2267/2688 993/2276/2703
f 3111/2264/2685 3114/2263/2684 992/2270/2705
f 3121/2277/2706 3124/2281/2710 3123/2278/2707
f 3121/2277/2706 3122/2286/2718 3125/2280/2709
f 3124/2281/2710 3127/2284/2713 3126/2282/2711
f 3124/2281/2710 3125/2280/2709 3128/2283/2712
f 538/1306/2714 3120/2279/2708 1144/2241/2715
f 539/2285/2717 3121/2277/2706 3120/2279/2708
f 539/2285/2717 540/1304/2719 3122/2286/2718
f 540/1304/2719 60/328/6041 1122/2118/2720
f 3122/2286/2718 1122/2118/2720 1121/2126/2721
f 3125/2280/2709 1121/2126/2721 1120/2124/2722
f 1120/2124/2722 120/2125/6042 900/2287/2723
f 3128/2283/2712 900/2287/2723 899/2288/2724
f 3126/2282/2711 3127/2284/2713 899/2288/2724
f 1146/2243/2726 3126/2282/2711 898/2289/2725
f 3123/2278/2707 3126/2282/2711 1146/2243/2726
f 3120/2279/2708 3123/2278/2707 1145/2242/2728
f 3130/2291/2729 3133/2295/2733 3132/2292/2730
f 3130/2291/2729 3131/2300/2741 3134/2294/2732
f 3133/2295/2733 3136/2298/2736 3135/2296/2734
f 3133/2295/2733 3134/2294/2732 3137/2297/2735
f 460/84/2737 3129/2293/2731 1147/2299/2738
f 461/85/2740 3130/2291/2729 3129/2293/2731
f 461/85/2740 462/83/2742 3131/2300/2741
f 462/83/2742 34/81/6043 1153/2301/2743
f 3131/2300/2741 1153/2301/2743 1154/2301/2744
f 3134/2294/2732 1154/2301/2744 1155/2301/2745
f 1155/2301/2745 94/81/6044 822/2302/2746
f 3137/2297/2735 822/2302/2746 821/2303/2747
f 3135/2296/2734 3136/2298/2736 821/2303/2747
f 1149/2299/2749 3135/2296/2734 820/2304/2748
f 3132/2292/2730 3135/2296/2734 1149/2299/2749
f 3129/2293/2731 3132/2292/2730 1148/2299/2751
f 3139/2305/2752 3142/2309/2756 3141/2306/2753
f 3139/2305/2752 3140/2314/2764 3143/2308/2755
f 3142/2309/2756 3145/2312/2759 3144/2310/2757
f 3142/2309/2756 3143/2308/2755 3146/2311/2758
f 619/586/2760 3138/2307/2754 1150/2313/2761
f 620/585/2763 3139/2305/2752 3138/2307/2754
f 620/585/2763 621/584/2765 3140/2314/2764
f 621/584/2765 87/583/6045 1156/2315/2766
f 3140/2314/2764 1156/2315/2766 1157/2315/2767
f 3143/2308/2755 1157/2315/2767 1158/2315/2768
f 1158/2315/2768 147/583/6046 981/2316/2769
f 3146/2311/2758 981/2316/2769 980/2317/2770
f 3144/2310/2757 3145/2312/2759 980/2317/2770
f 1152/2313/2772 3144/2310/2757 979/2318/2771
f 3141/2306/2753 3144/2310/2757 1152/2313/2772
f 3138/2307/2754 3141/2306/2753 1151/2313/2774
f 3148/2319/2775 3151/2323/2779 3150/2320/2776
f 3148/2319/2775 3149/2327/2787 3152/2322/2778
f 3151/2323/2779 3154/2326/2782 3153/2324/2780
f 3151/2323/2779 3152/2322/2778 3155/2325/2781
f 541/351/2783 3147/2321/2777 1009/1513/2784
f 542/350/2786 3148/2319/2775 3147/2321/2777
f 542/350/2786 543/349/2788 3149/2327/2787
f 543/349/2788 61/348/6047 1159/2328/2789
f 3149/2327/2787 1159/2328/2789 1160/2329/2790
f 3152/2322/2778 1160/2329/2790 1161/2330/2791
f 1161/2330/2791 121/2379/6048 903/2331/2792
f 3155/2325/2781 903/2331/2792 902/2332/2793
f 3153/2324/2780 3154/2326/2782 902/2332/2793
f 1011/1515/2795 3153/2324/2780 901/2333/2794
f 3150/2320/2776 3153/2324/2780 1011/1515/2795
f 3147/2321/2777 3150/2320/2776 1010/1514/2797
f 3157/2335/2798 3160/2339/2802 3159/2336/2799
f 3157/2335/2798 3158/2345/2810 3161/2338/2801
f 3160/2339/2802 3163/2342/2805 3162/2340/2803
f 3160/2339/2802 3161/2338/2801 3164/2341/2804
f 463/17/2806 3156/2337/2800 1153/2343/2807
f 464/2344/2809 3157/2335/2798 3156/2337/2800
f 464/2344/2809 465/15/2811 3158/2345/2810
f 465/15/2811 35/14/6049 1134/2346/2812
f 3158/2345/2810 1134/2346/2812 1133/2346/2813
f 3161/2338/2801 1133/2346/2813 1132/2346/2814
f 1132/2346/2814 95/14/6050 825/2347/2815
f 3164/2341/2804 825/2347/2815 824/2348/2816
f 3162/2340/2803 3163/2342/2805 824/2348/2816
f 1155/2343/2818 3162/2340/2803 823/2349/2817
f 3159/2336/2799 3162/2340/2803 1155/2343/2818
f 3156/2337/2800 3159/2336/2799 1154/2343/2820
f 3166/2350/2821 3169/2354/2825 3168/2351/2822
f 3166/2350/2821 3167/2359/2833 3170/2353/2824
f 3169/2354/2825 3172/2357/2828 3171/2355/2826
f 3169/2354/2825 3170/2353/2824 3173/2356/2827
f 622/644/2829 3165/2352/2823 1156/2358/2830
f 623/643/2832 3166/2350/2821 3165/2352/2823
f 623/643/2832 624/642/2834 3167/2359/2833
f 624/642/2834 88/641/6051 1162/2360/2835
f 3167/2359/2833 1162/2360/2835 1163/2360/2836
f 3170/2353/2824 1163/2360/2836 1164/2360/2837
f 1164/2360/2837 148/641/6052 984/2361/2838
f 3173/2356/2827 984/2361/2838 983/2362/2839
f 3171/2355/2826 3172/2357/2828 983/2362/2839
f 1158/2358/2841 3171/2355/2826 982/2363/2840
f 3168/2351/2822 3171/2355/2826 1158/2358/2841
f 3165/2352/2823 3168/2351/2822 1157/2358/2843
f 3175/2364/2844 3178/2368/2848 3177/2365/2845
f 3175/2364/2844 3176/2372/2856 3179/2367/2847
f 3178/2368/2848 3181/2371/2851 3180/2369/2849
f 3178/2368/2848 3179/2367/2847 3182/2370/2850
f 544/923/2852 3174/2366/2846 1159/2328/2853
f 545/922/2855 3175/2364/2844 3174/2366/2846
f 545/922/2855 546/921/2857 3176/2372/2856
f 546/921/2857 62/920/6053 1165/2373/2858
f 3176/2372/2856 1165/2373/2858 1166/2374/2859
f 3179/2367/2847 1166/2374/2859 1167/2375/2860
f 1167/2375/2860 122/2422/6054 906/2376/2861
f 3182/2370/2850 906/2376/2861 905/2377/2862
f 3180/2369/2849 3181/2371/2851 905/2377/2862
f 1161/2330/2864 3180/2369/2849 904/2378/2863
f 3177/2365/2845 3180/2369/2849 1161/2330/2864
f 3174/2366/2846 3177/2365/2845 1160/2329/2866
f 3184/2380/2867 3187/2384/2871 3186/2381/2868
f 3184/2380/2867 3185/2389/2879 3188/2383/2870
f 3187/2384/2871 3190/2387/2874 3189/2385/2872
f 3187/2384/2871 3188/2383/2870 3191/2386/2873
f 466/1330/2875 3183/2382/2869 1021/1460/2876
f 467/2388/2878 3184/2380/2867 3183/2382/2869
f 467/2388/2878 468/1328/2880 3185/2389/2879
f 468/1328/2880 36/1327/6055 1168/2390/2881
f 3185/2389/2879 1168/2390/2881 1169/2390/2882
f 3188/2383/2870 1169/2390/2882 1170/2390/2883
f 1170/2390/2883 96/1327/6056 828/2391/2884
f 3191/2386/2873 828/2391/2884 827/2392/2885
f 3189/2385/2872 3190/2387/2874 827/2392/2885
f 1023/1462/2887 3189/2385/2872 826/2393/2886
f 3186/2381/2868 3189/2385/2872 1023/1462/2887
f 3183/2382/2869 3186/2381/2868 1022/1461/2889
f 3193/2395/2890 3196/2399/2894 3195/2396/2891
f 3193/2395/2890 3194/2404/2902 3197/2398/2893
f 3196/2399/2894 3199/2402/2897 3198/2400/2895
f 3196/2399/2894 3197/2398/2893 3200/2401/2896
f 625/702/2898 3192/2397/2892 1162/2403/2899
f 626/701/2901 3193/2395/2890 3192/2397/2892
f 626/701/2901 627/700/2903 3194/2404/2902
f 627/700/2903 89/699/6057 996/2405/2904
f 3194/2404/2902 996/2405/2904 995/2405/2905
f 3197/2398/2893 995/2405/2905 994/2405/2906
f 994/2405/2906 149/699/6058 987/2406/2907
f 3200/2401/2896 987/2406/2907 986/2407/2908
f 3198/2400/2895 3199/2402/2897 986/2407/2908
f 1164/2403/2910 3198/2400/2895 985/2408/2909
f 3195/2396/2891 3198/2400/2895 1164/2403/2910
f 3192/2397/2892 3195/2396/2891 1163/2403/2912
f 3202/2409/2913 3205/2413/2917 3204/2410/2914
f 3202/2409/2913 3203/2417/2925 3206/2412/2916
f 3205/2413/2917 3208/2416/2920 3207/2414/2918
f 3205/2413/2917 3206/2412/2916 3209/2415/2919
f 547/935/2921 3201/2411/2915 1165/2373/2922
f 548/936/2924 3202/2409/2913 3201/2411/2915
f 548/936/2924 549/934/2926 3203/2417/2925
f 549/934/2926 63/932/6059 1002/2418/2927
f 3203/2417/2925 1002/2418/2927 1001/2418/2928
f 3206/2412/2916 1001/2418/2928 1000/2418/2929
f 1000/2418/2929 123/932/6060 909/2419/2930
f 3209/2415/2919 909/2419/2930 908/2420/2931
f 3207/2414/2918 3208/2416/2920 908/2420/2931
f 1167/2375/2933 3207/2414/2918 907/2421/2932
f 3204/2410/2914 3207/2414/2918 1167/2375/2933
f 3201/2411/2915 3204/2410/2914 1166/2374/2935
f 3211/2423/2936 3214/2427/2940 3213/2424/2937
f 3211/2423/2936 3212/2432/2948 3215/2426/2939
f 3214/2427/2940 3217/2430/2943 3216/2428/2941
f 3214/2427/2940 3215/2426/2939 3218/2429/2942
f 469/1115/2944 3210/2425/2938 1168/2431/2945
f 470/1116/2947 3211/2423/2936 3210/2425/2938
f 470/1116/2947 471/1114/2949 3212/2432/2948
f 471/1114/2949 37/38/6061 1008/1530/2950
f 3212/2432/2948 1008/1530/2950 1007/1537/2951
f 3215/2426/2939 1007/1537/2951 1006/1535/2952
f 1006/1535/2952 97/1536/6062 831/2433/2953
f 3218/2429/2942 831/2433/2953 830/2434/2954
f 3216/2428/2941 3217/2430/2943 830/2434/2954
f 1170/2431/2956 3216/2428/2941 829/2435/2955
f 3213/2424/2937 3216/2428/2941 1170/2431/2956
f 3210/2425/2938 3213/2424/2937 1169/2431/2958
f 3220/2436/2959 3223/2440/2963 3222/2437/2960
f 3220/2436/2959 3221/2444/2971 3224/2439/2962
f 3223/2440/2963 3226/2443/2966 3225/2441/2964
f 3223/2440/2963 3224/2439/2962 3227/2442/2965
f 1189/2435/2967 3219/2438/2961 1747/2431/2968
f 1190/2434/2970 3220/2436/2959 3219/2438/2961
f 1190/2434/2970 1191/2445/2972 3221/2444/2971
f 1191/2445/2972 157/1536/6063 1759/2446/2973
f 3221/2444/2971 1759/2446/2973 1760/2447/2974
f 3224/2439/2962 1760/2447/2974 1761/2448/2975
f 3227/2442/2965 1761/2448/2975 217/2449/2976
f 3226/2443/2966 3227/2442/2965 1551/2450/2977
f 3226/2443/2966 1550/2451/2978 1549/2452/2979
f 3225/2441/2964 1549/2452/2979 216/2431/2980
f 3222/2437/2960 3225/2441/2964 1749/2431/2981
f 3219/2438/2961 3222/2437/2960 1748/2431/2982
f 3229/2453/2983 3232/2457/2987 3231/2454/2984
f 3229/2453/2983 3230/2463/2995 3233/2456/2986
f 3232/2457/2987 3235/2460/2990 3234/2458/2988
f 3232/2457/2987 3233/2456/2986 3236/2459/2989
f 1267/2421/2991 3228/2455/2985 1744/2461/2992
f 1268/2420/2994 3229/2453/2983 3228/2455/2985
f 1268/2420/2994 1269/2419/2996 3230/2463/2995
f 1269/2419/2996 183/932/6064 1756/2418/2997
f 3230/2463/2995 1756/2418/2997 1757/2418/2998
f 3233/2456/2986 1757/2418/2998 1758/2418/2999
f 3236/2459/2989 1758/2418/2999 243/932/3000
f 3235/2460/2990 3236/2459/2989 1629/2464/3001
f 3235/2460/2990 1628/2465/3002 1627/2466/3003
f 3234/2458/2988 1627/2466/3003 242/2467/3004
f 3231/2454/2984 3234/2458/2988 1746/2468/3005
f 3228/2455/2985 3231/2454/2984 1745/2469/3006
f 3238/2470/3007 3241/2470/3011 3240/2408/3008
f 3238/2470/3007 3239/2471/3019 3242/2471/3010
f 3241/2470/3011 3244/2473/3014 3243/2472/3012
f 3241/2470/3011 3242/2471/3010 3245/2406/3013
f 1345/2408/3015 3237/2408/3009 1741/2403/3016
f 1346/2407/3018 3238/2470/3007 3237/2408/3009
f 1346/2407/3018 1347/2406/3020 3239/2471/3019
f 1347/2406/3020 209/699/6065 1753/2405/3021
f 3239/2471/3019 1753/2405/3021 1754/2405/3022
f 3242/2471/3010 1754/2405/3022 1755/2405/3023
f 3245/2406/3013 1755/2405/3023 269/2474/3024
f 3244/2473/3014 3245/2406/3013 1707/2475/3025
f 3244/2473/3014 1706/2476/3026 1705/2477/3027
f 3243/2472/3012 1705/2477/3027 268/2478/3028
f 3240/2408/3008 3243/2472/3012 1743/2403/3029
f 3237/2408/3009 3240/2408/3008 1742/2403/3030
f 3247/2479/3031 3250/2483/3035 3249/2480/3032
f 3247/2479/3031 3248/2489/3043 3251/2482/3034
f 3250/2483/3035 3253/2486/3038 3252/2484/3036
f 3250/2483/3035 3251/2482/3034 3254/2485/3037
f 1186/2393/3039 3246/2481/3033 1752/2487/3040
f 1187/2488/3042 3247/2479/3031 3246/2481/3033
f 1187/2488/3042 1188/2490/3044 3248/2489/3043
f 1188/2490/3044 156/1327/6066 1747/2390/3045
f 3248/2489/3043 1747/2390/3045 1748/2390/3046
f 3251/2482/3034 1748/2390/3046 1749/2390/3047
f 3254/2485/3037 1749/2390/3047 216/1327/3048
f 3253/2486/3038 3254/2485/3037 1548/2491/3049
f 3253/2486/3038 1547/2492/3050 1546/2493/3051
f 3252/2484/3036 1546/2493/3051 220/2494/3052
f 3249/2480/3032 3252/2484/3036 1750/2495/3053
f 3246/2481/3033 3249/2480/3032 1751/2496/3054
f 3256/2497/3055 3259/2501/3059 3258/2498/3056
f 3256/2497/3055 3257/2509/3067 3260/2500/3058
f 3259/2501/3059 3262/2504/3062 3261/2502/3060
f 3259/2501/3059 3260/2500/3058 3263/2503/3061
f 1264/2505/3063 3255/2499/3057 1732/2506/3064
f 1265/2508/3066 3256/2497/3055 3255/2499/3057
f 1265/2508/3066 1266/2510/3068 3257/2509/3067
f 1266/2510/3068 182/2462/6067 1744/2461/3069
f 3257/2509/3067 1744/2461/3069 1745/2469/3070
f 3260/2500/3058 1745/2469/3070 1746/2468/3071
f 3263/2503/3061 1746/2468/3071 242/2467/3072
f 3262/2504/3062 3263/2503/3061 1626/2511/3073
f 3262/2504/3062 1625/2512/3074 1624/2513/3075
f 3261/2502/3060 1624/2513/3075 241/2514/3076
f 3258/2498/3056 3261/2502/3060 1734/2515/3077
f 3255/2499/3057 3258/2498/3056 1733/2516/3078
f 3265/2362/3079 3268/2519/3083 3267/2517/3080
f 3265/2362/3079 3266/2518/3091 3269/2518/3082
f 3268/2519/3083 3271/2521/3086 3270/2363/3084
f 3268/2519/3083 3269/2518/3082 3272/2520/3085
f 1342/2517/3087 3264/2517/3081 1729/2358/3088
f 1343/2362/3090 3265/2362/3079 3264/2517/3081
f 1343/2362/3090 1344/2361/3092 3266/2518/3091
f 1344/2361/3092 208/641/6068 1741/2360/3093
f 3266/2518/3091 1741/2360/3093 1742/2360/3094
f 3269/2518/3082 1742/2360/3094 1743/2360/3095
f 3272/2520/3085 1743/2360/3095 268/2522/3096
f 3271/2521/3086 3272/2520/3085 1704/2523/3097
f 3271/2521/3086 1703/2524/3098 1702/2525/3099
f 3270/2363/3084 1702/2525/3099 267/2526/3100
f 3267/2517/3080 3270/2363/3084 1731/2358/3101
f 3264/2517/3081 3267/2517/3080 1730/2358/3102
f 3274/2348/3103 3277/2528/3107 3276/2349/3104
f 3274/2348/3103 3275/2530/3115 3278/2527/3106
f 3277/2528/3107 3280/2529/3110 3279/2349/3108
f 3277/2528/3107 3278/2527/3106 3281/2527/3109
f 1183/2349/3111 3273/2349/3105 1723/2343/3112
f 1184/2348/3114 3274/2348/3103 3273/2349/3105
f 1184/2348/3114 1185/2347/3116 3275/2530/3115
f 1185/2347/3116 155/14/6069 1738/2346/3117
f 3275/2530/3115 1738/2346/3117 1739/2346/3118
f 3278/2527/3106 1739/2346/3118 1740/2346/3119
f 3281/2527/3109 1740/2346/3119 215/2531/3120
f 3280/2529/3110 3281/2527/3109 1545/2527/3121
f 3280/2529/3110 1544/2532/3122 1543/2533/3123
f 3279/2349/3108 1543/2533/3123 214/2534/3124
f 3276/2349/3104 3279/2349/3108 1725/2343/3125
f 3273/2349/3105 3276/2349/3104 1724/2343/3126
f 3283/2535/3127 3286/2539/3131 3285/2536/3128
f 3283/2535/3127 3284/2547/3139 3287/2538/3130
f 3286/2539/3131 3289/2542/3134 3288/2540/3132
f 3286/2539/3131 3287/2538/3130 3290/2541/3133
f 1261/2543/3135 3282/2537/3129 1737/2544/3136
f 1262/2546/3138 3283/2535/3127 3282/2537/3129
f 1262/2546/3138 1263/2548/3140 3284/2547/3139
f 1263/2548/3140 181/2507/6070 1732/2506/3141
f 3284/2547/3139 1732/2506/3141 1733/2516/3142
f 3287/2538/3130 1733/2516/3142 1734/2515/3143
f 3290/2541/3133 1734/2515/3143 241/2514/3144
f 3289/2542/3134 3290/2541/3133 1623/2549/3145
f 3289/2542/3134 1622/2550/3146 1621/2551/3147
f 3288/2540/3132 1621/2551/3147 245/2552/3148
f 3285/2536/3128 3288/2540/3132 1735/2553/3149
f 3282/2537/3129 3285/2536/3128 1736/2554/3150
f 3292/2555/3151 3295/2558/3155 3294/2556/3152
f 3292/2555/3151 3293/2557/3163 3296/2557/3154
f 3295/2558/3155 3298/2561/3158 3297/2559/3156
f 3295/2558/3155 3296/2557/3154 3299/2560/3157
f 1339/2562/3159 3291/2556/3153 1711/2313/3160
f 1340/2317/3162 3292/2555/3151 3291/2556/3153
f 1340/2317/3162 1341/2560/3164 3293/2557/3163
f 1341/2560/3164 207/583/6071 1729/2315/3165
f 3293/2557/3163 1729/2315/3165 1730/2315/3166
f 3296/2557/3154 1730/2315/3166 1731/2315/3167
f 3299/2560/3157 1731/2315/3167 267/2563/3168
f 3298/2561/3158 3299/2560/3157 1701/2564/3169
f 3298/2561/3158 1700/2565/3170 1699/2566/3171
f 3297/2559/3156 1699/2566/3171 266/2567/3172
f 3294/2556/3152 3297/2559/3156 1713/2313/3173
f 3291/2556/3153 3294/2556/3152 1712/2313/3174
f 3301/2303/3175 3304/2570/3179 3303/2568/3176
f 3301/2303/3175 3302/2572/3187 3305/2302/3178
f 3304/2570/3179 3307/2570/3182 3306/2569/3180
f 3304/2570/3179 3305/2302/3178 3308/2302/3181
f 1180/2571/3183 3300/2569/3177 1728/2299/3184
f 1181/2303/3186 3301/2303/3175 3300/2569/3177
f 1181/2303/3186 1182/2572/3188 3302/2572/3187
f 1182/2572/3188 154/81/6072 1723/2301/3189
f 3302/2572/3187 1723/2301/3189 1724/2301/3190
f 3305/2302/3178 1724/2301/3190 1725/2301/3191
f 3308/2302/3181 1725/2301/3191 214/2301/3192
f 3307/2570/3182 3308/2302/3181 1542/2573/3193
f 3307/2570/3182 1541/2574/3194 1540/2575/3195
f 3306/2569/3180 1540/2575/3195 213/2576/3196
f 3303/2568/3176 3306/2569/3180 1726/2299/3197
f 3300/2569/3177 3303/2568/3176 1727/2299/3198
f 3310/2577/3199 3313/2581/3203 3312/2578/3200
f 3310/2577/3199 3311/2589/3211 3314/2580/3202
f 3313/2581/3203 3316/2584/3206 3315/2582/3204
f 3313/2581/3203 3314/2580/3202 3317/2583/3205
f 1258/2585/3207 3309/2579/3201 1722/2586/3208
f 1259/2588/3210 3310/2577/3199 3309/2579/3201
f 1259/2588/3210 1260/2590/3212 3311/2589/3211
f 1260/2590/3212 180/2644/6073 1717/2591/3213
f 3311/2589/3211 1717/2591/3213 1718/2592/3214
f 3314/2580/3202 1718/2592/3214 1719/2593/3215
f 3317/2583/3205 1719/2593/3215 240/2594/3216
f 3316/2584/3206 3317/2583/3205 1620/2595/3217
f 3316/2584/3206 1619/2596/3218 1618/2597/3219
f 3315/2582/3204 1618/2597/3219 239/2598/3220
f 3312/2578/3200 3315/2582/3204 1720/2599/3221
f 3309/2579/3201 3312/2578/3200 1721/2600/3222
f 3319/2601/3223 3322/2605/3227 3321/2602/3224
f 3319/2601/3223 3320/2604/3235 3323/2604/3226
f 3322/2605/3227 3325/2608/3230 3324/2606/3228
f 3322/2605/3227 3323/2604/3226 3326/2607/3229
f 1336/2602/3231 3318/2603/3225 1716/2270/3232
f 1337/2609/3234 3319/2601/3223 3318/2603/3225
f 1337/2609/3234 1338/2273/3236 3320/2604/3235
f 1338/2273/3236 206/525/6074 1711/2272/3237
f 3320/2604/3235 1711/2272/3237 1712/2272/3238
f 3323/2604/3226 1712/2272/3238 1713/2272/3239
f 3326/2607/3229 1713/2272/3239 266/2610/3240
f 3325/2608/3230 3326/2607/3229 1698/2611/3241
f 3325/2608/3230 1697/2612/3242 1696/2613/3243
f 3324/2606/3228 1696/2613/3243 270/2614/3244
f 3321/2602/3224 3324/2606/3228 1714/2276/3245
f 3318/2603/3225 3321/2602/3224 1715/2270/3246
f 3327/2615/3247 3328/2618/3251 3331/2616/3248
f 3329/2617/3250 3332/2620/3254 3331/2616/3248
f 3330/2615/3249 3331/2616/3248 3334/2075/3252
f 3332/2620/3254 3335/2617/3263 3334/2075/3252
f 145/2078/3255 961/2076/3257 3327/2615/3247
f 961/2076/3257 962/2075/3259 3328/2618/3251
f 963/2074/3258 3329/2617/3250 3328/2618/3251
f 141/2109/3260 1396/2109/3261 3329/2617/3250
f 1396/2109/3261 1397/2622/3262 3332/2620/3254
f 1397/2622/3262 1398/2623/3264 3335/2617/3263
f 1398/2623/3264 201/2109/6075 1323/2074/3265
f 3335/2617/3263 1323/2074/3265 1322/2075/3266
f 3333/2619/3253 3334/2075/3252 1322/2075/3266
f 1399/2624/3268 3333/2619/3253 1321/2076/3267
f 1400/2625/3270 3330/2615/3249 3333/2619/3253
f 1401/2621/3256 3327/2615/3247 3330/2615/3249
f 3336/2626/3271 3337/2627/3275 3340/2627/3272
f 3338/2091/3274 3341/2091/3278 3340/2627/3272
f 3339/2628/3273 3340/2627/3272 3343/2092/3276
f 3341/2091/3278 3344/2629/3287 3343/2092/3276
f 114/1597/3279 883/2093/3281 3336/2626/3271
f 883/2093/3281 884/2092/3283 3337/2627/3275
f 885/2091/3282 3338/2091/3274 3337/2627/3275
f 115/1218/3284 1380/2090/3285 3338/2091/3274
f 1380/2090/3285 1379/2090/3286 3341/2091/3278
f 1379/2090/3286 1378/2090/3288 3344/2629/3287
f 1378/2090/3288 175/1218/6076 1245/2091/3289
f 3344/2629/3287 1245/2091/3289 1244/2092/3290
f 3342/2093/3277 3343/2092/3276 1244/2092/3290
f 1395/1601/3292 3342/2093/3277 1243/2093/3291
f 1394/1599/3294 3339/2628/3273 3342/2093/3277
f 1393/1598/3280 3336/2626/3271 3339/2628/3273
f 3345/2630/3295 3346/2634/3299 3349/2631/3296
f 3347/2633/3298 3350/2636/3302 3349/2631/3296
f 3348/2632/3297 3349/2631/3296 3352/2635/3300
f 3350/2636/3302 3353/2106/3311 3352/2635/3300
f 141/2109/3303 964/2108/3305 3345/2630/3295
f 964/2108/3305 965/2107/3307 3346/2634/3299
f 966/2106/3306 3347/2633/3298 3346/2634/3299
f 142/2140/3308 1402/2637/3309 3347/2633/3298
f 1402/2637/3309 1403/2638/3310 3350/2636/3302
f 1403/2638/3310 1404/2140/3312 3353/2106/3311
f 1404/2140/3312 202/2140/6077 1326/2106/3313
f 3353/2106/3311 1326/2106/3313 1325/2107/3314
f 3351/2108/3301 3352/2635/3300 1325/2107/3314
f 1398/2623/3316 3351/2108/3301 1324/2108/3315
f 1397/2622/3318 3348/2632/3297 3351/2108/3301
f 1396/2109/3304 3345/2630/3295 3348/2632/3297
f 3354/2639/3319 3355/2122/3323 3358/2122/3320
f 3356/2640/3322 3359/2642/3326 3358/2122/3320
f 3357/2123/3321 3358/2122/3320 3361/2122/3324
f 3359/2642/3326 3362/2643/3335 3361/2122/3324
f 120/2125/3327 886/2123/3329 3354/2639/3319
f 886/2123/3329 887/2122/3331 3355/2122/3323
f 888/2121/3330 3356/2640/3322 3355/2122/3323
f 116/324/3332 1405/2120/3333 3356/2640/3322
f 1405/2120/3333 1406/2120/3334 3359/2642/3326
f 1406/2120/3334 1407/2120/3336 3362/2643/3335
f 1407/2120/3336 176/324/6078 1248/2121/3337
f 3362/2643/3335 1248/2121/3337 1247/2122/3338
f 3360/2641/3325 3361/2122/3324 1247/2122/3338
f 1408/2125/3340 3360/2641/3325 1246/2639/3339
f 1409/2125/3342 3357/2123/3321 3360/2641/3325
f 1410/2125/3328 3354/2639/3319 3357/2123/3321
f 3363/2645/3343 3364/2138/3347 3367/2646/3344
f 3365/2647/3346 3368/2649/3350 3367/2646/3344
f 3366/2139/3345 3367/2646/3344 3370/2646/3348
f 3368/2649/3350 3371/2647/3359 3370/2646/3348
f 142/2140/3351 967/2139/3353 3363/2645/3343
f 967/2139/3353 968/2138/3355 3364/2138/3347
f 969/2137/3354 3365/2647/3346 3364/2138/3347
f 143/748/3356 1411/2136/3357 3365/2647/3346
f 1411/2136/3357 1412/2136/3358 3368/2649/3350
f 1412/2136/3358 1413/2136/3360 3371/2647/3359
f 1413/2136/3360 203/748/6079 1329/2137/3361
f 3371/2647/3359 1329/2137/3361 1328/2138/3362
f 3369/2648/3349 3370/2646/3348 1328/2138/3362
f 1404/2140/3364 3369/2648/3349 1327/2139/3363
f 1403/2638/3366 3366/2139/3345 3369/2648/3349
f 1402/2637/3352 3363/2645/3343 3366/2139/3345
f 3372/2650/3367 3373/2651/3371 3376/2155/3368
f 3374/2154/3370 3377/2652/3374 3376/2155/3368
f 3375/2156/3369 3376/2155/3368 3379/2651/3372
f 3377/2652/3374 3380/2154/3383 3379/2651/3372
f 116/1166/3375 889/2156/3377 3372/2650/3367
f 889/2156/3377 890/2155/3379 3373/2651/3371
f 891/2154/3378 3374/2154/3370 3373/2651/3371
f 117/2203/3380 1414/2653/3381 3374/2154/3370
f 1414/2653/3381 1415/2203/3382 3377/2652/3374
f 1415/2203/3382 1416/2654/3384 3380/2154/3383
f 1416/2654/3384 177/2203/6080 1251/2154/3385
f 3380/2154/3383 1251/2154/3385 1250/2155/3386
f 3378/2156/3373 3379/2651/3372 1250/2155/3386
f 1407/2149/3388 3378/2156/3373 1249/2156/3387
f 1406/2149/3390 3375/2156/3369 3378/2156/3373
f 1405/2149/3376 3372/2650/3367 3375/2156/3369
f 3381/2170/3391 3382/2658/3395 3385/2655/3392
f 3383/2657/3394 3386/2657/3398 3385/2655/3392
f 3384/2656/3393 3385/2655/3392 3388/2655/3396
f 3386/2657/3398 3389/2659/3407 3388/2655/3396
f 95/110/3399 811/2170/3401 3381/2170/3391
f 811/2170/3401 812/2169/3403 3382/2658/3395
f 813/2168/3402 3383/2657/3394 3382/2658/3395
f 91/105/3404 1417/2167/3405 3383/2657/3394
f 1417/2167/3405 1418/2167/3406 3386/2657/3398
f 1418/2167/3406 1419/2167/3408 3389/2659/3407
f 1419/2167/3408 151/105/6081 1173/2168/3409
f 3389/2659/3407 1173/2168/3409 1172/2169/3410
f 3387/2170/3397 3388/2655/3396 1172/2169/3410
f 1420/2165/3412 3387/2170/3397 1171/2170/3411
f 1421/2165/3414 3384/2656/3393 3387/2170/3397
f 1422/2165/3400 3381/2170/3391 3384/2656/3393
f 3390/2660/3415 3391/2186/3419 3394/2186/3416
f 3392/2661/3418 3395/2185/3422 3394/2186/3416
f 3393/2187/3417 3394/2186/3416 3397/2186/3420
f 3395/2185/3422 3398/2661/3431 3397/2186/3420
f 143/965/3423 970/2187/3425 3390/2660/3415
f 970/2187/3425 971/2186/3427 3391/2186/3419
f 972/2185/3426 3392/2661/3418 3391/2186/3419
f 144/2231/3428 1423/2662/3429 3392/2661/3418
f 1423/2662/3429 1424/2231/3430 3395/2185/3422
f 1424/2231/3430 1425/2662/3432 3398/2661/3431
f 1425/2662/3432 204/2231/6082 1332/2185/3433
f 3398/2661/3431 1332/2185/3433 1331/2186/3434
f 3396/2660/3421 3397/2186/3420 1331/2186/3434
f 1413/2179/3436 3396/2660/3421 1330/2187/3435
f 1412/2179/3438 3393/2187/3417 3396/2660/3421
f 1411/2179/3424 3390/2660/3415 3393/2187/3417
f 3399/2663/3439 3400/2665/3443 3403/2664/3440
f 3401/2200/3442 3404/2200/3446 3403/2664/3440
f 3402/2663/3441 3403/2664/3440 3406/2201/3444
f 3404/2200/3446 3407/2669/3455 3406/2201/3444
f 117/2203/3447 892/2202/3449 3399/2663/3439
f 892/2202/3449 893/2201/3451 3400/2665/3443
f 894/2200/3450 3401/2200/3442 3400/2665/3443
f 118/2247/3452 1426/2667/3453 3401/2200/3442
f 1426/2667/3453 1427/2668/3454 3404/2200/3446
f 1427/2668/3454 1428/2667/3456 3407/2669/3455
f 1428/2667/3456 178/2247/6083 1254/2200/3457
f 3407/2669/3455 1254/2200/3457 1253/2201/3458
f 3405/2666/3445 3406/2201/3444 1253/2201/3458
f 1416/2654/3460 3405/2666/3445 1252/2202/3459
f 1415/2203/3462 3402/2663/3441 3405/2666/3445
f 1414/2653/3448 3399/2663/3439 3402/2663/3441
f 3408/2217/3463 3409/2216/3467 3412/2216/3464
f 3410/2670/3466 3413/2670/3470 3412/2216/3464
f 3411/2217/3465 3412/2216/3464 3415/2216/3468
f 3413/2670/3470 3416/2215/3479 3415/2216/3468
f 91/1579/3471 814/2217/3473 3408/2217/3463
f 814/2217/3473 815/2216/3475 3409/2216/3467
f 816/2215/3474 3410/2670/3466 3409/2216/3467
f 92/1574/3476 1429/2214/3477 3410/2670/3466
f 1429/2214/3477 1430/2214/3478 3413/2670/3470
f 1430/2214/3478 1431/2214/3480 3416/2215/3479
f 1431/2214/3480 152/1574/6084 1176/2215/3481
f 3416/2215/3479 1176/2215/3481 1175/2216/3482
f 3414/2671/3469 3415/2216/3468 1175/2216/3482
f 1419/2212/3484 3414/2671/3469 1174/2217/3483
f 1418/2212/3486 3411/2217/3465 3414/2671/3469
f 1417/2212/3472 3408/2217/3463 3411/2217/3465
f 3417/2672/3487 3418/2676/3491 3421/2673/3488
f 3419/2675/3490 3422/2677/3494 3421/2673/3488
f 3420/2674/3489 3421/2673/3488 3424/2676/3492
f 3422/2677/3494 3425/2675/3503 3424/2676/3492
f 144/2231/3495 973/2230/3497 3417/2672/3487
f 973/2230/3497 974/2229/3499 3418/2676/3491
f 975/2228/3498 3419/2675/3490 3418/2676/3491
f 145/2078/3500 1401/2621/3501 3419/2675/3490
f 1401/2621/3501 1400/2625/3502 3422/2677/3494
f 1400/2625/3502 1399/2624/3504 3425/2675/3503
f 1399/2624/3504 205/2078/6085 1335/2228/3505
f 3425/2675/3503 1335/2228/3505 1334/2229/3506
f 3423/2674/3493 3424/2676/3492 1334/2229/3506
f 1425/2662/3508 3423/2674/3493 1333/2230/3507
f 1424/2231/3510 3420/2674/3489 3423/2674/3493
f 1423/2662/3496 3417/2672/3487 3420/2674/3489
f 3426/2678/3511 3427/2682/3515 3430/2679/3512
f 3428/2681/3514 3431/2244/3518 3430/2679/3512
f 3429/2680/3513 3430/2679/3512 3433/2683/3516
f 3431/2244/3518 3434/2686/3527 3433/2683/3516
f 118/2247/3519 895/2246/3521 3426/2678/3511
f 895/2246/3521 896/2245/3523 3427/2682/3515
f 897/2244/3522 3428/2681/3514 3427/2682/3515
f 119/2290/3524 1432/2685/3525 3428/2681/3514
f 1432/2685/3525 1433/2587/3526 3431/2244/3518
f 1433/2587/3526 1434/2290/3528 3434/2686/3527
f 1434/2290/3528 179/2587/6086 1257/2244/3529
f 3434/2686/3527 1257/2244/3529 1256/2682/3530
f 3432/2684/3517 3433/2683/3516 1256/2682/3530
f 1428/2667/3532 3432/2684/3517 1255/2246/3531
f 1427/2668/3534 3429/2680/3513 3432/2684/3517
f 1426/2667/3520 3426/2678/3511 3429/2680/3513
f 3435/2687/3535 3436/2688/3539 3439/2688/3536
f 3437/2689/3538 3440/2690/3542 3439/2688/3536
f 3438/2261/3537 3439/2688/3536 3442/2688/3540
f 3440/2690/3542 3443/2259/3551 3442/2688/3540
f 92/62/3543 817/2261/3545 3435/2687/3535
f 817/2261/3545 818/2260/3547 3436/2688/3539
f 819/2259/3546 3437/2689/3538 3436/2688/3539
f 93/57/3548 1435/2258/3549 3437/2689/3538
f 1435/2258/3549 1436/2258/3550 3440/2690/3542
f 1436/2258/3550 1437/2258/3552 3443/2259/3551
f 1437/2258/3552 153/57/6087 1179/2259/3553
f 3443/2259/3551 1179/2259/3553 1178/2260/3554
f 3441/2687/3541 3442/2688/3540 1178/2260/3554
f 1431/2256/3556 3441/2687/3541 1177/2261/3555
f 1430/2256/3558 3438/2261/3537 3441/2687/3541
f 1429/2256/3544 3435/2687/3535 3438/2261/3537
f 3444/2602/3559 3445/2693/3563 3448/2691/3560
f 3446/2692/3562 3449/2611/3566 3448/2691/3560
f 3447/2613/3561 3448/2691/3560 3451/2601/3564
f 3449/2611/3566 3452/2694/3575 3451/2601/3564
f 150/529/3567 976/2275/3569 3444/2602/3559
f 976/2275/3569 977/2274/3571 3445/2693/3563
f 978/2273/3570 3446/2692/3562 3445/2693/3563
f 146/525/3572 1438/2272/3573 3446/2692/3562
f 1438/2272/3573 1439/2272/3574 3449/2611/3566
f 1439/2272/3574 1440/2272/3576 3452/2694/3575
f 1440/2272/3576 206/525/6088 1338/2273/3577
f 3452/2694/3575 1338/2273/3577 1337/2609/3578
f 3450/2603/3565 3451/2601/3564 1337/2609/3578
f 1441/2276/3580 3450/2603/3565 1336/2602/3579
f 1442/2270/3582 3447/2613/3561 3450/2603/3565
f 1443/2270/3568 3444/2602/3559 3447/2613/3561
f 3453/2289/3583 3454/2697/3587 3457/2288/3584
f 3455/2696/3586 3458/2700/3590 3457/2288/3584
f 3456/2695/3585 3457/2288/3584 3460/2698/3588
f 3458/2700/3590 3461/2590/3599 3460/2698/3588
f 119/2290/3591 898/2289/3593 3453/2289/3583
f 898/2289/3593 899/2288/3595 3454/2697/3587
f 900/2287/3594 3455/2696/3586 3454/2697/3587
f 120/2125/3596 1410/2125/3597 3455/2696/3586
f 1410/2125/3597 1409/2125/3598 3458/2700/3590
f 1409/2125/3598 1408/2125/3600 3461/2590/3599
f 1408/2125/3600 180/2644/6089 1260/2590/3601
f 3461/2590/3599 1260/2590/3601 1259/2588/3602
f 3459/2699/3589 3460/2698/3588 1259/2588/3602
f 1434/2290/3604 3459/2699/3589 1258/2585/3603
f 1433/2587/3606 3456/2695/3585 3459/2699/3589
f 1432/2685/3592 3453/2289/3583 3456/2695/3585
f 3462/2575/3607 3463/2303/3611 3466/2701/3608
f 3464/2302/3610 3467/2702/3614 3466/2701/3608
f 3465/2568/3609 3466/2701/3608 3469/2570/3612
f 3467/2702/3614 3470/2703/3623 3469/2570/3612
f 93/86/3615 820/2304/3617 3462/2575/3607
f 820/2304/3617 821/2303/3619 3463/2303/3611
f 822/2302/3618 3464/2302/3610 3463/2303/3611
f 94/81/3620 1444/2301/3621 3464/2302/3610
f 1444/2301/3621 1445/2301/3622 3467/2702/3614
f 1445/2301/3622 1446/2301/3624 3470/2703/3623
f 1446/2301/3624 154/81/6090 1182/2572/3625
f 3470/2703/3623 1182/2572/3625 1181/2303/3626
f 3468/2569/3613 3469/2570/3612 1181/2303/3626
f 1437/2299/3628 3468/2569/3613 1180/2571/3627
f 1436/2299/3630 3465/2568/3609 3468/2569/3613
f 1435/2299/3616 3462/2575/3607 3465/2568/3609
f 3471/2556/3631 3472/2706/3635 3475/2704/3632
f 3473/2557/3634 3476/2564/3638 3475/2704/3632
f 3474/2705/3633 3475/2704/3632 3478/2317/3636
f 3476/2564/3638 3479/2707/3647 3478/2317/3636
f 146/587/3639 979/2318/3641 3471/2556/3631
f 979/2318/3641 980/2317/3643 3472/2706/3635
f 981/2316/3642 3473/2557/3634 3472/2706/3635
f 147/583/3644 1447/2315/3645 3473/2557/3634
f 1447/2315/3645 1448/2315/3646 3476/2564/3638
f 1448/2315/3646 1449/2315/3648 3479/2707/3647
f 1449/2315/3648 207/583/6091 1341/2560/3649
f 3479/2707/3647 1341/2560/3649 1340/2317/3650
f 3477/2556/3637 3478/2317/3636 1340/2317/3650
f 1440/2313/3652 3477/2556/3637 1339/2562/3651
f 1439/2313/3654 3474/2705/3633 3477/2556/3637
f 1438/2313/3640 3471/2556/3631 3474/2705/3633
f 3480/2708/3655 3481/2711/3659 3484/2709/3656
f 3482/2710/3658 3485/2710/3662 3484/2709/3656
f 3483/2543/3657 3484/2709/3656 3487/2332/3660
f 3485/2710/3662 3488/2716/3671 3487/2332/3660
f 125/2334/3663 901/2333/3665 3480/2708/3655
f 901/2333/3665 902/2332/3667 3481/2711/3659
f 903/2331/3666 3482/2710/3658 3481/2711/3659
f 121/2379/3668 1450/2714/3669 3482/2710/3658
f 1450/2714/3669 1451/2715/3670 3485/2710/3662
f 1451/2715/3670 1452/2717/3672 3488/2716/3671
f 1452/2717/3672 181/2507/6092 1263/2548/3673
f 3488/2716/3671 1263/2548/3673 1262/2546/3674
f 3486/2712/3661 3487/2332/3660 1262/2546/3674
f 1453/2718/3676 3486/2712/3661 1261/2543/3675
f 1454/2334/3678 3483/2543/3657 3486/2712/3661
f 1455/2713/3664 3480/2708/3655 3483/2543/3657
f 3489/2349/3679 3490/2348/3683 3493/2529/3680
f 3491/2530/3682 3494/2719/3686 3493/2529/3680
f 3492/2349/3681 3493/2529/3680 3496/2529/3684
f 3494/2719/3686 3497/2527/3695 3496/2529/3684
f 94/18/3687 823/2349/3689 3489/2349/3679
f 823/2349/3689 824/2348/3691 3490/2348/3683
f 825/2347/3690 3491/2530/3682 3490/2348/3683
f 95/14/3692 1422/2346/3693 3491/2530/3682
f 1422/2346/3693 1421/2346/3694 3494/2719/3686
f 1421/2346/3694 1420/2346/3696 3497/2527/3695
f 1420/2346/3696 155/14/6093 1185/2347/3697
f 3497/2527/3695 1185/2347/3697 1184/2348/3698
f 3495/2349/3685 3496/2529/3684 1184/2348/3698
f 1446/2343/3700 3495/2349/3685 1183/2349/3699
f 1445/2343/3702 3492/2349/3681 3495/2349/3685
f 1444/2343/3688 3489/2349/3679 3492/2349/3681
f 3498/2517/3703 3499/2521/3707 3502/2720/3704
f 3500/2722/3706 3503/2723/3710 3502/2720/3704
f 3501/2721/3705 3502/2720/3704 3505/2362/3708
f 3503/2723/3710 3506/2518/3719 3505/2362/3708
f 147/645/3711 982/2363/3713 3498/2517/3703
f 982/2363/3713 983/2362/3715 3499/2521/3707
f 984/2361/3714 3500/2722/3706 3499/2521/3707
f 148/641/3716 1456/2360/3717 3500/2722/3706
f 1456/2360/3717 1457/2360/3718 3503/2723/3710
f 1457/2360/3718 1458/2360/3720 3506/2518/3719
f 1458/2360/3720 208/641/6094 1344/2361/3721
f 3506/2518/3719 1344/2361/3721 1343/2362/3722
f 3504/2517/3709 3505/2362/3708 1343/2362/3722
f 1449/2358/3724 3504/2517/3709 1342/2517/3723
f 1448/2358/3726 3501/2721/3705 3504/2517/3709
f 1447/2358/3712 3498/2517/3703 3501/2721/3705
f 3507/2505/3727 3508/2727/3731 3511/2724/3728
f 3509/2726/3730 3512/2730/3734 3511/2724/3728
f 3510/2725/3729 3511/2724/3728 3514/2728/3732
f 3512/2730/3734 3515/2376/3743 3514/2728/3732
f 121/2379/3735 904/2378/3737 3507/2505/3727
f 904/2378/3737 905/2377/3739 3508/2727/3731
f 906/2376/3738 3509/2726/3730 3508/2727/3731
f 122/2422/3740 1459/2731/3741 3509/2726/3730
f 1459/2731/3741 1460/2732/3742 3512/2730/3734
f 1460/2732/3742 1461/2733/3744 3515/2376/3743
f 1461/2733/3744 182/2462/6095 1266/2510/3745
f 3515/2376/3743 1266/2510/3745 1265/2508/3746
f 3513/2729/3733 3514/2728/3732 1265/2508/3746
f 1452/2717/3748 3513/2729/3733 1264/2505/3747
f 1451/2715/3750 3510/2725/3729 3513/2729/3733
f 1450/2714/3736 3507/2505/3727 3510/2725/3729
f 3516/2734/3751 3517/2735/3755 3520/2735/3752
f 3518/2737/3754 3521/2737/3758 3520/2735/3752
f 3519/2736/3753 3520/2735/3752 3523/2392/3756
f 3521/2737/3758 3524/2738/3767 3523/2392/3756
f 100/2394/3759 826/2393/3761 3516/2734/3751
f 826/2393/3761 827/2392/3763 3517/2735/3755
f 828/2391/3762 3518/2737/3754 3517/2735/3755
f 96/1327/3764 1462/2390/3765 3518/2737/3754
f 1462/2390/3765 1463/2390/3766 3521/2737/3758
f 1463/2390/3766 1464/2390/3768 3524/2738/3767
f 1464/2390/3768 156/1327/6096 1188/2490/3769
f 3524/2738/3767 1188/2490/3769 1187/2488/3770
f 3522/2734/3757 3523/2392/3756 1187/2488/3770
f 1465/2394/3772 3522/2734/3757 1186/2393/3771
f 1466/2394/3774 3519/2736/3753 3522/2734/3757
f 1467/2394/3760 3516/2734/3751 3519/2736/3753
f 3525/2408/3775 3526/2470/3779 3529/2407/3776
f 3527/2471/3778 3530/2471/3782 3529/2407/3776
f 3528/2477/3777 3529/2407/3776 3532/2739/3780
f 3530/2471/3782 3533/2406/3791 3532/2739/3780
f 148/703/3783 985/2408/3785 3525/2408/3775
f 985/2408/3785 986/2407/3787 3526/2470/3779
f 987/2406/3786 3527/2471/3778 3526/2470/3779
f 149/699/3788 1468/2405/3789 3527/2471/3778
f 1468/2405/3789 1469/2405/3790 3530/2471/3782
f 1469/2405/3790 1470/2405/3792 3533/2406/3791
f 1470/2405/3792 209/699/6097 1347/2406/3793
f 3533/2406/3791 1347/2406/3793 1346/2407/3794
f 3531/2408/3781 3532/2739/3780 1346/2407/3794
f 1458/2403/3796 3531/2408/3781 1345/2408/3795
f 1457/2403/3798 3528/2477/3777 3531/2408/3781
f 1456/2403/3784 3525/2408/3775 3528/2477/3777
f 3534/2740/3799 3535/2420/3803 3538/2741/3800
f 3536/2742/3802 3539/2745/3806 3538/2741/3800
f 3537/2421/3801 3538/2741/3800 3541/2743/3804
f 3539/2745/3806 3542/2742/3815 3541/2743/3804
f 122/2422/3807 907/2421/3809 3534/2740/3799
f 907/2421/3809 908/2420/3811 3535/2420/3803
f 909/2419/3810 3536/2742/3802 3535/2420/3803
f 123/932/3812 1471/2418/3813 3536/2742/3802
f 1471/2418/3813 1472/2418/3814 3539/2745/3806
f 1472/2418/3814 1473/2418/3816 3542/2742/3815
f 1473/2418/3816 183/932/6098 1269/2419/3817
f 3542/2742/3815 1269/2419/3817 1268/2420/3818
f 3540/2744/3805 3541/2743/3804 1268/2420/3818
f 1461/2733/3820 3540/2744/3805 1267/2421/3819
f 1460/2732/3822 3537/2421/3801 3540/2744/3805
f 1459/2731/3808 3534/2740/3799 3537/2421/3801
f 3543/2746/3823 3544/2748/3827 3547/2434/3824
f 3545/2747/3826 3548/2433/3830 3547/2434/3824
f 3546/2746/3825 3547/2434/3824 3550/2749/3828
f 3548/2433/3830 3551/2747/3839 3550/2749/3828
f 96/1117/3831 829/2435/3833 3543/2746/3823
f 829/2435/3833 830/2434/3835 3544/2748/3827
f 831/2433/3834 3545/2747/3826 3544/2748/3827
f 97/1536/3836 1474/2750/3837 3545/2747/3826
f 1474/2750/3837 1475/2750/3838 3548/2433/3830
f 1475/2750/3838 1476/1536/3840 3551/2747/3839
f 1476/1536/3840 157/1536/6099 1191/2445/3841
f 3551/2747/3839 1191/2445/3841 1190/2434/3842
f 3549/2746/3829 3550/2749/3828 1190/2434/3842
f 1464/2431/3844 3549/2746/3829 1189/2435/3843
f 1463/2431/3846 3546/2746/3825 3549/2746/3829
f 1462/2431/3832 3543/2746/3823 3546/2746/3825
f 3552/1565/3847 3553/2753/3851 3556/1564/3848
f 3554/2752/3850 3557/2752/3854 3556/1564/3848
f 3555/2751/3849 3556/1564/3848 3559/1564/3852
f 3557/2752/3854 3560/1563/3863 3559/1564/3852
f 149/472/3855 988/1565/3857 3552/1565/3847
f 988/1565/3857 989/1564/3859 3553/2753/3851
f 990/1563/3858 3554/2752/3850 3553/2753/3851
f 150/468/3860 1443/1562/3861 3554/2752/3850
f 1443/1562/3861 1442/1562/3862 3557/2752/3854
f 1442/1562/3862 1441/1562/3864 3560/1563/3863
f 1441/1562/3864 210/468/6100 1350/1563/3865
f 3560/1563/3863 1350/1563/3865 1349/1564/3866
f 3558/1565/3853 3559/1564/3852 1349/1564/3866
f 1470/1560/3868 3558/1565/3853 1348/1565/3867
f 1469/1560/3870 3555/2751/3849 3558/1565/3853
f 1468/1560/3856 3552/1565/3847 3555/2751/3849
f 3561/1551/3871 3562/2756/3875 3565/2754/3872
f 3563/2755/3874 3566/2755/3878 3565/2754/3872
f 3564/1551/3873 3565/2754/3872 3568/2756/3876
f 3566/2755/3878 3569/2759/3887 3568/2756/3876
f 123/372/3879 910/1551/3881 3561/1551/3871
f 910/1551/3881 911/1550/3883 3562/2756/3875
f 912/1549/3882 3563/2755/3874 3562/2756/3875
f 124/1520/3884 1477/2758/3885 3563/2755/3874
f 1477/2758/3885 1478/2758/3886 3566/2755/3878
f 1478/2758/3886 1479/2758/3888 3569/2759/3887
f 1479/2758/3888 184/2777/6101 1272/2755/3889
f 3569/2759/3887 1272/2755/3889 1271/1550/3890
f 3567/2757/3877 3568/2756/3876 1271/1550/3890
f 1473/1546/3892 3567/2757/3877 1270/1551/3891
f 1472/1546/3894 3564/1551/3873 3567/2757/3877
f 1471/1546/3880 3561/1551/3871 3564/1551/3873
f 3570/2760/3895 3571/1533/3899 3574/2761/3896
f 3572/2763/3898 3575/1532/3902 3574/2761/3896
f 3573/2762/3897 3574/2761/3896 3577/2764/3900
f 3575/1532/3902 3578/2767/3911 3577/2764/3900
f 97/1536/3903 832/1534/3905 3570/2760/3895
f 832/1534/3905 833/1533/3907 3571/1533/3899
f 834/1532/3906 3572/2763/3898 3571/1533/3899
f 98/1500/3908 1480/1500/3909 3572/2763/3898
f 1480/1500/3909 1481/2766/3910 3575/1532/3902
f 1481/2766/3910 1482/2766/3912 3578/2767/3911
f 1482/2766/3912 158/1500/6102 1194/1532/3913
f 3578/2767/3911 1194/1532/3913 1193/1533/3914
f 3576/2765/3901 3577/2764/3900 1193/1533/3914
f 1476/1536/3916 3576/2765/3901 1192/1534/3915
f 1475/2750/3918 3573/2762/3897 3576/2765/3901
f 1474/2750/3904 3570/2760/3895 3573/2762/3897
f 3579/2768/3919 3580/2772/3923 3583/2769/3920
f 3581/2771/3922 3584/2774/3926 3583/2769/3920
f 3582/2770/3921 3583/2769/3920 3586/2772/3924
f 3584/2774/3926 3587/2775/3935 3586/2772/3924
f 124/1520/3927 913/1518/3929 3579/2768/3919
f 913/1518/3929 914/1517/3931 3580/2772/3923
f 915/1516/3930 3581/2771/3922 3580/2772/3923
f 125/2334/3932 1455/2713/3933 3581/2771/3922
f 1455/2713/3933 1454/2334/3934 3584/2774/3926
f 1454/2334/3934 1453/2718/3936 3587/2775/3935
f 1453/2718/3936 185/2545/6103 1275/1516/3937
f 3587/2775/3935 1275/1516/3937 1274/1517/3938
f 3585/2773/3925 3586/2772/3924 1274/1517/3938
f 1479/2758/3940 3585/2773/3925 1273/2776/3939
f 1478/2758/3942 3582/2770/3921 3585/2773/3925
f 1477/2758/3928 3579/2768/3919 3582/2770/3921
f 3588/2778/3943 3589/1497/3947 3592/2779/3944
f 3590/2780/3946 3593/2782/3950 3592/2779/3944
f 3591/2778/3945 3592/2779/3944 3595/2781/3948
f 3593/2782/3950 3596/2784/3959 3595/2781/3948
f 98/1500/3951 835/1498/3953 3588/2778/3943
f 835/1498/3953 836/1497/3955 3589/1497/3947
f 837/1496/3954 3590/2780/3946 3589/1497/3947
f 99/1467/3956 1483/2783/3957 3590/2780/3946
f 1483/2783/3957 1484/1467/3958 3593/2782/3950
f 1484/1467/3958 1485/2785/3960 3596/2784/3959
f 1485/2785/3960 159/2800/6104 1197/1496/3961
f 3596/2784/3959 1197/1496/3961 1196/1497/3962
f 3594/1498/3949 3595/2781/3948 1196/1497/3962
f 1482/2766/3964 3594/1498/3949 1195/1498/3963
f 1481/2766/3966 3591/2778/3945 3594/1498/3949
f 1480/1500/3952 3588/2778/3943 3591/2778/3945
f 3597/2786/3967 3598/2789/3971 3601/2787/3968
f 3599/2788/3970 3602/2790/3974 3601/2787/3968
f 3600/1482/3969 3601/2787/3968 3604/1481/3972
f 3602/2790/3974 3605/2792/3983 3604/1481/3972
f 130/1484/3975 916/1482/3977 3597/2786/3967
f 916/1482/3977 917/1481/3979 3598/2789/3971
f 918/1480/3978 3599/2788/3970 3598/2789/3971
f 126/679/3980 1486/1479/3981 3599/2788/3970
f 1486/1479/3981 1487/1479/3982 3602/2790/3974
f 1487/1479/3982 1488/1479/3984 3605/2792/3983
f 1488/1479/3984 186/679/6105 1278/1480/3985
f 3605/2792/3983 1278/1480/3985 1277/1481/3986
f 3603/2786/3973 3604/1481/3972 1277/1481/3986
f 1489/2791/3988 3603/2786/3973 1276/1482/3987
f 1490/1484/3990 3600/1482/3969 3603/2786/3973
f 1491/2791/3976 3597/2786/3967 3600/1482/3969
f 3606/2793/3991 3607/2797/3995 3610/2794/3992
f 3608/2796/3994 3611/1463/3998 3610/2794/3992
f 3609/2795/3993 3610/2794/3992 3613/1464/3996
f 3611/1463/3998 3614/2799/4007 3613/1464/3996
f 99/1467/3999 838/1465/4001 3606/2793/3991
f 838/1465/4001 839/1464/4003 3607/2797/3995
f 840/1463/4002 3608/2796/3994 3607/2797/3995
f 100/2394/4004 1467/2394/4005 3608/2796/3994
f 1467/2394/4005 1466/2394/4006 3611/1463/3998
f 1466/2394/4006 1465/2394/4008 3614/2799/4007
f 1465/2394/4008 160/2394/6106 1200/1463/4009
f 3614/2799/4007 1200/1463/4009 1199/1464/4010
f 3612/2798/3997 3613/1464/3996 1199/1464/4010
f 1485/2785/4012 3612/2798/3997 1198/1465/4011
f 1484/1467/4014 3609/2795/3993 3612/2798/3997
f 1483/2783/4000 3606/2793/3991 3609/2795/3993
f 3615/2801/4015 3616/2805/4019 3619/2802/4016
f 3617/2804/4018 3620/2807/4022 3619/2802/4016
f 3618/2803/4017 3619/2802/4016 3622/2806/4020
f 3620/2807/4022 3623/2810/4031 3622/2806/4020
f 126/876/4023 919/1448/4025 3615/2801/4015
f 919/1448/4025 920/1447/4027 3616/2805/4019
f 921/1446/4026 3617/2804/4018 3616/2805/4019
f 127/1421/4028 1492/2808/4029 3617/2804/4018
f 1492/2808/4029 1493/2809/4030 3620/2807/4022
f 1493/2809/4030 1494/2811/4032 3623/2810/4031
f 1494/2811/4032 187/2809/6107 1281/2812/4033
f 3623/2810/4031 1281/2812/4033 1280/2813/4034
f 3621/2803/4021 3622/2806/4020 1280/2813/4034
f 1488/1444/4036 3621/2803/4021 1279/2803/4035
f 1487/1444/4038 3618/2803/4017 3621/2803/4021
f 1486/1444/4024 3615/2801/4015 3618/2803/4017
f 3624/2814/4039 3625/2817/4043 3628/2815/4040
f 3626/2816/4042 3629/1433/4046 3628/2815/4040
f 3627/1435/4041 3628/2815/4040 3631/2817/4044
f 3629/1433/4046 3632/2819/4055 3631/2817/4044
f 105/257/4047 841/1435/4049 3624/2814/4039
f 841/1435/4049 842/1434/4051 3625/2817/4043
f 843/1433/4050 3626/2816/4042 3625/2817/4043
f 101/1404/4052 1495/2818/4053 3626/2816/4042
f 1495/2818/4053 1496/2818/4054 3629/1433/4046
f 1496/2818/4054 1497/2820/4056 3632/2819/4055
f 1497/2820/4056 161/1404/6108 1203/1433/4057
f 3632/2819/4055 1203/1433/4057 1202/1434/4058
f 3630/2814/4045 3631/2817/4044 1202/1434/4058
f 1498/1431/4060 3630/2814/4045 1201/1435/4059
f 1499/1431/4062 3627/1435/4041 3630/2814/4045
f 1500/1431/4048 3624/2814/4039 3627/1435/4041
f 3633/2821/4063 3634/2822/4067 3637/2822/4064
f 3635/2824/4066 3638/2824/4070 3637/2822/4064
f 3636/2823/4065 3637/2822/4064 3640/2825/4068
f 3638/2824/4070 3641/2824/4079 3640/2825/4068
f 127/1421/4071 922/1419/4073 3633/2821/4063
f 922/1419/4073 923/1418/4075 3634/2822/4067
f 924/1417/4074 3635/2824/4066 3634/2822/4067
f 128/887/4076 1501/1416/4077 3635/2824/4066
f 1501/1416/4077 1502/1416/4078 3638/2824/4070
f 1502/1416/4078 1503/1416/4080 3641/2824/4079
f 1503/1416/4080 188/887/6109 1284/2827/4081
f 3641/2824/4079 1284/2827/4081 1283/2828/4082
f 3639/2826/4069 3640/2825/4068 1283/2828/4082
f 1494/2811/4084 3639/2826/4069 1282/2826/4083
f 1493/2809/4086 3636/2823/4065 3639/2826/4069
f 1492/2808/4072 3633/2821/4063 3636/2823/4065
f 3642/2829/4087 3643/2833/4091 3646/2830/4088
f 3644/2832/4090 3647/2835/4094 3646/2830/4088
f 3645/2831/4089 3646/2830/4088 3649/2830/4092
f 3647/2835/4094 3650/2838/4103 3649/2830/4092
f 101/1404/4095 844/1402/4097 3642/2829/4087
f 844/1402/4097 845/1401/4099 3643/2833/4091
f 846/1400/4098 3644/2832/4090 3643/2833/4091
f 102/1760/4100 1504/2836/4101 3644/2832/4090
f 1504/2836/4101 1505/2837/4102 3647/2835/4094
f 1505/2837/4102 1506/2839/4104 3650/2838/4103
f 1506/2839/4104 162/1760/6110 1206/1400/4105
f 3650/2838/4103 1206/1400/4105 1205/1401/4106
f 3648/2834/4093 3649/2830/4092 1205/1401/4106
f 1497/2820/4108 3648/2834/4093 1204/1402/4107
f 1496/2818/4110 3645/2831/4089 3648/2834/4093
f 1495/2818/4096 3642/2829/4087 3645/2831/4089
f 3651/1386/4111 3652/1385/4115 3655/1385/4112
f 3653/2840/4114 3656/1384/4118 3655/1385/4112
f 3654/1386/4113 3655/1385/4112 3658/1385/4116
f 3656/1384/4118 3659/2840/4127 3658/1385/4116
f 128/396/4119 925/1386/4121 3651/1386/4111
f 925/1386/4121 926/1385/4123 3652/1385/4115
f 927/1384/4122 3653/2840/4114 3652/1385/4115
f 129/1774/4124 1507/2841/4125 3653/2840/4114
f 1507/2841/4125 1508/1774/4126 3656/1384/4118
f 1508/1774/4126 1509/2841/4128 3659/2840/4127
f 1509/2841/4128 189/1774/6111 1287/1384/4129
f 3659/2840/4127 1287/1384/4129 1286/1385/4130
f 3657/1386/4117 3658/1385/4116 1286/1385/4130
f 1503/1378/4132 3657/1386/4117 1285/1386/4131
f 1502/1378/4134 3654/1386/4113 3657/1386/4117
f 1501/1378/4120 3651/1386/4111 3654/1386/4113
f 3660/2842/4135 3661/2845/4139 3664/2843/4136
f 3662/2844/4138 3665/2844/4142 3664/2843/4136
f 3663/1759/4137 3664/2843/4136 3667/2846/4140
f 3665/2844/4142 3668/1757/4151 3667/2846/4140
f 102/1760/4143 847/1759/4145 3660/2842/4135
f 847/1759/4145 848/1758/4147 3661/2845/4139
f 849/1757/4146 3662/2844/4138 3661/2845/4139
f 103/149/4148 1510/1756/4149 3662/2844/4138
f 1510/1756/4149 1511/1756/4150 3665/2844/4142
f 1511/1756/4150 1512/1756/4152 3668/1757/4151
f 1512/1756/4152 163/149/6112 1209/1757/4153
f 3668/1757/4151 1209/1757/4153 1208/1758/4154
f 3666/2847/4141 3667/2846/4140 1208/1758/4154
f 1506/2839/4156 3666/2847/4141 1207/1759/4155
f 1505/2837/4158 3663/1759/4137 3666/2847/4141
f 1504/2836/4144 3660/2842/4135 3663/1759/4137
f 3669/2848/4159 3670/1772/4163 3673/2849/4160
f 3671/2851/4162 3674/2853/4166 3673/2849/4160
f 3672/2850/4161 3673/2849/4160 3676/1772/4164
f 3674/2853/4166 3677/2851/4175 3676/1772/4164
f 129/1774/4167 928/1773/4169 3669/2848/4159
f 928/1773/4169 929/1772/4171 3670/1772/4163
f 930/1771/4170 3671/2851/4162 3670/1772/4163
f 130/1484/4172 1491/2791/4173 3671/2851/4162
f 1491/2791/4173 1490/1484/4174 3674/2853/4166
f 1490/1484/4174 1489/2791/4176 3677/2851/4175
f 1489/2791/4176 190/1484/6113 1290/1771/4177
f 3677/2851/4175 1290/1771/4177 1289/1772/4178
f 3675/2852/4165 3676/1772/4164 1289/1772/4178
f 1509/2841/4180 3675/2852/4165 1288/1773/4179
f 1508/1774/4182 3672/2850/4161 3675/2852/4165
f 1507/2841/4168 3669/2848/4159 3672/2850/4161
f 3678/1791/4183 3679/2855/4187 3682/1790/4184
f 3680/1789/4186 3683/1789/4190 3682/1790/4184
f 3681/2854/4185 3682/1790/4184 3685/2855/4188
f 3683/1789/4190 3686/2858/4199 3685/2855/4188
f 103/1292/4191 850/1791/4193 3678/1791/4183
f 850/1791/4193 851/1790/4195 3679/2855/4187
f 852/1789/4194 3680/1789/4186 3679/2855/4187
f 104/1824/4196 1513/2856/4197 3680/1789/4186
f 1513/2856/4197 1514/2857/4198 3683/1789/4190
f 1514/2857/4198 1515/2857/4200 3686/2858/4199
f 1515/2857/4200 164/1824/6114 1212/1789/4201
f 3686/2858/4199 1212/1789/4201 1211/1790/4202
f 3684/2854/4189 3685/2855/4188 1211/1790/4202
f 1512/1783/4204 3684/2854/4189 1210/1791/4203
f 1511/1783/4206 3681/2854/4185 3684/2854/4189
f 1510/1783/4192 3678/1791/4183 3681/2854/4185
f 3687/2859/4207 3688/2863/4211 3691/2860/4208
f 3689/2862/4210 3692/2865/4214 3691/2860/4208
f 3690/2861/4209 3691/2860/4208 3694/2864/4212
f 3692/2865/4214 3695/2867/4223 3694/2864/4212
f 135/1740/4215 931/1807/4217 3687/2859/4207
f 931/1807/4217 932/1806/4219 3688/2863/4211
f 933/1805/4218 3689/2862/4210 3688/2863/4211
f 131/1840/4220 1516/1840/4221 3689/2862/4210
f 1516/1840/4221 1517/2866/4222 3692/2865/4214
f 1517/2866/4222 1518/2868/4224 3695/2867/4223
f 1518/2868/4224 191/1840/6115 1293/1805/4225
f 3695/2867/4223 1293/1805/4225 1292/2864/4226
f 3693/2859/4213 3694/2864/4212 1292/2864/4226
f 1353/1744/4228 3693/2859/4213 1291/1807/4227
f 1352/1742/4230 3690/2861/4209 3693/2859/4213
f 1351/1741/4216 3687/2859/4207 3690/2861/4209
f 3696/2869/4231 3697/2870/4235 3700/2870/4232
f 3698/2871/4234 3701/2871/4238 3700/2870/4232
f 3699/2869/4233 3700/2870/4232 3703/1822/4236
f 3701/2871/4238 3704/2872/4247 3703/1822/4236
f 104/1824/4239 853/1823/4241 3696/2869/4231
f 853/1823/4241 854/1822/4243 3697/2870/4235
f 855/1821/4242 3698/2871/4234 3697/2870/4235
f 105/1348/4244 1500/1820/4245 3698/2871/4234
f 1500/1820/4245 1499/1820/4246 3701/2871/4238
f 1499/1820/4246 1498/1820/4248 3704/2872/4247
f 1498/1820/4248 165/1348/6116 1215/1821/4249
f 3704/2872/4247 1215/1821/4249 1214/1822/4250
f 3702/1823/4237 3703/1822/4236 1214/1822/4250
f 1515/2857/4252 3702/1823/4237 1213/1823/4251
f 1514/2857/4254 3699/2869/4233 3702/1823/4237
f 1513/2856/4240 3696/2869/4231 3699/2869/4233
f 3705/2873/4255 3706/2877/4259 3709/2874/4256
f 3707/2876/4258 3710/2876/4262 3709/2874/4256
f 3708/2875/4257 3709/2874/4256 3712/2874/4260
f 3710/2876/4262 3713/1837/4271 3712/2874/4260
f 131/1840/4263 934/1839/4265 3705/2873/4255
f 934/1839/4265 935/1838/4267 3706/2877/4259
f 936/1837/4266 3707/2876/4258 3706/2877/4259
f 132/1870/4268 1519/2879/4269 3707/2876/4258
f 1519/2879/4269 1520/2880/4270 3710/2876/4262
f 1520/2880/4270 1521/2881/4272 3713/1837/4271
f 1521/2881/4272 192/1870/6117 1296/1837/4273
f 3713/1837/4271 1296/1837/4273 1295/1838/4274
f 3711/2878/4261 3712/2874/4260 1295/1838/4274
f 1518/2868/4276 3711/2878/4261 1294/1839/4275
f 1517/2866/4278 3708/2875/4257 3711/2878/4261
f 1516/1840/4264 3705/2873/4255 3708/2875/4257
f 3714/1856/4279 3715/2883/4283 3718/1855/4280
f 3716/2882/4282 3719/2885/4286 3718/1855/4280
f 3717/1856/4281 3718/1855/4280 3721/2884/4284
f 3719/2885/4286 3722/2887/4295 3721/2884/4284
f 110/281/4287 856/1856/4289 3714/1856/4279
f 856/1856/4289 857/1855/4291 3715/2883/4283
f 858/1854/4290 3716/2882/4282 3715/2883/4283
f 106/1886/4292 1522/2886/4293 3716/2882/4282
f 1522/2886/4293 1523/2886/4294 3719/2885/4286
f 1523/2886/4294 1524/2888/4296 3722/2887/4295
f 1524/2888/4296 166/1886/6118 1218/1854/4297
f 3722/2887/4295 1218/1854/4297 1217/1855/4298
f 3720/1856/4285 3721/2884/4284 1217/1855/4298
f 1371/1849/4300 3720/1856/4285 1216/1856/4299
f 1370/1849/4302 3717/1856/4281 3720/1856/4285
f 1369/1849/4288 3714/1856/4279 3717/1856/4281
f 3723/2889/4303 3724/1868/4307 3727/2890/4304
f 3725/2891/4306 3728/2893/4310 3727/2890/4304
f 3726/1869/4305 3727/2890/4304 3730/2892/4308
f 3728/2893/4310 3731/1867/4319 3730/2892/4308
f 132/1870/4311 937/1869/4313 3723/2889/4303
f 937/1869/4313 938/1868/4315 3724/1868/4307
f 939/1867/4314 3725/2891/4306 3724/1868/4307
f 133/838/4316 1525/1866/4317 3725/2891/4306
f 1525/1866/4317 1526/1866/4318 3728/2893/4310
f 1526/1866/4318 1527/1866/4320 3731/1867/4319
f 1527/1866/4320 193/838/6119 1299/1867/4321
f 3731/1867/4319 1299/1867/4321 1298/1868/4322
f 3729/2889/4309 3730/2892/4308 1298/1868/4322
f 1521/2881/4324 3729/2889/4309 1297/1869/4323
f 1520/2880/4326 3726/1869/4305 3729/2889/4309
f 1519/2879/4312 3723/2889/4303 3726/1869/4305
f 3732/2894/4327 3733/2898/4331 3736/2895/4328
f 3734/2897/4330 3737/2900/4334 3736/2895/4328
f 3735/2896/4329 3736/2895/4328 3739/2899/4332
f 3737/2900/4334 3740/2903/4343 3739/2899/4332
f 106/1886/4335 859/1885/4337 3732/2894/4327
f 859/1885/4337 860/1884/4339 3733/2898/4331
f 861/1883/4338 3734/2897/4330 3733/2898/4331
f 107/1919/4340 1528/2901/4341 3734/2897/4330
f 1528/2901/4341 1529/2902/4342 3737/2900/4334
f 1529/2902/4342 1530/2904/4344 3740/2903/4343
f 1530/2904/4344 167/1919/6120 1221/1883/4345
f 3740/2903/4343 1221/1883/4345 1220/1884/4346
f 3738/1885/4333 3739/2899/4332 1220/1884/4346
f 1524/2888/4348 3738/1885/4333 1219/1885/4347
f 1523/2886/4350 3735/2896/4329 3738/1885/4333
f 1522/2886/4336 3732/2894/4327 3735/2896/4329
f 3741/2905/4351 3742/2907/4355 3745/1902/4352
f 3743/2906/4354 3746/1901/4358 3745/1902/4352
f 3744/1903/4353 3745/1902/4352 3748/2907/4356
f 3746/1901/4358 3749/2906/4367 3748/2907/4356
f 133/420/4359 940/1903/4361 3741/2905/4351
f 940/1903/4361 941/1902/4363 3742/2907/4355
f 942/1901/4362 3743/2906/4354 3742/2907/4355
f 134/1737/4364 1356/1738/4365 3743/2906/4354
f 1356/1738/4365 1355/1746/4366 3746/1901/4358
f 1355/1746/4366 1354/1745/4368 3749/2906/4367
f 1354/1745/4368 194/1738/6121 1302/1901/4369
f 3749/2906/4367 1302/1901/4369 1301/1902/4370
f 3747/1903/4357 3748/2907/4356 1301/1902/4370
f 1527/1895/4372 3747/1903/4357 1300/1903/4371
f 1526/1895/4374 3744/1903/4353 3747/1903/4357
f 1525/1895/4360 3741/2905/4351 3744/1903/4353
f 3750/1918/4375 3751/2911/4379 3754/2908/4376
f 3752/2910/4378 3755/2913/4382 3754/2908/4376
f 3753/2909/4377 3754/2908/4376 3757/2911/4380
f 3755/2913/4382 3758/2914/4391 3757/2911/4380
f 107/1919/4383 862/1918/4385 3750/1918/4375
f 862/1918/4385 863/1917/4387 3751/2911/4379
f 864/1916/4386 3752/2910/4378 3751/2911/4379
f 108/1719/4388 1362/1720/4389 3752/2910/4378
f 1362/1720/4389 1361/1728/4390 3755/2913/4382
f 1361/1728/4390 1360/1726/4392 3758/2914/4391
f 1360/1726/4392 168/1727/6122 1224/2915/4393
f 3758/2914/4391 1224/2915/4393 1223/2916/4394
f 3756/2912/4381 3757/2911/4380 1223/2916/4394
f 1530/2904/4396 3756/2912/4381 1222/1918/4395
f 1529/2902/4398 3753/2909/4377 3756/2912/4381
f 1528/2901/4384 3750/1918/4375 3753/2909/4377
f 3761/2917/4399 3759/3779/6123 3769/2918/4400
f 3763/2920/4402 3759/3779/6123 3761/2917/4399
f 3765/2922/4404 3759/3779/6123 3763/2920/4402
f 3767/2924/4406 3759/3779/6123 3765/2922/4404
f 3769/2918/4400 3759/3779/6123 3767/2924/4406
f 1534/2927/4409 3760/2919/4401 1533/2928/4410
f 1535/2930/4412 3761/2917/4399 3760/2919/4401
f 3760/2919/4401 3769/2918/4400 1532/2931/4413
f 1537/2932/4414 3762/2921/4403 1536/2933/4415
f 1538/2935/4417 3763/2920/4402 3762/2921/4403
f 3762/2921/4403 3761/2917/4399 1535/2930/4412
f 1540/2936/4418 3764/2923/4405 1539/2937/4419
f 1541/2939/4421 3765/2922/4404 3764/2923/4405
f 3764/2923/4405 3763/2920/4402 1538/2935/4417
f 1543/2940/4422 3766/2925/4407 1542/2941/4423
f 1544/2942/4425 3767/2924/4406 3766/2925/4407
f 3766/2925/4407 3765/2922/4404 1541/2939/4421
f 1531/2943/4426 3768/2926/4408 1545/2944/4427
f 1532/2931/4413 3769/2918/4400 3768/2926/4408
f 3768/2926/4408 3767/2924/4406 1544/2942/4425
f 3772/2945/4429 3770/3780/6124 3780/2946/4430
f 3774/2948/4432 3770/3780/6124 3772/2945/4429
f 3776/2950/4434 3770/3780/6124 3774/2948/4432
f 3778/2952/4436 3770/3780/6124 3776/2950/4434
f 3780/2946/4430 3770/3780/6124 3778/2952/4436
f 1549/2955/4439 3771/2947/4431 1548/2491/4440
f 1550/2956/4442 3772/2945/4429 3771/2947/4431
f 3771/2947/4431 3780/2946/4430 1547/2492/4443
f 1552/2957/4444 3773/2949/4433 1551/2958/4445
f 1553/2959/4447 3774/2948/4432 3773/2949/4433
f 3773/2949/4433 3772/2945/4429 1550/2956/4442
f 1555/2960/4448 3775/2951/4435 1554/2961/4449
f 1556/2963/4451 3776/2950/4434 3775/2951/4435
f 3775/2951/4435 3774/2948/4432 1553/2959/4447
f 1558/2964/4452 3777/2953/4437 1557/2965/4453
f 1559/2967/4455 3778/2952/4436 3777/2953/4437
f 3777/2953/4437 3776/2950/4434 1556/2963/4451
f 1546/2493/4456 3779/2954/4438 1560/2968/4457
f 1547/2492/4443 3780/2946/4430 3779/2954/4438
f 3779/2954/4438 3778/2952/4436 1559/2967/4455
f 3783/2969/4459 3781/3781/6125 3791/2970/4460
f 3785/2972/4462 3781/3781/6125 3783/2969/4459
f 3787/2974/4464 3781/3781/6125 3785/2972/4462
f 3789/2976/4466 3781/3781/6125 3787/2974/4464
f 3791/2970/4460 3781/3781/6125 3789/2976/4466
f 1564/2979/4469 3782/2971/4461 1563/2980/4470
f 1565/2982/4472 3783/2969/4459 3782/2971/4461
f 3782/2971/4461 3791/2970/4460 1562/2983/4473
f 1567/2984/4474 3784/2973/4463 1566/2985/4475
f 1568/2987/4477 3785/2972/4462 3784/2973/4463
f 3784/2973/4463 3783/2969/4459 1565/2982/4472
f 1570/2988/4478 3786/2975/4465 1569/2989/4479
f 1571/2991/4481 3787/2974/4464 3786/2975/4465
f 3786/2975/4465 3785/2972/4462 1568/2987/4477
f 1573/2992/4482 3788/2977/4467 1572/2993/4483
f 1574/2995/4485 3789/2976/4466 3788/2977/4467
f 3788/2977/4467 3787/2974/4464 1571/2991/4481
f 1561/2996/4486 3790/2978/4468 1575/2997/4487
f 1562/2983/4473 3791/2970/4460 3790/2978/4468
f 3790/2978/4468 3789/2976/4466 1574/2995/4485
f 3794/2999/4489 3792/3782/6126 3802/3000/4490
f 3796/3002/4492 3792/3782/6126 3794/2999/4489
f 3798/3004/4494 3792/3782/6126 3796/3002/4492
f 3800/3006/4496 3792/3782/6126 3798/3004/4494
f 3802/3000/4490 3792/3782/6126 3800/3006/4496
f 1579/3009/4499 3793/3001/4491 1578/3010/4500
f 1580/3012/4502 3794/2999/4489 3793/3001/4491
f 3793/3001/4491 3802/3000/4490 1577/3013/4503
f 1582/3014/4504 3795/3003/4493 1581/3015/4505
f 1583/3017/4507 3796/3002/4492 3795/3003/4493
f 3795/3003/4493 3794/2999/4489 1580/3012/4502
f 1585/3018/4508 3797/3005/4495 1584/3019/4509
f 1586/3021/4511 3798/3004/4494 3797/3005/4495
f 3797/3005/4495 3796/3002/4492 1583/3017/4507
f 1588/3022/4512 3799/3007/4497 1587/3023/4513
f 1589/3025/4515 3800/3006/4496 3799/3007/4497
f 3799/3007/4497 3798/3004/4494 1586/3021/4511
f 1576/3026/4516 3801/3008/4498 1590/3027/4517
f 1577/3013/4503 3802/3000/4490 3801/3008/4498
f 3801/3008/4498 3800/3006/4496 1589/3025/4515
f 3805/3028/4519 3803/3783/6127 3813/3029/4520
f 3807/3031/4522 3803/3783/6127 3805/3028/4519
f 3809/3033/4524 3803/3783/6127 3807/3031/4522
f 3811/3035/4526 3803/3783/6127 3809/3033/4524
f 3813/3029/4520 3803/3783/6127 3811/3035/4526
f 1594/3038/4529 3804/3030/4521 1593/3039/4530
f 1595/3041/4532 3805/3028/4519 3804/3030/4521
f 3804/3030/4521 3813/3029/4520 1592/3042/4533
f 1597/3043/4534 3806/3032/4523 1596/3044/4535
f 1598/3046/4537 3807/3031/4522 3806/3032/4523
f 3806/3032/4523 3805/3028/4519 1595/3041/4532
f 1600/3047/4538 3808/3034/4525 1599/3048/4539
f 1601/3050/4541 3809/3033/4524 3808/3034/4525
f 3808/3034/4525 3807/3031/4522 1598/3046/4537
f 1603/3051/4542 3810/3036/4527 1602/3052/4543
f 1604/3054/4545 3811/3035/4526 3810/3036/4527
f 3810/3036/4527 3809/3033/4524 1601/3050/4541
f 1591/3055/4546 3812/3037/4528 1605/3056/4547
f 1592/3042/4533 3813/3029/4520 3812/3037/4528
f 3812/3037/4528 3811/3035/4526 1604/3054/4545
f 3816/3057/4549 3814/3784/6128 3824/3058/4550
f 3818/3060/4552 3814/3784/6128 3816/3057/4549
f 3820/3062/4554 3814/3784/6128 3818/3060/4552
f 3822/3064/4556 3814/3784/6128 3820/3062/4554
f 3824/3058/4550 3814/3784/6128 3822/3064/4556
f 1609/3067/4559 3815/3059/4551 1608/3068/4560
f 1610/3069/4562 3816/3057/4549 3815/3059/4551
f 3815/3059/4551 3824/3058/4550 1607/3070/4563
f 1612/3071/4564 3817/3061/4553 1611/3072/4565
f 1613/3074/4567 3818/3060/4552 3817/3061/4553
f 3817/3061/4553 3816/3057/4549 1610/3069/4562
f 1615/3075/4568 3819/3063/4555 1614/3076/4569
f 1616/3078/4571 3820/3062/4554 3819/3063/4555
f 3819/3063/4555 3818/3060/4552 1613/3074/4567
f 1618/2597/4572 3821/3065/4557 1617/3079/4573
f 1619/2596/4575 3822/3064/4556 3821/3065/4557
f 3821/3065/4557 3820/3062/4554 1616/3078/4571
f 1606/3080/4576 3823/3066/4558 1620/2595/4577
f 1607/3070/4563 3824/3058/4550 3823/3066/4558
f 3823/3066/4558 3822/3064/4556 1619/2596/4575
f 3827/3081/4579 3825/3785/6129 3835/3082/4580
f 3829/3084/4582 3825/3785/6129 3827/3081/4579
f 3831/3086/4584 3825/3785/6129 3829/3084/4582
f 3833/3088/4586 3825/3785/6129 3831/3086/4584
f 3835/3082/4580 3825/3785/6129 3833/3088/4586
f 1624/2513/4589 3826/3083/4581 1623/2549/4590
f 1625/2512/4592 3827/3081/4579 3826/3083/4581
f 3826/3083/4581 3835/3082/4580 1622/2550/4593
f 1627/2466/4594 3828/3085/4583 1626/2511/4595
f 1628/2465/4597 3829/3084/4582 3828/3085/4583
f 3828/3085/4583 3827/3081/4579 1625/2512/4592
f 1630/3091/4598 3830/3087/4585 1629/2464/4599
f 1631/3092/4601 3831/3086/4584 3830/3087/4585
f 3830/3087/4585 3829/3084/4582 1628/2465/4597
f 1633/3093/4602 3832/3089/4587 1632/3094/4603
f 1634/3096/4605 3833/3088/4586 3832/3089/4587
f 3832/3089/4587 3831/3086/4584 1631/3092/4601
f 1621/2551/4606 3834/3090/4588 1635/3097/4607
f 1622/2550/4593 3835/3082/4580 3834/3090/4588
f 3834/3090/4588 3833/3088/4586 1634/3096/4605
f 3838/3098/4609 3836/3786/6130 3846/3099/4610
f 3840/3101/4612 3836/3786/6130 3838/3098/4609
f 3842/3103/4614 3836/3786/6130 3840/3101/4612
f 3844/3105/4616 3836/3786/6130 3842/3103/4614
f 3846/3099/4610 3836/3786/6130 3844/3105/4616
f 1639/3108/4619 3837/3100/4611 1638/3109/4620
f 1640/3110/4622 3838/3098/4609 3837/3100/4611
f 3837/3100/4611 3846/3099/4610 1637/3111/4623
f 1642/3112/4624 3839/3102/4613 1641/3113/4625
f 1643/3115/4627 3840/3101/4612 3839/3102/4613
f 3839/3102/4613 3838/3098/4609 1640/3110/4622
f 1645/3116/4628 3841/3104/4615 1644/3117/4629
f 1646/3118/4631 3842/3103/4614 3841/3104/4615
f 3841/3104/4615 3840/3101/4612 1643/3115/4627
f 1648/3119/4632 3843/3106/4617 1647/3120/4633
f 1649/3122/4635 3844/3105/4616 3843/3106/4617
f 3843/3106/4617 3842/3103/4614 1646/3118/4631
f 1636/3123/4636 3845/3107/4618 1650/3124/4637
f 1637/3111/4623 3846/3099/4610 3845/3107/4618
f 3845/3107/4618 3844/3105/4616 1649/3122/4635
f 3849/3126/4639 3847/3787/6131 3857/3127/4640
f 3851/3129/4642 3847/3787/6131 3849/3126/4639
f 3853/3131/4644 3847/3787/6131 3851/3129/4642
f 3855/3133/4646 3847/3787/6131 3853/3131/4644
f 3857/3127/4640 3847/3787/6131 3855/3133/4646
f 1654/3136/4649 3848/3128/4641 1653/3137/4650
f 1655/3139/4652 3849/3126/4639 3848/3128/4641
f 3848/3128/4641 3857/3127/4640 1652/3140/4653
f 1657/3141/4654 3850/3130/4643 1656/3142/4655
f 1658/3144/4657 3851/3129/4642 3850/3130/4643
f 3850/3130/4643 3849/3126/4639 1655/3139/4652
f 1660/3145/4658 3852/3132/4645 1659/3146/4659
f 1661/3147/4661 3853/3131/4644 3852/3132/4645
f 3852/3132/4645 3851/3129/4642 1658/3144/4657
f 1663/3148/4662 3854/3134/4647 1662/3149/4663
f 1664/3151/4665 3855/3133/4646 3854/3134/4647
f 3854/3134/4647 3853/3131/4644 1661/3147/4661
f 1651/3152/4666 3856/3135/4648 1665/3153/4667
f 1652/3140/4653 3857/3127/4640 3856/3135/4648
f 3856/3135/4648 3855/3133/4646 1664/3151/4665
f 3860/3155/4669 3858/3788/6132 3868/3156/4670
f 3862/3158/4672 3858/3788/6132 3860/3155/4669
f 3864/3160/4674 3858/3788/6132 3862/3158/4672
f 3866/3162/4676 3858/3788/6132 3864/3160/4674
f 3868/3156/4670 3858/3788/6132 3866/3162/4676
f 1669/3165/4679 3859/3157/4671 1668/3166/4680
f 1670/3168/4682 3860/3155/4669 3859/3157/4671
f 3859/3157/4671 3868/3156/4670 1667/3169/4683
f 1672/3170/4684 3861/3159/4673 1671/3171/4685
f 1673/3173/4687 3862/3158/4672 3861/3159/4673
f 3861/3159/4673 3860/3155/4669 1670/3168/4682
f 1675/3174/4688 3863/3161/4675 1674/3175/4689
f 1676/3176/4691 3864/3160/4674 3863/3161/4675
f 3863/3161/4675 3862/3158/4672 1673/3173/4687
f 1678/3177/4692 3865/3163/4677 1677/3178/4693
f 1679/3180/4695 3866/3162/4676 3865/3163/4677
f 3865/3163/4677 3864/3160/4674 1676/3176/4691
f 1666/3181/4696 3867/3164/4678 1680/3182/4697
f 1667/3169/4683 3868/3156/4670 3867/3164/4678
f 3867/3164/4678 3866/3162/4676 1679/3180/4695
f 3871/3184/4699 3869/3789/6133 3879/3185/4700
f 3873/3187/4702 3869/3789/6133 3871/3184/4699
f 3875/3189/4704 3869/3789/6133 3873/3187/4702
f 3877/3191/4706 3869/3789/6133 3875/3189/4704
f 3879/3185/4700 3869/3789/6133 3877/3191/4706
f 1684/3194/4709 3870/3186/4701 1683/3195/4710
f 1685/3197/4712 3871/3184/4699 3870/3186/4701
f 3870/3186/4701 3879/3185/4700 1682/3198/4713
f 1687/3199/4714 3872/3188/4703 1686/3200/4715
f 1688/3202/4717 3873/3187/4702 3872/3188/4703
f 3872/3188/4703 3871/3184/4699 1685/3197/4712
f 1690/3203/4718 3874/3190/4705 1689/3204/4719
f 1691/3205/4721 3875/3189/4704 3874/3190/4705
f 3874/3190/4705 3873/3187/4702 1688/3202/4717
f 1693/3206/4722 3876/3192/4707 1692/3207/4723
f 1694/3209/4725 3877/3191/4706 3876/3192/4707
f 3876/3192/4707 3875/3189/4704 1691/3205/4721
f 1681/3210/4726 3878/3193/4708 1695/3211/4727
f 1682/3198/4713 3879/3185/4700 3878/3193/4708
f 3878/3193/4708 3877/3191/4706 1694/3209/4725
f 3882/3213/4729 3880/3790/6134 3890/3214/4730
f 3884/3215/4732 3880/3790/6134 3882/3213/4729
f 3886/3217/4734 3880/3790/6134 3884/3215/4732
f 3888/3219/4736 3880/3790/6134 3886/3217/4734
f 3890/3214/4730 3880/3790/6134 3888/3219/4736
f 1699/3222/4739 3881/2610/4731 1698/3223/4740
f 1700/3224/4742 3882/3213/4729 3881/2610/4731
f 3881/2610/4731 3890/3214/4730 1697/3225/4743
f 1702/3226/4744 3883/3216/4733 1701/3227/4745
f 1703/3228/4747 3884/3215/4732 3883/3216/4733
f 3883/3216/4733 3882/3213/4729 1700/3224/4742
f 1705/2315/4748 3885/3218/4735 1704/3229/4749
f 1706/2272/4751 3886/3217/4734 3885/3218/4735
f 3885/3218/4735 3884/3215/4732 1703/3228/4747
f 1708/3230/4752 3887/3220/4737 1707/3231/4753
f 1709/3232/4755 3888/3219/4736 3887/3220/4737
f 3887/3220/4737 3886/3217/4734 1706/2272/4751
f 1696/3233/4756 3889/3221/4738 1710/3234/4757
f 1697/3225/4743 3890/3214/4730 3889/3221/4738
f 3889/3221/4738 3888/3219/4736 1709/3232/4755
f 3892/2753/4759 3895/1564/4763 3894/1565/4760
f 3892/2753/4759 3893/2752/4771 3896/2752/4762
f 3895/1564/4763 3898/1564/4766 3897/1565/4764
f 3895/1564/4763 3896/2752/4762 3899/1563/4765
f 1348/1565/4767 3891/1565/4761 1753/1560/4768
f 1349/1564/4770 3892/2753/4759 3891/1565/4761
f 1349/1564/4770 1350/1563/4772 3893/2752/4771
f 1350/1563/4772 210/468/6135 1716/1562/4773
f 3893/2752/4771 1716/1562/4773 1715/1562/4774
f 3896/2752/4762 1715/1562/4774 1714/1562/4775
f 3899/1563/4765 1714/1562/4775 270/3235/4776
f 3898/1564/4766 3899/1563/4765 1710/1563/4777
f 3898/1564/4766 1709/1564/4778 1708/3236/4779
f 3897/1565/4764 1708/3236/4779 269/3237/4780
f 3894/1565/4760 3897/1565/4764 1755/1560/4781
f 3891/1565/4761 3894/1565/4760 1754/1560/4782
f 3901/3238/4783 3904/3242/4787 3903/3239/4784
f 3901/3238/4783 3902/3246/4795 3905/3241/4786
f 3904/3242/4787 3907/3245/4790 3906/3243/4788
f 3904/3242/4787 3905/3241/4786 3908/3244/4789
f 1270/1551/4791 3900/3240/4785 1756/1546/4792
f 1271/1550/4794 3901/3238/4783 3900/3240/4785
f 1271/1550/4794 1272/2755/4796 3902/3246/4795
f 1272/2755/4796 184/2777/6136 1762/3247/4797
f 3902/3246/4795 1762/3247/4797 1763/3248/4798
f 3905/3241/4786 1763/3248/4798 1764/3249/4799
f 3908/3244/4789 1764/3249/4799 244/3095/4800
f 3907/3245/4790 3908/3244/4789 1632/3250/4801
f 3907/3245/4790 1631/3251/4802 1630/3252/4803
f 3906/3243/4788 1630/3252/4803 243/3253/4804
f 3903/3239/4784 3906/3243/4788 1758/1546/4805
f 3900/3240/4785 3903/3239/4784 1757/1546/4806
f 3910/3254/4807 3913/3258/4811 3912/3255/4808
f 3910/3254/4807 3911/3262/4819 3914/3257/4810
f 3913/3258/4811 3916/3261/4814 3915/3259/4812
f 3913/3258/4811 3914/3257/4810 3917/3260/4813
f 1192/1534/4815 3909/3256/4809 1759/2446/4816
f 1193/1533/4818 3910/3254/4807 3909/3256/4809
f 1193/1533/4818 1194/1532/4820 3911/3262/4819
f 1194/1532/4820 158/1500/6137 1765/3263/4821
f 3911/3262/4819 1765/3263/4821 1766/3264/4822
f 3914/3257/4810 1766/3264/4822 1767/3265/4823
f 3917/3260/4813 1767/3265/4823 218/2962/4824
f 3916/3261/4814 3917/3260/4813 1554/2961/4825
f 3916/3261/4814 1553/2959/4826 1552/2957/4827
f 3915/3259/4812 1552/2957/4827 217/2449/4828
f 3912/3255/4808 3915/3259/4812 1761/2448/4829
f 3909/3256/4809 3912/3255/4808 1760/2447/4830
f 3919/3266/4831 3922/3270/4835 3921/3267/4832
f 3919/3266/4831 3920/3274/4843 3923/3269/4834
f 3922/3270/4835 3925/3273/4838 3924/3271/4836
f 3922/3270/4835 3923/3269/4834 3926/3272/4837
f 1273/2776/4839 3918/3268/4833 1762/3247/4840
f 1274/1517/4842 3919/3266/4831 3918/3268/4833
f 1274/1517/4842 1275/1516/4844 3920/3274/4843
f 1275/1516/4844 185/2545/6138 1737/2544/4845
f 3920/3274/4843 1737/2544/4845 1736/2554/4846
f 3923/3269/4834 1736/2554/4846 1735/2553/4847
f 3926/3272/4837 1735/2553/4847 245/2552/4848
f 3925/3273/4838 3926/3272/4837 1635/3097/4849
f 3925/3273/4838 1634/3096/4850 1633/3093/4851
f 3924/3271/4836 1633/3093/4851 244/3095/4852
f 3921/3267/4832 3924/3271/4836 1764/3249/4853
f 3918/3268/4833 3921/3267/4832 1763/3248/4854
f 3928/3275/4855 3931/3279/4859 3930/3276/4856
f 3928/3275/4855 3929/3283/4867 3932/3278/4858
f 3931/3279/4859 3934/3282/4862 3933/3280/4860
f 3931/3279/4859 3932/3278/4858 3935/3281/4861
f 1195/1498/4863 3927/3277/4857 1765/3263/4864
f 1196/1497/4866 3928/3275/4855 3927/3277/4857
f 1196/1497/4866 1197/1496/4868 3929/3283/4867
f 1197/1496/4868 159/2800/6139 1768/3284/4869
f 3929/3283/4867 1768/3284/4869 1769/3285/4870
f 3932/3278/4858 1769/3285/4870 1770/3286/4871
f 3935/3281/4861 1770/3286/4871 219/2966/4872
f 3934/3282/4862 3935/3281/4861 1557/2965/4873
f 3934/3282/4862 1556/2963/4874 1555/2960/4875
f 3933/3280/4860 1555/2960/4875 218/2962/4876
f 3930/3276/4856 3933/3280/4860 1767/3265/4877
f 3927/3277/4857 3930/3276/4856 1766/3264/4878
f 3937/3287/4879 3940/3291/4883 3939/3288/4880
f 3937/3287/4879 3938/3296/4891 3941/3290/4882
f 3940/3291/4883 3943/3294/4886 3942/3292/4884
f 3940/3291/4883 3941/3290/4882 3944/3293/4885
f 1276/1482/4887 3936/3289/4881 1776/3295/4888
f 1277/1481/4890 3937/3287/4879 3936/3289/4881
f 1277/1481/4890 1278/1480/4892 3938/3296/4891
f 1278/1480/4892 186/679/6140 1771/1479/4893
f 3938/3296/4891 1771/1479/4893 1772/1479/4894
f 3941/3290/4882 1772/1479/4894 1773/1479/4895
f 3944/3293/4885 1773/1479/4895 246/1479/4896
f 3943/3294/4886 3944/3293/4885 1638/3109/4897
f 3943/3294/4886 1637/3111/4898 1636/3123/4899
f 3942/3292/4884 1636/3123/4899 250/3125/4900
f 3939/3288/4880 3942/3292/4884 1774/3297/4901
f 3936/3289/4881 3939/3288/4880 1775/3298/4902
f 3946/3299/4903 3949/3303/4907 3948/3300/4904
f 3946/3299/4903 3947/3307/4915 3950/3302/4906
f 3949/3303/4907 3952/3306/4910 3951/3304/4908
f 3949/3303/4907 3950/3302/4906 3953/3305/4909
f 1198/1465/4911 3945/3301/4905 1768/3284/4912
f 1199/1464/4914 3946/3299/4903 3945/3301/4905
f 1199/1464/4914 1200/1463/4916 3947/3307/4915
f 1200/1463/4916 160/2394/6141 1752/2487/4917
f 3947/3307/4915 1752/2487/4917 1751/2496/4918
f 3950/3302/4906 1751/2496/4918 1750/2495/4919
f 3953/3305/4909 1750/2495/4919 220/2494/4920
f 3952/3306/4910 3953/3305/4909 1560/2968/4921
f 3952/3306/4910 1559/2967/4922 1558/2964/4923
f 3951/3304/4908 1558/2964/4923 219/2966/4924
f 3948/3300/4904 3951/3304/4908 1770/3286/4925
f 3945/3301/4905 3948/3300/4904 1769/3285/4926
f 3955/3308/4927 3958/3312/4931 3957/3309/4928
f 3955/3308/4927 3956/3316/4939 3959/3311/4930
f 3958/3312/4931 3961/3315/4934 3960/3313/4932
f 3958/3312/4931 3959/3311/4930 3962/3314/4933
f 1279/2803/4935 3954/3310/4929 1771/1444/4936
f 1280/2813/4938 3955/3308/4927 3954/3310/4929
f 1280/2813/4938 1281/2812/4940 3956/3316/4939
f 1281/2812/4940 187/2809/6142 1777/3317/4941
f 3956/3316/4939 1777/3317/4941 1778/3318/4942
f 3959/3311/4930 1778/3318/4942 1779/3319/4943
f 3962/3314/4933 1779/3319/4943 247/3320/4944
f 3961/3315/4934 3962/3314/4933 1641/3321/4945
f 3961/3315/4934 1640/3322/4946 1639/3323/4947
f 3960/3313/4932 1639/3323/4947 246/3324/4948
f 3957/3309/4928 3960/3313/4932 1773/1444/4949
f 3954/3310/4929 3957/3309/4928 1772/1444/4950
f 3964/3325/4951 3967/3329/4955 3966/3326/4952
f 3964/3325/4951 3965/3333/4963 3968/3328/4954
f 3967/3329/4955 3970/3332/4958 3969/3330/4956
f 3967/3329/4955 3968/3328/4954 3971/3331/4957
f 1201/1435/4959 3963/3327/4953 1785/1431/4960
f 1202/1434/4962 3964/3325/4951 3963/3327/4953
f 1202/1434/4962 1203/1433/4964 3965/3333/4963
f 1203/1433/4964 161/1404/6143 1780/3334/4965
f 3965/3333/4963 1780/3334/4965 1781/3335/4966
f 3968/3328/4954 1781/3335/4966 1782/3336/4967
f 3971/3331/4957 1782/3336/4967 221/2981/4968
f 3970/3332/4958 3971/3331/4957 1563/3337/4969
f 3970/3332/4958 1562/3338/4970 1561/3339/4971
f 3969/3330/4956 1561/3339/4971 225/3340/4972
f 3966/3326/4952 3969/3330/4956 1783/1431/4973
f 3963/3327/4953 3966/3326/4952 1784/1431/4974
f 3973/3341/4975 3976/3345/4979 3975/3342/4976
f 3973/3341/4975 3974/3349/4987 3977/3344/4978
f 3976/3345/4979 3979/3348/4982 3978/3346/4980
f 3976/3345/4979 3977/3344/4978 3980/3347/4981
f 1282/2826/4983 3972/3343/4977 1777/3317/4984
f 1283/2828/4986 3973/3341/4975 3972/3343/4977
f 1283/2828/4986 1284/2827/4988 3974/3349/4987
f 1284/2827/4988 188/887/6144 1786/1416/4989
f 3974/3349/4987 1786/1416/4989 1787/1416/4990
f 3977/3344/4978 1787/1416/4990 1788/1416/4991
f 3980/3347/4981 1788/1416/4991 248/1416/4992
f 3979/3348/4982 3980/3347/4981 1644/3117/4993
f 3979/3348/4982 1643/3115/4994 1642/3112/4995
f 3978/3346/4980 1642/3112/4995 247/3320/4996
f 3975/3342/4976 3978/3346/4980 1779/3319/4997
f 3972/3343/4977 3975/3342/4976 1778/3318/4998
f 3982/3350/4999 3985/3354/5003 3984/3351/5000
f 3982/3350/4999 3983/3358/5011 3986/3353/5002
f 3985/3354/5003 3988/3357/5006 3987/3355/5004
f 3985/3354/5003 3986/3353/5002 3989/3356/5005
f 1204/1402/5007 3981/3352/5001 1780/3334/5008
f 1205/1401/5010 3982/3350/4999 3981/3352/5001
f 1205/1401/5010 1206/1400/5012 3983/3358/5011
f 1206/1400/5012 162/1760/6145 1789/3359/5013
f 3983/3358/5011 1789/3359/5013 1790/3360/5014
f 3986/3353/5002 1790/3360/5014 1791/3361/5015
f 3989/3356/5005 1791/3361/5015 222/2986/5016
f 3988/3357/5006 3989/3356/5005 1566/2985/5017
f 3988/3357/5006 1565/2982/5018 1564/2979/5019
f 3987/3355/5004 1564/2979/5019 221/2981/5020
f 3984/3351/5000 3987/3355/5004 1782/3336/5021
f 3981/3352/5001 3984/3351/5000 1781/3335/5022
f 3991/3362/5023 3994/3366/5027 3993/3363/5024
f 3991/3362/5023 3992/3370/5035 3995/3365/5026
f 3994/3366/5027 3997/3369/5030 3996/3367/5028
f 3994/3366/5027 3995/3365/5026 3998/3368/5029
f 1285/1386/5031 3990/3364/5025 1786/1378/5032
f 1286/1385/5034 3991/3362/5023 3990/3364/5025
f 1286/1385/5034 1287/1384/5036 3992/3370/5035
f 1287/1384/5036 189/1774/6146 1792/3371/5037
f 3992/3370/5035 1792/3371/5037 1793/3372/5038
f 3995/3365/5026 1793/3372/5038 1794/3373/5039
f 3998/3368/5029 1794/3373/5039 249/3121/5040
f 3997/3369/5030 3998/3368/5029 1647/3374/5041
f 3997/3369/5030 1646/3375/5042 1645/3376/5043
f 3996/3367/5028 1645/3376/5043 248/1378/5044
f 3993/3363/5024 3996/3367/5028 1788/1378/5045
f 3990/3364/5025 3993/3363/5024 1787/1378/5046
f 4000/3377/5047 4003/3381/5051 4002/3378/5048
f 4000/3377/5047 4001/3385/5059 4004/3380/5050
f 4003/3381/5051 4006/3384/5054 4005/3382/5052
f 4003/3381/5051 4004/3380/5050 4007/3383/5053
f 1207/1759/5055 3999/3379/5049 1789/3359/5056
f 1208/1758/5058 4000/3377/5047 3999/3379/5049
f 1208/1758/5058 1209/1757/5060 4001/3385/5059
f 1209/1757/5060 163/149/6147 1795/1756/5061
f 4001/3385/5059 1795/1756/5061 1796/1756/5062
f 4004/3380/5050 1796/1756/5062 1797/1756/5063
f 4007/3383/5053 1797/1756/5063 223/2990/5064
f 4006/3384/5054 4007/3383/5053 1569/2989/5065
f 4006/3384/5054 1568/2987/5066 1567/2984/5067
f 4005/3382/5052 1567/2984/5067 222/2986/5068
f 4002/3378/5048 4005/3382/5052 1791/3361/5069
f 3999/3379/5049 4002/3378/5048 1790/3360/5070
f 4009/3386/5071 4012/3390/5075 4011/3387/5072
f 4009/3386/5071 4010/3394/5083 4013/3389/5074
f 4012/3390/5075 4015/3393/5078 4014/3391/5076
f 4012/3390/5075 4013/3389/5074 4016/3392/5077
f 1288/1773/5079 4008/3388/5073 1792/3371/5080
f 1289/1772/5082 4009/3386/5071 4008/3388/5073
f 1289/1772/5082 1290/1771/5084 4010/3394/5083
f 1290/1771/5084 190/1484/6148 1776/3295/5085
f 4010/3394/5083 1776/3295/5085 1775/3298/5086
f 4013/3389/5074 1775/3298/5086 1774/3297/5087
f 4016/3392/5077 1774/3297/5087 250/3125/5088
f 4015/3393/5078 4016/3392/5077 1650/3124/5089
f 4015/3393/5078 1649/3122/5090 1648/3119/5091
f 4014/3391/5076 1648/3119/5091 249/3121/5092
f 4011/3387/5072 4014/3391/5076 1794/3373/5093
f 4008/3388/5073 4011/3387/5072 1793/3372/5094
f 4018/3395/5095 4021/3399/5099 4020/3396/5096
f 4018/3395/5095 4019/3403/5107 4022/3398/5098
f 4021/3399/5099 4024/3402/5102 4023/3400/5100
f 4021/3399/5099 4022/3398/5098 4025/3401/5101
f 1210/1791/5103 4017/3397/5097 1795/1783/5104
f 1211/1790/5106 4018/3395/5095 4017/3397/5097
f 1211/1790/5106 1212/1789/5108 4019/3403/5107
f 1212/1789/5108 164/1824/6149 1798/3404/5109
f 4019/3403/5107 1798/3404/5109 1799/3405/5110
f 4022/3398/5098 1799/3405/5110 1800/3406/5111
f 4025/3401/5101 1800/3406/5111 224/2994/5112
f 4024/3402/5102 4025/3401/5101 1572/3407/5113
f 4024/3402/5102 1571/3408/5114 1570/3409/5115
f 4023/3400/5100 1570/3409/5115 223/1783/5116
f 4020/3396/5096 4023/3400/5100 1797/1783/5117
f 4017/3397/5097 4020/3396/5096 1796/1783/5118
f 4027/3410/5119 4030/3414/5123 4029/3411/5120
f 4027/3410/5119 4028/3419/5131 4031/3413/5122
f 4030/3414/5123 4033/3417/5126 4032/3415/5124
f 4030/3414/5123 4031/3413/5122 4034/3416/5125
f 1291/1807/5127 4026/3412/5121 1806/3418/5128
f 1292/2864/5130 4027/3410/5119 4026/3412/5121
f 1292/2864/5130 1293/1805/5132 4028/3419/5131
f 1293/1805/5132 191/1840/6150 1801/3420/5133
f 4028/3419/5131 1801/3420/5133 1802/3421/5134
f 4031/3413/5122 1802/3421/5134 1803/3422/5135
f 4034/3416/5125 1803/3422/5135 251/3138/5136
f 4033/3417/5126 4034/3416/5125 1653/3137/5137
f 4033/3417/5126 1652/3140/5138 1651/3152/5139
f 4032/3415/5124 1651/3152/5139 255/3154/5140
f 4029/3411/5120 4032/3415/5124 1804/3423/5141
f 4026/3412/5121 4029/3411/5120 1805/3424/5142
f 4036/3425/5143 4039/3429/5147 4038/3426/5144
f 4036/3425/5143 4037/3433/5155 4040/3428/5146
f 4039/3429/5147 4042/3432/5150 4041/3430/5148
f 4039/3429/5147 4040/3428/5146 4043/3431/5149
f 1213/1823/5151 4035/3427/5145 1798/3404/5152
f 1214/1822/5154 4036/3425/5143 4035/3427/5145
f 1214/1822/5154 1215/1821/5156 4037/3433/5155
f 1215/1821/5156 165/1348/6151 1785/1820/5157
f 4037/3433/5155 1785/1820/5157 1784/1820/5158
f 4040/3428/5146 1784/1820/5158 1783/1820/5159
f 4043/3431/5149 1783/1820/5159 225/2998/5160
f 4042/3432/5150 4043/3431/5149 1575/2997/5161
f 4042/3432/5150 1574/2995/5162 1573/2992/5163
f 4041/3430/5148 1573/2992/5163 224/2994/5164
f 4038/3426/5144 4041/3430/5148 1800/3406/5165
f 4035/3427/5145 4038/3426/5144 1799/3405/5166
f 4045/3434/5167 4048/3438/5171 4047/3435/5168
f 4045/3434/5167 4046/3442/5179 4049/3437/5170
f 4048/3438/5171 4051/3441/5174 4050/3439/5172
f 4048/3438/5171 4049/3437/5170 4052/3440/5173
f 1294/1839/5175 4044/3436/5169 1801/3420/5176
f 1295/1838/5178 4045/3434/5167 4044/3436/5169
f 1295/1838/5178 1296/1837/5180 4046/3442/5179
f 1296/1837/5180 192/1870/6152 1807/3443/5181
f 4046/3442/5179 1807/3443/5181 1808/3444/5182
f 4049/3437/5170 1808/3444/5182 1809/3445/5183
f 4052/3440/5173 1809/3445/5183 252/3143/5184
f 4051/3441/5174 4052/3440/5173 1656/3142/5185
f 4051/3441/5174 1655/3139/5186 1654/3136/5187
f 4050/3439/5172 1654/3136/5187 251/3138/5188
f 4047/3435/5168 4050/3439/5172 1803/3422/5189
f 4044/3436/5169 4047/3435/5168 1802/3421/5190
f 4054/3446/5191 4057/3450/5195 4056/3447/5192
f 4054/3446/5191 4055/3454/5203 4058/3449/5194
f 4057/3450/5195 4060/3453/5198 4059/3451/5196
f 4057/3450/5195 4058/3449/5194 4061/3452/5197
f 1216/1856/5199 4053/3448/5193 1815/1849/5200
f 1217/1855/5202 4054/3446/5191 4053/3448/5193
f 1217/1855/5202 1218/1854/5204 4055/3454/5203
f 1218/1854/5204 166/1886/6153 1810/3455/5205
f 4055/3454/5203 1810/3455/5205 1811/3456/5206
f 4058/3449/5194 1811/3456/5206 1812/3457/5207
f 4061/3452/5197 1812/3457/5207 226/3011/5208
f 4060/3453/5198 4061/3452/5197 1578/3458/5209
f 4060/3453/5198 1577/3459/5210 1576/3460/5211
f 4059/3451/5196 1576/3460/5211 230/1849/5212
f 4056/3447/5192 4059/3451/5196 1813/1849/5213
f 4053/3448/5193 4056/3447/5192 1814/1849/5214
f 4063/3461/5215 4066/3465/5219 4065/3462/5216
f 4063/3461/5215 4064/3469/5227 4067/3464/5218
f 4066/3465/5219 4069/3468/5222 4068/3466/5220
f 4066/3465/5219 4067/3464/5218 4070/3467/5221
f 1297/1869/5223 4062/3463/5217 1807/3443/5224
f 1298/1868/5226 4063/3461/5215 4062/3463/5217
f 1298/1868/5226 1299/1867/5228 4064/3469/5227
f 1299/1867/5228 193/838/6154 1816/1866/5229
f 4064/3469/5227 1816/1866/5229 1817/1866/5230
f 4067/3464/5218 1817/1866/5230 1818/1866/5231
f 4070/3467/5221 1818/1866/5231 253/838/5232
f 4069/3468/5222 4070/3467/5221 1659/3146/5233
f 4069/3468/5222 1658/3144/5234 1657/3141/5235
f 4068/3466/5220 1657/3141/5235 252/3143/5236
f 4065/3462/5216 4068/3466/5220 1809/3445/5237
f 4062/3463/5217 4065/3462/5216 1808/3444/5238
f 4072/3470/5239 4075/3474/5243 4074/3471/5240
f 4072/3470/5239 4073/3478/5251 4076/3473/5242
f 4075/3474/5243 4078/3477/5246 4077/3475/5244
f 4075/3474/5243 4076/3473/5242 4079/3476/5245
f 1219/1885/5247 4071/3472/5241 1810/3455/5248
f 1220/1884/5250 4072/3470/5239 4071/3472/5241
f 1220/1884/5250 1221/1883/5252 4073/3478/5251
f 1221/1883/5252 167/1919/6155 1819/3479/5253
f 4073/3478/5251 1819/3479/5253 1820/3480/5254
f 4076/3473/5242 1820/3480/5254 1821/3481/5255
f 4079/3476/5245 1821/3481/5255 227/3016/5256
f 4078/3477/5246 4079/3476/5245 1581/3015/5257
f 4078/3477/5246 1580/3012/5258 1579/3009/5259
f 4077/3475/5244 1579/3009/5259 226/3011/5260
f 4074/3471/5240 4077/3475/5244 1812/3457/5261
f 4071/3472/5241 4074/3471/5240 1811/3456/5262
f 4081/3482/5263 4084/3486/5267 4083/3483/5264
f 4081/3482/5263 4082/3490/5275 4085/3485/5266
f 4084/3486/5267 4087/3489/5270 4086/3487/5268
f 4084/3486/5267 4085/3485/5266 4088/3488/5269
f 1300/1903/5271 4080/3484/5265 1816/1895/5272
f 1301/1902/5274 4081/3482/5263 4080/3484/5265
f 1301/1902/5274 1302/1901/5276 4082/3490/5275
f 1302/1901/5276 194/1738/6156 1822/3491/5277
f 4082/3490/5275 1822/3491/5277 1823/3492/5278
f 4085/3485/5266 1823/3492/5278 1824/3493/5279
f 4088/3488/5269 1824/3493/5279 254/3150/5280
f 4087/3489/5270 4088/3488/5269 1662/3494/5281
f 4087/3489/5270 1661/3495/5282 1660/3496/5283
f 4086/3487/5268 1660/3496/5283 253/1895/5284
f 4083/3483/5264 4086/3487/5268 1818/1895/5285
f 4080/3484/5265 4083/3483/5264 1817/1895/5286
f 4090/3497/5287 4093/3501/5291 4092/3498/5288
f 4090/3497/5287 4091/3505/5299 4094/3500/5290
f 4093/3501/5291 4096/3504/5294 4095/3502/5292
f 4093/3501/5291 4094/3500/5290 4097/3503/5293
f 1222/1918/5295 4089/3499/5289 1819/3479/5296
f 1223/2916/5298 4090/3497/5287 4089/3499/5289
f 1223/2916/5298 1224/2915/5300 4091/3505/5299
f 1224/2915/5300 168/1727/6157 1825/3506/5301
f 4091/3505/5299 1825/3506/5301 1826/3507/5302
f 4094/3500/5290 1826/3507/5302 1827/3508/5303
f 4097/3503/5293 1827/3508/5303 228/3020/5304
f 4096/3504/5294 4097/3503/5293 1584/3019/5305
f 4096/3504/5294 1583/3017/5306 1582/3014/5307
f 4095/3502/5292 1582/3014/5307 227/3016/5308
f 4092/3498/5288 4095/3502/5292 1821/3481/5309
f 4089/3499/5289 4092/3498/5288 1820/3480/5310
f 4099/3509/5311 4102/3513/5315 4101/3510/5312
f 4099/3509/5311 4100/3517/5323 4103/3512/5314
f 4102/3513/5315 4105/3516/5318 4104/3514/5316
f 4102/3513/5315 4103/3512/5314 4106/3515/5317
f 1303/1731/5319 4098/3511/5313 1822/3491/5320
f 1304/1734/5322 4099/3509/5311 4098/3511/5313
f 1304/1734/5322 1305/1739/5324 4100/3517/5323
f 1305/1739/5324 195/1740/6158 1806/3418/5325
f 4100/3517/5323 1806/3418/5325 1805/3424/5326
f 4103/3512/5314 1805/3424/5326 1804/3423/5327
f 4106/3515/5317 1804/3423/5327 255/3154/5328
f 4105/3516/5318 4106/3515/5317 1665/3153/5329
f 4105/3516/5318 1664/3151/5330 1663/3148/5331
f 4104/3514/5316 1663/3148/5331 254/3150/5332
f 4101/3510/5312 4104/3514/5316 1824/3493/5333
f 4098/3511/5313 4101/3510/5312 1823/3492/5334
f 4108/3518/5335 4111/3522/5339 4110/3519/5336
f 4108/3518/5335 4109/3526/5347 4112/3521/5338
f 4111/3522/5339 4114/3525/5342 4113/3523/5340
f 4111/3522/5339 4112/3521/5338 4115/3524/5341
f 1225/1721/5343 4107/3520/5337 1825/3506/5344
f 1226/1725/5346 4108/3518/5335 4107/3520/5337
f 1226/1725/5346 1227/1724/5348 4109/3526/5347
f 1227/1724/5348 169/1694/6159 1828/3527/5349
f 4109/3526/5347 1828/3527/5349 1829/3528/5350
f 4112/3521/5338 1829/3528/5350 1830/3529/5351
f 4115/3524/5341 1830/3529/5351 229/3024/5352
f 4114/3525/5342 4115/3524/5341 1587/3023/5353
f 4114/3525/5342 1586/3021/5354 1585/3018/5355
f 4113/3523/5340 1585/3018/5355 228/3020/5356
f 4110/3519/5336 4113/3523/5340 1827/3508/5357
f 4107/3520/5337 4110/3519/5336 1826/3507/5358
f 4117/3530/5359 4120/3534/5363 4119/3531/5360
f 4117/3530/5359 4118/3539/5371 4121/3533/5362
f 4120/3534/5363 4123/3537/5366 4122/3535/5364
f 4120/3534/5363 4121/3533/5362 4124/3536/5365
f 1306/1708/5367 4116/3532/5361 1836/3538/5368
f 1307/1710/5370 4117/3530/5359 4116/3532/5361
f 1307/1710/5370 1308/1709/5372 4118/3539/5371
f 1308/1709/5372 196/1682/6160 1831/3540/5373
f 4118/3539/5371 1831/3540/5373 1832/3541/5374
f 4121/3533/5362 1832/3541/5374 1833/3542/5375
f 4124/3536/5365 1833/3542/5375 256/3167/5376
f 4123/3537/5366 4124/3536/5365 1668/3166/5377
f 4123/3537/5366 1667/3169/5378 1666/3181/5379
f 4122/3535/5364 1666/3181/5379 260/3183/5380
f 4119/3531/5360 4122/3535/5364 1834/3543/5381
f 4116/3532/5361 4119/3531/5360 1835/3544/5382
f 4126/3545/5383 4129/3549/5387 4128/3546/5384
f 4126/3545/5383 4127/3553/5395 4130/3548/5386
f 4129/3549/5387 4132/3552/5390 4131/3550/5388
f 4129/3549/5387 4130/3548/5386 4133/3551/5389
f 1228/1691/5391 4125/3547/5385 1828/3527/5392
f 1229/1693/5394 4126/3545/5383 4125/3547/5385
f 1229/1693/5394 1230/1695/5396 4127/3553/5395
f 1230/1695/5396 170/1259/6161 1815/1697/5397
f 4127/3553/5395 1815/1697/5397 1814/1697/5398
f 4130/3548/5386 1814/1697/5398 1813/1697/5399
f 4133/3551/5389 1813/1697/5399 230/1259/5400
f 4132/3552/5390 4133/3551/5389 1590/3027/5401
f 4132/3552/5390 1589/3025/5402 1588/3022/5403
f 4131/3550/5388 1588/3022/5403 229/3024/5404
f 4128/3546/5384 4131/3550/5388 1830/3529/5405
f 4125/3547/5385 4128/3546/5384 1829/3528/5406
f 4135/3554/5407 4138/3558/5411 4137/3555/5408
f 4135/3554/5407 4136/3562/5419 4139/3557/5410
f 4138/3558/5411 4141/3561/5414 4140/3559/5412
f 4138/3558/5411 4139/3557/5410 4142/3560/5413
f 1309/1684/5415 4134/3556/5409 1831/3540/5416
f 1310/1686/5418 4135/3554/5407 4134/3556/5409
f 1310/1686/5418 1311/1685/5420 4136/3562/5419
f 1311/1685/5420 197/1660/6162 1837/3563/5421
f 4136/3562/5419 1837/3563/5421 1838/3564/5422
f 4139/3557/5410 1838/3564/5422 1839/3565/5423
f 4142/3560/5413 1839/3565/5423 257/3172/5424
f 4141/3561/5414 4142/3560/5413 1671/3171/5425
f 4141/3561/5414 1670/3168/5426 1669/3165/5427
f 4140/3559/5412 1669/3165/5427 256/3167/5428
f 4137/3555/5408 4140/3559/5412 1833/3542/5429
f 4134/3556/5409 4137/3555/5408 1832/3541/5430
f 4144/3566/5431 4147/3570/5435 4146/3567/5432
f 4144/3566/5431 4145/3574/5443 4148/3569/5434
f 4147/3570/5435 4150/3573/5438 4149/3571/5436
f 4147/3570/5435 4148/3569/5434 4151/3572/5437
f 1231/1668/5439 4143/3568/5433 1845/1673/5440
f 1232/1669/5442 4144/3566/5431 4143/3568/5433
f 1232/1669/5442 1233/1674/5444 4145/3574/5443
f 1233/1674/5444 171/1647/6163 1840/3575/5445
f 4145/3574/5443 1840/3575/5445 1841/3576/5446
f 4148/3569/5434 1841/3576/5446 1842/3577/5447
f 4151/3572/5437 1842/3577/5447 231/3040/5448
f 4150/3573/5438 4151/3572/5437 1593/3578/5449
f 4150/3573/5438 1592/3579/5450 1591/3580/5451
f 4149/3571/5436 1591/3580/5451 235/1673/5452
f 4146/3567/5432 4149/3571/5436 1843/1673/5453
f 4143/3568/5433 4146/3567/5432 1844/1673/5454
f 4153/3581/5455 4156/3585/5459 4155/3582/5456
f 4153/3581/5455 4154/3589/5467 4157/3584/5458
f 4156/3585/5459 4159/3588/5462 4158/3586/5460
f 4156/3585/5459 4157/3584/5458 4160/3587/5461
f 1312/1662/5463 4152/3583/5457 1837/3563/5464
f 1313/1655/5466 4153/3581/5455 4152/3583/5457
f 1313/1655/5466 1314/1666/5468 4154/3589/5467
f 1314/1666/5468 198/793/6164 1846/1664/5469
f 4154/3589/5467 1846/1664/5469 1847/1664/5470
f 4157/3584/5458 1847/1664/5470 1848/1664/5471
f 4160/3587/5461 1848/1664/5471 258/793/5472
f 4159/3588/5462 4160/3587/5461 1674/3175/5473
f 4159/3588/5462 1673/3173/5474 1672/3170/5475
f 4158/3586/5460 1672/3170/5475 257/3172/5476
f 4155/3582/5456 4158/3586/5460 1839/3565/5477
f 4152/3583/5457 4155/3582/5456 1838/3564/5478
f 4162/3590/5479 4165/3594/5483 4164/3591/5480
f 4162/3590/5479 4163/3598/5491 4166/3593/5482
f 4165/3594/5483 4168/3597/5486 4167/3595/5484
f 4165/3594/5483 4166/3593/5482 4169/3596/5485
f 1234/1649/5487 4161/3592/5481 1840/3575/5488
f 1235/1651/5490 4162/3590/5479 4161/3592/5481
f 1235/1651/5490 1236/1650/5492 4163/3598/5491
f 1236/1650/5492 172/1625/6165 1849/3599/5493
f 4163/3598/5491 1849/3599/5493 1850/3600/5494
f 4166/3593/5482 1850/3600/5494 1851/3601/5495
f 4169/3596/5485 1851/3601/5495 232/3045/5496
f 4168/3597/5486 4169/3596/5485 1596/3044/5497
f 4168/3597/5486 1595/3041/5498 1594/3038/5499
f 4167/3595/5484 1594/3038/5499 231/3040/5500
f 4164/3591/5480 4167/3595/5484 1842/3577/5501
f 4161/3592/5481 4164/3591/5480 1841/3576/5502
f 4171/3602/5503 4174/3606/5507 4173/3603/5504
f 4171/3602/5503 4172/3610/5515 4175/3605/5506
f 4174/3606/5507 4177/3609/5510 4176/3607/5508
f 4174/3606/5507 4175/3605/5506 4178/3608/5509
f 1315/1631/5511 4170/3604/5505 1846/1637/5512
f 1316/1635/5514 4171/3602/5503 4170/3604/5505
f 1316/1635/5514 1317/1638/5516 4172/3610/5515
f 1317/1638/5516 199/1610/6166 1852/3611/5517
f 4172/3610/5515 1852/3611/5517 1853/3612/5518
f 4175/3605/5506 1853/3612/5518 1854/3613/5519
f 4178/3608/5509 1854/3613/5519 259/3179/5520
f 4177/3609/5510 4178/3608/5509 1677/3614/5521
f 4177/3609/5510 1676/3615/5522 1675/3616/5523
f 4176/3607/5508 1675/3616/5523 258/1637/5524
f 4173/3603/5504 4176/3607/5508 1848/1637/5525
f 4170/3604/5505 4173/3603/5504 1847/1637/5526
f 4180/3617/5527 4183/3621/5531 4182/3618/5528
f 4180/3617/5527 4181/3625/5539 4184/3620/5530
f 4183/3621/5531 4186/3624/5534 4185/3622/5532
f 4183/3621/5531 4184/3620/5530 4187/3623/5533
f 1237/1626/5535 4179/3619/5529 1849/3599/5536
f 1238/1628/5538 4180/3617/5527 4179/3619/5529
f 1238/1628/5538 1239/1627/5540 4181/3625/5539
f 1239/1627/5540 173/1592/6167 1855/3626/5541
f 4181/3625/5539 1855/3626/5541 1856/3627/5542
f 4184/3620/5530 1856/3627/5542 1857/3628/5543
f 4187/3623/5533 1857/3628/5543 233/3049/5544
f 4186/3624/5534 4187/3623/5533 1599/3048/5545
f 4186/3624/5534 1598/3046/5546 1597/3043/5547
f 4185/3622/5532 1597/3043/5547 232/3045/5548
f 4182/3618/5528 4185/3622/5532 1851/3601/5549
f 4179/3619/5529 4182/3618/5528 1850/3600/5550
f 4189/3629/5551 4192/3633/5555 4191/3630/5552
f 4189/3629/5551 4190/3637/5563 4193/3632/5554
f 4192/3633/5555 4195/3636/5558 4194/3634/5556
f 4192/3633/5555 4193/3632/5554 4196/3635/5557
f 1318/1612/5559 4188/3631/5553 1852/3611/5560
f 1319/1614/5562 4189/3629/5551 4188/3631/5553
f 1319/1614/5562 1320/1613/5564 4190/3637/5563
f 1320/1613/5564 200/1615/6168 1836/3538/5565
f 4190/3637/5563 1836/3538/5565 1835/3544/5566
f 4193/3632/5554 1835/3544/5566 1834/3543/5567
f 4196/3635/5557 1834/3543/5567 260/3183/5568
f 4195/3636/5558 4196/3635/5557 1680/3182/5569
f 4195/3636/5558 1679/3180/5570 1678/3177/5571
f 4194/3634/5556 1678/3177/5571 259/3179/5572
f 4191/3630/5552 4194/3634/5556 1854/3613/5573
f 4188/3631/5553 4191/3630/5552 1853/3612/5574
f 4198/3638/5575 4201/3642/5579 4200/3639/5576
f 4198/3638/5575 4199/3646/5587 4202/3641/5578
f 4201/3642/5579 4204/3645/5582 4203/3643/5580
f 4201/3642/5579 4202/3641/5578 4205/3644/5581
f 1240/1594/5583 4197/3640/5577 1855/3626/5584
f 1241/1596/5586 4198/3638/5575 4197/3640/5577
f 1241/1596/5586 1242/1595/5588 4199/3646/5587
f 1242/1595/5588 174/1597/6169 1858/3647/5589
f 4199/3646/5587 1858/3647/5589 1859/3648/5590
f 4202/3641/5578 1859/3648/5590 1860/3649/5591
f 4205/3644/5581 1860/3649/5591 234/3053/5592
f 4204/3645/5582 4205/3644/5581 1602/3052/5593
f 4204/3645/5582 1601/3050/5594 1600/3047/5595
f 4203/3643/5580 1600/3047/5595 233/3049/5596
f 4200/3639/5576 4203/3643/5580 1857/3628/5597
f 4197/3640/5577 4200/3639/5576 1856/3627/5598
f 4207/3650/5599 4210/3654/5603 4209/3651/5600
f 4207/3650/5599 4208/3659/5611 4211/3653/5602
f 4210/3654/5603 4213/3657/5606 4212/3655/5604
f 4210/3654/5603 4211/3653/5602 4214/3656/5605
f 1321/2076/5607 4206/3652/5601 1866/3658/5608
f 1322/2075/5610 4207/3650/5599 4206/3652/5601
f 1322/2075/5610 1323/2074/5612 4208/3659/5611
f 1323/2074/5612 201/2109/6170 1861/3660/5613
f 4208/3659/5611 1861/3660/5613 1862/3661/5614
f 4211/3653/5602 1862/3661/5614 1863/3662/5615
f 4214/3656/5605 1863/3662/5615 261/3196/5616
f 4213/3657/5606 4214/3656/5605 1683/3195/5617
f 4213/3657/5606 1682/3198/5618 1681/3210/5619
f 4212/3655/5604 1681/3210/5619 265/3212/5620
f 4209/3651/5600 4212/3655/5604 1864/3663/5621
f 4206/3652/5601 4209/3651/5600 1865/3664/5622
f 4216/3665/5623 4219/3669/5627 4218/3666/5624
f 4216/3665/5623 4217/3673/5635 4220/3668/5626
f 4219/3669/5627 4222/3672/5630 4221/3670/5628
f 4219/3669/5627 4220/3668/5626 4223/3671/5629
f 1243/2093/5631 4215/3667/5625 1858/3647/5632
f 1244/2092/5634 4216/3665/5623 4215/3667/5625
f 1244/2092/5634 1245/2091/5636 4217/3673/5635
f 1245/2091/5636 175/1218/6171 1845/2090/5637
f 4217/3673/5635 1845/2090/5637 1844/2090/5638
f 4220/3668/5626 1844/2090/5638 1843/2090/5639
f 4223/3671/5629 1843/2090/5639 235/1218/5640
f 4222/3672/5630 4223/3671/5629 1605/3056/5641
f 4222/3672/5630 1604/3054/5642 1603/3051/5643
f 4221/3670/5628 1603/3051/5643 234/3053/5644
f 4218/3666/5624 4221/3670/5628 1860/3649/5645
f 4215/3667/5625 4218/3666/5624 1859/3648/5646
f 4225/3674/5647 4228/3678/5651 4227/3675/5648
f 4225/3674/5647 4226/3682/5659 4229/3677/5650
f 4228/3678/5651 4231/3681/5654 4230/3679/5652
f 4228/3678/5651 4229/3677/5650 4232/3680/5653
f 1324/2108/5655 4224/3676/5649 1861/3660/5656
f 1325/2107/5658 4225/3674/5647 4224/3676/5649
f 1325/2107/5658 1326/2106/5660 4226/3682/5659
f 1326/2106/5660 202/2140/6172 1867/3683/5661
f 4226/3682/5659 1867/3683/5661 1868/3684/5662
f 4229/3677/5650 1868/3684/5662 1869/3685/5663
f 4232/3680/5653 1869/3685/5663 262/3201/5664
f 4231/3681/5654 4232/3680/5653 1686/3200/5665
f 4231/3681/5654 1685/3197/5666 1684/3194/5667
f 4230/3679/5652 1684/3194/5667 261/3196/5668
f 4227/3675/5648 4230/3679/5652 1863/3662/5669
f 4224/3676/5649 4227/3675/5648 1862/3661/5670
f 4234/3686/5671 4237/3690/5675 4236/3687/5672
f 4234/3686/5671 4235/3694/5683 4238/3689/5674
f 4237/3690/5675 4240/3693/5678 4239/3691/5676
f 4237/3690/5675 4238/3689/5674 4241/3692/5677
f 1246/2639/5679 4233/3688/5673 1717/2591/5680
f 1247/2122/5682 4234/3686/5671 4233/3688/5673
f 1247/2122/5682 1248/2121/5684 4235/3694/5683
f 1248/2121/5684 176/324/6173 1870/2120/5685
f 4235/3694/5683 1870/2120/5685 1871/2120/5686
f 4238/3689/5674 1871/2120/5686 1872/2120/5687
f 4241/3692/5677 1872/2120/5687 236/324/5688
f 4240/3693/5678 4241/3692/5677 1608/3068/5689
f 4240/3693/5678 1607/3070/5690 1606/3080/5691
f 4239/3691/5676 1606/3080/5691 240/2594/5692
f 4236/3687/5672 4239/3691/5676 1719/2593/5693
f 4233/3688/5673 4236/3687/5672 1718/2592/5694
f 4243/3695/5695 4246/3699/5699 4245/3696/5696
f 4243/3695/5695 4244/3703/5707 4247/3698/5698
f 4246/3699/5699 4249/3702/5702 4248/3700/5700
f 4246/3699/5699 4247/3698/5698 4250/3701/5701
f 1327/2139/5703 4242/3697/5697 1867/3683/5704
f 1328/2138/5706 4243/3695/5695 4242/3697/5697
f 1328/2138/5706 1329/2137/5708 4244/3703/5707
f 1329/2137/5708 203/748/6174 1873/2136/5709
f 4244/3703/5707 1873/2136/5709 1874/2136/5710
f 4247/3698/5698 1874/2136/5710 1875/2136/5711
f 4250/3701/5701 1875/2136/5711 263/748/5712
f 4249/3702/5702 4250/3701/5701 1689/3204/5713
f 4249/3702/5702 1688/3202/5714 1687/3199/5715
f 4248/3700/5700 1687/3199/5715 262/3201/5716
f 4245/3696/5696 4248/3700/5700 1869/3685/5717
f 4242/3697/5697 4245/3696/5696 1868/3684/5718
f 4252/3704/5719 4255/3708/5723 4254/3705/5720
f 4252/3704/5719 4253/3712/5731 4256/3707/5722
f 4255/3708/5723 4258/3711/5726 4257/3709/5724
f 4255/3708/5723 4256/3707/5722 4259/3710/5725
f 1249/2156/5727 4251/3706/5721 1870/2149/5728
f 1250/2155/5730 4252/3704/5719 4251/3706/5721
f 1250/2155/5730 1251/2154/5732 4253/3712/5731
f 1251/2154/5732 177/2203/6175 1876/3713/5733
f 4253/3712/5731 1876/3713/5733 1877/3714/5734
f 4256/3707/5722 1877/3714/5734 1878/3715/5735
f 4259/3710/5725 1878/3715/5735 237/3073/5736
f 4258/3711/5726 4259/3710/5725 1611/3716/5737
f 4258/3711/5726 1610/3717/5738 1609/3718/5739
f 4257/3709/5724 1609/3718/5739 236/2149/5740
f 4254/3705/5720 4257/3709/5724 1872/2149/5741
f 4251/3706/5721 4254/3705/5720 1871/2149/5742
f 4261/2658/5743 4264/2655/5747 4263/2656/5744
f 4261/2658/5743 4262/2657/5755 4265/2657/5746
f 4264/2655/5747 4267/2658/5750 4266/3719/5748
f 4264/2655/5747 4265/2657/5746 4268/2659/5749
f 1171/2170/5751 4260/2170/5745 1738/2165/5752
f 1172/2169/5754 4261/2658/5743 4260/2170/5745
f 1172/2169/5754 1173/2168/5756 4262/2657/5755
f 1173/2168/5756 151/105/6176 1879/2167/5757
f 4262/2657/5755 1879/2167/5757 1880/2167/5758
f 4265/2657/5746 1880/2167/5758 1881/2167/5759
f 4268/2659/5749 1881/2167/5759 211/2929/5760
f 4267/2658/5750 4268/2659/5749 1533/2659/5761
f 4267/2658/5750 1532/3720/5762 1531/3721/5763
f 4266/3719/5748 1531/3721/5763 215/3722/5764
f 4263/2656/5744 4266/3719/5748 1740/2165/5765
f 4260/2170/5745 4263/2656/5744 1739/2165/5766
f 4270/3723/5767 4273/3727/5771 4272/3724/5768
f 4270/3723/5767 4271/3731/5779 4274/3726/5770
f 4273/3727/5771 4276/3730/5774 4275/3728/5772
f 4273/3727/5771 4274/3726/5770 4277/3729/5773
f 1330/2187/5775 4269/3725/5769 1873/2179/5776
f 1331/2186/5778 4270/3723/5767 4269/3725/5769
f 1331/2186/5778 1332/2185/5780 4271/3731/5779
f 1332/2185/5780 204/2231/6177 1882/3732/5781
f 4271/3731/5779 1882/3732/5781 1883/3733/5782
f 4274/3726/5770 1883/3733/5782 1884/3734/5783
f 4277/3729/5773 1884/3734/5783 264/3208/5784
f 4276/3730/5774 4277/3729/5773 1692/3735/5785
f 4276/3730/5774 1691/3736/5786 1690/3737/5787
f 4275/3728/5772 1690/3737/5787 263/2179/5788
f 4272/3724/5768 4275/3728/5772 1875/2179/5789
f 4269/3725/5769 4272/3724/5768 1874/2179/5790
f 4279/3738/5791 4282/3742/5795 4281/3739/5792
f 4279/3738/5791 4280/3746/5803 4283/3741/5794
f 4282/3742/5795 4285/3745/5798 4284/3743/5796
f 4282/3742/5795 4283/3741/5794 4286/3744/5797
f 1252/2202/5799 4278/3740/5793 1876/3713/5800
f 1253/2201/5802 4279/3738/5791 4278/3740/5793
f 1253/2201/5802 1254/2200/5804 4280/3746/5803
f 1254/2200/5804 178/2247/6178 1885/3747/5805
f 4280/3746/5803 1885/3747/5805 1886/3748/5806
f 4283/3741/5794 1886/3748/5806 1887/3749/5807
f 4286/3744/5797 1887/3749/5807 238/3077/5808
f 4285/3745/5798 4286/3744/5797 1614/3076/5809
f 4285/3745/5798 1613/3074/5810 1612/3071/5811
f 4284/3743/5796 1612/3071/5811 237/3073/5812
f 4281/3739/5792 4284/3743/5796 1878/3715/5813
f 4278/3740/5793 4281/3739/5792 1877/3714/5814
f 4288/2216/5815 4291/2216/5819 4290/2217/5816
f 4288/2216/5815 4289/2670/5827 4292/2670/5818
f 4291/2216/5819 4294/3751/5822 4293/2217/5820
f 4291/2216/5819 4292/2670/5818 4295/3750/5821
f 1174/2217/5823 4287/2217/5817 1879/2212/5824
f 1175/2216/5826 4288/2216/5815 4287/2217/5817
f 1175/2216/5826 1176/2215/5828 4289/2670/5827
f 1176/2215/5828 152/1574/6179 1888/2214/5829
f 4289/2670/5827 1888/2214/5829 1889/2214/5830
f 4292/2670/5818 1889/2214/5830 1890/2214/5831
f 4295/3750/5821 1890/2214/5831 212/2934/5832
f 4294/3751/5822 4295/3750/5821 1536/3752/5833
f 4294/3751/5822 1535/3753/5834 1534/3754/5835
f 4293/2217/5820 1534/3754/5835 211/3755/5836
f 4290/2217/5816 4293/2217/5820 1881/2212/5837
f 4287/2217/5817 4290/2217/5816 1880/2212/5838
f 4297/3756/5839 4300/3760/5843 4299/3757/5840
f 4297/3756/5839 4298/3764/5851 4301/3759/5842
f 4300/3760/5843 4303/3763/5846 4302/3761/5844
f 4300/3760/5843 4301/3759/5842 4304/3762/5845
f 1333/2230/5847 4296/3758/5841 1882/3732/5848
f 1334/2229/5850 4297/3756/5839 4296/3758/5841
f 1334/2229/5850 1335/2228/5852 4298/3764/5851
f 1335/2228/5852 205/2078/6180 1866/3658/5853
f 4298/3764/5851 1866/3658/5853 1865/3664/5854
f 4301/3759/5842 1865/3664/5854 1864/3663/5855
f 4304/3762/5845 1864/3663/5855 265/3212/5856
f 4303/3763/5846 4304/3762/5845 1695/3211/5857
f 4303/3763/5846 1694/3209/5858 1693/3206/5859
f 4302/3761/5844 1693/3206/5859 264/3208/5860
f 4299/3757/5840 4302/3761/5844 1884/3734/5861
f 4296/3758/5841 4299/3757/5840 1883/3733/5862
f 4306/3765/5863 4309/3769/5867 4308/3766/5864
f 4306/3765/5863 4307/3773/5875 4310/3768/5866
f 4309/3769/5867 4312/3772/5870 4311/3770/5868
f 4309/3769/5867 4310/3768/5866 4313/3771/5869
f 1255/2246/5871 4305/3767/5865 1885/3747/5872
f 1256/2682/5874 4306/3765/5863 4305/3767/5865
f 1256/2682/5874 1257/2244/5876 4307/3773/5875
f 1257/2244/5876 179/2587/6181 1722/2586/5877
f 4307/3773/5875 1722/2586/5877 1721/2600/5878
f 4310/3768/5866 1721/2600/5878 1720/2599/5879
f 4313/3771/5869 1720/2599/5879 239/2598/5880
f 4312/3772/5870 4313/3771/5869 1617/3079/5881
f 4312/3772/5870 1616/3078/5882 1615/3075/5883
f 4311/3770/5868 1615/3075/5883 238/3077/5884
f 4308/3766/5864 4311/3770/5868 1887/3749/5885
f 4305/3767/5865 4308/3766/5864 1886/3748/5886
f 4315/2688/5887 4318/2688/5891 4317/3774/5888
f 4315/2688/5887 4316/2689/5899 4319/2259/5890
f 4318/2688/5891 4321/2688/5894 4320/2261/5892
f 4318/2688/5891 4319/2259/5890 4322/2259/5893
f 1177/2261/5895 4314/2261/5889 1888/2256/5896
f 1178/2260/5898 4315/2688/5887 4314/2261/5889
f 1178/2260/5898 1179/2259/5900 4316/2689/5899
f 1179/2259/5900 153/57/6182 1728/2258/5901
f 4316/2689/5899 1728/2258/5901 1727/2258/5902
f 4319/2259/5890 1727/2258/5902 1726/2258/5903
f 4322/2259/5893 1726/2258/5903 213/2938/5904
f 4321/2688/5894 4322/2259/5893 1539/3775/5905
f 4321/2688/5894 1538/3776/5906 1537/3777/5907
f 4320/2261/5892 1537/3777/5907 212/3778/5908
f 4317/3774/5888 4320/2261/5892 1890/2256/5909
f 4314/2261/5889 4317/3774/5888 1889/2256/5910
