# Blender 4.1.1
# www.blender.org
mtllib title.mtl
o テキスト
v -22.766304 0.413123 -0.699998
v -22.625559 0.562334 -0.699998
v -22.481438 0.711602 -0.699998
v -22.333942 0.860925 -0.699998
v -22.183071 1.010306 -0.699998
v -22.028826 1.159742 -0.699998
v -21.871204 1.309234 -0.699998
v -21.710209 1.458783 -0.699998
v -21.545837 1.608388 -0.699998
v -21.378090 1.758050 -0.699998
v -21.206968 1.907767 -0.699998
v -21.032471 2.057541 -0.699998
v -20.854597 2.207371 -0.699998
v -20.663673 2.017376 -0.699998
v -20.471626 1.833513 -0.699998
v -20.278454 1.655782 -0.699998
v -20.084156 1.484182 -0.699998
v -19.888733 1.318713 -0.699998
v -19.692184 1.159376 -0.699998
v -19.494511 1.006171 -0.699998
v -19.295712 0.859097 -0.699998
v -19.095789 0.718155 -0.699998
v -18.894741 0.583345 -0.699998
v -18.692568 0.454666 -0.699998
v -18.489267 0.332118 -0.699998
v -18.407137 0.284894 -0.699998
v -18.329508 0.241776 -0.699998
v -18.256378 0.202764 -0.699998
v -18.187750 0.167859 -0.699998
v -18.123621 0.137061 -0.699998
v -18.063993 0.110369 -0.699998
v -18.008865 0.087783 -0.699998
v -17.958237 0.069304 -0.699998
v -17.912109 0.054931 -0.699998
v -17.870481 0.044665 -0.699998
v -17.833355 0.038505 -0.699998
v -17.800730 0.036452 -0.699998
v -17.765627 0.037802 -0.699998
v -17.731874 0.041852 -0.699998
v -17.699472 0.048603 -0.699998
v -17.668421 0.058053 -0.699998
v -17.638720 0.070204 -0.699998
v -17.610369 0.085055 -0.699998
v -17.583366 0.102606 -0.699998
v -17.557714 0.122857 -0.699998
v -17.533413 0.145808 -0.699998
v -17.510462 0.171459 -0.699998
v -17.488861 0.199811 -0.699998
v -17.468611 0.230863 -0.699998
v -17.458260 0.248329 -0.699998
v -17.448809 0.265627 -0.699998
v -17.440258 0.282756 -0.699998
v -17.432608 0.299716 -0.699998
v -17.425858 0.316508 -0.699998
v -17.420008 0.333131 -0.699998
v -17.415058 0.349585 -0.699998
v -17.411009 0.365870 -0.699998
v -17.407858 0.381987 -0.699998
v -17.405607 0.397934 -0.699998
v -17.404257 0.413713 -0.699998
v -17.403809 0.429324 -0.699998
v -17.404963 0.458800 -0.699998
v -17.408422 0.487827 -0.699998
v -17.414188 0.516403 -0.699998
v -17.422260 0.544530 -0.699998
v -17.432638 0.572206 -0.699998
v -17.445324 0.599433 -0.699998
v -17.460316 0.626209 -0.699998
v -17.477613 0.652536 -0.699998
v -17.497217 0.678412 -0.699998
v -17.519127 0.703839 -0.699998
v -17.543344 0.728815 -0.699998
v -17.569868 0.753341 -0.699998
v -17.578053 0.760260 -0.699998
v -17.589106 0.768867 -0.699998
v -17.603027 0.779162 -0.699998
v -17.619818 0.791143 -0.699998
v -17.639479 0.804813 -0.699998
v -17.662008 0.820170 -0.699998
v -17.687407 0.837215 -0.699998
v -17.715673 0.855947 -0.699998
v -17.746809 0.876367 -0.699998
v -17.780815 0.898474 -0.699998
v -17.817690 0.922269 -0.699998
v -17.857433 0.947752 -0.699998
v -18.021383 1.054633 -0.699998
v -18.186514 1.167364 -0.699998
v -18.352825 1.285946 -0.699998
v -18.520319 1.410378 -0.699998
v -18.688993 1.540660 -0.699998
v -18.858850 1.676792 -0.699998
v -19.029888 1.818775 -0.699998
v -19.202106 1.966608 -0.699998
v -19.375507 2.120291 -0.699998
v -19.550089 2.279825 -0.699998
v -19.725851 2.445209 -0.699998
v -19.902796 2.616444 -0.699998
v -20.078390 2.793078 -0.699998
v -20.246052 2.969263 -0.699998
v -20.405783 3.144998 -0.699998
v -20.557581 3.320282 -0.699998
v -20.701448 3.495117 -0.699998
v -20.837383 3.669501 -0.699998
v -20.965387 3.843436 -0.699998
v -21.085459 4.016920 -0.699998
v -21.197599 4.189954 -0.699998
v -21.301809 4.362539 -0.699998
v -21.398087 4.534673 -0.699998
v -21.486433 4.706358 -0.699998
v -21.500019 4.734598 -0.699998
v -21.512423 4.761261 -0.699998
v -21.523645 4.786350 -0.699998
v -21.533686 4.809864 -0.699998
v -21.542545 4.831803 -0.699998
v -21.550224 4.852167 -0.699998
v -21.556721 4.870955 -0.699998
v -21.562037 4.888168 -0.699998
v -21.566172 4.903807 -0.699998
v -21.569124 4.917870 -0.699998
v -21.570896 4.930358 -0.699998
v -21.571486 4.941272 -0.699998
v -21.570923 4.952916 -0.699998
v -21.569235 4.963548 -0.699998
v -21.566422 4.973167 -0.699998
v -21.562485 4.981774 -0.699998
v -21.557423 4.989368 -0.699998
v -21.551235 4.995950 -0.699998
v -21.543922 5.001519 -0.699998
v -21.535484 5.006076 -0.699998
v -21.525921 5.009620 -0.699998
v -21.515232 5.012151 -0.699998
v -21.503420 5.013670 -0.699998
v -21.490482 5.014176 -0.699998
v -21.480553 5.014035 -0.699998
v -21.469667 5.013613 -0.699998
v -21.457827 5.012910 -0.699998
v -21.445028 5.011925 -0.699998
v -21.431274 5.010660 -0.699998
v -21.416565 5.009113 -0.699998
v -21.400898 5.007285 -0.699998
v -21.384275 5.005175 -0.699998
v -21.366697 5.002784 -0.699998
v -21.348162 5.000112 -0.699998
v -21.328671 4.997159 -0.699998
v -21.308222 4.993925 -0.699998
v -21.258606 4.987258 -0.699998
v -21.189415 4.979411 -0.699998
v -21.100647 4.970383 -0.699998
v -20.992304 4.960173 -0.699998
v -20.864384 4.948781 -0.699998
v -20.716888 4.936209 -0.699998
v -20.549816 4.922455 -0.699998
v -20.363169 4.907520 -0.699998
v -20.156944 4.891403 -0.699998
v -19.931145 4.874105 -0.699998
v -19.685768 4.855627 -0.699998
v -19.420818 4.835966 -0.699998
v -19.374100 4.832619 -0.699998
v -19.328451 4.829329 -0.699998
v -19.283871 4.826094 -0.699998
v -19.240358 4.822916 -0.699998
v -19.197916 4.819794 -0.699998
v -19.156542 4.816729 -0.699998
v -19.116236 4.813719 -0.699998
v -19.077000 4.810766 -0.699999
v -19.038832 4.807869 -0.699999
v -19.001734 4.805028 -0.699999
v -18.965704 4.802243 -0.699999
v -18.930742 4.799514 -0.699999
v -18.917522 4.798220 -0.699999
v -18.904865 4.797039 -0.699999
v -18.892771 4.795970 -0.699999
v -18.881239 4.795014 -0.699999
v -18.870270 4.794170 -0.699999
v -18.859863 4.793438 -0.699999
v -18.850019 4.792819 -0.699999
v -18.840738 4.792313 -0.699999
v -18.832020 4.791919 -0.699999
v -18.823864 4.791638 -0.699999
v -18.816271 4.791469 -0.699999
v -18.809235 4.791413 -0.699999
v -18.755991 4.793101 -0.699999
v -18.705616 4.798163 -0.699999
v -18.658110 4.806602 -0.699999
v -18.613472 4.818415 -0.699999
v -18.571705 4.833603 -0.699999
v -18.532806 4.852167 -0.699999
v -18.496777 4.874105 -0.699999
v -18.463615 4.899419 -0.699999
v -18.433323 4.928108 -0.699999
v -18.405899 4.960173 -0.699999
v -18.381344 4.995612 -0.699999
v -18.359659 5.034427 -0.699999
v -18.351250 5.052175 -0.699999
v -18.343571 5.070316 -0.699999
v -18.336624 5.088852 -0.699999
v -18.330408 5.107781 -0.699999
v -18.324923 5.127104 -0.699999
v -18.320169 5.146821 -0.699999
v -18.316147 5.166931 -0.699999
v -18.312857 5.187436 -0.699999
v -18.310297 5.208333 -0.699999
v -18.308468 5.229625 -0.699999
v -18.307371 5.251311 -0.699999
v -18.307007 5.273390 -0.699999
v -18.309229 5.327815 -0.699999
v -18.315895 5.379033 -0.699999
v -18.327005 5.427045 -0.699999
v -18.342560 5.471851 -0.699999
v -18.362558 5.513450 -0.699999
v -18.387001 5.551843 -0.699999
v -18.415888 5.587029 -0.699999
v -18.449217 5.619009 -0.699999
v -18.486990 5.647782 -0.699999
v -18.529207 5.673349 -0.699999
v -18.575869 5.695710 -0.699999
v -18.626974 5.714864 -0.699999
v -18.644806 5.720152 -0.699999
v -18.665901 5.725214 -0.699999
v -18.690258 5.730052 -0.699999
v -18.717878 5.734665 -0.699999
v -18.748762 5.739053 -0.699999
v -18.782907 5.743216 -0.699999
v -18.820316 5.747154 -0.699999
v -18.860987 5.750866 -0.699999
v -18.904921 5.754354 -0.699999
v -18.952118 5.757617 -0.699999
v -19.002577 5.760654 -0.699999
v -19.056299 5.763467 -0.699999
v -19.250317 5.772552 -0.699999
v -19.452997 5.783605 -0.699999
v -19.664339 5.796628 -0.699998
v -19.884344 5.811619 -0.699998
v -20.113012 5.828579 -0.699998
v -20.350344 5.847508 -0.699998
v -20.596338 5.868406 -0.699998
v -20.850996 5.891273 -0.699998
v -21.114317 5.916108 -0.699998
v -21.386301 5.942913 -0.699998
v -21.666948 5.971686 -0.699998
v -21.956257 6.002430 -0.699998
v -21.968323 6.003724 -0.699998
v -21.980221 6.004906 -0.699998
v -21.991949 6.005975 -0.699998
v -22.003510 6.006931 -0.699998
v -22.014900 6.007775 -0.699998
v -22.026123 6.008507 -0.699998
v -22.037176 6.009126 -0.699998
v -22.048061 6.009632 -0.699998
v -22.058777 6.010026 -0.699998
v -22.069324 6.010307 -0.699998
v -22.079704 6.010476 -0.699998
v -22.089916 6.010530 -0.699998
v -22.147688 6.009096 -0.699998
v -22.203547 6.004793 -0.699998
v -22.257494 5.997621 -0.699998
v -22.309528 5.987579 -0.699998
v -22.359650 5.974669 -0.699998
v -22.407858 5.958890 -0.699998
v -22.454155 5.940242 -0.699998
v -22.498539 5.918725 -0.699998
v -22.541010 5.894340 -0.699998
v -22.581568 5.867085 -0.699998
v -22.620214 5.836961 -0.699998
v -22.656946 5.803969 -0.699998
v -22.687998 5.772861 -0.699998
v -22.716349 5.740291 -0.699998
v -22.742001 5.706257 -0.699998
v -22.764952 5.670762 -0.699998
v -22.785202 5.633803 -0.699998
v -22.802753 5.595383 -0.699998
v -22.817604 5.555499 -0.699998
v -22.829754 5.514153 -0.699998
v -22.839205 5.471344 -0.699998
v -22.845955 5.427073 -0.699998
v -22.850004 5.381340 -0.699998
v -22.851357 5.334143 -0.699998
v -22.849865 5.296791 -0.699998
v -22.845392 5.256289 -0.699998
v -22.837938 5.212636 -0.699998
v -22.827503 5.165834 -0.699998
v -22.814087 5.115881 -0.699998
v -22.797689 5.062778 -0.699998
v -22.778311 5.006526 -0.699998
v -22.755951 4.947122 -0.699998
v -22.730610 4.884569 -0.699998
v -22.702286 4.818865 -0.699998
v -22.670980 4.750011 -0.699998
v -22.636696 4.678007 -0.699998
v -22.564438 4.532002 -0.699998
v -22.486725 4.384253 -0.699998
v -22.403555 4.234760 -0.699998
v -22.314928 4.083524 -0.699998
v -22.220844 3.930543 -0.699998
v -22.121304 3.775819 -0.699998
v -22.016308 3.619351 -0.699998
v -21.905855 3.461140 -0.699998
v -21.789946 3.301184 -0.699998
v -21.668579 3.139484 -0.699998
v -21.541756 2.976041 -0.699998
v -21.409477 2.810855 -0.699998
v -21.628134 2.672528 -0.699998
v -21.838577 2.535665 -0.699998
v -22.040808 2.400263 -0.699998
v -22.234825 2.266325 -0.699998
v -22.420630 2.133848 -0.699998
v -22.598221 2.002835 -0.699998
v -22.767599 1.873284 -0.699998
v -22.928764 1.745196 -0.699998
v -23.081717 1.618570 -0.699998
v -23.226456 1.493407 -0.699998
v -23.362982 1.369707 -0.699998
v -23.491291 1.247469 -0.699998
v -23.544985 1.192537 -0.699998
v -23.594009 1.138450 -0.699998
v -23.638365 1.085207 -0.699998
v -23.678051 1.032807 -0.699998
v -23.713068 0.981251 -0.699998
v -23.743416 0.930539 -0.699998
v -23.769094 0.880670 -0.699998
v -23.790106 0.831646 -0.699998
v -23.806448 0.783465 -0.699998
v -23.818121 0.736128 -0.699998
v -23.825125 0.689635 -0.699998
v -23.827461 0.643985 -0.699998
v -23.826365 0.609221 -0.699998
v -23.823072 0.575132 -0.699998
v -23.817587 0.541717 -0.699998
v -23.809908 0.508978 -0.699998
v -23.800035 0.476914 -0.699998
v -23.787970 0.445524 -0.699998
v -23.773710 0.414810 -0.699998
v -23.757256 0.384771 -0.699998
v -23.738607 0.355407 -0.699998
v -23.717766 0.326718 -0.699998
v -23.694731 0.298704 -0.699998
v -23.669502 0.271365 -0.699998
v -23.642107 0.244195 -0.699998
v -23.613924 0.219387 -0.699998
v -23.584953 0.196942 -0.699998
v -23.555195 0.176860 -0.699998
v -23.524649 0.159140 -0.699998
v -23.493317 0.143783 -0.699998
v -23.461197 0.130788 -0.699998
v -23.428289 0.120157 -0.699998
v -23.394594 0.111887 -0.699998
v -23.360111 0.105981 -0.699998
v -23.324841 0.102437 -0.699998
v -23.288782 0.101256 -0.699998
v -23.253342 0.102352 -0.699998
v -23.218576 0.105643 -0.699998
v -23.184486 0.111128 -0.699998
v -23.151072 0.118806 -0.699998
v -23.118332 0.128679 -0.699998
v -23.086267 0.140745 -0.699998
v -23.054878 0.155005 -0.699998
v -23.024164 0.171459 -0.699998
v -22.994125 0.190107 -0.699998
v -22.964762 0.210949 -0.699998
v -22.936073 0.233985 -0.699998
v -22.908060 0.259214 -0.699998
v -22.903982 0.263377 -0.699998
v -22.898497 0.269115 -0.699998
v -22.891605 0.276428 -0.699998
v -22.883308 0.285316 -0.699998
v -22.873606 0.295779 -0.699998
v -22.862495 0.307817 -0.699998
v -22.849979 0.321430 -0.699998
v -22.836058 0.336618 -0.699998
v -22.820728 0.353382 -0.699998
v -22.803993 0.371720 -0.699998
v -22.785852 0.391634 -0.699998
v -12.486837 6.330498 -0.699999
v -12.524105 6.311991 -0.699999
v -12.558953 6.291571 -0.699999
v -12.591383 6.269239 -0.699999
v -12.621394 6.244994 -0.699999
v -12.648986 6.218836 -0.699999
v -12.674159 6.190765 -0.699999
v -12.696914 6.160782 -0.699999
v -12.717249 6.128887 -0.699999
v -12.735166 6.095078 -0.699999
v -12.750664 6.059358 -0.699999
v -12.763742 6.021724 -0.699999
v -12.774403 5.982179 -0.699999
v -14.236534 6.038882 -0.699999
v -14.365269 6.039276 -0.699999
v -14.482809 6.029657 -0.699999
v -14.589155 6.010025 -0.699999
v -14.684307 5.980379 -0.699999
v -14.768265 5.940721 -0.699999
v -14.841028 5.891049 -0.699999
v -14.902597 5.831364 -0.699999
v -14.952971 5.761667 -0.699999
v -14.992151 5.681956 -0.699999
v -15.020137 5.592233 -0.699999
v -15.036928 5.492496 -0.699999
v -15.042526 5.382746 -0.699999
v -15.040248 5.310348 -0.699999
v -15.033413 5.232213 -0.699999
v -15.022022 5.148339 -0.699999
v -15.006075 5.058728 -0.699999
v -14.985571 4.963379 -0.699999
v -14.960510 4.862293 -0.699999
v -14.930893 4.755468 -0.699999
v -14.896719 4.642906 -0.699999
v -14.857989 4.524605 -0.699999
v -14.814703 4.400567 -0.699999
v -14.766860 4.270791 -0.699999
v -14.714459 4.135277 -0.699999
v -14.558863 3.768338 -0.699999
v -14.386391 3.412763 -0.699999
v -14.197042 3.068550 -0.699999
v -13.990819 2.735701 -0.699999
v -13.767719 2.414214 -0.699999
v -13.527743 2.104091 -0.699999
v -13.270892 1.805331 -0.699999
v -12.997165 1.517934 -0.699999
v -12.706561 1.241900 -0.699999
v -12.399082 0.977229 -0.699999
v -12.074727 0.723921 -0.699999
v -11.733496 0.481976 -0.699999
v -11.572414 0.375236 -0.699999
v -11.419940 0.277778 -0.699999
v -11.276073 0.189601 -0.699999
v -11.140812 0.110706 -0.699999
v -11.014158 0.041093 -0.699999
v -10.896111 -0.019239 -0.699999
v -10.786671 -0.070288 -0.699999
v -10.685837 -0.112056 -0.699999
v -10.593610 -0.144542 -0.699999
v -10.509990 -0.167747 -0.699999
v -10.434977 -0.181669 -0.699999
v -10.368570 -0.186310 -0.699999
v -10.336084 -0.185129 -0.699999
v -10.304780 -0.181585 -0.699999
v -10.274656 -0.175678 -0.699999
v -10.245714 -0.167409 -0.699999
v -10.217954 -0.156777 -0.699999
v -10.191374 -0.143783 -0.699999
v -10.165976 -0.128426 -0.699999
v -10.141759 -0.110706 -0.699999
v -10.118723 -0.090624 -0.699999
v -10.096869 -0.068179 -0.699999
v -10.076196 -0.043371 -0.699999
v -10.056704 -0.016201 -0.699999
v -10.045059 0.002644 -0.699999
v -10.034428 0.021376 -0.699999
v -10.024808 0.039996 -0.699999
v -10.016201 0.058503 -0.699999
v -10.008607 0.076898 -0.699999
v -10.002026 0.095180 -0.699999
v -9.996456 0.113350 -0.699999
v -9.991899 0.131407 -0.699999
v -9.988356 0.149352 -0.699999
v -9.985825 0.167184 -0.699999
v -9.984305 0.184904 -0.699999
v -9.983799 0.202511 -0.699999
v -9.985065 0.230019 -0.699999
v -9.988862 0.257189 -0.699999
v -9.995191 0.284022 -0.699999
v -10.004050 0.310517 -0.699999
v -10.015442 0.336675 -0.699999
v -10.029365 0.362495 -0.699999
v -10.045818 0.387978 -0.699999
v -10.064804 0.413123 -0.699999
v -10.086321 0.437930 -0.699999
v -10.110369 0.462400 -0.699999
v -10.136949 0.486533 -0.699999
v -10.166059 0.510328 -0.699999
v -10.176326 0.517866 -0.699999
v -10.189573 0.526979 -0.699999
v -10.205802 0.537667 -0.699999
v -10.225013 0.549930 -0.699999
v -10.247205 0.563768 -0.699999
v -10.272378 0.579182 -0.699999
v -10.300532 0.596170 -0.699999
v -10.331669 0.614734 -0.699999
v -10.365787 0.634872 -0.699999
v -10.402885 0.656586 -0.699999
v -10.442966 0.679875 -0.699999
v -10.486027 0.704739 -0.699999
v -10.636786 0.794265 -0.699999
v -10.786644 0.888686 -0.699999
v -10.935602 0.988001 -0.699999
v -11.083660 1.092210 -0.699999
v -11.230818 1.201313 -0.699999
v -11.377076 1.315310 -0.699999
v -11.522434 1.434201 -0.699999
v -11.666892 1.557985 -0.699999
v -11.810450 1.686664 -0.699999
v -11.953108 1.820237 -0.699999
v -12.094866 1.958704 -0.699999
v -12.235723 2.102066 -0.699999
v -12.407069 2.287166 -0.699999
v -12.570090 2.475249 -0.699999
v -12.724787 2.666312 -0.699999
v -12.871158 2.860357 -0.699999
v -13.009203 3.057384 -0.699999
v -13.138923 3.257392 -0.699999
v -13.260317 3.460381 -0.699999
v -13.373385 3.666352 -0.699999
v -13.478128 3.875304 -0.699999
v -13.574547 4.087237 -0.699999
v -13.662640 4.302152 -0.699999
v -13.742407 4.520049 -0.699999
v -13.765696 4.587946 -0.699999
v -13.786960 4.651231 -0.699999
v -13.806198 4.709903 -0.699999
v -13.823412 4.763962 -0.699999
v -13.838600 4.813408 -0.699999
v -13.851764 4.858242 -0.699999
v -13.862902 4.898463 -0.699999
v -13.872015 4.934071 -0.699999
v -13.879103 4.965066 -0.699999
v -13.884166 4.991449 -0.699999
v -13.887203 5.013219 -0.699999
v -13.888214 5.030376 -0.699999
v -13.887370 5.045846 -0.699999
v -13.884839 5.059853 -0.699999
v -13.880620 5.072398 -0.699999
v -13.874713 5.083479 -0.699999
v -13.867119 5.093099 -0.699999
v -13.857837 5.101255 -0.699999
v -13.846868 5.107950 -0.699999
v -13.834210 5.113181 -0.699999
v -13.819866 5.116950 -0.699999
v -13.803834 5.119256 -0.699999
v -13.786115 5.120100 -0.699999
v -13.766707 5.119482 -0.699999
v -13.746457 5.119482 -0.699999
v -12.353180 5.042527 -0.699999
v -12.225120 4.873937 -0.699999
v -12.093403 4.709734 -0.699999
v -11.958030 4.549919 -0.699999
v -11.819000 4.394492 -0.699999
v -11.676314 4.243452 -0.699999
v -11.529972 4.096800 -0.699999
v -11.379973 3.954536 -0.699999
v -11.226318 3.816660 -0.699999
v -11.069007 3.683171 -0.699999
v -10.908039 3.554070 -0.699999
v -10.743415 3.429357 -0.699999
v -10.575132 3.309032 -0.699999
v -10.538990 3.285096 -0.699999
v -10.503467 3.263242 -0.699999
v -10.468561 3.243469 -0.699999
v -10.434275 3.225777 -0.699999
v -10.400607 3.210167 -0.699999
v -10.367558 3.196638 -0.699999
v -10.335129 3.185191 -0.699999
v -10.303318 3.175825 -0.699999
v -10.272125 3.168540 -0.699999
v -10.241551 3.163337 -0.699999
v -10.211596 3.160214 -0.699999
v -10.182261 3.159174 -0.699999
v -10.157031 3.159961 -0.699999
v -10.132646 3.162324 -0.699999
v -10.109103 3.166262 -0.699999
v -10.086405 3.171774 -0.699999
v -10.064550 3.178862 -0.699999
v -10.043540 3.187525 -0.699999
v -10.023374 3.197763 -0.699999
v -10.004050 3.209577 -0.699999
v -9.985571 3.222965 -0.699999
v -9.967936 3.237928 -0.699999
v -9.951144 3.254467 -0.699999
v -9.935197 3.272580 -0.699999
v -9.921612 3.290862 -0.699999
v -9.909208 3.309257 -0.699999
v -9.897985 3.327764 -0.699999
v -9.887944 3.346384 -0.699999
v -9.879085 3.365116 -0.699999
v -9.871406 3.383961 -0.699999
v -9.864908 3.402918 -0.699999
v -9.859592 3.421988 -0.699999
v -9.855458 3.441170 -0.699999
v -9.852505 3.460465 -0.699999
v -9.850733 3.479872 -0.699999
v -9.850142 3.499392 -0.699999
v -9.851069 3.526253 -0.699999
v -9.853854 3.552833 -0.699999
v -9.858495 3.579131 -0.699999
v -9.864992 3.605148 -0.699999
v -9.873345 3.630884 -0.699999
v -9.883555 3.656338 -0.699999
v -9.895621 3.681512 -0.699999
v -9.909544 3.706404 -0.699999
v -9.925323 3.731014 -0.699999
v -9.942958 3.755344 -0.699999
v -9.962450 3.779392 -0.699999
v -9.983799 3.803159 -0.699999
v -9.992237 3.812075 -0.699999
v -10.002701 3.822623 -0.699999
v -10.015189 3.834801 -0.699999
v -10.029702 3.848612 -0.699999
v -10.046241 3.864053 -0.699999
v -10.064804 3.881126 -0.699999
v -10.085393 3.899830 -0.699999
v -10.108006 3.920165 -0.699999
v -10.132646 3.942132 -0.699999
v -10.159309 3.965730 -0.699999
v -10.187999 3.990960 -0.699999
v -10.218712 4.017821 -0.699999
v -10.319012 4.108670 -0.699999
v -10.418749 4.204356 -0.699999
v -10.517923 4.304881 -0.699999
v -10.616535 4.410243 -0.699999
v -10.714584 4.520442 -0.699999
v -10.812071 4.635480 -0.699999
v -10.908995 4.755355 -0.699999
v -11.005356 4.880068 -0.699999
v -11.101154 5.009619 -0.699999
v -11.196391 5.144008 -0.699999
v -11.291065 5.283234 -0.699999
v -11.385176 5.427299 -0.699999
v -11.419744 5.481667 -0.699999
v -11.453242 5.535417 -0.699999
v -11.485672 5.588548 -0.699999
v -11.517034 5.641060 -0.699999
v -11.547326 5.692954 -0.699999
v -11.576550 5.744228 -0.699999
v -11.604704 5.794884 -0.699999
v -11.631790 5.844922 -0.699999
v -11.657807 5.894340 -0.699999
v -11.682755 5.943140 -0.699999
v -11.706635 5.991321 -0.699999
v -11.729445 6.038882 -0.699999
v -11.757685 6.093870 -0.699999
v -11.788399 6.144075 -0.699999
v -11.821589 6.189500 -0.699999
v -11.857253 6.230143 -0.699999
v -11.895392 6.266004 -0.699999
v -11.936007 6.297084 -0.699999
v -11.979097 6.323382 -0.699999
v -12.024662 6.344899 -0.699999
v -12.072702 6.361634 -0.699999
v -12.123218 6.373588 -0.699999
v -12.176208 6.380760 -0.699999
v -12.231673 6.383151 -0.699999
v -12.254484 6.382785 -0.699999
v -12.277014 6.381689 -0.699999
v -12.299262 6.379860 -0.699999
v -12.321229 6.377301 -0.699999
v -12.342915 6.374010 -0.699999
v -12.364319 6.369988 -0.699999
v -12.385442 6.365234 -0.699999
v -12.406283 6.359750 -0.699999
v -12.426844 6.353534 -0.699999
v -12.447123 6.346586 -0.699999
v -12.467120 6.338908 -0.699999
v -3.187525 4.864317 -0.700000
v -3.201813 4.872080 -0.700000
v -3.216327 4.879168 -0.700000
v -3.231065 4.885581 -0.700000
v -3.246028 4.891319 -0.700000
v -3.261217 4.896381 -0.700000
v -3.276630 4.900769 -0.700000
v -3.292268 4.904482 -0.700000
v -3.308132 4.907519 -0.700000
v -3.324220 4.909882 -0.700000
v -3.340533 4.911570 -0.700000
v -3.357072 4.912582 -0.700000
v -3.373835 4.912920 -0.700000
v -3.404043 4.911626 -0.700000
v -3.433913 4.907745 -0.700000
v -3.463446 4.901276 -0.700000
v -3.492642 4.892219 -0.700000
v -3.521500 4.880575 -0.700000
v -3.550020 4.866343 -0.700000
v -3.578203 4.849523 -0.700000
v -3.606048 4.830116 -0.700000
v -3.633556 4.808121 -0.700000
v -3.660726 4.783538 -0.700000
v -3.687559 4.756368 -0.700000
v -3.714054 4.726610 -0.700000
v -3.774836 4.652468 -0.700000
v -3.832973 4.577201 -0.700000
v -3.888467 4.500810 -0.700000
v -3.941317 4.423293 -0.700000
v -3.991523 4.344651 -0.700000
v -4.039084 4.264884 -0.700000
v -4.084002 4.183992 -0.700000
v -4.126276 4.101975 -0.700000
v -4.165907 4.018833 -0.700000
v -4.202893 3.934566 -0.700000
v -4.237236 3.849174 -0.700000
v -4.268935 3.762657 -0.700000
v -4.279932 3.731267 -0.700000
v -4.289973 3.700553 -0.700000
v -4.299058 3.670514 -0.700000
v -4.307187 3.641150 -0.700000
v -4.314359 3.612461 -0.700000
v -4.320575 3.584447 -0.700000
v -4.325834 3.557108 -0.700000
v -4.330138 3.530444 -0.700000
v -4.333485 3.504455 -0.700000
v -4.335876 3.479141 -0.700000
v -4.337310 3.454502 -0.700000
v -4.337789 3.430538 -0.700000
v -4.336129 3.381092 -0.700000
v -4.331151 3.334008 -0.700000
v -4.322854 3.289287 -0.700000
v -4.311237 3.246928 -0.700000
v -4.296302 3.206933 -0.700000
v -4.278048 3.169299 -0.700000
v -4.256475 3.134028 -0.700000
v -4.231583 3.101120 -0.700000
v -4.203372 3.070575 -0.700000
v -4.171842 3.042392 -0.700000
v -4.136993 3.016572 -0.700000
v -4.098825 2.993114 -0.700000
v -4.078490 2.982764 -0.700000
v -4.057986 2.973314 -0.700000
v -4.037313 2.964763 -0.700000
v -4.016471 2.957113 -0.700000
v -3.995461 2.950362 -0.700000
v -3.974282 2.944512 -0.700000
v -3.952934 2.939562 -0.700000
v -3.931417 2.935512 -0.700000
v -3.909731 2.932361 -0.700000
v -3.887877 2.930111 -0.700000
v -3.865854 2.928761 -0.700000
v -3.843661 2.928311 -0.700000
v -3.788730 2.931152 -0.700000
v -3.737343 2.939674 -0.700000
v -3.689500 2.953878 -0.700000
v -3.645200 2.973763 -0.700000
v -3.604445 2.999331 -0.700000
v -3.567234 3.030579 -0.700000
v -3.533566 3.067509 -0.700000
v -3.503443 3.110121 -0.700000
v -3.476863 3.158414 -0.700000
v -3.453827 3.212389 -0.700000
v -3.434336 3.272046 -0.700000
v -3.418388 3.337384 -0.700000
v -3.396337 3.437430 -0.700000
v -3.373385 3.535057 -0.700000
v -3.349534 3.630265 -0.700000
v -3.324782 3.723055 -0.700000
v -3.299131 3.813425 -0.700000
v -3.272579 3.901377 -0.700000
v -3.245128 3.986910 -0.700000
v -3.216776 4.070024 -0.700000
v -3.187525 4.150719 -0.700000
v -3.157373 4.228995 -0.700000
v -3.126322 4.304852 -0.700000
v -3.094370 4.378291 -0.700000
v -3.085313 4.399076 -0.700000
v -3.077044 4.419580 -0.700000
v -3.069563 4.439803 -0.700000
v -3.062869 4.459745 -0.700000
v -3.056962 4.479405 -0.700000
v -3.051843 4.498785 -0.700000
v -3.047511 4.517882 -0.700000
v -3.043967 4.536699 -0.700000
v -3.041211 4.555234 -0.700000
v -3.039242 4.573489 -0.700000
v -3.038061 4.591462 -0.700000
v -3.037667 4.609153 -0.700000
v -3.038708 4.637533 -0.700000
v -3.041830 4.664619 -0.700000
v -3.047033 4.690411 -0.700000
v -3.054318 4.714910 -0.700000
v -3.063684 4.738114 -0.700000
v -3.075132 4.760025 -0.700000
v -3.088660 4.780642 -0.700000
v -3.104271 4.799964 -0.700000
v -3.121962 4.817994 -0.700000
v -3.141735 4.834729 -0.700000
v -3.163590 4.850170 -0.700000
v -5.556905 4.264884 -0.700000
v -5.573866 4.336691 -0.700000
v -5.595045 4.402255 -0.700000
v -5.620443 4.461574 -0.700000
v -5.650061 4.514648 -0.700000
v -5.683897 4.561479 -0.700000
v -5.721952 4.602066 -0.700000
v -5.764226 4.636408 -0.700000
v -5.810719 4.664507 -0.700000
v -5.861432 4.686361 -0.700000
v -5.916363 4.701972 -0.700000
v -5.975513 4.711338 -0.700000
v -6.038882 4.714459 -0.700000
v -6.063015 4.713925 -0.700000
v -6.086810 4.712322 -0.700000
v -6.110268 4.709650 -0.700000
v -6.133388 4.705909 -0.700000
v -6.156170 4.701099 -0.700000
v -6.178615 4.695220 -0.700000
v -6.200722 4.688273 -0.700000
v -6.222492 4.680257 -0.700000
v -6.243925 4.671172 -0.700000
v -6.265019 4.661018 -0.700000
v -6.285777 4.649796 -0.700000
v -6.306196 4.637505 -0.700000
v -6.339189 4.614891 -0.700000
v -6.369312 4.590252 -0.700000
v -6.396567 4.563589 -0.700000
v -6.420953 4.534900 -0.700000
v -6.442470 4.504186 -0.700000
v -6.461118 4.471447 -0.700000
v -6.476897 4.436682 -0.700000
v -6.489807 4.399893 -0.700000
v -6.499848 4.361078 -0.700000
v -6.507020 4.320239 -0.700000
v -6.511324 4.277374 -0.700000
v -6.512758 4.232482 -0.700000
v -6.511408 4.184443 -0.700000
v -6.507358 4.130777 -0.700000
v -6.500607 4.071486 -0.700000
v -6.491157 4.006570 -0.700000
v -6.479006 3.936029 -0.700000
v -6.464156 3.859862 -0.700000
v -6.446605 3.778070 -0.700000
v -6.426353 3.690653 -0.700000
v -6.403402 3.597610 -0.700000
v -6.377751 3.498943 -0.700000
v -6.349399 3.394650 -0.700000
v -6.318347 3.284731 -0.700000
v -6.210229 2.939027 -0.700000
v -6.085684 2.608006 -0.700000
v -5.944714 2.291667 -0.700000
v -5.787318 1.990010 -0.700000
v -5.613496 1.703034 -0.700000
v -5.423248 1.430741 -0.700000
v -5.216574 1.173130 -0.700000
v -4.993474 0.930201 -0.700000
v -4.753949 0.701954 -0.700000
v -4.497997 0.488389 -0.700000
v -4.225620 0.289507 -0.700000
v -3.936816 0.105306 -0.700000
v -3.861100 0.061316 -0.700000
v -3.789208 0.021151 -0.700000
v -3.721142 -0.015188 -0.700000
v -3.656901 -0.047703 -0.700000
v -3.596485 -0.076392 -0.700000
v -3.539894 -0.101256 -0.700000
v -3.487129 -0.122294 -0.700000
v -3.438189 -0.139508 -0.700000
v -3.393074 -0.152896 -0.700000
v -3.351784 -0.162459 -0.700000
v -3.314320 -0.168197 -0.700000
v -3.280680 -0.170109 -0.700000
v -3.250866 -0.168928 -0.700000
v -3.222177 -0.165384 -0.700000
v -3.194613 -0.159478 -0.700000
v -3.168174 -0.151208 -0.700000
v -3.142860 -0.140576 -0.700000
v -3.118671 -0.127582 -0.700000
v -3.095608 -0.112225 -0.700000
v -3.073669 -0.094505 -0.700000
v -3.052855 -0.074423 -0.700000
v -3.033166 -0.051978 -0.700000
v -3.014603 -0.027170 -0.700000
v -2.997165 -0.000000 -0.700000
v -2.988108 0.016145 -0.700000
v -2.979839 0.032177 -0.700000
v -2.972357 0.048096 -0.700000
v -2.965663 0.063903 -0.700000
v -2.959756 0.079598 -0.700000
v -2.954637 0.095180 -0.700000
v -2.950306 0.110650 -0.700000
v -2.946762 0.126007 -0.700000
v -2.944005 0.141251 -0.700000
v -2.942037 0.156384 -0.700000
v -2.940855 0.171403 -0.700000
v -2.940462 0.186310 -0.700000
v -2.941446 0.213030 -0.700000
v -2.944399 0.239188 -0.700000
v -2.949322 0.264783 -0.700000
v -2.956213 0.289816 -0.700000
v -2.965072 0.314286 -0.700000
v -2.975901 0.338194 -0.700000
v -2.988699 0.361539 -0.700000
v -3.003465 0.384321 -0.700000
v -3.020200 0.406541 -0.700000
v -3.038905 0.428198 -0.700000
v -3.059578 0.449293 -0.700000
v -3.082219 0.469826 -0.700000
v -3.090967 0.476548 -0.700000
v -3.103708 0.485914 -0.700000
v -3.120443 0.497924 -0.700000
v -3.141173 0.512578 -0.700000
v -3.165896 0.529876 -0.700000
v -3.194613 0.549818 -0.700000
v -3.227324 0.572403 -0.700000
v -3.264030 0.597633 -0.700000
v -3.304729 0.625506 -0.700000
v -3.349422 0.656023 -0.700000
v -3.398109 0.689185 -0.700000
v -3.450790 0.724990 -0.700000
v -3.550133 0.795362 -0.700000
v -3.648350 0.870123 -0.700000
v -3.745443 0.949271 -0.700000
v -3.841411 1.032807 -0.700000
v -3.936254 1.120731 -0.700000
v -4.029971 1.213042 -0.700000
v -4.122564 1.309741 -0.700000
v -4.214031 1.410828 -0.700000
v -4.304374 1.516302 -0.700000
v -4.393591 1.626165 -0.700000
v -4.481683 1.740415 -0.700000
v -4.568651 1.859052 -0.700000
v -4.684420 2.027361 -0.700000
v -4.794114 2.201521 -0.700000
v -4.897732 2.381531 -0.700000
v -4.995275 2.567391 -0.700000
v -5.086742 2.759101 -0.700000
v -5.172134 2.956662 -0.700000
v -5.251451 3.160073 -0.700000
v -5.324692 3.369335 -0.700000
v -5.391859 3.584446 -0.700000
v -5.452950 3.805408 -0.700000
v -5.507965 4.032221 -0.700000
v -1.445930 4.272985 -0.700000
v -1.462552 4.290452 -0.700000
v -1.480019 4.306399 -0.700000
v -1.498329 4.320828 -0.700000
v -1.517484 4.333738 -0.700000
v -1.537482 4.345129 -0.700000
v -1.558323 4.355002 -0.700000
v -1.580009 4.363356 -0.700000
v -1.602538 4.370191 -0.700000
v -1.625911 4.375506 -0.700000
v -1.650128 4.379303 -0.700000
v -1.675189 4.381582 -0.700000
v -1.701094 4.382341 -0.700000
v -1.752425 4.377700 -0.700000
v -1.806512 4.363777 -0.700000
v -1.863356 4.340573 -0.700000
v -1.922956 4.308087 -0.700000
v -1.985312 4.266319 -0.700000
v -2.050425 4.215269 -0.700000
v -2.118295 4.154938 -0.700000
v -2.188920 4.085325 -0.700000
v -2.262303 4.006430 -0.700000
v -2.338441 3.918253 -0.700000
v -2.417336 3.820795 -0.700000
v -2.498987 3.714054 -0.700000
v -2.552681 3.639772 -0.700000
v -2.601705 3.568134 -0.700000
v -2.646061 3.499139 -0.700000
v -2.685748 3.432789 -0.700000
v -2.720765 3.369082 -0.700000
v -2.751114 3.308019 -0.700000
v -2.776793 3.249600 -0.700000
v -2.797804 3.193825 -0.700000
v -2.814145 3.140694 -0.700000
v -2.825818 3.090207 -0.700000
v -2.832821 3.042364 -0.700000
v -2.835156 2.997165 -0.700000
v -2.833750 2.957338 -0.700000
v -2.829530 2.918860 -0.700000
v -2.822499 2.881733 -0.700000
v -2.812654 2.845957 -0.700000
v -2.799998 2.811530 -0.700000
v -2.784528 2.778453 -0.700000
v -2.766246 2.746726 -0.700000
v -2.745151 2.716349 -0.700000
v -2.721243 2.687323 -0.700000
v -2.694523 2.659646 -0.700000
v -2.664990 2.633320 -0.700000
v -2.632645 2.608343 -0.700000
v -2.610228 2.592171 -0.700000
v -2.587530 2.577404 -0.700000
v -2.564550 2.564044 -0.700000
v -2.541290 2.552090 -0.700000
v -2.517748 2.541543 -0.700000
v -2.493924 2.532402 -0.700000
v -2.469820 2.524667 -0.700000
v -2.445434 2.518339 -0.700000
v -2.420767 2.513417 -0.700000
v -2.395819 2.509901 -0.700000
v -2.370590 2.507791 -0.700000
v -2.345079 2.507088 -0.700000
v -2.295717 2.509619 -0.700000
v -2.248886 2.517213 -0.700000
v -2.204587 2.529870 -0.700000
v -2.162819 2.547590 -0.700000
v -2.123582 2.570373 -0.700000
v -2.086877 2.598218 -0.700000
v -2.052703 2.631126 -0.700000
v -2.021061 2.669096 -0.700000
v -1.991950 2.712130 -0.700000
v -1.965370 2.760226 -0.700000
v -1.941322 2.813386 -0.700000
v -1.919806 2.871608 -0.700000
v -1.890751 2.955340 -0.700000
v -1.860290 3.037779 -0.700000
v -1.828422 3.118924 -0.700000
v -1.795149 3.198776 -0.700000
v -1.760469 3.277333 -0.700000
v -1.724382 3.354597 -0.700000
v -1.686890 3.430566 -0.700000
v -1.647991 3.505242 -0.700000
v -1.607685 3.578624 -0.700000
v -1.565974 3.650713 -0.700000
v -1.522856 3.721508 -0.700000
v -1.478331 3.791008 -0.700000
v -1.462159 3.816603 -0.700000
v -1.447392 3.842086 -0.700000
v -1.434032 3.867456 -0.700000
v -1.422078 3.892714 -0.700000
v -1.411531 3.917859 -0.700000
v -1.402390 3.942892 -0.700000
v -1.394655 3.967812 -0.700000
v -1.388327 3.992620 -0.700000
v -1.383404 4.017314 -0.700000
v -1.379889 4.041897 -0.700000
v -1.377779 4.066367 -0.700000
v -1.377076 4.090725 -0.700000
v -1.377554 4.108698 -0.700000
v -1.378989 4.126164 -0.700000
v -1.381379 4.143125 -0.700000
v -1.384726 4.159579 -0.700000
v -1.389030 4.175527 -0.700000
v -1.394289 4.190968 -0.700000
v -1.400505 4.205903 -0.700000
v -1.407677 4.220332 -0.700000
v -1.415806 4.234255 -0.700000
v -1.424891 4.247671 -0.700000
v -1.434932 4.260581 -0.700000
v 4.835965 4.892669 -0.700001
v 4.669906 4.900769 -0.700001
v 4.669906 6.196840 -0.700001
v 4.669034 6.231324 -0.700001
v 4.666418 6.264569 -0.700001
v 4.662058 6.296577 -0.700001
v 4.655955 6.327348 -0.700001
v 4.648108 6.356881 -0.700001
v 4.638516 6.385176 -0.700001
v 4.627182 6.412234 -0.700001
v 4.614103 6.438054 -0.700001
v 4.599280 6.462636 -0.700001
v 4.582714 6.485981 -0.700001
v 4.564403 6.508089 -0.700001
v 4.544349 6.528959 -0.700001
v 4.520048 6.551600 -0.700001
v 4.494396 6.572273 -0.700001
v 4.467395 6.590977 -0.700001
v 4.439043 6.607712 -0.700001
v 4.409341 6.622478 -0.700001
v 4.378290 6.635276 -0.700001
v 4.345888 6.646104 -0.700001
v 4.312136 6.654964 -0.700001
v 4.277034 6.661855 -0.700001
v 4.240582 6.666777 -0.700001
v 4.202780 6.669730 -0.700001
v 4.163628 6.670716 -0.700001
v 4.111622 6.669057 -0.700001
v 4.062260 6.664079 -0.700001
v 4.015542 6.655781 -0.700001
v 3.971468 6.644165 -0.700001
v 3.930037 6.629230 -0.700001
v 3.891251 6.610976 -0.700001
v 3.855108 6.589403 -0.700001
v 3.821609 6.564511 -0.700001
v 3.790755 6.536300 -0.700001
v 3.762544 6.504770 -0.700001
v 3.736977 6.469922 -0.700001
v 3.714054 6.431754 -0.700001
v 3.704997 6.414653 -0.700001
v 3.696728 6.397102 -0.700001
v 3.689246 6.379101 -0.700001
v 3.682552 6.360650 -0.700001
v 3.676645 6.341749 -0.700001
v 3.671526 6.322398 -0.700001
v 3.667195 6.302597 -0.700001
v 3.663651 6.282345 -0.700001
v 3.660894 6.261644 -0.700001
v 3.658926 6.240493 -0.700001
v 3.657744 6.218892 -0.700001
v 3.657351 6.196840 -0.700001
v 3.657351 4.969623 -0.700001
v 3.503442 4.981774 -0.700001
v 2.997164 5.018226 -0.700000
v 2.089914 5.091130 -0.700000
v 2.022242 5.096952 -0.700000
v 1.959632 5.102268 -0.700000
v 1.902085 5.107078 -0.700000
v 1.849601 5.111381 -0.700000
v 1.802180 5.115178 -0.700000
v 1.759821 5.118469 -0.700000
v 1.722525 5.121253 -0.700000
v 1.690292 5.123532 -0.700000
v 1.663122 5.125304 -0.700000
v 1.641014 5.126569 -0.700000
v 1.623970 5.127329 -0.700000
v 1.611988 5.127582 -0.700000
v 1.580036 5.126597 -0.700000
v 1.548984 5.123644 -0.700000
v 1.518833 5.118721 -0.700000
v 1.489581 5.111830 -0.700000
v 1.461229 5.102970 -0.700000
v 1.433778 5.092141 -0.700000
v 1.407226 5.079343 -0.700000
v 1.381575 5.064577 -0.700000
v 1.356823 5.047842 -0.700000
v 1.332972 5.029138 -0.700000
v 1.310021 5.008465 -0.700000
v 1.287970 4.985824 -0.700000
v 1.267916 4.962986 -0.700000
v 1.249605 4.939022 -0.700000
v 1.233039 4.913933 -0.700000
v 1.218216 4.887719 -0.700000
v 1.205137 4.860380 -0.700000
v 1.193802 4.831916 -0.700000
v 1.184211 4.802327 -0.700000
v 1.176364 4.771613 -0.700000
v 1.170261 4.739773 -0.700000
v 1.165901 4.706809 -0.700000
v 1.163285 4.672719 -0.700000
v 1.162413 4.637505 -0.700000
v 1.165198 4.567357 -0.700000
v 1.173551 4.502722 -0.700000
v 1.187474 4.443600 -0.700000
v 1.206966 4.389991 -0.700000
v 1.232026 4.341895 -0.700000
v 1.262656 4.299311 -0.700000
v 1.298855 4.262240 -0.700000
v 1.340623 4.230682 -0.700000
v 1.387960 4.204637 -0.700000
v 1.440866 4.184105 -0.700000
v 1.499341 4.169086 -0.700000
v 1.563385 4.159579 -0.700000
v 1.619329 4.154235 -0.700000
v 1.696705 4.147653 -0.700000
v 1.795514 4.139834 -0.700000
v 1.915755 4.130777 -0.700000
v 2.057428 4.120483 -0.700000
v 2.220534 4.108951 -0.700000
v 2.405072 4.096182 -0.700000
v 2.611043 4.082175 -0.700000
v 2.838446 4.066930 -0.700000
v 3.087282 4.050448 -0.700000
v 3.357550 4.032728 -0.700000
v 3.649250 4.013771 -0.700000
v 3.646606 3.678334 -0.700000
v 3.644075 3.365960 -0.700000
v 3.641656 3.076651 -0.700000
v 3.639349 2.810405 -0.700000
v 3.637156 2.567223 -0.700000
v 3.635074 2.347105 -0.700000
v 3.633105 2.150050 -0.700000
v 3.631249 1.976059 -0.700000
v 3.629505 1.825132 -0.700000
v 3.627874 1.697269 -0.700000
v 3.626355 1.592469 -0.700000
v 3.624949 1.510733 -0.700000
v 3.623008 1.403599 -0.700000
v 3.621236 1.302259 -0.700000
v 3.619633 1.206713 -0.700000
v 3.618198 1.116961 -0.700000
v 3.616933 1.033004 -0.700000
v 3.615836 0.954840 -0.700000
v 3.614908 0.882470 -0.700000
v 3.614148 0.815895 -0.700000
v 3.613557 0.755113 -0.700000
v 3.613135 0.700126 -0.700000
v 3.612882 0.650933 -0.700000
v 3.612798 0.607533 -0.700000
v 3.613923 0.541830 -0.700000
v 3.617298 0.478376 -0.700000
v 3.622924 0.417173 -0.700000
v 3.630799 0.358220 -0.700000
v 3.640925 0.301517 -0.700000
v 3.653300 0.247064 -0.700000
v 3.667926 0.194861 -0.700000
v 3.684802 0.144908 -0.700000
v 3.703928 0.097205 -0.700000
v 3.725304 0.051753 -0.700000
v 3.748930 0.008550 -0.700000
v 3.774807 -0.032402 -0.700000
v 3.810753 -0.082861 -0.700000
v 3.848386 -0.128932 -0.700000
v 3.887707 -0.170616 -0.700000
v 3.928715 -0.207911 -0.700000
v 3.971411 -0.240820 -0.700000
v 4.015795 -0.269340 -0.700000
v 4.061866 -0.293472 -0.700000
v 4.109625 -0.313217 -0.700000
v 4.159072 -0.328574 -0.700000
v 4.210206 -0.339544 -0.700000
v 4.263028 -0.346125 -0.700000
v 4.317537 -0.348319 -0.700000
v 4.344735 -0.347560 -0.700000
v 4.372327 -0.345282 -0.700000
v 4.400313 -0.341484 -0.700000
v 4.428693 -0.336168 -0.700000
v 4.457467 -0.329334 -0.700000
v 4.486634 -0.320980 -0.700000
v 4.516195 -0.311108 -0.700000
v 4.546150 -0.299717 -0.700000
v 4.576498 -0.286806 -0.700000
v 4.607240 -0.272378 -0.700000
v 4.638376 -0.256430 -0.700000
v 4.669906 -0.238963 -0.700000
v 4.759799 -0.187042 -0.700000
v 4.848566 -0.135232 -0.700000
v 4.936208 -0.083536 -0.700000
v 5.022726 -0.031952 -0.700000
v 5.108118 0.019520 -0.700000
v 5.192385 0.070879 -0.700000
v 5.275527 0.122125 -0.700000
v 5.357544 0.173259 -0.700000
v 5.438436 0.224281 -0.700000
v 5.518203 0.275190 -0.700000
v 5.596845 0.325987 -0.700000
v 5.674361 0.376671 -0.700001
v 5.709294 0.400634 -0.700001
v 5.741190 0.425273 -0.700001
v 5.770048 0.450587 -0.700001
v 5.795868 0.476576 -0.700001
v 5.818650 0.503240 -0.700001
v 5.838395 0.530579 -0.700001
v 5.855102 0.558593 -0.700001
v 5.868772 0.587282 -0.700001
v 5.879403 0.616646 -0.700001
v 5.886997 0.646686 -0.700001
v 5.891554 0.677400 -0.700001
v 5.893073 0.708789 -0.700001
v 5.892735 0.723021 -0.700001
v 5.891723 0.737365 -0.700001
v 5.890036 0.751823 -0.700001
v 5.887673 0.766392 -0.700001
v 5.884635 0.781074 -0.700001
v 5.880923 0.795869 -0.700001
v 5.876535 0.810776 -0.700001
v 5.871472 0.825795 -0.700001
v 5.865735 0.840927 -0.700001
v 5.859322 0.856172 -0.700001
v 5.852234 0.871529 -0.700001
v 5.844471 0.886999 -0.700001
v 5.828833 0.914169 -0.700001
v 5.811619 0.938977 -0.700001
v 5.792830 0.961422 -0.700001
v 5.772467 0.981504 -0.700001
v 5.750528 0.999224 -0.700001
v 5.727014 1.014581 -0.700001
v 5.701925 1.027575 -0.700001
v 5.675261 1.038207 -0.700001
v 5.647022 1.046476 -0.700001
v 5.617208 1.052383 -0.700001
v 5.585819 1.055927 -0.700001
v 5.552855 1.057108 -0.700001
v 5.537076 1.056743 -0.700001
v 5.520790 1.055646 -0.700001
v 5.503999 1.053817 -0.700001
v 5.486701 1.051258 -0.700001
v 5.468897 1.047967 -0.700001
v 5.450586 1.043945 -0.700001
v 5.431770 1.039192 -0.700001
v 5.412447 1.033707 -0.700001
v 5.392618 1.027491 -0.700001
v 5.372282 1.020544 -0.700001
v 5.351440 1.012865 -0.700001
v 5.330092 1.004455 -0.700001
v 5.248638 0.972757 -0.700000
v 5.173034 0.943814 -0.700000
v 5.103281 0.917629 -0.700000
v 5.039377 0.894199 -0.700000
v 4.981324 0.873526 -0.700000
v 4.929121 0.855610 -0.700000
v 4.882769 0.840449 -0.700000
v 4.842267 0.828046 -0.700000
v 4.807615 0.818398 -0.700000
v 4.778814 0.811507 -0.700000
v 4.755863 0.807373 -0.700000
v 4.738760 0.805994 -0.700000
v 4.721293 0.808076 -0.700000
v 4.705346 0.814320 -0.700000
v 4.690917 0.824727 -0.700000
v 4.678007 0.839296 -0.700000
v 4.666615 0.858028 -0.700000
v 4.656743 0.880923 -0.700000
v 4.648389 0.907981 -0.700000
v 4.641555 0.939202 -0.700000
v 4.636239 0.974585 -0.700000
v 4.632442 1.014131 -0.700000
v 4.630164 1.057839 -0.700000
v 4.629404 1.105711 -0.700000
v 4.629432 1.109198 -0.700000
v 4.629517 1.114261 -0.700000
v 4.629657 1.120899 -0.700000
v 4.629854 1.129112 -0.700000
v 4.630107 1.138900 -0.700000
v 4.630417 1.150263 -0.700000
v 4.630783 1.163201 -0.700000
v 4.631205 1.177715 -0.700000
v 4.631683 1.193803 -0.700000
v 4.632217 1.211467 -0.700000
v 4.632808 1.230705 -0.700000
v 4.633454 1.251519 -0.700000
v 4.634776 1.291655 -0.700000
v 4.636042 1.344561 -0.700000
v 4.637251 1.410237 -0.700000
v 4.638404 1.488682 -0.700000
v 4.639501 1.579896 -0.700000
v 4.640541 1.683880 -0.700000
v 4.641526 1.800633 -0.700000
v 4.642454 1.930156 -0.700000
v 4.643326 2.072448 -0.700000
v 4.644142 2.227510 -0.700000
v 4.644902 2.395341 -0.700001
v 4.645605 2.575942 -0.700001
v 4.645717 2.623841 -0.700001
v 4.646055 2.683835 -0.700001
v 4.646617 2.755923 -0.700001
v 4.647405 2.840106 -0.700001
v 4.648417 2.936383 -0.700001
v 4.649655 3.044755 -0.700001
v 4.651117 3.165221 -0.700001
v 4.652805 3.297781 -0.700001
v 4.654717 3.442436 -0.700001
v 4.656855 3.599185 -0.700001
v 4.659218 3.768029 -0.700001
v 4.661806 3.948967 -0.700001
v 4.819764 3.936816 -0.700001
v 5.763466 3.872013 -0.700001
v 5.928569 3.861015 -0.700001
v 6.079609 3.850974 -0.700001
v 6.216585 3.841889 -0.700001
v 6.339498 3.833760 -0.700001
v 6.448348 3.826588 -0.700001
v 6.543134 3.820372 -0.700001
v 6.623857 3.815112 -0.700001
v 6.690517 3.810809 -0.700001
v 6.743114 3.807462 -0.700001
v 6.781647 3.805071 -0.700001
v 6.806118 3.803636 -0.700001
v 6.816525 3.803159 -0.700001
v 6.851683 3.804087 -0.700001
v 6.885603 3.806872 -0.700001
v 6.918286 3.811512 -0.700001
v 6.949731 3.818010 -0.700001
v 6.979939 3.826363 -0.700001
v 7.008909 3.836573 -0.700001
v 7.036642 3.848639 -0.700001
v 7.063137 3.862562 -0.700001
v 7.088395 3.878341 -0.700001
v 7.112415 3.895977 -0.700001
v 7.135198 3.915468 -0.700001
v 7.156743 3.936816 -0.700001
v 7.175503 3.957743 -0.700001
v 7.192632 3.980019 -0.700001
v 7.208130 4.003645 -0.700001
v 7.221996 4.028621 -0.700001
v 7.234231 4.054947 -0.700001
v 7.244835 4.082624 -0.700001
v 7.253807 4.111650 -0.700001
v 7.261148 4.142027 -0.700001
v 7.266858 4.173754 -0.700001
v 7.270936 4.206831 -0.700001
v 7.273383 4.241257 -0.700001
v 7.274199 4.277035 -0.700001
v 7.272315 4.334694 -0.700001
v 7.266661 4.388866 -0.700001
v 7.257239 4.439550 -0.700001
v 7.244048 4.486746 -0.700001
v 7.227087 4.530455 -0.700001
v 7.206358 4.570676 -0.700001
v 7.181860 4.607409 -0.700001
v 7.153593 4.640655 -0.700001
v 7.121557 4.670413 -0.700001
v 7.085752 4.696683 -0.700001
v 7.046177 4.719466 -0.700001
v 7.002834 4.738760 -0.700001
v 6.986352 4.744639 -0.700001
v 6.967957 4.750124 -0.700001
v 6.947649 4.755214 -0.700001
v 6.925429 4.759912 -0.700001
v 6.901297 4.764215 -0.700001
v 6.875251 4.768125 -0.700001
v 6.847293 4.771640 -0.700001
v 6.817423 4.774762 -0.700001
v 6.785640 4.777491 -0.700001
v 6.751944 4.779825 -0.700001
v 6.716336 4.781766 -0.700001
v 6.678817 4.783313 -0.700001
v 6.604141 4.786547 -0.700001
v 6.515120 4.790851 -0.700001
v 6.411755 4.796223 -0.700001
v 6.294045 4.802664 -0.700001
v 6.161991 4.810174 -0.700001
v 6.015593 4.818752 -0.700001
v 5.854849 4.828400 -0.700001
v 5.679761 4.839116 -0.700001
v 5.490329 4.850901 -0.700001
v 5.286552 4.863755 -0.700001
v 5.068431 4.877678 -0.700001
v 6.686917 2.859457 -0.700001
v 6.663122 2.909269 -0.700001
v 6.637639 2.954750 -0.700001
v 6.610469 2.995899 -0.700001
v 6.581611 3.032717 -0.700001
v 6.551066 3.065203 -0.700001
v 6.518833 3.093358 -0.700001
v 6.484912 3.117181 -0.700001
v 6.449304 3.136672 -0.700001
v 6.412008 3.151833 -0.700001
v 6.373025 3.162662 -0.700001
v 6.332354 3.169159 -0.700001
v 6.289995 3.171324 -0.700001
v 6.270532 3.170931 -0.700001
v 6.251293 3.169749 -0.700001
v 6.232280 3.167780 -0.700001
v 6.213491 3.165024 -0.700001
v 6.194928 3.161480 -0.700001
v 6.176589 3.157149 -0.700001
v 6.158475 3.152030 -0.700001
v 6.140587 3.146123 -0.700001
v 6.122923 3.139429 -0.700001
v 6.105485 3.131947 -0.700001
v 6.088272 3.123678 -0.700001
v 6.071283 3.114621 -0.700001
v 6.036997 3.093386 -0.700001
v 6.005692 3.070181 -0.700001
v 5.977368 3.045008 -0.700001
v 5.952026 3.017866 -0.700001
v 5.929666 2.988755 -0.700001
v 5.910286 2.957675 -0.700001
v 5.893888 2.924627 -0.700001
v 5.880472 2.889609 -0.700001
v 5.870037 2.852623 -0.700001
v 5.862584 2.813668 -0.700001
v 5.858111 2.772744 -0.700001
v 5.856621 2.729850 -0.700001
v 5.857887 2.690388 -0.700001
v 5.861684 2.647608 -0.700001
v 5.868012 2.601509 -0.700001
v 5.876872 2.552090 -0.700001
v 5.888263 2.499353 -0.700001
v 5.902186 2.443297 -0.700001
v 5.918640 2.383922 -0.700001
v 5.937625 2.321228 -0.700001
v 5.959142 2.255214 -0.700001
v 5.983191 2.185883 -0.700001
v 6.009770 2.113232 -0.700001
v 6.038881 2.037262 -0.700001
v 6.085965 1.918765 -0.700001
v 6.134061 1.804937 -0.700001
v 6.183170 1.695778 -0.700001
v 6.233292 1.591287 -0.700001
v 6.284426 1.491466 -0.700001
v 6.336572 1.396314 -0.700001
v 6.389731 1.305831 -0.700001
v 6.443903 1.220017 -0.700001
v 6.499087 1.138872 -0.700001
v 6.555284 1.062396 -0.700001
v 6.612494 0.990589 -0.700001
v 6.670716 0.923451 -0.700001
v 6.704777 0.887224 -0.700001
v 6.739457 0.854147 -0.700001
v 6.774756 0.824220 -0.700001
v 6.810674 0.797444 -0.700001
v 6.847210 0.773817 -0.700001
v 6.884365 0.753341 -0.700001
v 6.922139 0.736015 -0.700001
v 6.960532 0.721840 -0.700001
v 6.999543 0.710814 -0.700001
v 7.039174 0.702939 -0.700001
v 7.079422 0.698213 -0.700001
v 7.120291 0.696638 -0.700001
v 7.149120 0.697398 -0.700001
v 7.177557 0.699676 -0.700001
v 7.205599 0.703473 -0.700001
v 7.233247 0.708789 -0.700001
v 7.260502 0.715624 -0.700001
v 7.287363 0.723977 -0.700001
v 7.313829 0.733850 -0.700001
v 7.339903 0.745241 -0.700001
v 7.365582 0.758151 -0.700001
v 7.390868 0.772580 -0.700001
v 7.415760 0.788528 -0.700001
v 7.440258 0.805994 -0.700001
v 7.473250 0.832236 -0.700001
v 7.503374 0.859660 -0.700001
v 7.530629 0.888264 -0.700001
v 7.555015 0.918050 -0.700001
v 7.576531 0.949018 -0.700001
v 7.595180 0.981166 -0.700001
v 7.610959 1.014496 -0.700001
v 7.623869 1.049008 -0.700001
v 7.633910 1.084700 -0.700001
v 7.641082 1.121574 -0.700001
v 7.645386 1.159629 -0.700001
v 7.646820 1.198866 -0.700001
v 7.645301 1.233011 -0.700001
v 7.640745 1.267945 -0.700001
v 7.633151 1.303665 -0.700001
v 7.622519 1.340174 -0.700001
v 7.608849 1.377470 -0.700001
v 7.592142 1.415553 -0.700001
v 7.572397 1.454424 -0.700001
v 7.549614 1.494082 -0.700001
v 7.523794 1.534528 -0.700001
v 7.494936 1.575762 -0.700001
v 7.463041 1.617783 -0.700001
v 7.428108 1.660591 -0.700001
v 7.356750 1.746265 -0.700001
v 7.287137 1.834526 -0.700001
v 7.219268 1.925375 -0.700001
v 7.153142 2.018811 -0.700001
v 7.088761 2.114835 -0.700001
v 7.026123 2.213447 -0.700001
v 6.965229 2.314646 -0.700001
v 6.906079 2.418433 -0.700001
v 6.848672 2.524807 -0.700001
v 6.793010 2.633769 -0.700001
v 6.739091 2.745319 -0.700001
v 2.701498 3.215877 -0.700000
v 2.680965 3.235931 -0.700000
v 2.659871 3.254241 -0.700000
v 2.638213 3.270808 -0.700000
v 2.615993 3.285631 -0.700000
v 2.593211 3.298710 -0.700000
v 2.569866 3.310045 -0.700000
v 2.545958 3.319636 -0.700000
v 2.521488 3.327483 -0.700000
v 2.496455 3.333586 -0.700000
v 2.470860 3.337946 -0.700000
v 2.444702 3.340562 -0.700000
v 2.417982 3.341434 -0.700000
v 2.352391 3.334233 -0.700000
v 2.281175 3.312632 -0.700000
v 2.204333 3.276630 -0.700000
v 2.121866 3.226227 -0.700000
v 2.033774 3.161424 -0.700000
v 1.940056 3.082219 -0.700000
v 1.840713 2.988614 -0.700000
v 1.735745 2.880608 -0.700000
v 1.625151 2.758201 -0.700000
v 1.508932 2.621394 -0.700000
v 1.387088 2.470186 -0.700000
v 1.259618 2.304577 -0.700000
v 1.190399 2.209396 -0.700000
v 1.127199 2.118266 -0.700000
v 1.070017 2.031187 -0.700000
v 1.018855 1.948157 -0.700000
v 0.973712 1.869178 -0.700000
v 0.934588 1.794249 -0.700000
v 0.901483 1.723370 -0.700000
v 0.874397 1.656541 -0.700000
v 0.853331 1.593763 -0.700000
v 0.838283 1.535034 -0.700000
v 0.829254 1.480356 -0.700000
v 0.826245 1.429729 -0.700000
v 0.827876 1.385879 -0.700000
v 0.832770 1.343436 -0.700000
v 0.840927 1.302400 -0.700000
v 0.852346 1.262769 -0.700000
v 0.867028 1.224545 -0.700000
v 0.884973 1.187728 -0.700000
v 0.906181 1.152316 -0.700000
v 0.930651 1.118311 -0.700000
v 0.958383 1.085713 -0.700000
v 0.989379 1.054520 -0.700000
v 1.023637 1.024734 -0.700000
v 1.061157 0.996355 -0.700000
v 1.090859 0.976300 -0.700000
v 1.120561 0.957990 -0.700000
v 1.150262 0.941424 -0.700000
v 1.179964 0.926601 -0.700000
v 1.209665 0.913522 -0.700000
v 1.239367 0.902187 -0.700000
v 1.269069 0.892596 -0.700000
v 1.298770 0.884749 -0.700000
v 1.328472 0.878645 -0.700000
v 1.358174 0.874286 -0.700000
v 1.387875 0.871670 -0.700000
v 1.417577 0.870798 -0.700000
v 1.467952 0.873667 -0.700000
v 1.516470 0.882273 -0.700000
v 1.563132 0.896618 -0.700000
v 1.607937 0.916700 -0.700000
v 1.650887 0.942520 -0.700000
v 1.691980 0.974078 -0.700000
v 1.731216 1.011374 -0.700000
v 1.768596 1.054408 -0.700000
v 1.804120 1.103179 -0.700000
v 1.837788 1.157689 -0.700000
v 1.869599 1.217936 -0.700000
v 1.899553 1.283921 -0.700000
v 1.952544 1.406862 -0.700000
v 2.007560 1.528621 -0.700000
v 2.064600 1.649200 -0.700000
v 2.123666 1.768597 -0.700000
v 2.184757 1.886813 -0.700000
v 2.247873 2.003848 -0.700000
v 2.313014 2.119701 -0.700000
v 2.380180 2.234373 -0.700000
v 2.449372 2.347863 -0.700000
v 2.520588 2.460173 -0.700000
v 2.593829 2.571301 -0.700000
v 2.669096 2.681247 -0.700000
v 2.689150 2.710668 -0.700000
v 2.707460 2.739526 -0.700000
v 2.724027 2.767821 -0.700000
v 2.738850 2.795554 -0.700000
v 2.751929 2.822724 -0.700000
v 2.763264 2.849332 -0.700000
v 2.772855 2.875377 -0.700000
v 2.780702 2.900859 -0.700000
v 2.786806 2.925780 -0.700000
v 2.791165 2.950137 -0.700000
v 2.793781 2.973932 -0.700000
v 2.794653 2.997165 -0.700000
v 2.794006 3.017866 -0.700000
v 2.792066 3.038117 -0.700000
v 2.788831 3.057918 -0.700000
v 2.784302 3.077269 -0.700000
v 2.778480 3.096170 -0.700000
v 2.771364 3.114621 -0.700000
v 2.762954 3.132622 -0.700000
v 2.753251 3.150173 -0.700000
v 2.742253 3.167274 -0.700000
v 2.729962 3.183925 -0.700000
v 2.716377 3.200126 -0.700000
v 2.288375 6.549210 -0.700000
v 2.286772 6.586084 -0.700000
v 2.281962 6.619751 -0.700000
v 2.273946 6.650213 -0.700000
v 2.262724 6.677467 -0.700000
v 2.248295 6.701516 -0.700000
v 2.230659 6.722357 -0.700000
v 2.209818 6.739993 -0.700000
v 2.185769 6.754421 -0.700000
v 2.158515 6.765644 -0.700000
v 2.128054 6.773660 -0.700000
v 2.094386 6.778469 -0.700000
v 2.057512 6.780072 -0.700000
v 2.017179 6.776922 -0.700000
v 1.973132 6.767472 -0.700000
v 1.925374 6.751721 -0.700000
v 1.873902 6.729670 -0.700000
v 1.818718 6.701318 -0.700000
v 1.759821 6.666667 -0.700000
v 1.697211 6.625714 -0.700000
v 1.630889 6.578462 -0.700000
v 1.560854 6.524909 -0.700000
v 1.487106 6.465055 -0.700000
v 1.409646 6.398901 -0.700000
v 1.328472 6.326447 -0.700000
v 1.260547 6.262797 -0.700000
v 1.198528 6.201453 -0.700000
v 1.142415 6.142416 -0.700000
v 1.092210 6.085684 -0.700000
v 1.047910 6.031260 -0.700000
v 1.009518 5.979141 -0.700000
v 0.977031 5.929329 -0.700000
v 0.950452 5.881824 -0.700000
v 0.929779 5.836624 -0.700000
v 0.915012 5.793731 -0.700000
v 0.906153 5.753145 -0.700000
v 0.903199 5.714864 -0.700000
v 0.904156 5.688847 -0.700000
v 0.907024 5.663449 -0.700000
v 0.911806 5.638669 -0.700000
v 0.918500 5.614509 -0.700000
v 0.927107 5.590967 -0.700000
v 0.937626 5.568044 -0.700000
v 0.950058 5.545739 -0.700000
v 0.964403 5.524054 -0.700000
v 0.980660 5.502987 -0.700000
v 0.998830 5.482539 -0.700000
v 1.018912 5.462709 -0.700000
v 1.040907 5.443499 -0.700000
v 1.059302 5.429267 -0.700000
v 1.078034 5.416273 -0.700000
v 1.097104 5.404516 -0.700000
v 1.116511 5.393996 -0.700000
v 1.136256 5.384715 -0.700000
v 1.156338 5.376670 -0.700000
v 1.176758 5.369864 -0.700000
v 1.197515 5.364295 -0.700000
v 1.218610 5.359963 -0.700000
v 1.240042 5.356869 -0.700000
v 1.261812 5.355013 -0.700000
v 1.283920 5.354394 -0.700000
v 1.314578 5.355857 -0.700000
v 1.344448 5.360245 -0.700000
v 1.373531 5.367558 -0.700000
v 1.401826 5.377796 -0.700000
v 1.429334 5.390959 -0.700000
v 1.456054 5.407047 -0.700000
v 1.481987 5.426061 -0.700000
v 1.507132 5.447999 -0.700000
v 1.531490 5.472863 -0.700000
v 1.555060 5.500652 -0.700000
v 1.577842 5.531367 -0.700000
v 1.599837 5.565006 -0.700000
v 1.641577 5.631413 -0.700000
v 1.684442 5.696976 -0.700000
v 1.728432 5.761695 -0.700000
v 1.773547 5.825570 -0.700000
v 1.819787 5.888602 -0.700000
v 1.867152 5.950789 -0.700000
v 1.915642 6.012134 -0.700000
v 1.965257 6.072634 -0.700000
v 2.015998 6.132290 -0.700000
v 2.067863 6.191103 -0.700000
v 2.120854 6.249072 -0.700000
v 2.174969 6.306196 -0.700000
v 2.193082 6.325829 -0.700000
v 2.209621 6.345573 -0.700000
v 2.224584 6.365431 -0.700000
v 2.237972 6.385401 -0.700000
v 2.249785 6.405483 -0.700000
v 2.260024 6.425678 -0.700000
v 2.268687 6.445986 -0.700000
v 2.275774 6.466406 -0.700000
v 2.281287 6.486938 -0.700000
v 2.285225 6.507583 -0.700000
v 2.287587 6.528340 -0.700000
v 1.348724 7.197246 -0.700000
v 1.337585 7.208243 -0.700000
v 1.325772 7.218285 -0.700000
v 1.313284 7.227369 -0.700000
v 1.300121 7.235498 -0.700000
v 1.286283 7.242670 -0.700000
v 1.271769 7.248886 -0.700000
v 1.256581 7.254146 -0.700000
v 1.240717 7.258449 -0.700000
v 1.224179 7.261796 -0.700000
v 1.206966 7.264187 -0.700000
v 1.189077 7.265621 -0.700000
v 1.170514 7.266099 -0.700000
v 1.128521 7.263427 -0.700000
v 1.083546 7.255411 -0.700000
v 1.035591 7.242051 -0.700000
v 0.984653 7.223347 -0.700000
v 0.930735 7.199298 -0.700000
v 0.873835 7.169906 -0.700000
v 0.813953 7.135170 -0.700000
v 0.751091 7.095089 -0.700000
v 0.685246 7.049665 -0.700000
v 0.616421 6.998897 -0.700000
v 0.544614 6.942784 -0.700000
v 0.469825 6.881328 -0.700000
v 0.401900 6.822656 -0.700000
v 0.339880 6.765447 -0.700000
v 0.283768 6.709700 -0.700000
v 0.233562 6.655416 -0.700000
v 0.189263 6.602594 -0.700000
v 0.150870 6.551235 -0.700000
v 0.118384 6.501338 -0.700000
v 0.091805 6.452905 -0.700000
v 0.071132 6.405933 -0.700000
v 0.056365 6.360425 -0.700000
v 0.047505 6.316378 -0.700000
v 0.044552 6.273795 -0.700000
v 0.045480 6.245275 -0.700000
v 0.048265 6.217767 -0.700000
v 0.052906 6.191272 -0.700000
v 0.059403 6.165789 -0.700000
v 0.067756 6.141319 -0.700000
v 0.077966 6.117861 -0.700000
v 0.090033 6.095416 -0.700000
v 0.103955 6.073984 -0.700000
v 0.119734 6.053564 -0.700000
v 0.137369 6.034156 -0.700000
v 0.156861 6.015761 -0.700000
v 0.178209 5.998380 -0.700000
v 0.194578 5.986735 -0.700000
v 0.211286 5.976103 -0.700000
v 0.228330 5.966484 -0.700000
v 0.245713 5.957877 -0.700000
v 0.263432 5.950283 -0.700000
v 0.281490 5.943701 -0.700000
v 0.299884 5.938132 -0.700000
v 0.318617 5.933576 -0.700000
v 0.337687 5.930032 -0.700000
v 0.357094 5.927500 -0.700000
v 0.376839 5.925982 -0.700000
v 0.396921 5.925476 -0.700000
v 0.425666 5.926882 -0.700000
v 0.453849 5.931101 -0.700000
v 0.481470 5.938133 -0.700000
v 0.508527 5.947977 -0.700000
v 0.535023 5.960634 -0.700000
v 0.560955 5.976103 -0.700000
v 0.586325 5.994386 -0.700000
v 0.611133 6.015481 -0.700000
v 0.635378 6.039388 -0.700000
v 0.659060 6.066108 -0.700000
v 0.682180 6.095641 -0.700000
v 0.704738 6.127987 -0.700000
v 0.742793 6.183424 -0.700000
v 0.782705 6.239031 -0.700000
v 0.824473 6.294806 -0.700000
v 0.868097 6.350749 -0.700000
v 0.913578 6.406862 -0.700000
v 0.960915 6.463143 -0.700000
v 1.010108 6.519593 -0.700000
v 1.061157 6.576211 -0.700000
v 1.114064 6.632999 -0.700000
v 1.168826 6.689955 -0.700000
v 1.225445 6.747080 -0.700000
v 1.283920 6.804374 -0.700000
v 1.304621 6.825244 -0.700000
v 1.323522 6.846002 -0.700000
v 1.340623 6.866647 -0.700000
v 1.355924 6.887179 -0.700000
v 1.369424 6.907599 -0.700000
v 1.381125 6.927907 -0.700000
v 1.391026 6.948102 -0.700000
v 1.399126 6.968184 -0.700000
v 1.405427 6.988154 -0.700000
v 1.409927 7.008012 -0.700000
v 1.412627 7.027757 -0.700000
v 1.413527 7.047387 -0.700000
v 1.413077 7.060803 -0.700000
v 1.411727 7.074051 -0.700000
v 1.409477 7.087130 -0.700000
v 1.406327 7.100040 -0.700000
v 1.402277 7.112782 -0.700000
v 1.397326 7.125354 -0.700000
v 1.391476 7.137758 -0.700000
v 1.384726 7.149993 -0.700000
v 1.377075 7.162060 -0.700000
v 1.368525 7.173957 -0.700000
v 1.359074 7.185686 -0.700000
v 14.657755 1.506683 -0.700001
v 14.561309 1.516921 -0.700001
v 14.429930 1.528734 -0.700001
v 14.263618 1.542122 -0.700001
v 14.062372 1.557086 -0.700001
v 13.826194 1.573624 -0.700001
v 13.555082 1.591737 -0.700001
v 13.249038 1.611426 -0.700001
v 12.908060 1.632690 -0.700001
v 12.532149 1.655528 -0.700001
v 12.121305 1.679942 -0.700001
v 11.675527 1.705931 -0.700001
v 11.194815 1.733495 -0.700001
v 11.172764 1.889541 -0.700001
v 11.149813 2.056613 -0.700001
v 11.125961 2.234710 -0.700001
v 11.101210 2.423833 -0.700001
v 11.075559 2.623982 -0.700001
v 11.049007 2.835156 -0.700001
v 11.021556 3.057356 -0.700001
v 10.993204 3.290581 -0.700001
v 10.963952 3.534832 -0.700001
v 10.933801 3.790109 -0.700001
v 10.902749 4.056411 -0.700001
v 10.870796 4.333738 -0.700001
v 10.869502 4.347548 -0.700001
v 10.868320 4.360627 -0.700001
v 10.867251 4.372975 -0.700001
v 10.866295 4.384591 -0.700001
v 10.865451 4.395476 -0.700001
v 10.864719 4.405630 -0.700001
v 10.864100 4.415052 -0.700001
v 10.863594 4.423743 -0.700001
v 10.863200 4.431703 -0.700001
v 10.862919 4.438931 -0.700001
v 10.862750 4.445429 -0.700001
v 10.862696 4.451195 -0.700001
v 10.863567 4.469308 -0.700001
v 10.866183 4.485847 -0.700001
v 10.870543 4.500810 -0.700001
v 10.876646 4.514198 -0.700001
v 10.884494 4.526011 -0.700001
v 10.894085 4.536249 -0.700001
v 10.905420 4.544912 -0.700001
v 10.918499 4.552000 -0.700001
v 10.933322 4.557513 -0.700001
v 10.949888 4.561450 -0.700001
v 10.968199 4.563813 -0.700001
v 10.988253 4.564601 -0.700001
v 10.998773 4.564460 -0.700001
v 11.011430 4.564038 -0.700001
v 11.026224 4.563335 -0.700001
v 11.043157 4.562350 -0.700001
v 11.062226 4.561085 -0.700001
v 11.083434 4.559538 -0.700001
v 11.106779 4.557710 -0.700001
v 11.132261 4.555600 -0.700001
v 11.159882 4.553209 -0.700001
v 11.189639 4.550537 -0.700001
v 11.221535 4.547584 -0.700001
v 11.255568 4.544350 -0.700001
v 11.309683 4.539287 -0.700001
v 11.373474 4.533549 -0.700001
v 11.446940 4.527136 -0.700001
v 11.530083 4.520049 -0.700001
v 11.622900 4.512286 -0.700001
v 11.725393 4.503848 -0.700001
v 11.837562 4.494735 -0.700001
v 11.959406 4.484947 -0.700001
v 12.090925 4.474483 -0.700001
v 12.232121 4.463346 -0.700001
v 12.382991 4.451532 -0.700001
v 12.543537 4.439044 -0.700001
v 12.728076 4.424305 -0.700001
v 12.907721 4.409792 -0.700001
v 13.082471 4.395504 -0.700001
v 13.252327 4.381440 -0.700001
v 13.417290 4.367602 -0.700001
v 13.577358 4.353989 -0.700001
v 13.732533 4.340600 -0.700001
v 13.882812 4.327437 -0.700001
v 14.028198 4.314499 -0.700001
v 14.168691 4.301786 -0.700001
v 14.304289 4.289298 -0.700001
v 14.434992 4.277035 -0.700001
v 14.448887 4.275741 -0.700001
v 14.462219 4.274560 -0.700001
v 14.474989 4.273491 -0.700001
v 14.487196 4.272535 -0.700001
v 14.498840 4.271692 -0.700001
v 14.509922 4.270960 -0.700001
v 14.520441 4.270341 -0.700001
v 14.530398 4.269835 -0.700001
v 14.539793 4.269441 -0.700001
v 14.548625 4.269160 -0.700001
v 14.556894 4.268991 -0.700001
v 14.564600 4.268935 -0.700001
v 14.601755 4.269919 -0.700001
v 14.637616 4.272872 -0.700001
v 14.672184 4.277794 -0.700001
v 14.705458 4.284685 -0.700001
v 14.737437 4.293544 -0.700001
v 14.768124 4.304373 -0.700001
v 14.797516 4.317170 -0.700001
v 14.825614 4.331936 -0.700001
v 14.852419 4.348671 -0.700001
v 14.877930 4.367375 -0.700001
v 14.902146 4.388048 -0.700001
v 14.925070 4.410692 -0.700001
v 14.943183 4.431449 -0.700001
v 14.959722 4.453219 -0.700001
v 14.974685 4.476002 -0.700001
v 14.988073 4.499797 -0.700001
v 14.999887 4.524604 -0.700001
v 15.010124 4.550425 -0.700001
v 15.018787 4.577257 -0.700001
v 15.025875 4.605103 -0.700001
v 15.031388 4.633960 -0.700001
v 15.035326 4.663831 -0.700001
v 15.037688 4.694714 -0.700001
v 15.038476 4.726610 -0.700002
v 15.036675 4.783060 -0.700002
v 15.031275 4.836303 -0.700002
v 15.022274 4.886341 -0.700002
v 15.009673 4.933171 -0.700002
v 14.993472 4.976796 -0.700002
v 14.973671 5.017213 -0.700002
v 14.950270 5.054425 -0.700002
v 14.923268 5.088430 -0.700002
v 14.892667 5.119228 -0.700002
v 14.858465 5.146821 -0.700002
v 14.820663 5.171206 -0.700002
v 14.779262 5.192385 -0.700001
v 14.762498 5.199051 -0.700001
v 14.741909 5.205549 -0.700001
v 14.717495 5.211877 -0.700001
v 14.689256 5.218037 -0.700001
v 14.657191 5.224028 -0.700001
v 14.621302 5.229850 -0.700001
v 14.581587 5.235504 -0.700001
v 14.538047 5.240988 -0.700001
v 14.490682 5.246304 -0.700001
v 14.439491 5.251451 -0.700001
v 14.384476 5.256430 -0.700001
v 14.325637 5.261240 -0.700001
v 13.786985 5.305398 -0.700001
v 13.291593 5.346069 -0.700001
v 12.839458 5.383252 -0.700001
v 12.430583 5.416948 -0.700001
v 12.064966 5.447156 -0.700001
v 11.742608 5.473876 -0.700001
v 11.463509 5.497108 -0.700001
v 11.227668 5.516853 -0.700001
v 11.035086 5.533111 -0.700001
v 10.885762 5.545880 -0.700001
v 10.779697 5.555161 -0.700001
v 10.716887 5.560956 -0.700001
v 10.704906 5.562249 -0.700001
v 10.693261 5.563430 -0.700001
v 10.681954 5.564499 -0.700001
v 10.670985 5.565456 -0.700001
v 10.660354 5.566300 -0.700001
v 10.650060 5.567031 -0.700001
v 10.640103 5.567650 -0.700001
v 10.630484 5.568157 -0.700001
v 10.621202 5.568551 -0.700001
v 10.612257 5.568832 -0.700001
v 10.603650 5.569001 -0.700001
v 10.595381 5.569057 -0.700001
v 10.511198 5.566019 -0.700001
v 10.431459 5.556906 -0.700001
v 10.356165 5.541718 -0.700001
v 10.285315 5.520454 -0.700001
v 10.218908 5.493115 -0.700001
v 10.156945 5.459701 -0.700001
v 10.099426 5.420211 -0.700001
v 10.046351 5.374646 -0.700001
v 9.997721 5.323006 -0.700001
v 9.953534 5.265290 -0.700001
v 9.913792 5.201499 -0.700001
v 9.878491 5.131632 -0.700001
v 9.866847 5.104462 -0.700001
v 9.856215 5.076954 -0.700001
v 9.846597 5.049109 -0.700001
v 9.837990 5.020926 -0.700001
v 9.830396 4.992405 -0.700001
v 9.823814 4.963548 -0.700001
v 9.818245 4.934352 -0.700001
v 9.813688 4.904819 -0.700001
v 9.810144 4.874949 -0.700001
v 9.807613 4.844741 -0.700001
v 9.806094 4.814196 -0.700001
v 9.805588 4.783313 -0.700001
v 9.805784 4.772541 -0.700001
v 9.806375 4.759124 -0.700001
v 9.807359 4.743064 -0.700001
v 9.808737 4.724360 -0.700001
v 9.810509 4.703012 -0.700001
v 9.812675 4.679020 -0.700001
v 9.815234 4.652384 -0.700001
v 9.818188 4.623105 -0.700001
v 9.821535 4.591181 -0.700001
v 9.825275 4.556613 -0.700001
v 9.829410 4.519402 -0.700001
v 9.833939 4.479546 -0.700001
v 9.870981 4.172742 -0.700001
v 9.906506 3.880113 -0.700001
v 9.940511 3.601661 -0.700001
v 9.972997 3.337384 -0.700001
v 10.003964 3.087283 -0.700001
v 10.033413 2.851357 -0.700001
v 10.061342 2.629608 -0.700001
v 10.087753 2.422034 -0.700001
v 10.112645 2.228636 -0.700001
v 10.136018 2.049413 -0.700001
v 10.157872 1.884367 -0.700001
v 10.178208 1.733495 -0.700001
v 10.135512 1.713104 -0.700001
v 10.096529 1.689730 -0.700001
v 10.061258 1.663376 -0.700001
v 10.029700 1.634040 -0.700001
v 10.001855 1.601722 -0.700001
v 9.977722 1.566424 -0.700001
v 9.957302 1.528143 -0.700001
v 9.940595 1.486882 -0.700001
v 9.927600 1.442639 -0.700001
v 9.918318 1.395414 -0.700001
v 9.912748 1.345208 -0.700001
v 9.910893 1.292021 -0.700001
v 9.912862 1.239509 -0.700001
v 9.918768 1.189978 -0.700001
v 9.928612 1.143428 -0.700001
v 9.942393 1.099860 -0.700001
v 9.960113 1.059274 -0.700001
v 9.981770 1.021669 -0.700001
v 10.007364 0.987045 -0.700001
v 10.036897 0.955402 -0.700001
v 10.070367 0.926741 -0.700001
v 10.107775 0.901062 -0.700001
v 10.149120 0.878364 -0.700001
v 10.194408 0.858647 -0.700001
v 10.213704 0.852066 -0.700001
v 10.236487 0.845821 -0.700001
v 10.262758 0.839915 -0.700001
v 10.292517 0.834346 -0.700001
v 10.325763 0.829114 -0.700001
v 10.362496 0.824220 -0.700001
v 10.402718 0.819664 -0.700001
v 10.446426 0.815445 -0.700001
v 10.493623 0.811563 -0.700001
v 10.544307 0.808019 -0.700001
v 10.598478 0.804813 -0.700001
v 10.656136 0.801944 -0.700001
v 10.856115 0.792100 -0.700001
v 11.078033 0.780118 -0.700001
v 11.321891 0.765998 -0.700001
v 11.587687 0.749741 -0.700001
v 11.875421 0.731346 -0.700001
v 12.185094 0.710814 -0.700001
v 12.516706 0.688144 -0.700001
v 12.870256 0.663336 -0.700001
v 13.245746 0.636391 -0.700001
v 13.643174 0.607308 -0.700001
v 14.062541 0.576088 -0.700001
v 14.503846 0.542730 -0.700001
v 14.517684 0.541436 -0.700001
v 14.530848 0.540255 -0.700001
v 14.543336 0.539186 -0.700001
v 14.555149 0.538230 -0.700001
v 14.566287 0.537386 -0.700001
v 14.576750 0.536654 -0.700001
v 14.586538 0.536036 -0.700001
v 14.595652 0.535529 -0.700001
v 14.604090 0.535136 -0.700001
v 14.611853 0.534854 -0.700001
v 14.618940 0.534686 -0.700001
v 14.625353 0.534629 -0.700001
v 14.700395 0.538033 -0.700001
v 14.768911 0.548243 -0.700001
v 14.830902 0.565259 -0.700001
v 14.886368 0.589082 -0.700001
v 14.935308 0.619712 -0.700001
v 14.977723 0.657149 -0.700001
v 15.013613 0.701392 -0.700001
v 15.042977 0.752441 -0.700001
v 15.065816 0.810298 -0.700001
v 15.082129 0.874961 -0.700001
v 15.091918 0.946430 -0.700001
v 15.095179 1.024706 -0.700001
v 15.092141 1.093644 -0.700001
v 15.083028 1.157351 -0.700001
v 15.067840 1.215826 -0.700001
v 15.046576 1.269070 -0.700001
v 15.019237 1.317082 -0.700001
v 14.985823 1.359862 -0.700001
v 14.946333 1.397411 -0.700001
v 14.900768 1.429729 -0.700001
v 14.849128 1.456814 -0.700001
v 14.791412 1.478669 -0.700001
v 14.727621 1.495291 -0.700001
v 19.736732 4.852167 -0.700002
v 19.714935 4.868986 -0.700002
v 19.692743 4.884343 -0.700002
v 19.670158 4.898238 -0.700002
v 19.647179 4.910670 -0.700002
v 19.623806 4.921639 -0.700002
v 19.600039 4.931146 -0.700002
v 19.575878 4.939190 -0.700002
v 19.551323 4.945772 -0.700002
v 19.526375 4.950891 -0.700002
v 19.501034 4.954547 -0.700002
v 19.475298 4.956741 -0.700002
v 19.449169 4.957472 -0.700002
v 19.414377 4.955700 -0.700002
v 19.378853 4.950385 -0.700002
v 19.342598 4.941525 -0.700002
v 19.305613 4.929121 -0.700002
v 19.267895 4.913173 -0.700002
v 19.229446 4.893682 -0.700002
v 19.190266 4.870646 -0.700002
v 19.150354 4.844067 -0.700002
v 19.109711 4.813943 -0.700002
v 19.068336 4.780275 -0.700002
v 19.026230 4.743064 -0.700002
v 18.983393 4.702309 -0.700002
v 18.878931 4.598381 -0.700002
v 18.774807 4.490459 -0.700002
v 18.671021 4.378544 -0.700002
v 18.567572 4.262634 -0.700002
v 18.464460 4.142731 -0.700002
v 18.361687 4.018833 -0.700002
v 18.259251 3.890942 -0.700002
v 18.157150 3.759056 -0.700002
v 18.055387 3.623177 -0.700002
v 17.953962 3.483304 -0.700002
v 17.852875 3.339437 -0.700002
v 17.752125 3.191576 -0.700002
v 17.646032 3.029651 -0.700002
v 17.549164 2.875996 -0.700002
v 17.461521 2.730609 -0.700002
v 17.383104 2.593493 -0.700002
v 17.313913 2.464645 -0.700002
v 17.253948 2.344066 -0.700002
v 17.203207 2.231757 -0.700002
v 17.161692 2.127717 -0.700002
v 17.129402 2.031946 -0.700002
v 17.106339 1.944445 -0.700002
v 17.092501 1.865212 -0.700002
v 17.087889 1.794249 -0.700002
v 17.089661 1.745927 -0.700002
v 17.094976 1.699518 -0.700002
v 17.103836 1.655022 -0.700002
v 17.116240 1.612439 -0.700002
v 17.132187 1.571768 -0.700002
v 17.151678 1.533009 -0.700002
v 17.174713 1.496163 -0.700002
v 17.201292 1.461230 -0.700002
v 17.231415 1.428210 -0.700002
v 17.265081 1.397102 -0.700002
v 17.302292 1.367906 -0.700002
v 17.343052 1.340624 -0.700002
v 17.369379 1.324451 -0.700002
v 17.395706 1.309684 -0.700002
v 17.422033 1.296324 -0.700002
v 17.448360 1.284370 -0.700002
v 17.474688 1.273823 -0.700002
v 17.501015 1.264682 -0.700002
v 17.527342 1.256947 -0.700002
v 17.553669 1.250619 -0.700002
v 17.579996 1.245697 -0.700002
v 17.606323 1.242181 -0.700002
v 17.632650 1.240071 -0.700002
v 17.658970 1.239368 -0.700002
v 17.711143 1.241309 -0.700002
v 17.761011 1.247131 -0.700002
v 17.808573 1.256835 -0.700002
v 17.853828 1.270420 -0.700002
v 17.896778 1.287886 -0.700002
v 17.937422 1.309234 -0.700002
v 17.975758 1.334464 -0.700002
v 18.011787 1.363575 -0.700002
v 18.045511 1.396567 -0.700002
v 18.076929 1.433441 -0.700002
v 18.106041 1.474197 -0.700002
v 18.132847 1.518834 -0.700002
v 18.136108 1.524740 -0.700002
v 18.140495 1.533009 -0.700002
v 18.146008 1.543641 -0.700002
v 18.152645 1.556635 -0.700002
v 18.160408 1.571993 -0.700002
v 18.169296 1.589712 -0.700002
v 18.179310 1.609795 -0.700002
v 18.190449 1.632240 -0.700002
v 18.202711 1.657047 -0.700002
v 18.216099 1.684218 -0.700002
v 18.230612 1.713750 -0.700002
v 18.246252 1.745646 -0.700002
v 18.365622 1.995916 -0.700002
v 18.486116 2.239098 -0.700002
v 18.607737 2.475192 -0.700002
v 18.730480 2.704199 -0.700002
v 18.854349 2.926117 -0.700002
v 18.979343 3.140948 -0.700002
v 19.105463 3.348690 -0.700002
v 19.232708 3.549345 -0.700002
v 19.361078 3.742912 -0.700002
v 19.490572 3.929391 -0.700002
v 19.621191 4.108782 -0.700002
v 19.752935 4.281085 -0.700002
v 19.770403 4.304852 -0.700002
v 19.786350 4.328901 -0.700002
v 19.800779 4.353230 -0.700002
v 19.813690 4.377841 -0.700002
v 19.825081 4.402733 -0.700002
v 19.834953 4.427906 -0.700002
v 19.843307 4.453361 -0.700002
v 19.850142 4.479096 -0.700002
v 19.855457 4.505114 -0.700002
v 19.859255 4.531412 -0.700002
v 19.861532 4.557992 -0.700002
v 19.862291 4.584852 -0.700002
v 19.861420 4.611460 -0.700002
v 19.858805 4.637280 -0.700002
v 19.854445 4.662313 -0.700002
v 19.848341 4.686558 -0.700002
v 19.840494 4.710015 -0.700002
v 19.830902 4.732685 -0.700002
v 19.819567 4.754568 -0.700002
v 19.806488 4.775662 -0.700002
v 19.791664 4.795970 -0.700002
v 19.775097 4.815490 -0.700002
v 19.756786 4.834222 -0.700002
v 22.693396 4.394492 -0.700002
v 22.667379 4.457889 -0.700002
v 22.637932 4.515773 -0.700002
v 22.605053 4.568144 -0.700002
v 22.568741 4.615003 -0.700002
v 22.528997 4.656349 -0.700002
v 22.485823 4.692183 -0.700002
v 22.439217 4.722503 -0.700002
v 22.389179 4.747311 -0.700002
v 22.335711 4.766605 -0.700002
v 22.278811 4.780387 -0.700002
v 22.218479 4.788657 -0.700002
v 22.154716 4.791413 -0.700002
v 22.134521 4.791048 -0.700002
v 22.114439 4.789951 -0.700002
v 22.094469 4.788123 -0.700002
v 22.074612 4.785563 -0.700002
v 22.054867 4.782272 -0.700002
v 22.035234 4.778250 -0.700002
v 22.015715 4.773497 -0.700002
v 21.996307 4.768012 -0.700002
v 21.977013 4.761796 -0.700002
v 21.957830 4.754849 -0.700002
v 21.938761 4.747170 -0.700002
v 21.919804 4.738760 -0.700002
v 21.868698 4.713165 -0.700002
v 21.822037 4.684982 -0.700002
v 21.779819 4.654212 -0.700002
v 21.742046 4.620854 -0.700002
v 21.708717 4.584908 -0.700002
v 21.679831 4.546375 -0.700002
v 21.655388 4.505254 -0.700002
v 21.635389 4.461545 -0.700002
v 21.619835 4.415249 -0.700002
v 21.608725 4.366365 -0.700002
v 21.602058 4.314893 -0.700002
v 21.599836 4.260834 -0.700002
v 21.602425 4.208688 -0.700002
v 21.610188 4.150804 -0.700002
v 21.623125 4.087181 -0.700002
v 21.641239 4.017821 -0.700002
v 21.664528 3.942723 -0.700002
v 21.692991 3.861887 -0.700002
v 21.726631 3.775314 -0.700002
v 21.765446 3.683002 -0.700002
v 21.809435 3.584953 -0.700002
v 21.858601 3.481166 -0.700002
v 21.912941 3.371642 -0.700002
v 21.972456 3.256379 -0.700002
v 22.058523 3.097942 -0.700002
v 22.147966 2.942599 -0.700002
v 22.240784 2.790350 -0.700002
v 22.336977 2.641195 -0.700002
v 22.436544 2.495134 -0.700002
v 22.539488 2.352167 -0.700002
v 22.645805 2.212293 -0.700002
v 22.755499 2.075514 -0.700002
v 22.868568 1.941829 -0.700002
v 22.985012 1.811237 -0.700002
v 23.104832 1.683740 -0.700002
v 23.228025 1.559336 -0.700002
v 23.317862 1.473297 -0.700002
v 23.403761 1.394739 -0.700002
v 23.485722 1.323663 -0.700002
v 23.563745 1.260069 -0.700002
v 23.637831 1.203957 -0.700002
v 23.707979 1.155326 -0.700002
v 23.774189 1.114177 -0.700002
v 23.836462 1.080509 -0.700002
v 23.894796 1.054324 -0.700002
v 23.949194 1.035619 -0.700002
v 23.999653 1.024397 -0.700002
v 24.046171 1.020656 -0.700002
v 24.071627 1.021612 -0.700002
v 24.096687 1.024481 -0.700002
v 24.121355 1.029263 -0.700002
v 24.145628 1.035957 -0.700002
v 24.169508 1.044564 -0.700002
v 24.192993 1.055083 -0.700002
v 24.216085 1.067515 -0.700002
v 24.238783 1.081859 -0.700002
v 24.261087 1.098117 -0.700002
v 24.282997 1.116286 -0.700002
v 24.304514 1.136369 -0.700002
v 24.325636 1.158364 -0.700002
v 24.341808 1.176815 -0.700002
v 24.356575 1.195716 -0.700002
v 24.369936 1.215067 -0.700002
v 24.381889 1.234868 -0.700002
v 24.392437 1.255119 -0.700002
v 24.401579 1.275820 -0.700002
v 24.409313 1.296971 -0.700002
v 24.415642 1.318572 -0.700002
v 24.420565 1.340624 -0.700002
v 24.424080 1.363125 -0.700002
v 24.426189 1.386076 -0.700002
v 24.426891 1.409477 -0.700002
v 24.425711 1.437942 -0.700002
v 24.422167 1.466631 -0.700002
v 24.416260 1.495545 -0.700002
v 24.407991 1.524684 -0.700002
v 24.397360 1.554048 -0.700002
v 24.384365 1.583637 -0.700002
v 24.369009 1.613451 -0.700002
v 24.351290 1.643490 -0.700002
v 24.331207 1.673755 -0.700002
v 24.308762 1.704244 -0.700002
v 24.283955 1.734958 -0.700002
v 24.256783 1.765897 -0.700002
v 24.094324 1.949367 -0.700002
v 23.937716 2.139305 -0.700002
v 23.786957 2.335713 -0.700002
v 23.642048 2.538589 -0.700002
v 23.502991 2.747935 -0.700002
v 23.369783 2.963750 -0.700002
v 23.242426 3.186034 -0.700002
v 23.120918 3.414788 -0.700002
v 23.005262 3.650010 -0.700002
v 22.895456 3.891701 -0.700002
v 22.791500 4.139862 -0.700002
v -22.766304 0.413123 0.700002
v -22.625559 0.562334 0.700002
v -22.481438 0.711602 0.700002
v -22.333942 0.860925 0.700002
v -22.183071 1.010306 0.700002
v -22.028826 1.159742 0.700002
v -21.871204 1.309234 0.700002
v -21.710209 1.458783 0.700002
v -21.545837 1.608388 0.700002
v -21.378090 1.758050 0.700002
v -21.206968 1.907767 0.700002
v -21.032471 2.057541 0.700002
v -20.854597 2.207371 0.700002
v -20.663673 2.017376 0.700002
v -20.471626 1.833513 0.700002
v -20.278454 1.655782 0.700002
v -20.084156 1.484182 0.700002
v -19.888733 1.318713 0.700002
v -19.692184 1.159376 0.700002
v -19.494511 1.006171 0.700002
v -19.295712 0.859097 0.700002
v -19.095789 0.718155 0.700002
v -18.894741 0.583345 0.700002
v -18.692568 0.454666 0.700002
v -18.489267 0.332118 0.700002
v -18.407137 0.284894 0.700002
v -18.329508 0.241776 0.700002
v -18.256378 0.202764 0.700002
v -18.187750 0.167859 0.700002
v -18.123621 0.137061 0.700002
v -18.063993 0.110369 0.700002
v -18.008865 0.087783 0.700002
v -17.958237 0.069304 0.700002
v -17.912109 0.054931 0.700002
v -17.870481 0.044665 0.700002
v -17.833355 0.038505 0.700002
v -17.800730 0.036452 0.700002
v -17.765627 0.037802 0.700002
v -17.731874 0.041852 0.700002
v -17.699472 0.048603 0.700002
v -17.668421 0.058053 0.700002
v -17.638720 0.070204 0.700002
v -17.610369 0.085055 0.700002
v -17.583366 0.102606 0.700002
v -17.557714 0.122857 0.700002
v -17.533413 0.145808 0.700002
v -17.510462 0.171459 0.700002
v -17.488861 0.199811 0.700002
v -17.468611 0.230863 0.700001
v -17.458260 0.248329 0.700001
v -17.448809 0.265627 0.700001
v -17.440258 0.282756 0.700001
v -17.432608 0.299717 0.700001
v -17.425858 0.316508 0.700001
v -17.420008 0.333131 0.700001
v -17.415058 0.349585 0.700001
v -17.411009 0.365870 0.700001
v -17.407858 0.381987 0.700001
v -17.405607 0.397934 0.700001
v -17.404257 0.413713 0.700001
v -17.403809 0.429324 0.700001
v -17.404963 0.458800 0.700001
v -17.408422 0.487827 0.700001
v -17.414188 0.516403 0.700001
v -17.422260 0.544530 0.700001
v -17.432638 0.572206 0.700001
v -17.445324 0.599433 0.700001
v -17.460316 0.626209 0.700001
v -17.477613 0.652536 0.700001
v -17.497217 0.678412 0.700001
v -17.519127 0.703839 0.700001
v -17.543344 0.728815 0.700001
v -17.569868 0.753341 0.700001
v -17.578053 0.760261 0.700001
v -17.589106 0.768867 0.700001
v -17.603027 0.779162 0.700001
v -17.619818 0.791144 0.700001
v -17.639479 0.804813 0.700001
v -17.662008 0.820170 0.700001
v -17.687407 0.837215 0.700001
v -17.715673 0.855947 0.700001
v -17.746809 0.876367 0.700001
v -17.780815 0.898474 0.700001
v -17.817690 0.922270 0.700001
v -17.857433 0.947752 0.700001
v -18.021383 1.054633 0.700002
v -18.186514 1.167364 0.700002
v -18.352825 1.285946 0.700002
v -18.520319 1.410378 0.700002
v -18.688993 1.540660 0.700002
v -18.858850 1.676792 0.700002
v -19.029888 1.818775 0.700002
v -19.202106 1.966608 0.700002
v -19.375507 2.120291 0.700002
v -19.550089 2.279825 0.700002
v -19.725851 2.445209 0.700002
v -19.902796 2.616444 0.700002
v -20.078390 2.793078 0.700002
v -20.246052 2.969263 0.700002
v -20.405783 3.144998 0.700002
v -20.557581 3.320282 0.700002
v -20.701448 3.495117 0.700002
v -20.837383 3.669501 0.700002
v -20.965387 3.843436 0.700002
v -21.085459 4.016920 0.700002
v -21.197599 4.189954 0.700002
v -21.301809 4.362539 0.700002
v -21.398087 4.534673 0.700002
v -21.486433 4.706358 0.700002
v -21.500019 4.734598 0.700002
v -21.512423 4.761261 0.700002
v -21.523645 4.786350 0.700002
v -21.533686 4.809864 0.700002
v -21.542545 4.831803 0.700002
v -21.550224 4.852167 0.700002
v -21.556721 4.870955 0.700002
v -21.562037 4.888168 0.700002
v -21.566172 4.903807 0.700002
v -21.569124 4.917870 0.700002
v -21.570896 4.930358 0.700002
v -21.571486 4.941272 0.700002
v -21.570923 4.952916 0.700002
v -21.569235 4.963548 0.700002
v -21.566422 4.973167 0.700002
v -21.562485 4.981774 0.700002
v -21.557423 4.989368 0.700002
v -21.551235 4.995950 0.700002
v -21.543922 5.001519 0.700002
v -21.535484 5.006076 0.700002
v -21.525921 5.009620 0.700002
v -21.515232 5.012151 0.700002
v -21.503420 5.013670 0.700002
v -21.490482 5.014176 0.700002
v -21.480553 5.014035 0.700002
v -21.469667 5.013613 0.700002
v -21.457827 5.012910 0.700002
v -21.445028 5.011925 0.700002
v -21.431274 5.010660 0.700002
v -21.416565 5.009113 0.700002
v -21.400898 5.007285 0.700002
v -21.384275 5.005175 0.700002
v -21.366697 5.002784 0.700002
v -21.348162 5.000112 0.700002
v -21.328671 4.997159 0.700002
v -21.308222 4.993925 0.700002
v -21.258606 4.987258 0.700002
v -21.189415 4.979411 0.700002
v -21.100647 4.970383 0.700002
v -20.992304 4.960173 0.700002
v -20.864384 4.948781 0.700002
v -20.716888 4.936209 0.700002
v -20.549816 4.922455 0.700002
v -20.363169 4.907520 0.700002
v -20.156944 4.891403 0.700002
v -19.931145 4.874105 0.700002
v -19.685768 4.855627 0.700001
v -19.420818 4.835966 0.700001
v -19.374100 4.832619 0.700001
v -19.328451 4.829329 0.700001
v -19.283871 4.826094 0.700001
v -19.240358 4.822916 0.700001
v -19.197916 4.819794 0.700001
v -19.156542 4.816729 0.700001
v -19.116236 4.813719 0.700001
v -19.077000 4.810766 0.700001
v -19.038832 4.807869 0.700001
v -19.001734 4.805028 0.700001
v -18.965704 4.802243 0.700001
v -18.930742 4.799514 0.700001
v -18.917522 4.798220 0.700001
v -18.904865 4.797039 0.700001
v -18.892771 4.795970 0.700001
v -18.881239 4.795014 0.700001
v -18.870270 4.794170 0.700001
v -18.859863 4.793438 0.700001
v -18.850019 4.792819 0.700001
v -18.840738 4.792313 0.700001
v -18.832020 4.791919 0.700001
v -18.823864 4.791638 0.700001
v -18.816271 4.791469 0.700001
v -18.809235 4.791413 0.700001
v -18.755991 4.793101 0.700001
v -18.705616 4.798163 0.700001
v -18.658110 4.806602 0.700001
v -18.613472 4.818415 0.700001
v -18.571705 4.833603 0.700001
v -18.532806 4.852167 0.700001
v -18.496777 4.874105 0.700001
v -18.463615 4.899419 0.700001
v -18.433323 4.928108 0.700001
v -18.405899 4.960173 0.700001
v -18.381344 4.995612 0.700001
v -18.359659 5.034427 0.700001
v -18.351250 5.052175 0.700001
v -18.343571 5.070316 0.700001
v -18.336624 5.088852 0.700001
v -18.330408 5.107781 0.700001
v -18.324923 5.127104 0.700001
v -18.320169 5.146821 0.700001
v -18.316147 5.166931 0.700001
v -18.312857 5.187436 0.700001
v -18.310297 5.208333 0.700001
v -18.308468 5.229625 0.700001
v -18.307371 5.251311 0.700001
v -18.307007 5.273390 0.700001
v -18.309229 5.327815 0.700001
v -18.315895 5.379033 0.700001
v -18.327005 5.427045 0.700001
v -18.342560 5.471851 0.700001
v -18.362558 5.513450 0.700001
v -18.387001 5.551843 0.700001
v -18.415888 5.587029 0.700001
v -18.449217 5.619009 0.700001
v -18.486990 5.647782 0.700001
v -18.529207 5.673349 0.700001
v -18.575869 5.695710 0.700001
v -18.626974 5.714864 0.700001
v -18.644806 5.720152 0.700001
v -18.665901 5.725214 0.700001
v -18.690258 5.730052 0.700001
v -18.717878 5.734665 0.700001
v -18.748762 5.739053 0.700001
v -18.782907 5.743216 0.700001
v -18.820316 5.747154 0.700001
v -18.860987 5.750866 0.700001
v -18.904921 5.754354 0.700001
v -18.952118 5.757617 0.700001
v -19.002577 5.760654 0.700001
v -19.056299 5.763467 0.700001
v -19.250317 5.772552 0.700001
v -19.452997 5.783605 0.700001
v -19.664339 5.796628 0.700001
v -19.884344 5.811619 0.700001
v -20.113012 5.828579 0.700001
v -20.350344 5.847508 0.700002
v -20.596338 5.868406 0.700002
v -20.850996 5.891273 0.700002
v -21.114317 5.916108 0.700002
v -21.386301 5.942913 0.700002
v -21.666948 5.971686 0.700002
v -21.956257 6.002430 0.700002
v -21.968323 6.003724 0.700002
v -21.980221 6.004906 0.700002
v -21.991949 6.005975 0.700002
v -22.003510 6.006931 0.700002
v -22.014900 6.007775 0.700002
v -22.026123 6.008507 0.700002
v -22.037176 6.009126 0.700002
v -22.048061 6.009632 0.700002
v -22.058777 6.010026 0.700002
v -22.069324 6.010307 0.700002
v -22.079704 6.010476 0.700002
v -22.089916 6.010530 0.700002
v -22.147688 6.009096 0.700002
v -22.203547 6.004793 0.700002
v -22.257494 5.997621 0.700002
v -22.309528 5.987579 0.700002
v -22.359650 5.974669 0.700002
v -22.407858 5.958890 0.700002
v -22.454155 5.940242 0.700002
v -22.498539 5.918725 0.700002
v -22.541010 5.894340 0.700002
v -22.581568 5.867085 0.700002
v -22.620214 5.836961 0.700002
v -22.656946 5.803969 0.700002
v -22.687998 5.772861 0.700002
v -22.716349 5.740291 0.700002
v -22.742001 5.706257 0.700002
v -22.764952 5.670762 0.700002
v -22.785202 5.633803 0.700002
v -22.802753 5.595383 0.700002
v -22.817604 5.555499 0.700002
v -22.829754 5.514153 0.700002
v -22.839205 5.471344 0.700002
v -22.845955 5.427073 0.700002
v -22.850004 5.381340 0.700002
v -22.851357 5.334143 0.700002
v -22.849865 5.296791 0.700002
v -22.845392 5.256289 0.700002
v -22.837938 5.212636 0.700002
v -22.827503 5.165834 0.700002
v -22.814087 5.115881 0.700002
v -22.797689 5.062778 0.700002
v -22.778311 5.006526 0.700002
v -22.755951 4.947122 0.700002
v -22.730610 4.884569 0.700002
v -22.702286 4.818865 0.700002
v -22.670980 4.750011 0.700002
v -22.636696 4.678007 0.700002
v -22.564438 4.532002 0.700002
v -22.486725 4.384253 0.700002
v -22.403555 4.234760 0.700002
v -22.314928 4.083524 0.700002
v -22.220844 3.930543 0.700002
v -22.121304 3.775819 0.700002
v -22.016308 3.619351 0.700002
v -21.905855 3.461140 0.700002
v -21.789946 3.301184 0.700002
v -21.668579 3.139484 0.700002
v -21.541756 2.976041 0.700002
v -21.409477 2.810855 0.700002
v -21.628134 2.672528 0.700002
v -21.838577 2.535665 0.700002
v -22.040808 2.400263 0.700002
v -22.234825 2.266325 0.700002
v -22.420630 2.133848 0.700002
v -22.598221 2.002835 0.700002
v -22.767599 1.873284 0.700002
v -22.928764 1.745196 0.700002
v -23.081717 1.618570 0.700002
v -23.226456 1.493407 0.700002
v -23.362982 1.369707 0.700002
v -23.491291 1.247469 0.700002
v -23.544985 1.192537 0.700002
v -23.594009 1.138450 0.700002
v -23.638365 1.085207 0.700002
v -23.678051 1.032807 0.700002
v -23.713068 0.981251 0.700002
v -23.743416 0.930539 0.700002
v -23.769094 0.880670 0.700002
v -23.790106 0.831646 0.700002
v -23.806448 0.783465 0.700002
v -23.818121 0.736128 0.700002
v -23.825125 0.689635 0.700002
v -23.827461 0.643985 0.700002
v -23.826365 0.609221 0.700002
v -23.823072 0.575132 0.700002
v -23.817587 0.541717 0.700002
v -23.809908 0.508978 0.700002
v -23.800035 0.476914 0.700002
v -23.787970 0.445525 0.700002
v -23.773710 0.414810 0.700002
v -23.757256 0.384771 0.700002
v -23.738607 0.355407 0.700002
v -23.717766 0.326718 0.700002
v -23.694731 0.298704 0.700002
v -23.669502 0.271365 0.700002
v -23.642107 0.244195 0.700002
v -23.613924 0.219387 0.700002
v -23.584953 0.196942 0.700002
v -23.555195 0.176860 0.700002
v -23.524649 0.159140 0.700002
v -23.493317 0.143783 0.700002
v -23.461197 0.130788 0.700002
v -23.428289 0.120157 0.700002
v -23.394594 0.111887 0.700002
v -23.360111 0.105981 0.700002
v -23.324841 0.102437 0.700002
v -23.288782 0.101256 0.700002
v -23.253342 0.102353 0.700002
v -23.218576 0.105643 0.700002
v -23.184486 0.111128 0.700002
v -23.151072 0.118807 0.700002
v -23.118332 0.128679 0.700002
v -23.086267 0.140745 0.700002
v -23.054878 0.155005 0.700002
v -23.024164 0.171459 0.700002
v -22.994125 0.190107 0.700002
v -22.964762 0.210949 0.700002
v -22.936073 0.233985 0.700002
v -22.908060 0.259214 0.700002
v -22.903982 0.263377 0.700002
v -22.898497 0.269115 0.700002
v -22.891605 0.276428 0.700002
v -22.883308 0.285316 0.700002
v -22.873606 0.295779 0.700002
v -22.862495 0.307817 0.700002
v -22.849979 0.321430 0.700002
v -22.836058 0.336619 0.700002
v -22.820728 0.353382 0.700002
v -22.803993 0.371720 0.700002
v -22.785852 0.391634 0.700002
v -12.486837 6.330498 0.700001
v -12.524105 6.311991 0.700001
v -12.558953 6.291571 0.700001
v -12.591383 6.269239 0.700001
v -12.621394 6.244994 0.700001
v -12.648986 6.218836 0.700001
v -12.674159 6.190765 0.700001
v -12.696914 6.160782 0.700001
v -12.717249 6.128887 0.700001
v -12.735166 6.095078 0.700001
v -12.750664 6.059358 0.700001
v -12.763742 6.021724 0.700001
v -12.774403 5.982179 0.700001
v -14.236534 6.038882 0.700001
v -14.365269 6.039276 0.700001
v -14.482809 6.029657 0.700001
v -14.589155 6.010025 0.700001
v -14.684307 5.980379 0.700001
v -14.768265 5.940721 0.700001
v -14.841028 5.891049 0.700001
v -14.902597 5.831364 0.700001
v -14.952971 5.761667 0.700001
v -14.992151 5.681956 0.700001
v -15.020137 5.592233 0.700001
v -15.036928 5.492496 0.700001
v -15.042526 5.382746 0.700001
v -15.040248 5.310348 0.700001
v -15.033413 5.232213 0.700001
v -15.022022 5.148339 0.700001
v -15.006075 5.058728 0.700001
v -14.985571 4.963379 0.700001
v -14.960510 4.862293 0.700001
v -14.930893 4.755468 0.700001
v -14.896719 4.642906 0.700001
v -14.857989 4.524605 0.700001
v -14.814703 4.400567 0.700001
v -14.766860 4.270791 0.700001
v -14.714459 4.135277 0.700001
v -14.558863 3.768338 0.700001
v -14.386391 3.412763 0.700001
v -14.197042 3.068550 0.700001
v -13.990819 2.735701 0.700001
v -13.767719 2.414214 0.700001
v -13.527743 2.104091 0.700001
v -13.270892 1.805331 0.700001
v -12.997165 1.517934 0.700001
v -12.706561 1.241900 0.700001
v -12.399082 0.977229 0.700001
v -12.074727 0.723921 0.700001
v -11.733496 0.481977 0.700001
v -11.572414 0.375236 0.700001
v -11.419940 0.277778 0.700001
v -11.276073 0.189601 0.700001
v -11.140812 0.110706 0.700001
v -11.014158 0.041093 0.700001
v -10.896111 -0.019239 0.700001
v -10.786671 -0.070288 0.700001
v -10.685837 -0.112056 0.700001
v -10.593610 -0.144542 0.700001
v -10.509990 -0.167747 0.700001
v -10.434977 -0.181669 0.700001
v -10.368570 -0.186310 0.700001
v -10.336084 -0.185129 0.700001
v -10.304780 -0.181585 0.700001
v -10.274656 -0.175678 0.700001
v -10.245714 -0.167409 0.700001
v -10.217954 -0.156777 0.700001
v -10.191374 -0.143783 0.700001
v -10.165976 -0.128426 0.700001
v -10.141759 -0.110706 0.700001
v -10.118723 -0.090624 0.700001
v -10.096869 -0.068179 0.700001
v -10.076196 -0.043371 0.700001
v -10.056704 -0.016201 0.700001
v -10.045059 0.002644 0.700001
v -10.034428 0.021376 0.700001
v -10.024808 0.039996 0.700001
v -10.016201 0.058503 0.700001
v -10.008607 0.076898 0.700001
v -10.002026 0.095180 0.700001
v -9.996456 0.113350 0.700001
v -9.991899 0.131407 0.700001
v -9.988356 0.149352 0.700001
v -9.985825 0.167184 0.700001
v -9.984305 0.184904 0.700001
v -9.983799 0.202511 0.700001
v -9.985065 0.230019 0.700001
v -9.988862 0.257189 0.700001
v -9.995191 0.284022 0.700001
v -10.004050 0.310517 0.700001
v -10.015442 0.336675 0.700001
v -10.029365 0.362495 0.700001
v -10.045818 0.387978 0.700001
v -10.064804 0.413123 0.700001
v -10.086321 0.437930 0.700001
v -10.110369 0.462400 0.700001
v -10.136949 0.486533 0.700001
v -10.166059 0.510328 0.700001
v -10.176326 0.517866 0.700001
v -10.189573 0.526979 0.700001
v -10.205802 0.537667 0.700001
v -10.225013 0.549930 0.700001
v -10.247205 0.563769 0.700001
v -10.272378 0.579182 0.700001
v -10.300532 0.596170 0.700001
v -10.331669 0.614734 0.700001
v -10.365787 0.634872 0.700001
v -10.402885 0.656586 0.700001
v -10.442966 0.679875 0.700001
v -10.486027 0.704739 0.700001
v -10.636786 0.794266 0.700001
v -10.786644 0.888686 0.700001
v -10.935602 0.988001 0.700001
v -11.083660 1.092210 0.700001
v -11.230818 1.201313 0.700001
v -11.377076 1.315310 0.700001
v -11.522434 1.434201 0.700001
v -11.666892 1.557985 0.700001
v -11.810450 1.686664 0.700001
v -11.953108 1.820237 0.700001
v -12.094866 1.958704 0.700001
v -12.235723 2.102066 0.700001
v -12.407069 2.287166 0.700001
v -12.570090 2.475249 0.700001
v -12.724787 2.666312 0.700001
v -12.871158 2.860357 0.700001
v -13.009203 3.057384 0.700001
v -13.138923 3.257392 0.700001
v -13.260317 3.460381 0.700001
v -13.373385 3.666352 0.700001
v -13.478128 3.875304 0.700001
v -13.574547 4.087237 0.700001
v -13.662640 4.302152 0.700001
v -13.742407 4.520049 0.700001
v -13.765696 4.587946 0.700001
v -13.786960 4.651231 0.700001
v -13.806198 4.709903 0.700001
v -13.823412 4.763962 0.700001
v -13.838600 4.813408 0.700001
v -13.851764 4.858242 0.700001
v -13.862902 4.898463 0.700001
v -13.872015 4.934071 0.700001
v -13.879103 4.965066 0.700001
v -13.884166 4.991449 0.700001
v -13.887203 5.013219 0.700001
v -13.888214 5.030376 0.700001
v -13.887370 5.045846 0.700001
v -13.884839 5.059853 0.700001
v -13.880620 5.072398 0.700001
v -13.874713 5.083479 0.700001
v -13.867119 5.093099 0.700001
v -13.857837 5.101255 0.700001
v -13.846868 5.107950 0.700001
v -13.834210 5.113181 0.700001
v -13.819866 5.116950 0.700001
v -13.803834 5.119256 0.700001
v -13.786115 5.120100 0.700001
v -13.766707 5.119482 0.700001
v -13.746457 5.119482 0.700001
v -12.353180 5.042527 0.700001
v -12.225120 4.873937 0.700001
v -12.093403 4.709734 0.700001
v -11.958030 4.549919 0.700001
v -11.819000 4.394492 0.700001
v -11.676314 4.243452 0.700001
v -11.529972 4.096800 0.700001
v -11.379973 3.954536 0.700001
v -11.226318 3.816660 0.700001
v -11.069007 3.683171 0.700001
v -10.908039 3.554070 0.700001
v -10.743415 3.429357 0.700001
v -10.575132 3.309032 0.700001
v -10.538990 3.285096 0.700001
v -10.503467 3.263242 0.700001
v -10.468561 3.243469 0.700001
v -10.434275 3.225777 0.700001
v -10.400607 3.210167 0.700001
v -10.367558 3.196638 0.700001
v -10.335129 3.185191 0.700001
v -10.303318 3.175825 0.700001
v -10.272125 3.168540 0.700001
v -10.241551 3.163337 0.700001
v -10.211596 3.160214 0.700001
v -10.182261 3.159174 0.700001
v -10.157031 3.159961 0.700001
v -10.132646 3.162324 0.700001
v -10.109103 3.166262 0.700001
v -10.086405 3.171774 0.700001
v -10.064550 3.178862 0.700001
v -10.043540 3.187525 0.700001
v -10.023374 3.197763 0.700001
v -10.004050 3.209577 0.700001
v -9.985571 3.222965 0.700001
v -9.967936 3.237928 0.700001
v -9.951144 3.254467 0.700001
v -9.935197 3.272580 0.700001
v -9.921612 3.290862 0.700001
v -9.909208 3.309257 0.700001
v -9.897985 3.327764 0.700001
v -9.887944 3.346384 0.700001
v -9.879085 3.365116 0.700001
v -9.871406 3.383961 0.700001
v -9.864908 3.402918 0.700001
v -9.859592 3.421988 0.700001
v -9.855458 3.441170 0.700001
v -9.852505 3.460465 0.700001
v -9.850733 3.479872 0.700001
v -9.850142 3.499392 0.700001
v -9.851069 3.526253 0.700001
v -9.853854 3.552833 0.700001
v -9.858495 3.579131 0.700001
v -9.864992 3.605148 0.700001
v -9.873345 3.630884 0.700001
v -9.883555 3.656338 0.700001
v -9.895621 3.681512 0.700001
v -9.909544 3.706404 0.700001
v -9.925323 3.731014 0.700001
v -9.942958 3.755344 0.700001
v -9.962450 3.779392 0.700001
v -9.983799 3.803159 0.700001
v -9.992237 3.812075 0.700001
v -10.002701 3.822623 0.700001
v -10.015189 3.834801 0.700001
v -10.029702 3.848612 0.700001
v -10.046241 3.864053 0.700001
v -10.064804 3.881126 0.700001
v -10.085393 3.899830 0.700001
v -10.108006 3.920165 0.700001
v -10.132646 3.942132 0.700001
v -10.159309 3.965730 0.700001
v -10.187999 3.990960 0.700001
v -10.218712 4.017821 0.700001
v -10.319012 4.108670 0.700001
v -10.418749 4.204356 0.700001
v -10.517923 4.304881 0.700001
v -10.616535 4.410243 0.700001
v -10.714584 4.520442 0.700001
v -10.812071 4.635480 0.700001
v -10.908995 4.755355 0.700001
v -11.005356 4.880068 0.700001
v -11.101154 5.009619 0.700001
v -11.196391 5.144008 0.700001
v -11.291065 5.283234 0.700001
v -11.385176 5.427299 0.700001
v -11.419744 5.481667 0.700001
v -11.453242 5.535417 0.700001
v -11.485672 5.588548 0.700001
v -11.517034 5.641060 0.700001
v -11.547326 5.692954 0.700001
v -11.576550 5.744228 0.700001
v -11.604704 5.794884 0.700001
v -11.631790 5.844922 0.700001
v -11.657807 5.894340 0.700001
v -11.682755 5.943140 0.700001
v -11.706635 5.991321 0.700001
v -11.729445 6.038882 0.700001
v -11.757685 6.093870 0.700001
v -11.788399 6.144075 0.700001
v -11.821589 6.189500 0.700001
v -11.857253 6.230143 0.700001
v -11.895392 6.266004 0.700001
v -11.936007 6.297084 0.700001
v -11.979097 6.323382 0.700001
v -12.024662 6.344899 0.700001
v -12.072702 6.361634 0.700001
v -12.123218 6.373588 0.700001
v -12.176208 6.380760 0.700001
v -12.231673 6.383151 0.700001
v -12.254484 6.382785 0.700001
v -12.277014 6.381689 0.700001
v -12.299262 6.379860 0.700001
v -12.321229 6.377301 0.700001
v -12.342915 6.374010 0.700001
v -12.364319 6.369988 0.700001
v -12.385442 6.365234 0.700001
v -12.406283 6.359750 0.700001
v -12.426844 6.353534 0.700001
v -12.447123 6.346586 0.700001
v -12.467120 6.338908 0.700001
v -3.187525 4.864317 0.700000
v -3.201813 4.872080 0.700000
v -3.216327 4.879168 0.700000
v -3.231065 4.885581 0.700000
v -3.246028 4.891319 0.700000
v -3.261217 4.896381 0.700000
v -3.276630 4.900769 0.700000
v -3.292268 4.904482 0.700000
v -3.308132 4.907519 0.700000
v -3.324220 4.909882 0.700000
v -3.340533 4.911570 0.700000
v -3.357072 4.912582 0.700000
v -3.373835 4.912920 0.700000
v -3.404043 4.911626 0.700000
v -3.433913 4.907745 0.700000
v -3.463446 4.901276 0.700000
v -3.492642 4.892219 0.700000
v -3.521500 4.880575 0.700000
v -3.550020 4.866343 0.700000
v -3.578203 4.849523 0.700000
v -3.606048 4.830116 0.700000
v -3.633556 4.808121 0.700000
v -3.660726 4.783538 0.700000
v -3.687559 4.756368 0.700000
v -3.714054 4.726610 0.700000
v -3.774836 4.652468 0.700000
v -3.832973 4.577201 0.700000
v -3.888467 4.500810 0.700000
v -3.941317 4.423293 0.700000
v -3.991523 4.344651 0.700000
v -4.039084 4.264884 0.700000
v -4.084002 4.183992 0.700000
v -4.126276 4.101975 0.700000
v -4.165907 4.018833 0.700000
v -4.202893 3.934566 0.700000
v -4.237236 3.849174 0.700000
v -4.268935 3.762657 0.700000
v -4.279932 3.731267 0.700000
v -4.289973 3.700553 0.700000
v -4.299058 3.670514 0.700000
v -4.307187 3.641150 0.700000
v -4.314359 3.612461 0.700000
v -4.320575 3.584447 0.700000
v -4.325834 3.557108 0.700000
v -4.330138 3.530444 0.700000
v -4.333485 3.504455 0.700000
v -4.335876 3.479141 0.700000
v -4.337310 3.454502 0.700000
v -4.337789 3.430538 0.700000
v -4.336129 3.381092 0.700000
v -4.331151 3.334008 0.700000
v -4.322854 3.289287 0.700000
v -4.311237 3.246928 0.700000
v -4.296302 3.206933 0.700000
v -4.278048 3.169299 0.700000
v -4.256475 3.134028 0.700000
v -4.231583 3.101120 0.700000
v -4.203372 3.070575 0.700000
v -4.171842 3.042392 0.700000
v -4.136993 3.016572 0.700000
v -4.098825 2.993114 0.700000
v -4.078490 2.982764 0.700000
v -4.057986 2.973314 0.700000
v -4.037313 2.964763 0.700000
v -4.016471 2.957113 0.700000
v -3.995461 2.950362 0.700000
v -3.974282 2.944512 0.700000
v -3.952934 2.939562 0.700000
v -3.931417 2.935512 0.700000
v -3.909731 2.932361 0.700000
v -3.887877 2.930111 0.700000
v -3.865854 2.928761 0.700000
v -3.843661 2.928311 0.700000
v -3.788730 2.931152 0.700000
v -3.737343 2.939674 0.700000
v -3.689500 2.953878 0.700000
v -3.645200 2.973763 0.700000
v -3.604445 2.999331 0.700000
v -3.567234 3.030579 0.700000
v -3.533566 3.067509 0.700000
v -3.503443 3.110121 0.700000
v -3.476863 3.158414 0.700000
v -3.453827 3.212389 0.700000
v -3.434336 3.272046 0.700000
v -3.418388 3.337384 0.700000
v -3.396337 3.437430 0.700000
v -3.373385 3.535057 0.700000
v -3.349534 3.630265 0.700000
v -3.324782 3.723055 0.700000
v -3.299131 3.813425 0.700000
v -3.272579 3.901377 0.700000
v -3.245128 3.986910 0.700000
v -3.216776 4.070024 0.700000
v -3.187525 4.150719 0.700000
v -3.157373 4.228995 0.700000
v -3.126322 4.304852 0.700000
v -3.094370 4.378291 0.700000
v -3.085313 4.399076 0.700000
v -3.077044 4.419580 0.700000
v -3.069563 4.439803 0.700000
v -3.062869 4.459745 0.700000
v -3.056962 4.479405 0.700000
v -3.051843 4.498785 0.700000
v -3.047511 4.517882 0.700000
v -3.043967 4.536699 0.700000
v -3.041211 4.555234 0.700000
v -3.039242 4.573489 0.700000
v -3.038061 4.591462 0.700000
v -3.037667 4.609153 0.700000
v -3.038708 4.637533 0.700000
v -3.041830 4.664619 0.700000
v -3.047033 4.690411 0.700000
v -3.054318 4.714910 0.700000
v -3.063684 4.738114 0.700000
v -3.075132 4.760025 0.700000
v -3.088660 4.780642 0.700000
v -3.104271 4.799964 0.700000
v -3.121962 4.817994 0.700000
v -3.141735 4.834729 0.700000
v -3.163590 4.850170 0.700000
v -5.556905 4.264884 0.700000
v -5.573866 4.336691 0.700000
v -5.595045 4.402255 0.700000
v -5.620443 4.461574 0.700000
v -5.650061 4.514648 0.700000
v -5.683897 4.561479 0.700000
v -5.721952 4.602066 0.700000
v -5.764226 4.636408 0.700000
v -5.810719 4.664507 0.700000
v -5.861432 4.686361 0.700000
v -5.916363 4.701972 0.700000
v -5.975513 4.711338 0.700000
v -6.038882 4.714459 0.700000
v -6.063015 4.713925 0.700000
v -6.086810 4.712322 0.700000
v -6.110268 4.709650 0.700000
v -6.133388 4.705909 0.700000
v -6.156170 4.701099 0.700000
v -6.178615 4.695220 0.700000
v -6.200722 4.688273 0.700000
v -6.222492 4.680257 0.700000
v -6.243925 4.671172 0.700000
v -6.265019 4.661018 0.700000
v -6.285777 4.649796 0.700000
v -6.306196 4.637505 0.700000
v -6.339189 4.614891 0.700000
v -6.369312 4.590252 0.700000
v -6.396567 4.563589 0.700000
v -6.420953 4.534900 0.700000
v -6.442470 4.504186 0.700000
v -6.461118 4.471447 0.700000
v -6.476897 4.436682 0.700000
v -6.489807 4.399893 0.700000
v -6.499848 4.361078 0.700000
v -6.507020 4.320239 0.700000
v -6.511324 4.277374 0.700000
v -6.512758 4.232482 0.700000
v -6.511408 4.184443 0.700000
v -6.507358 4.130777 0.700000
v -6.500607 4.071486 0.700000
v -6.491157 4.006570 0.700000
v -6.479006 3.936029 0.700000
v -6.464156 3.859862 0.700000
v -6.446605 3.778070 0.700000
v -6.426353 3.690653 0.700000
v -6.403402 3.597610 0.700000
v -6.377751 3.498943 0.700000
v -6.349399 3.394650 0.700000
v -6.318347 3.284731 0.700000
v -6.210229 2.939027 0.700000
v -6.085684 2.608006 0.700000
v -5.944714 2.291667 0.700000
v -5.787318 1.990010 0.700000
v -5.613496 1.703034 0.700000
v -5.423248 1.430741 0.700000
v -5.216574 1.173130 0.700000
v -4.993474 0.930201 0.700000
v -4.753949 0.701954 0.700000
v -4.497997 0.488390 0.700000
v -4.225620 0.289507 0.700000
v -3.936816 0.105306 0.700000
v -3.861100 0.061316 0.700000
v -3.789208 0.021151 0.700000
v -3.721142 -0.015188 0.700000
v -3.656901 -0.047703 0.700000
v -3.596485 -0.076392 0.700000
v -3.539894 -0.101256 0.700000
v -3.487129 -0.122294 0.700000
v -3.438189 -0.139508 0.700000
v -3.393074 -0.152896 0.700000
v -3.351784 -0.162459 0.700000
v -3.314320 -0.168197 0.700000
v -3.280680 -0.170109 0.700000
v -3.250866 -0.168928 0.700000
v -3.222177 -0.165384 0.700000
v -3.194613 -0.159477 0.700000
v -3.168174 -0.151208 0.700000
v -3.142860 -0.140576 0.700000
v -3.118671 -0.127582 0.700000
v -3.095608 -0.112225 0.700000
v -3.073669 -0.094505 0.700000
v -3.052855 -0.074423 0.700000
v -3.033166 -0.051978 0.700000
v -3.014603 -0.027170 0.700000
v -2.997165 0.000000 0.700000
v -2.988108 0.016145 0.700000
v -2.979839 0.032177 0.700000
v -2.972357 0.048096 0.700000
v -2.965663 0.063904 0.700000
v -2.959756 0.079598 0.700000
v -2.954637 0.095180 0.700000
v -2.950306 0.110650 0.700000
v -2.946762 0.126007 0.700000
v -2.944005 0.141252 0.700000
v -2.942037 0.156384 0.700000
v -2.940855 0.171403 0.700000
v -2.940462 0.186310 0.700000
v -2.941446 0.213030 0.700000
v -2.944399 0.239188 0.700000
v -2.949322 0.264783 0.700000
v -2.956213 0.289816 0.700000
v -2.965072 0.314286 0.700000
v -2.975901 0.338194 0.700000
v -2.988699 0.361539 0.700000
v -3.003465 0.384321 0.700000
v -3.020200 0.406541 0.700000
v -3.038905 0.428198 0.700000
v -3.059578 0.449293 0.700000
v -3.082219 0.469826 0.700000
v -3.090967 0.476548 0.700000
v -3.103708 0.485914 0.700000
v -3.120443 0.497924 0.700000
v -3.141173 0.512578 0.700000
v -3.165896 0.529876 0.700000
v -3.194613 0.549818 0.700000
v -3.227324 0.572403 0.700000
v -3.264030 0.597633 0.700000
v -3.304729 0.625506 0.700000
v -3.349422 0.656024 0.700000
v -3.398109 0.689185 0.700000
v -3.450790 0.724990 0.700000
v -3.550133 0.795363 0.700000
v -3.648350 0.870123 0.700000
v -3.745443 0.949271 0.700000
v -3.841411 1.032807 0.700000
v -3.936254 1.120731 0.700000
v -4.029971 1.213042 0.700000
v -4.122564 1.309741 0.700000
v -4.214031 1.410828 0.700000
v -4.304374 1.516302 0.700000
v -4.393591 1.626165 0.700000
v -4.481683 1.740415 0.700000
v -4.568651 1.859052 0.700000
v -4.684420 2.027361 0.700000
v -4.794114 2.201521 0.700000
v -4.897732 2.381531 0.700000
v -4.995275 2.567391 0.700000
v -5.086742 2.759101 0.700000
v -5.172134 2.956662 0.700000
v -5.251451 3.160073 0.700000
v -5.324692 3.369335 0.700000
v -5.391859 3.584446 0.700000
v -5.452950 3.805408 0.700000
v -5.507965 4.032221 0.700000
v -1.445929 4.272985 0.700000
v -1.462552 4.290452 0.700000
v -1.480019 4.306399 0.700000
v -1.498329 4.320828 0.700000
v -1.517483 4.333738 0.700000
v -1.537481 4.345129 0.700000
v -1.558323 4.355002 0.700000
v -1.580009 4.363356 0.700000
v -1.602538 4.370191 0.700000
v -1.625911 4.375506 0.700000
v -1.650128 4.379303 0.700000
v -1.675189 4.381582 0.700000
v -1.701093 4.382341 0.700000
v -1.752424 4.377700 0.700000
v -1.806512 4.363777 0.700000
v -1.863356 4.340573 0.700000
v -1.922956 4.308087 0.700000
v -1.985312 4.266319 0.700000
v -2.050425 4.215269 0.700000
v -2.118295 4.154938 0.700000
v -2.188920 4.085325 0.700000
v -2.262303 4.006430 0.700000
v -2.338441 3.918253 0.700000
v -2.417336 3.820795 0.700000
v -2.498987 3.714054 0.700000
v -2.552681 3.639772 0.700000
v -2.601705 3.568134 0.700000
v -2.646061 3.499139 0.700000
v -2.685748 3.432789 0.700000
v -2.720765 3.369082 0.700000
v -2.751114 3.308019 0.700000
v -2.776793 3.249600 0.700000
v -2.797804 3.193825 0.700000
v -2.814145 3.140694 0.700000
v -2.825818 3.090207 0.700000
v -2.832821 3.042364 0.700000
v -2.835156 2.997165 0.700000
v -2.833750 2.957338 0.700000
v -2.829530 2.918860 0.700000
v -2.822499 2.881733 0.700000
v -2.812654 2.845957 0.700000
v -2.799998 2.811530 0.700000
v -2.784528 2.778453 0.700000
v -2.766246 2.746726 0.700000
v -2.745151 2.716349 0.700000
v -2.721243 2.687323 0.700000
v -2.694523 2.659646 0.700000
v -2.664990 2.633320 0.700000
v -2.632645 2.608343 0.700000
v -2.610228 2.592171 0.700000
v -2.587530 2.577404 0.700000
v -2.564550 2.564044 0.700000
v -2.541290 2.552090 0.700000
v -2.517748 2.541543 0.700000
v -2.493924 2.532402 0.700000
v -2.469820 2.524667 0.700000
v -2.445434 2.518339 0.700000
v -2.420767 2.513417 0.700000
v -2.395819 2.509901 0.700000
v -2.370590 2.507791 0.700000
v -2.345079 2.507088 0.700000
v -2.295717 2.509619 0.700000
v -2.248886 2.517213 0.700000
v -2.204587 2.529870 0.700000
v -2.162819 2.547590 0.700000
v -2.123582 2.570373 0.700000
v -2.086877 2.598218 0.700000
v -2.052703 2.631126 0.700000
v -2.021061 2.669096 0.700000
v -1.991950 2.712130 0.700000
v -1.965370 2.760226 0.700000
v -1.941322 2.813386 0.700000
v -1.919805 2.871608 0.700000
v -1.890751 2.955340 0.700000
v -1.860290 3.037779 0.700000
v -1.828422 3.118924 0.700000
v -1.795148 3.198776 0.700000
v -1.760468 3.277333 0.700000
v -1.724382 3.354597 0.700000
v -1.686890 3.430566 0.700000
v -1.647990 3.505242 0.700000
v -1.607685 3.578624 0.700000
v -1.565973 3.650713 0.700000
v -1.522855 3.721508 0.700000
v -1.478331 3.791008 0.700000
v -1.462158 3.816603 0.700000
v -1.447392 3.842086 0.700000
v -1.434032 3.867456 0.700000
v -1.422078 3.892714 0.700000
v -1.411531 3.917859 0.700000
v -1.402390 3.942892 0.700000
v -1.394655 3.967812 0.700000
v -1.388326 3.992620 0.700000
v -1.383404 4.017314 0.700000
v -1.379888 4.041897 0.700000
v -1.377779 4.066367 0.700000
v -1.377076 4.090725 0.700000
v -1.377554 4.108698 0.700000
v -1.378988 4.126164 0.700000
v -1.381379 4.143125 0.700000
v -1.384726 4.159579 0.700000
v -1.389029 4.175527 0.700000
v -1.394289 4.190968 0.700000
v -1.400505 4.205903 0.700000
v -1.407677 4.220332 0.700000
v -1.415806 4.234255 0.700000
v -1.424891 4.247671 0.700000
v -1.434932 4.260581 0.700000
v 4.835965 4.892669 0.699999
v 4.669906 4.900769 0.699999
v 4.669906 6.196840 0.699999
v 4.669034 6.231324 0.699999
v 4.666418 6.264569 0.699999
v 4.662058 6.296577 0.699999
v 4.655955 6.327348 0.699999
v 4.648108 6.356881 0.699999
v 4.638516 6.385176 0.699999
v 4.627182 6.412234 0.699999
v 4.614103 6.438054 0.699999
v 4.599280 6.462636 0.699999
v 4.582714 6.485981 0.699999
v 4.564403 6.508089 0.699999
v 4.544349 6.528959 0.699999
v 4.520048 6.551600 0.699999
v 4.494396 6.572273 0.699999
v 4.467395 6.590977 0.699999
v 4.439043 6.607712 0.699999
v 4.409341 6.622478 0.699999
v 4.378290 6.635276 0.699999
v 4.345888 6.646104 0.699999
v 4.312136 6.654964 0.699999
v 4.277034 6.661855 0.699999
v 4.240582 6.666777 0.699999
v 4.202780 6.669730 0.699999
v 4.163628 6.670716 0.699999
v 4.111622 6.669057 0.699999
v 4.062260 6.664079 0.699999
v 4.015542 6.655781 0.699999
v 3.971468 6.644165 0.699999
v 3.930037 6.629230 0.699999
v 3.891251 6.610976 0.699999
v 3.855108 6.589403 0.699999
v 3.821609 6.564511 0.699999
v 3.790755 6.536300 0.699999
v 3.762544 6.504770 0.699999
v 3.736977 6.469922 0.699999
v 3.714054 6.431754 0.699999
v 3.704997 6.414653 0.699999
v 3.696728 6.397102 0.699999
v 3.689246 6.379101 0.699999
v 3.682552 6.360650 0.699999
v 3.676645 6.341749 0.699999
v 3.671526 6.322398 0.699999
v 3.667195 6.302597 0.699999
v 3.663651 6.282345 0.699999
v 3.660894 6.261644 0.699999
v 3.658926 6.240493 0.699999
v 3.657744 6.218892 0.699999
v 3.657351 6.196840 0.699999
v 3.657351 4.969623 0.699999
v 3.503442 4.981774 0.699999
v 2.997164 5.018226 0.700000
v 2.089914 5.091130 0.700000
v 2.022242 5.096952 0.700000
v 1.959632 5.102268 0.700000
v 1.902085 5.107078 0.700000
v 1.849601 5.111381 0.700000
v 1.802180 5.115178 0.700000
v 1.759821 5.118469 0.700000
v 1.722525 5.121253 0.700000
v 1.690292 5.123532 0.700000
v 1.663122 5.125304 0.700000
v 1.641015 5.126569 0.700000
v 1.623970 5.127329 0.700000
v 1.611988 5.127582 0.700000
v 1.580036 5.126597 0.700000
v 1.548985 5.123644 0.700000
v 1.518833 5.118721 0.700000
v 1.489581 5.111830 0.700000
v 1.461230 5.102970 0.700000
v 1.433778 5.092141 0.700000
v 1.407227 5.079343 0.700000
v 1.381575 5.064577 0.700000
v 1.356824 5.047842 0.700000
v 1.332972 5.029138 0.700000
v 1.310021 5.008465 0.700000
v 1.287970 4.985824 0.700000
v 1.267916 4.962986 0.700000
v 1.249606 4.939022 0.700000
v 1.233039 4.913933 0.700000
v 1.218216 4.887719 0.700000
v 1.205138 4.860380 0.700000
v 1.193803 4.831916 0.700000
v 1.184211 4.802327 0.700000
v 1.176364 4.771613 0.700000
v 1.170261 4.739773 0.700000
v 1.165901 4.706809 0.700000
v 1.163285 4.672719 0.700000
v 1.162413 4.637505 0.700000
v 1.165198 4.567357 0.700000
v 1.173552 4.502722 0.700000
v 1.187474 4.443600 0.700000
v 1.206966 4.389991 0.700000
v 1.232027 4.341895 0.700000
v 1.262656 4.299311 0.700000
v 1.298855 4.262240 0.700000
v 1.340623 4.230682 0.700000
v 1.387960 4.204637 0.700000
v 1.440866 4.184105 0.700000
v 1.499341 4.169086 0.700000
v 1.563385 4.159579 0.700000
v 1.619329 4.154235 0.700000
v 1.696705 4.147653 0.700000
v 1.795514 4.139834 0.700000
v 1.915755 4.130777 0.700000
v 2.057428 4.120483 0.700000
v 2.220534 4.108951 0.700000
v 2.405072 4.096182 0.700000
v 2.611043 4.082175 0.700000
v 2.838446 4.066930 0.700000
v 3.087282 4.050448 0.700000
v 3.357550 4.032728 0.700000
v 3.649250 4.013771 0.700000
v 3.646606 3.678334 0.700000
v 3.644075 3.365960 0.700000
v 3.641656 3.076651 0.700000
v 3.639349 2.810405 0.700000
v 3.637156 2.567223 0.700000
v 3.635074 2.347105 0.700000
v 3.633105 2.150050 0.700000
v 3.631249 1.976059 0.700000
v 3.629505 1.825132 0.700000
v 3.627874 1.697269 0.700000
v 3.626355 1.592469 0.700000
v 3.624949 1.510733 0.700000
v 3.623008 1.403599 0.700000
v 3.621236 1.302259 0.700000
v 3.619633 1.206713 0.700000
v 3.618198 1.116961 0.700000
v 3.616933 1.033004 0.700000
v 3.615836 0.954840 0.700000
v 3.614908 0.882470 0.700000
v 3.614148 0.815895 0.700000
v 3.613557 0.755113 0.700000
v 3.613135 0.700126 0.700000
v 3.612882 0.650933 0.700000
v 3.612798 0.607533 0.700000
v 3.613923 0.541830 0.700000
v 3.617298 0.478376 0.700000
v 3.622924 0.417173 0.700000
v 3.630799 0.358220 0.700000
v 3.640925 0.301517 0.700000
v 3.653300 0.247064 0.700000
v 3.667926 0.194861 0.700000
v 3.684802 0.144908 0.700000
v 3.703928 0.097205 0.700000
v 3.725304 0.051753 0.700000
v 3.748930 0.008550 0.700000
v 3.774807 -0.032402 0.700000
v 3.810753 -0.082861 0.700000
v 3.848386 -0.128932 0.700000
v 3.887707 -0.170616 0.700000
v 3.928715 -0.207911 0.700000
v 3.971411 -0.240819 0.700000
v 4.015795 -0.269340 0.700000
v 4.061866 -0.293472 0.700000
v 4.109625 -0.313217 0.700000
v 4.159072 -0.328574 0.700000
v 4.210206 -0.339544 0.700000
v 4.263028 -0.346125 0.700000
v 4.317537 -0.348319 0.700000
v 4.344735 -0.347560 0.700000
v 4.372327 -0.345281 0.700000
v 4.400313 -0.341484 0.700000
v 4.428693 -0.336168 0.700000
v 4.457467 -0.329334 0.700000
v 4.486634 -0.320980 0.700000
v 4.516195 -0.311108 0.700000
v 4.546150 -0.299716 0.700000
v 4.576498 -0.286806 0.700000
v 4.607240 -0.272377 0.700000
v 4.638376 -0.256430 0.700000
v 4.669906 -0.238963 0.700000
v 4.759799 -0.187042 0.700000
v 4.848566 -0.135232 0.700000
v 4.936208 -0.083536 0.700000
v 5.022726 -0.031952 0.700000
v 5.108118 0.019520 0.700000
v 5.192385 0.070879 0.700000
v 5.275527 0.122125 0.700000
v 5.357544 0.173260 0.700000
v 5.438436 0.224281 0.700000
v 5.518203 0.275190 0.700000
v 5.596845 0.325987 0.700000
v 5.674361 0.376671 0.699999
v 5.709294 0.400635 0.699999
v 5.741190 0.425273 0.699999
v 5.770048 0.450587 0.699999
v 5.795868 0.476576 0.699999
v 5.818650 0.503240 0.699999
v 5.838395 0.530579 0.699999
v 5.855102 0.558593 0.699999
v 5.868772 0.587282 0.699999
v 5.879403 0.616647 0.699999
v 5.886997 0.646686 0.699999
v 5.891554 0.677400 0.699999
v 5.893073 0.708789 0.699999
v 5.892735 0.723021 0.699999
v 5.891723 0.737366 0.699999
v 5.890036 0.751823 0.699999
v 5.887673 0.766392 0.699999
v 5.884635 0.781074 0.699999
v 5.880923 0.795869 0.699999
v 5.876535 0.810776 0.699999
v 5.871472 0.825796 0.699999
v 5.865735 0.840928 0.699999
v 5.859322 0.856172 0.699999
v 5.852234 0.871529 0.699999
v 5.844471 0.886999 0.699999
v 5.828833 0.914169 0.699999
v 5.811619 0.938977 0.699999
v 5.792830 0.961422 0.699999
v 5.772467 0.981504 0.699999
v 5.750528 0.999224 0.699999
v 5.727014 1.014581 0.699999
v 5.701925 1.027575 0.699999
v 5.675261 1.038207 0.699999
v 5.647022 1.046476 0.699999
v 5.617208 1.052383 0.699999
v 5.585819 1.055927 0.699999
v 5.552855 1.057108 0.699999
v 5.537076 1.056743 0.699999
v 5.520790 1.055646 0.699999
v 5.503999 1.053817 0.699999
v 5.486701 1.051258 0.699999
v 5.468897 1.047967 0.699999
v 5.450586 1.043945 0.699999
v 5.431770 1.039192 0.699999
v 5.412447 1.033707 0.699999
v 5.392618 1.027491 0.699999
v 5.372282 1.020544 0.699999
v 5.351440 1.012865 0.699999
v 5.330092 1.004455 0.699999
v 5.248638 0.972757 0.700000
v 5.173034 0.943814 0.700000
v 5.103281 0.917629 0.700000
v 5.039377 0.894199 0.700000
v 4.981324 0.873526 0.700000
v 4.929121 0.855610 0.700000
v 4.882769 0.840449 0.700000
v 4.842267 0.828046 0.700000
v 4.807615 0.818398 0.700000
v 4.778814 0.811507 0.700000
v 4.755863 0.807373 0.700000
v 4.738760 0.805994 0.700000
v 4.721293 0.808076 0.700000
v 4.705346 0.814320 0.700000
v 4.690917 0.824727 0.700000
v 4.678007 0.839296 0.700000
v 4.666615 0.858029 0.700000
v 4.656743 0.880924 0.700000
v 4.648389 0.907981 0.700000
v 4.641555 0.939202 0.700000
v 4.636239 0.974585 0.700000
v 4.632442 1.014131 0.700000
v 4.630164 1.057839 0.700000
v 4.629404 1.105711 0.700000
v 4.629432 1.109198 0.700000
v 4.629517 1.114261 0.700000
v 4.629657 1.120899 0.700000
v 4.629854 1.129112 0.700000
v 4.630107 1.138900 0.700000
v 4.630417 1.150263 0.700000
v 4.630783 1.163201 0.700000
v 4.631205 1.177715 0.700000
v 4.631683 1.193803 0.700000
v 4.632217 1.211467 0.700000
v 4.632808 1.230705 0.700000
v 4.633454 1.251519 0.700000
v 4.634776 1.291655 0.700000
v 4.636042 1.344561 0.700000
v 4.637251 1.410237 0.700000
v 4.638404 1.488682 0.700000
v 4.639501 1.579896 0.700000
v 4.640541 1.683880 0.700000
v 4.641526 1.800633 0.700000
v 4.642454 1.930156 0.700000
v 4.643326 2.072448 0.700000
v 4.644142 2.227510 0.700000
v 4.644902 2.395341 0.699999
v 4.645605 2.575942 0.699999
v 4.645717 2.623841 0.699999
v 4.646055 2.683835 0.699999
v 4.646617 2.755923 0.699999
v 4.647405 2.840106 0.699999
v 4.648417 2.936383 0.699999
v 4.649655 3.044755 0.699999
v 4.651117 3.165221 0.699999
v 4.652805 3.297781 0.699999
v 4.654717 3.442436 0.699999
v 4.656855 3.599185 0.699999
v 4.659218 3.768029 0.699999
v 4.661806 3.948967 0.699999
v 4.819764 3.936816 0.699999
v 5.763466 3.872013 0.699999
v 5.928569 3.861015 0.699999
v 6.079609 3.850974 0.699999
v 6.216585 3.841889 0.699999
v 6.339498 3.833760 0.699999
v 6.448348 3.826588 0.699999
v 6.543134 3.820372 0.699999
v 6.623857 3.815112 0.699999
v 6.690517 3.810809 0.699999
v 6.743114 3.807462 0.699999
v 6.781647 3.805071 0.699999
v 6.806118 3.803636 0.699999
v 6.816525 3.803159 0.699999
v 6.851683 3.804087 0.699999
v 6.885603 3.806872 0.699999
v 6.918286 3.811512 0.699999
v 6.949731 3.818010 0.699999
v 6.979939 3.826363 0.699999
v 7.008909 3.836573 0.699999
v 7.036642 3.848639 0.699999
v 7.063137 3.862562 0.699999
v 7.088395 3.878341 0.699999
v 7.112415 3.895977 0.699999
v 7.135198 3.915468 0.699999
v 7.156743 3.936816 0.699999
v 7.175503 3.957743 0.699999
v 7.192632 3.980019 0.699999
v 7.208130 4.003645 0.699999
v 7.221996 4.028621 0.699999
v 7.234231 4.054947 0.699999
v 7.244835 4.082624 0.699999
v 7.253807 4.111650 0.699999
v 7.261148 4.142027 0.699999
v 7.266858 4.173754 0.699999
v 7.270936 4.206831 0.699999
v 7.273383 4.241257 0.699999
v 7.274199 4.277035 0.699999
v 7.272315 4.334694 0.699999
v 7.266661 4.388866 0.699999
v 7.257239 4.439550 0.699999
v 7.244048 4.486746 0.699999
v 7.227087 4.530455 0.699999
v 7.206358 4.570676 0.699999
v 7.181860 4.607409 0.699999
v 7.153593 4.640655 0.699999
v 7.121557 4.670413 0.699999
v 7.085752 4.696683 0.699999
v 7.046177 4.719466 0.699999
v 7.002834 4.738760 0.699999
v 6.986352 4.744639 0.699999
v 6.967957 4.750124 0.699999
v 6.947649 4.755214 0.699999
v 6.925429 4.759912 0.699999
v 6.901297 4.764215 0.699999
v 6.875251 4.768125 0.699999
v 6.847293 4.771640 0.699999
v 6.817423 4.774762 0.699999
v 6.785640 4.777491 0.699999
v 6.751944 4.779825 0.699999
v 6.716336 4.781766 0.699999
v 6.678817 4.783313 0.699999
v 6.604141 4.786547 0.699999
v 6.515120 4.790851 0.699999
v 6.411755 4.796223 0.699999
v 6.294045 4.802664 0.699999
v 6.161991 4.810174 0.699999
v 6.015593 4.818752 0.699999
v 5.854849 4.828400 0.699999
v 5.679761 4.839116 0.699999
v 5.490329 4.850901 0.699999
v 5.286552 4.863755 0.699999
v 5.068431 4.877678 0.699999
v 6.686917 2.859457 0.699999
v 6.663122 2.909269 0.699999
v 6.637639 2.954750 0.699999
v 6.610469 2.995899 0.699999
v 6.581611 3.032717 0.699999
v 6.551066 3.065203 0.699999
v 6.518833 3.093358 0.699999
v 6.484912 3.117181 0.699999
v 6.449304 3.136672 0.699999
v 6.412008 3.151833 0.699999
v 6.373025 3.162662 0.699999
v 6.332354 3.169159 0.699999
v 6.289995 3.171324 0.699999
v 6.270532 3.170931 0.699999
v 6.251293 3.169749 0.699999
v 6.232280 3.167780 0.699999
v 6.213491 3.165024 0.699999
v 6.194928 3.161480 0.699999
v 6.176589 3.157149 0.699999
v 6.158475 3.152030 0.699999
v 6.140587 3.146123 0.699999
v 6.122923 3.139429 0.699999
v 6.105485 3.131947 0.699999
v 6.088272 3.123678 0.699999
v 6.071283 3.114621 0.699999
v 6.036997 3.093386 0.699999
v 6.005692 3.070181 0.699999
v 5.977368 3.045008 0.699999
v 5.952026 3.017866 0.699999
v 5.929666 2.988755 0.699999
v 5.910286 2.957675 0.699999
v 5.893888 2.924627 0.699999
v 5.880472 2.889609 0.699999
v 5.870037 2.852623 0.699999
v 5.862584 2.813668 0.699999
v 5.858111 2.772744 0.699999
v 5.856621 2.729850 0.699999
v 5.857887 2.690388 0.699999
v 5.861684 2.647608 0.699999
v 5.868012 2.601509 0.699999
v 5.876872 2.552090 0.699999
v 5.888263 2.499353 0.699999
v 5.902186 2.443297 0.699999
v 5.918640 2.383922 0.699999
v 5.937625 2.321228 0.699999
v 5.959142 2.255214 0.699999
v 5.983191 2.185883 0.699999
v 6.009770 2.113232 0.699999
v 6.038881 2.037262 0.699999
v 6.085965 1.918765 0.699999
v 6.134061 1.804937 0.699999
v 6.183170 1.695778 0.699999
v 6.233292 1.591287 0.699999
v 6.284426 1.491466 0.699999
v 6.336572 1.396314 0.699999
v 6.389731 1.305831 0.699999
v 6.443903 1.220017 0.699999
v 6.499087 1.138872 0.699999
v 6.555284 1.062396 0.699999
v 6.612494 0.990589 0.699999
v 6.670716 0.923451 0.699999
v 6.704777 0.887224 0.699999
v 6.739457 0.854147 0.699999
v 6.774756 0.824220 0.699999
v 6.810674 0.797444 0.699999
v 6.847210 0.773818 0.699999
v 6.884365 0.753341 0.699999
v 6.922139 0.736015 0.699999
v 6.960532 0.721840 0.699999
v 6.999543 0.710814 0.699999
v 7.039174 0.702939 0.699999
v 7.079422 0.698213 0.699999
v 7.120291 0.696638 0.699999
v 7.149120 0.697398 0.699999
v 7.177557 0.699676 0.699999
v 7.205599 0.703473 0.699999
v 7.233247 0.708789 0.699999
v 7.260502 0.715624 0.699999
v 7.287363 0.723977 0.699999
v 7.313829 0.733850 0.699999
v 7.339903 0.745241 0.699999
v 7.365582 0.758151 0.699999
v 7.390868 0.772580 0.699999
v 7.415760 0.788528 0.699999
v 7.440258 0.805994 0.699999
v 7.473250 0.832236 0.699999
v 7.503374 0.859660 0.699999
v 7.530629 0.888264 0.699999
v 7.555015 0.918051 0.699999
v 7.576531 0.949018 0.699999
v 7.595180 0.981167 0.699999
v 7.610959 1.014496 0.699999
v 7.623869 1.049008 0.699999
v 7.633910 1.084700 0.699999
v 7.641082 1.121574 0.699999
v 7.645386 1.159629 0.699999
v 7.646820 1.198866 0.699999
v 7.645301 1.233011 0.699999
v 7.640745 1.267945 0.699999
v 7.633151 1.303665 0.699999
v 7.622519 1.340174 0.699999
v 7.608849 1.377470 0.699999
v 7.592142 1.415553 0.699999
v 7.572397 1.454424 0.699999
v 7.549614 1.494082 0.699999
v 7.523794 1.534528 0.699999
v 7.494936 1.575762 0.699999
v 7.463041 1.617783 0.699999
v 7.428108 1.660591 0.699999
v 7.356750 1.746265 0.699999
v 7.287137 1.834526 0.699999
v 7.219268 1.925375 0.699999
v 7.153142 2.018811 0.699999
v 7.088761 2.114835 0.699999
v 7.026123 2.213447 0.699999
v 6.965229 2.314646 0.699999
v 6.906079 2.418433 0.699999
v 6.848672 2.524807 0.699999
v 6.793010 2.633769 0.699999
v 6.739091 2.745319 0.699999
v 2.701498 3.215877 0.700000
v 2.680965 3.235931 0.700000
v 2.659871 3.254241 0.700000
v 2.638213 3.270808 0.700000
v 2.615993 3.285631 0.700000
v 2.593211 3.298710 0.700000
v 2.569866 3.310045 0.700000
v 2.545958 3.319636 0.700000
v 2.521488 3.327483 0.700000
v 2.496455 3.333586 0.700000
v 2.470860 3.337946 0.700000
v 2.444702 3.340562 0.700000
v 2.417982 3.341434 0.700000
v 2.352391 3.334233 0.700000
v 2.281175 3.312632 0.700000
v 2.204333 3.276630 0.700000
v 2.121866 3.226227 0.700000
v 2.033774 3.161424 0.700000
v 1.940056 3.082219 0.700000
v 1.840713 2.988614 0.700000
v 1.735745 2.880608 0.700000
v 1.625151 2.758201 0.700000
v 1.508932 2.621394 0.700000
v 1.387088 2.470186 0.700000
v 1.259619 2.304577 0.700000
v 1.190399 2.209396 0.700000
v 1.127199 2.118266 0.700000
v 1.070018 2.031187 0.700000
v 1.018855 1.948157 0.700000
v 0.973712 1.869178 0.700000
v 0.934588 1.794249 0.700000
v 0.901483 1.723370 0.700000
v 0.874398 1.656541 0.700000
v 0.853331 1.593763 0.700000
v 0.838283 1.535034 0.700000
v 0.829255 1.480356 0.700000
v 0.826245 1.429729 0.700000
v 0.827876 1.385879 0.700000
v 0.832770 1.343436 0.700000
v 0.840927 1.302400 0.700000
v 0.852346 1.262769 0.700000
v 0.867028 1.224545 0.700000
v 0.884973 1.187728 0.700000
v 0.906181 1.152316 0.700000
v 0.930651 1.118311 0.700000
v 0.958383 1.085713 0.700000
v 0.989379 1.054520 0.700000
v 1.023637 1.024734 0.700000
v 1.061158 0.996355 0.700000
v 1.090859 0.976301 0.700000
v 1.120561 0.957990 0.700000
v 1.150262 0.941424 0.700000
v 1.179964 0.926601 0.700000
v 1.209666 0.913522 0.700000
v 1.239367 0.902187 0.700000
v 1.269069 0.892596 0.700000
v 1.298770 0.884749 0.700000
v 1.328472 0.878645 0.700000
v 1.358174 0.874286 0.700000
v 1.387876 0.871670 0.700000
v 1.417577 0.870798 0.700000
v 1.467952 0.873667 0.700000
v 1.516470 0.882274 0.700000
v 1.563132 0.896618 0.700000
v 1.607938 0.916700 0.700000
v 1.650887 0.942521 0.700000
v 1.691980 0.974079 0.700000
v 1.731216 1.011374 0.700000
v 1.768597 1.054408 0.700000
v 1.804120 1.103179 0.700000
v 1.837788 1.157689 0.700000
v 1.869599 1.217936 0.700000
v 1.899554 1.283921 0.700000
v 1.952544 1.406862 0.700000
v 2.007560 1.528621 0.700000
v 2.064600 1.649200 0.700000
v 2.123666 1.768597 0.700000
v 2.184757 1.886813 0.700000
v 2.247873 2.003848 0.700000
v 2.313014 2.119701 0.700000
v 2.380180 2.234373 0.700000
v 2.449372 2.347863 0.700000
v 2.520588 2.460173 0.700000
v 2.593829 2.571301 0.700000
v 2.669096 2.681247 0.700000
v 2.689150 2.710668 0.700000
v 2.707460 2.739526 0.700000
v 2.724027 2.767821 0.700000
v 2.738850 2.795554 0.700000
v 2.751929 2.822724 0.700000
v 2.763264 2.849332 0.700000
v 2.772855 2.875377 0.700000
v 2.780702 2.900859 0.700000
v 2.786806 2.925780 0.700000
v 2.791165 2.950137 0.700000
v 2.793781 2.973932 0.700000
v 2.794653 2.997165 0.700000
v 2.794006 3.017866 0.700000
v 2.792066 3.038117 0.700000
v 2.788831 3.057918 0.700000
v 2.784302 3.077269 0.700000
v 2.778480 3.096170 0.700000
v 2.771364 3.114621 0.700000
v 2.762954 3.132622 0.700000
v 2.753251 3.150173 0.700000
v 2.742253 3.167274 0.700000
v 2.729962 3.183925 0.700000
v 2.716377 3.200126 0.700000
v 2.288375 6.549210 0.700000
v 2.286772 6.586084 0.700000
v 2.281962 6.619751 0.700000
v 2.273946 6.650213 0.700000
v 2.262724 6.677467 0.700000
v 2.248295 6.701516 0.700000
v 2.230659 6.722357 0.700000
v 2.209818 6.739993 0.700000
v 2.185769 6.754421 0.700000
v 2.158515 6.765644 0.700000
v 2.128054 6.773660 0.700000
v 2.094386 6.778469 0.700000
v 2.057512 6.780072 0.700000
v 2.017179 6.776922 0.700000
v 1.973133 6.767472 0.700000
v 1.925374 6.751721 0.700000
v 1.873902 6.729670 0.700000
v 1.818718 6.701318 0.700000
v 1.759821 6.666667 0.700000
v 1.697212 6.625714 0.700000
v 1.630889 6.578462 0.700000
v 1.560854 6.524909 0.700000
v 1.487106 6.465055 0.700000
v 1.409646 6.398901 0.700000
v 1.328473 6.326447 0.700000
v 1.260547 6.262797 0.700000
v 1.198528 6.201453 0.700000
v 1.142416 6.142416 0.700000
v 1.092210 6.085684 0.700000
v 1.047911 6.031260 0.700000
v 1.009518 5.979141 0.700000
v 0.977032 5.929329 0.700000
v 0.950452 5.881824 0.700000
v 0.929779 5.836624 0.700000
v 0.915013 5.793731 0.700000
v 0.906153 5.753145 0.700000
v 0.903199 5.714864 0.700000
v 0.904156 5.688847 0.700000
v 0.907025 5.663449 0.700000
v 0.911806 5.638669 0.700000
v 0.918500 5.614509 0.700000
v 0.927107 5.590967 0.700000
v 0.937626 5.568044 0.700000
v 0.950058 5.545739 0.700000
v 0.964403 5.524054 0.700000
v 0.980660 5.502987 0.700000
v 0.998830 5.482539 0.700000
v 1.018912 5.462709 0.700000
v 1.040907 5.443499 0.700000
v 1.059302 5.429267 0.700000
v 1.078034 5.416273 0.700000
v 1.097104 5.404516 0.700000
v 1.116511 5.393996 0.700000
v 1.136256 5.384715 0.700000
v 1.156338 5.376670 0.700000
v 1.176758 5.369864 0.700000
v 1.197515 5.364295 0.700000
v 1.218610 5.359963 0.700000
v 1.240043 5.356869 0.700000
v 1.261813 5.355013 0.700000
v 1.283920 5.354394 0.700000
v 1.314578 5.355857 0.700000
v 1.344448 5.360245 0.700000
v 1.373531 5.367558 0.700000
v 1.401827 5.377796 0.700000
v 1.429334 5.390959 0.700000
v 1.456054 5.407047 0.700000
v 1.481987 5.426061 0.700000
v 1.507132 5.447999 0.700000
v 1.531490 5.472863 0.700000
v 1.555060 5.500652 0.700000
v 1.577842 5.531367 0.700000
v 1.599838 5.565006 0.700000
v 1.641577 5.631413 0.700000
v 1.684442 5.696976 0.700000
v 1.728432 5.761695 0.700000
v 1.773547 5.825570 0.700000
v 1.819787 5.888602 0.700000
v 1.867152 5.950789 0.700000
v 1.915642 6.012134 0.700000
v 1.965258 6.072634 0.700000
v 2.015998 6.132290 0.700000
v 2.067863 6.191103 0.700000
v 2.120854 6.249072 0.700000
v 2.174969 6.306196 0.700000
v 2.193082 6.325829 0.700000
v 2.209621 6.345573 0.700000
v 2.224584 6.365431 0.700000
v 2.237972 6.385401 0.700000
v 2.249785 6.405483 0.700000
v 2.260024 6.425678 0.700000
v 2.268687 6.445986 0.700000
v 2.275774 6.466406 0.700000
v 2.281287 6.486938 0.700000
v 2.285225 6.507583 0.700000
v 2.287587 6.528340 0.700000
v 1.348724 7.197246 0.700000
v 1.337586 7.208243 0.700000
v 1.325773 7.218285 0.700000
v 1.313284 7.227369 0.700000
v 1.300121 7.235498 0.700000
v 1.286283 7.242670 0.700000
v 1.271769 7.248886 0.700000
v 1.256581 7.254146 0.700000
v 1.240718 7.258449 0.700000
v 1.224179 7.261796 0.700000
v 1.206966 7.264187 0.700000
v 1.189077 7.265621 0.700000
v 1.170514 7.266099 0.700000
v 1.128521 7.263427 0.700000
v 1.083547 7.255411 0.700000
v 1.035591 7.242051 0.700000
v 0.984654 7.223347 0.700000
v 0.930735 7.199298 0.700000
v 0.873835 7.169906 0.700000
v 0.813954 7.135170 0.700000
v 0.751091 7.095089 0.700000
v 0.685247 7.049665 0.700000
v 0.616421 6.998897 0.700000
v 0.544614 6.942784 0.700000
v 0.469825 6.881328 0.700000
v 0.401900 6.822656 0.700000
v 0.339881 6.765447 0.700000
v 0.283768 6.709700 0.700000
v 0.233562 6.655416 0.700000
v 0.189263 6.602594 0.700000
v 0.150870 6.551235 0.700000
v 0.118384 6.501338 0.700000
v 0.091805 6.452905 0.700000
v 0.071132 6.405933 0.700000
v 0.056365 6.360425 0.700000
v 0.047505 6.316378 0.700000
v 0.044552 6.273795 0.700000
v 0.045480 6.245275 0.700000
v 0.048265 6.217767 0.700000
v 0.052906 6.191272 0.700000
v 0.059403 6.165789 0.700000
v 0.067757 6.141319 0.700000
v 0.077967 6.117861 0.700000
v 0.090033 6.095416 0.700000
v 0.103955 6.073984 0.700000
v 0.119734 6.053564 0.700000
v 0.137370 6.034156 0.700000
v 0.156861 6.015761 0.700000
v 0.178209 5.998380 0.700000
v 0.194579 5.986735 0.700000
v 0.211286 5.976103 0.700000
v 0.228330 5.966484 0.700000
v 0.245713 5.957877 0.700000
v 0.263433 5.950283 0.700000
v 0.281490 5.943701 0.700000
v 0.299885 5.938132 0.700000
v 0.318617 5.933576 0.700000
v 0.337687 5.930032 0.700000
v 0.357094 5.927500 0.700000
v 0.376839 5.925982 0.700000
v 0.396921 5.925476 0.700000
v 0.425667 5.926882 0.700000
v 0.453849 5.931101 0.700000
v 0.481470 5.938133 0.700000
v 0.508527 5.947977 0.700000
v 0.535023 5.960634 0.700000
v 0.560955 5.976103 0.700000
v 0.586325 5.994386 0.700000
v 0.611133 6.015481 0.700000
v 0.635378 6.039388 0.700000
v 0.659061 6.066108 0.700000
v 0.682181 6.095641 0.700000
v 0.704738 6.127987 0.700000
v 0.742793 6.183424 0.700000
v 0.782705 6.239031 0.700000
v 0.824473 6.294806 0.700000
v 0.868097 6.350749 0.700000
v 0.913578 6.406862 0.700000
v 0.960915 6.463143 0.700000
v 1.010108 6.519593 0.700000
v 1.061158 6.576211 0.700000
v 1.114064 6.632999 0.700000
v 1.168826 6.689955 0.700000
v 1.225445 6.747080 0.700000
v 1.283920 6.804374 0.700000
v 1.304621 6.825244 0.700000
v 1.323522 6.846002 0.700000
v 1.340623 6.866647 0.700000
v 1.355924 6.887179 0.700000
v 1.369425 6.907599 0.700000
v 1.381125 6.927907 0.700000
v 1.391026 6.948102 0.700000
v 1.399126 6.968184 0.700000
v 1.405427 6.988154 0.700000
v 1.409927 7.008012 0.700000
v 1.412627 7.027757 0.700000
v 1.413527 7.047387 0.700000
v 1.413077 7.060803 0.700000
v 1.411727 7.074051 0.700000
v 1.409477 7.087130 0.700000
v 1.406327 7.100040 0.700000
v 1.402277 7.112782 0.700000
v 1.397327 7.125354 0.700000
v 1.391476 7.137758 0.700000
v 1.384726 7.149993 0.700000
v 1.377076 7.162060 0.700000
v 1.368525 7.173957 0.700000
v 1.359074 7.185686 0.700000
v 14.657755 1.506683 0.699999
v 14.561309 1.516921 0.699999
v 14.429930 1.528734 0.699999
v 14.263618 1.542122 0.699999
v 14.062372 1.557086 0.699999
v 13.826194 1.573624 0.699999
v 13.555082 1.591737 0.699999
v 13.249038 1.611426 0.699999
v 12.908060 1.632690 0.699999
v 12.532149 1.655528 0.699999
v 12.121305 1.679942 0.699999
v 11.675527 1.705931 0.699999
v 11.194815 1.733495 0.699999
v 11.172764 1.889541 0.699999
v 11.149813 2.056613 0.699999
v 11.125961 2.234710 0.699999
v 11.101210 2.423833 0.699999
v 11.075559 2.623982 0.699999
v 11.049007 2.835156 0.699999
v 11.021556 3.057356 0.699999
v 10.993204 3.290581 0.699999
v 10.963952 3.534832 0.699999
v 10.933801 3.790109 0.699999
v 10.902749 4.056411 0.699999
v 10.870796 4.333738 0.699999
v 10.869502 4.347548 0.699999
v 10.868320 4.360627 0.699999
v 10.867251 4.372975 0.699999
v 10.866295 4.384591 0.699999
v 10.865451 4.395476 0.699999
v 10.864719 4.405630 0.699999
v 10.864100 4.415052 0.699999
v 10.863594 4.423743 0.699999
v 10.863200 4.431703 0.699999
v 10.862919 4.438931 0.699999
v 10.862750 4.445429 0.699999
v 10.862696 4.451195 0.699999
v 10.863567 4.469308 0.699999
v 10.866183 4.485847 0.699999
v 10.870543 4.500810 0.699999
v 10.876646 4.514198 0.699999
v 10.884494 4.526011 0.699999
v 10.894085 4.536249 0.699999
v 10.905420 4.544912 0.699999
v 10.918499 4.552000 0.699999
v 10.933322 4.557513 0.699999
v 10.949888 4.561450 0.699999
v 10.968199 4.563813 0.699999
v 10.988253 4.564601 0.699999
v 10.998773 4.564460 0.699999
v 11.011430 4.564038 0.699999
v 11.026224 4.563335 0.699999
v 11.043157 4.562350 0.699999
v 11.062226 4.561085 0.699999
v 11.083434 4.559538 0.699999
v 11.106779 4.557710 0.699999
v 11.132261 4.555600 0.699999
v 11.159882 4.553209 0.699999
v 11.189639 4.550537 0.699999
v 11.221535 4.547584 0.699999
v 11.255568 4.544350 0.699999
v 11.309683 4.539287 0.699999
v 11.373474 4.533549 0.699999
v 11.446940 4.527136 0.699999
v 11.530083 4.520049 0.699999
v 11.622900 4.512286 0.699999
v 11.725393 4.503848 0.699999
v 11.837562 4.494735 0.699999
v 11.959406 4.484947 0.699999
v 12.090925 4.474483 0.699999
v 12.232121 4.463346 0.699999
v 12.382991 4.451532 0.699999
v 12.543537 4.439044 0.699999
v 12.728076 4.424305 0.699999
v 12.907721 4.409792 0.699999
v 13.082471 4.395504 0.699999
v 13.252327 4.381440 0.699999
v 13.417290 4.367602 0.699999
v 13.577358 4.353989 0.699999
v 13.732533 4.340600 0.699999
v 13.882812 4.327437 0.699999
v 14.028198 4.314499 0.699999
v 14.168691 4.301786 0.699999
v 14.304289 4.289298 0.699999
v 14.434992 4.277035 0.699999
v 14.448887 4.275741 0.699999
v 14.462219 4.274560 0.699999
v 14.474989 4.273491 0.699999
v 14.487196 4.272535 0.699999
v 14.498840 4.271692 0.699999
v 14.509922 4.270960 0.699999
v 14.520441 4.270341 0.699999
v 14.530398 4.269835 0.699999
v 14.539793 4.269441 0.699999
v 14.548625 4.269160 0.699999
v 14.556894 4.268991 0.699999
v 14.564600 4.268935 0.699999
v 14.601755 4.269919 0.699998
v 14.637616 4.272872 0.699998
v 14.672184 4.277794 0.699998
v 14.705458 4.284685 0.699998
v 14.737437 4.293544 0.699998
v 14.768124 4.304373 0.699998
v 14.797516 4.317170 0.699998
v 14.825614 4.331936 0.699998
v 14.852419 4.348671 0.699998
v 14.877930 4.367375 0.699998
v 14.902146 4.388048 0.699998
v 14.925070 4.410692 0.699998
v 14.943183 4.431449 0.699998
v 14.959722 4.453219 0.699998
v 14.974685 4.476002 0.699998
v 14.988073 4.499797 0.699998
v 14.999887 4.524604 0.699998
v 15.010124 4.550425 0.699998
v 15.018787 4.577257 0.699998
v 15.025875 4.605103 0.699998
v 15.031388 4.633960 0.699998
v 15.035326 4.663831 0.699998
v 15.037688 4.694714 0.699998
v 15.038476 4.726610 0.699998
v 15.036675 4.783060 0.699998
v 15.031275 4.836303 0.699998
v 15.022274 4.886341 0.699998
v 15.009673 4.933171 0.699998
v 14.993472 4.976796 0.699998
v 14.973671 5.017213 0.699998
v 14.950270 5.054425 0.699998
v 14.923268 5.088430 0.699998
v 14.892667 5.119228 0.699998
v 14.858465 5.146821 0.699998
v 14.820663 5.171206 0.699998
v 14.779262 5.192385 0.699998
v 14.762498 5.199051 0.699998
v 14.741909 5.205549 0.699998
v 14.717495 5.211877 0.699998
v 14.689256 5.218037 0.699998
v 14.657191 5.224028 0.699998
v 14.621302 5.229850 0.699998
v 14.581587 5.235504 0.699998
v 14.538047 5.240988 0.699998
v 14.490682 5.246304 0.699998
v 14.439491 5.251451 0.699998
v 14.384476 5.256430 0.699998
v 14.325637 5.261240 0.699998
v 13.786985 5.305398 0.699999
v 13.291593 5.346069 0.699999
v 12.839458 5.383252 0.699999
v 12.430583 5.416948 0.699999
v 12.064966 5.447156 0.699999
v 11.742608 5.473876 0.699999
v 11.463509 5.497108 0.699999
v 11.227668 5.516853 0.699999
v 11.035086 5.533111 0.699999
v 10.885762 5.545880 0.699999
v 10.779697 5.555161 0.699999
v 10.716887 5.560956 0.699999
v 10.704906 5.562249 0.699999
v 10.693261 5.563430 0.699999
v 10.681954 5.564499 0.699999
v 10.670985 5.565456 0.699999
v 10.660354 5.566300 0.699999
v 10.650060 5.567031 0.699999
v 10.640103 5.567650 0.699999
v 10.630484 5.568157 0.699999
v 10.621202 5.568551 0.699999
v 10.612257 5.568832 0.699999
v 10.603650 5.569001 0.699999
v 10.595381 5.569057 0.699999
v 10.511198 5.566019 0.699999
v 10.431459 5.556906 0.699999
v 10.356165 5.541718 0.699999
v 10.285315 5.520454 0.699999
v 10.218908 5.493115 0.699999
v 10.156945 5.459701 0.699999
v 10.099426 5.420211 0.699999
v 10.046351 5.374646 0.699999
v 9.997721 5.323006 0.699999
v 9.953534 5.265290 0.699999
v 9.913792 5.201499 0.699999
v 9.878491 5.131632 0.699999
v 9.866847 5.104462 0.699999
v 9.856215 5.076954 0.699999
v 9.846597 5.049109 0.699999
v 9.837990 5.020926 0.699999
v 9.830396 4.992405 0.699999
v 9.823814 4.963548 0.699999
v 9.818245 4.934352 0.699999
v 9.813688 4.904819 0.699999
v 9.810144 4.874949 0.699999
v 9.807613 4.844741 0.699999
v 9.806094 4.814196 0.699999
v 9.805588 4.783313 0.699999
v 9.805784 4.772541 0.699999
v 9.806375 4.759124 0.699999
v 9.807359 4.743064 0.699999
v 9.808737 4.724360 0.699999
v 9.810509 4.703012 0.699999
v 9.812675 4.679020 0.699999
v 9.815234 4.652384 0.699999
v 9.818188 4.623105 0.699999
v 9.821535 4.591181 0.699999
v 9.825275 4.556613 0.699999
v 9.829410 4.519402 0.699999
v 9.833939 4.479546 0.699999
v 9.870981 4.172742 0.699999
v 9.906506 3.880113 0.699999
v 9.940511 3.601661 0.699999
v 9.972997 3.337384 0.699999
v 10.003964 3.087283 0.699999
v 10.033413 2.851357 0.699999
v 10.061342 2.629608 0.699999
v 10.087753 2.422034 0.699999
v 10.112645 2.228636 0.699999
v 10.136018 2.049413 0.699999
v 10.157872 1.884367 0.699999
v 10.178208 1.733495 0.699999
v 10.135512 1.713104 0.699999
v 10.096529 1.689730 0.699999
v 10.061258 1.663376 0.699999
v 10.029700 1.634040 0.699999
v 10.001855 1.601722 0.699999
v 9.977722 1.566424 0.699999
v 9.957302 1.528143 0.699999
v 9.940595 1.486882 0.699999
v 9.927600 1.442639 0.699999
v 9.918318 1.395414 0.699999
v 9.912748 1.345208 0.699999
v 9.910893 1.292021 0.699999
v 9.912862 1.239509 0.699999
v 9.918768 1.189978 0.699999
v 9.928612 1.143428 0.699999
v 9.942393 1.099860 0.699999
v 9.960113 1.059274 0.699999
v 9.981770 1.021669 0.699999
v 10.007364 0.987045 0.699999
v 10.036897 0.955403 0.699999
v 10.070367 0.926742 0.699999
v 10.107775 0.901062 0.699999
v 10.149120 0.878364 0.699999
v 10.194408 0.858647 0.699999
v 10.213704 0.852066 0.699999
v 10.236487 0.845822 0.699999
v 10.262758 0.839915 0.699999
v 10.292517 0.834346 0.699999
v 10.325763 0.829114 0.699999
v 10.362496 0.824220 0.699999
v 10.402718 0.819664 0.699999
v 10.446426 0.815445 0.699999
v 10.493623 0.811563 0.699999
v 10.544307 0.808019 0.699999
v 10.598478 0.804813 0.699999
v 10.656136 0.801944 0.699999
v 10.856115 0.792100 0.699999
v 11.078033 0.780118 0.699999
v 11.321891 0.765998 0.699999
v 11.587687 0.749741 0.699999
v 11.875421 0.731346 0.699999
v 12.185094 0.710814 0.699999
v 12.516706 0.688144 0.699999
v 12.870256 0.663337 0.699999
v 13.245746 0.636391 0.699999
v 13.643174 0.607308 0.699999
v 14.062541 0.576088 0.699999
v 14.503846 0.542730 0.699999
v 14.517684 0.541436 0.699999
v 14.530848 0.540255 0.699999
v 14.543336 0.539186 0.699999
v 14.555149 0.538230 0.699999
v 14.566287 0.537386 0.699999
v 14.576750 0.536655 0.699999
v 14.586538 0.536036 0.699999
v 14.595652 0.535529 0.699999
v 14.604090 0.535136 0.699999
v 14.611853 0.534854 0.699999
v 14.618940 0.534686 0.699999
v 14.625353 0.534629 0.699999
v 14.700395 0.538033 0.699999
v 14.768911 0.548243 0.699999
v 14.830902 0.565259 0.699999
v 14.886368 0.589082 0.699999
v 14.935308 0.619712 0.699999
v 14.977723 0.657149 0.699999
v 15.013613 0.701392 0.699999
v 15.042977 0.752441 0.699999
v 15.065816 0.810298 0.699999
v 15.082129 0.874961 0.699999
v 15.091918 0.946430 0.699999
v 15.095179 1.024706 0.699999
v 15.092141 1.093644 0.699999
v 15.083028 1.157351 0.699999
v 15.067840 1.215826 0.699999
v 15.046576 1.269070 0.699999
v 15.019237 1.317082 0.699999
v 14.985823 1.359862 0.699999
v 14.946333 1.397411 0.699999
v 14.900768 1.429729 0.699999
v 14.849128 1.456814 0.699999
v 14.791412 1.478669 0.699999
v 14.727621 1.495291 0.699999
v 19.736732 4.852167 0.699998
v 19.714935 4.868986 0.699998
v 19.692743 4.884343 0.699998
v 19.670158 4.898238 0.699998
v 19.647179 4.910670 0.699998
v 19.623806 4.921639 0.699998
v 19.600039 4.931146 0.699998
v 19.575878 4.939190 0.699998
v 19.551323 4.945772 0.699998
v 19.526375 4.950891 0.699998
v 19.501034 4.954547 0.699998
v 19.475298 4.956741 0.699998
v 19.449169 4.957472 0.699998
v 19.414377 4.955700 0.699998
v 19.378853 4.950385 0.699998
v 19.342598 4.941525 0.699998
v 19.305613 4.929121 0.699998
v 19.267895 4.913173 0.699998
v 19.229446 4.893682 0.699998
v 19.190266 4.870646 0.699998
v 19.150354 4.844067 0.699998
v 19.109711 4.813943 0.699998
v 19.068336 4.780275 0.699998
v 19.026230 4.743064 0.699998
v 18.983393 4.702309 0.699998
v 18.878931 4.598381 0.699998
v 18.774807 4.490459 0.699998
v 18.671021 4.378544 0.699998
v 18.567572 4.262634 0.699998
v 18.464460 4.142731 0.699998
v 18.361687 4.018833 0.699998
v 18.259251 3.890942 0.699998
v 18.157150 3.759056 0.699998
v 18.055387 3.623177 0.699998
v 17.953962 3.483304 0.699998
v 17.852875 3.339437 0.699998
v 17.752125 3.191576 0.699998
v 17.646032 3.029651 0.699998
v 17.549164 2.875996 0.699998
v 17.461521 2.730609 0.699998
v 17.383104 2.593493 0.699998
v 17.313913 2.464645 0.699998
v 17.253948 2.344066 0.699998
v 17.203207 2.231757 0.699998
v 17.161692 2.127717 0.699998
v 17.129402 2.031946 0.699998
v 17.106339 1.944445 0.699998
v 17.092501 1.865212 0.699998
v 17.087889 1.794249 0.699998
v 17.089661 1.745927 0.699998
v 17.094976 1.699518 0.699998
v 17.103836 1.655022 0.699998
v 17.116240 1.612439 0.699998
v 17.132187 1.571768 0.699998
v 17.151678 1.533009 0.699998
v 17.174713 1.496163 0.699998
v 17.201292 1.461230 0.699998
v 17.231415 1.428210 0.699998
v 17.265081 1.397102 0.699998
v 17.302292 1.367906 0.699998
v 17.343052 1.340624 0.699998
v 17.369379 1.324451 0.699998
v 17.395706 1.309684 0.699998
v 17.422033 1.296324 0.699998
v 17.448360 1.284370 0.699998
v 17.474688 1.273823 0.699998
v 17.501015 1.264682 0.699998
v 17.527342 1.256947 0.699998
v 17.553669 1.250619 0.699998
v 17.579996 1.245697 0.699998
v 17.606323 1.242181 0.699998
v 17.632650 1.240071 0.699998
v 17.658970 1.239368 0.699998
v 17.711143 1.241309 0.699998
v 17.761011 1.247131 0.699998
v 17.808573 1.256835 0.699998
v 17.853828 1.270420 0.699998
v 17.896778 1.287886 0.699998
v 17.937422 1.309234 0.699998
v 17.975758 1.334464 0.699998
v 18.011787 1.363575 0.699998
v 18.045511 1.396567 0.699998
v 18.076929 1.433441 0.699998
v 18.106041 1.474197 0.699998
v 18.132847 1.518834 0.699998
v 18.136108 1.524740 0.699998
v 18.140495 1.533009 0.699998
v 18.146008 1.543641 0.699998
v 18.152645 1.556635 0.699998
v 18.160408 1.571993 0.699998
v 18.169296 1.589712 0.699998
v 18.179310 1.609795 0.699998
v 18.190449 1.632240 0.699998
v 18.202711 1.657047 0.699998
v 18.216099 1.684218 0.699998
v 18.230612 1.713750 0.699998
v 18.246252 1.745646 0.699998
v 18.365622 1.995916 0.699998
v 18.486116 2.239098 0.699998
v 18.607737 2.475192 0.699998
v 18.730480 2.704199 0.699998
v 18.854349 2.926117 0.699998
v 18.979343 3.140948 0.699998
v 19.105463 3.348690 0.699998
v 19.232708 3.549345 0.699998
v 19.361078 3.742912 0.699998
v 19.490572 3.929391 0.699998
v 19.621191 4.108782 0.699998
v 19.752935 4.281085 0.699998
v 19.770403 4.304852 0.699998
v 19.786350 4.328901 0.699998
v 19.800779 4.353230 0.699998
v 19.813690 4.377841 0.699998
v 19.825081 4.402733 0.699998
v 19.834953 4.427906 0.699998
v 19.843307 4.453361 0.699998
v 19.850142 4.479096 0.699998
v 19.855457 4.505114 0.699998
v 19.859255 4.531412 0.699998
v 19.861532 4.557992 0.699998
v 19.862291 4.584852 0.699998
v 19.861420 4.611460 0.699998
v 19.858805 4.637280 0.699998
v 19.854445 4.662313 0.699998
v 19.848341 4.686558 0.699998
v 19.840494 4.710015 0.699998
v 19.830902 4.732685 0.699998
v 19.819567 4.754568 0.699998
v 19.806488 4.775662 0.699998
v 19.791664 4.795970 0.699998
v 19.775097 4.815490 0.699998
v 19.756786 4.834222 0.699998
v 22.693396 4.394492 0.699998
v 22.667379 4.457889 0.699998
v 22.637932 4.515773 0.699998
v 22.605053 4.568144 0.699998
v 22.568741 4.615003 0.699998
v 22.528997 4.656349 0.699998
v 22.485823 4.692183 0.699998
v 22.439217 4.722503 0.699998
v 22.389179 4.747311 0.699998
v 22.335711 4.766605 0.699998
v 22.278811 4.780387 0.699998
v 22.218479 4.788657 0.699998
v 22.154716 4.791413 0.699998
v 22.134521 4.791048 0.699998
v 22.114439 4.789951 0.699998
v 22.094469 4.788123 0.699998
v 22.074612 4.785563 0.699998
v 22.054867 4.782272 0.699998
v 22.035234 4.778250 0.699998
v 22.015715 4.773497 0.699998
v 21.996307 4.768012 0.699998
v 21.977013 4.761796 0.699998
v 21.957830 4.754849 0.699998
v 21.938761 4.747170 0.699998
v 21.919804 4.738760 0.699998
v 21.868698 4.713165 0.699998
v 21.822037 4.684982 0.699998
v 21.779819 4.654212 0.699998
v 21.742046 4.620854 0.699998
v 21.708717 4.584908 0.699998
v 21.679831 4.546375 0.699998
v 21.655388 4.505254 0.699998
v 21.635389 4.461545 0.699998
v 21.619835 4.415249 0.699998
v 21.608725 4.366365 0.699998
v 21.602058 4.314893 0.699998
v 21.599836 4.260834 0.699998
v 21.602425 4.208688 0.699998
v 21.610188 4.150804 0.699998
v 21.623125 4.087181 0.699998
v 21.641239 4.017821 0.699998
v 21.664528 3.942723 0.699998
v 21.692991 3.861887 0.699998
v 21.726631 3.775314 0.699998
v 21.765446 3.683002 0.699998
v 21.809435 3.584953 0.699998
v 21.858601 3.481166 0.699998
v 21.912941 3.371642 0.699998
v 21.972456 3.256379 0.699998
v 22.058523 3.097942 0.699998
v 22.147966 2.942599 0.699998
v 22.240784 2.790350 0.699998
v 22.336977 2.641195 0.699998
v 22.436544 2.495134 0.699998
v 22.539488 2.352167 0.699998
v 22.645805 2.212293 0.699998
v 22.755499 2.075514 0.699998
v 22.868568 1.941829 0.699998
v 22.985012 1.811237 0.699998
v 23.104832 1.683740 0.699998
v 23.228025 1.559336 0.699998
v 23.317862 1.473297 0.699998
v 23.403761 1.394739 0.699998
v 23.485722 1.323663 0.699998
v 23.563745 1.260069 0.699998
v 23.637831 1.203957 0.699998
v 23.707979 1.155326 0.699998
v 23.774189 1.114177 0.699998
v 23.836462 1.080509 0.699998
v 23.894796 1.054324 0.699998
v 23.949194 1.035619 0.699998
v 23.999653 1.024397 0.699998
v 24.046171 1.020656 0.699998
v 24.071627 1.021612 0.699998
v 24.096687 1.024481 0.699998
v 24.121355 1.029263 0.699998
v 24.145628 1.035957 0.699998
v 24.169508 1.044564 0.699998
v 24.192993 1.055083 0.699998
v 24.216085 1.067515 0.699998
v 24.238783 1.081859 0.699998
v 24.261087 1.098117 0.699998
v 24.282997 1.116286 0.699998
v 24.304514 1.136369 0.699998
v 24.325636 1.158364 0.699998
v 24.341808 1.176815 0.699998
v 24.356575 1.195716 0.699998
v 24.369936 1.215067 0.699998
v 24.381889 1.234868 0.699998
v 24.392437 1.255119 0.699998
v 24.401579 1.275820 0.699998
v 24.409313 1.296971 0.699998
v 24.415642 1.318572 0.699998
v 24.420565 1.340624 0.699998
v 24.424080 1.363125 0.699998
v 24.426189 1.386076 0.699998
v 24.426891 1.409477 0.699998
v 24.425711 1.437942 0.699998
v 24.422167 1.466631 0.699998
v 24.416260 1.495545 0.699998
v 24.407991 1.524684 0.699998
v 24.397360 1.554048 0.699998
v 24.384365 1.583637 0.699998
v 24.369009 1.613451 0.699998
v 24.351290 1.643490 0.699998
v 24.331207 1.673755 0.699998
v 24.308762 1.704244 0.699998
v 24.283955 1.734958 0.699998
v 24.256783 1.765897 0.699998
v 24.094324 1.949367 0.699998
v 23.937716 2.139305 0.699998
v 23.786957 2.335713 0.699998
v 23.642048 2.538589 0.699998
v 23.502991 2.747935 0.699998
v 23.369783 2.963750 0.699998
v 23.242426 3.186034 0.699998
v 23.120918 3.414788 0.699998
v 23.005262 3.650010 0.699998
v 22.895456 3.891701 0.699998
v 22.791500 4.139862 0.699998
v 22.693396 4.394492 0.699998
v 22.693396 4.394492 -0.700002
v 22.667379 4.457889 0.699998
v 22.667379 4.457889 -0.700002
v 22.637932 4.515773 0.699998
v 22.637932 4.515773 -0.700002
v 22.605053 4.568144 0.699998
v 22.605053 4.568144 -0.700002
v 22.568741 4.615003 0.699998
v 22.568741 4.615003 -0.700002
v 22.528997 4.656349 0.699998
v 22.528997 4.656349 -0.700002
v 22.485823 4.692183 0.699998
v 22.485823 4.692183 -0.700002
v 22.439217 4.722503 0.699998
v 22.439217 4.722503 -0.700002
v 22.389179 4.747311 0.699998
v 22.389179 4.747311 -0.700002
v 22.335711 4.766605 0.699998
v 22.335711 4.766605 -0.700002
v 22.278811 4.780387 0.699998
v 22.278811 4.780387 -0.700002
v 22.218479 4.788657 0.699998
v 22.218479 4.788657 -0.700002
v 22.154716 4.791413 0.699998
v 22.154716 4.791413 -0.700002
v 22.134521 4.791048 0.699998
v 22.134521 4.791048 -0.700002
v 22.114439 4.789951 0.699998
v 22.114439 4.789951 -0.700002
v 22.094469 4.788123 0.699998
v 22.094469 4.788123 -0.700002
v 22.074612 4.785563 0.699998
v 22.074612 4.785563 -0.700002
v 22.054867 4.782272 0.699998
v 22.054867 4.782272 -0.700002
v 22.035234 4.778250 0.699998
v 22.035234 4.778250 -0.700002
v 22.015715 4.773497 0.699998
v 22.015715 4.773497 -0.700002
v 21.996307 4.768012 0.699998
v 21.996307 4.768012 -0.700002
v 21.977013 4.761796 0.699998
v 21.977013 4.761796 -0.700002
v 21.957830 4.754849 0.699998
v 21.957830 4.754849 -0.700002
v 21.938761 4.747170 0.699998
v 21.938761 4.747170 -0.700002
v 21.919804 4.738760 0.699998
v 21.919804 4.738760 -0.700002
v 21.868698 4.713165 0.699998
v 21.868698 4.713165 -0.700002
v 21.822037 4.684982 0.699998
v 21.822037 4.684982 -0.700002
v 21.779819 4.654212 0.699998
v 21.779819 4.654212 -0.700002
v 21.742046 4.620854 0.699998
v 21.742046 4.620854 -0.700002
v 21.708717 4.584908 0.699998
v 21.708717 4.584908 -0.700002
v 21.679831 4.546375 0.699998
v 21.679831 4.546375 -0.700002
v 21.655388 4.505254 0.699998
v 21.655388 4.505254 -0.700002
v 21.635389 4.461545 0.699998
v 21.635389 4.461545 -0.700002
v 21.619835 4.415249 0.699998
v 21.619835 4.415249 -0.700002
v 21.608725 4.366365 0.699998
v 21.608725 4.366365 -0.700002
v 21.602058 4.314893 0.699998
v 21.602058 4.314893 -0.700002
v 21.599836 4.260834 0.699998
v 21.599836 4.260834 -0.700002
v 21.602425 4.208688 0.699998
v 21.602425 4.208688 -0.700002
v 21.610188 4.150804 0.699998
v 21.610188 4.150804 -0.700002
v 21.623125 4.087181 0.699998
v 21.623125 4.087181 -0.700002
v 21.641239 4.017821 0.699998
v 21.641239 4.017821 -0.700002
v 21.664528 3.942723 0.699998
v 21.664528 3.942723 -0.700002
v 21.692991 3.861887 0.699998
v 21.692991 3.861887 -0.700002
v 21.726631 3.775314 0.699998
v 21.726631 3.775314 -0.700002
v 21.765446 3.683002 0.699998
v 21.765446 3.683002 -0.700002
v 21.809435 3.584953 0.699998
v 21.809435 3.584953 -0.700002
v 21.858601 3.481166 0.699998
v 21.858601 3.481166 -0.700002
v 21.912941 3.371642 0.699998
v 21.912941 3.371642 -0.700002
v 21.972456 3.256379 0.699998
v 21.972456 3.256379 -0.700002
v 22.058523 3.097942 0.699998
v 22.058523 3.097942 -0.700002
v 22.147966 2.942599 0.699998
v 22.147966 2.942599 -0.700002
v 22.240784 2.790350 0.699998
v 22.240784 2.790350 -0.700002
v 22.336977 2.641195 0.699998
v 22.336977 2.641195 -0.700002
v 22.436544 2.495134 0.699998
v 22.436544 2.495134 -0.700002
v 22.539488 2.352167 0.699998
v 22.539488 2.352167 -0.700002
v 22.645805 2.212293 0.699998
v 22.645805 2.212293 -0.700002
v 22.755499 2.075514 0.699998
v 22.755499 2.075514 -0.700002
v 22.868568 1.941829 0.699998
v 22.868568 1.941829 -0.700002
v 22.985012 1.811237 0.699998
v 22.985012 1.811237 -0.700002
v 23.104832 1.683740 0.699998
v 23.104832 1.683740 -0.700002
v 23.228025 1.559336 0.699998
v 23.228025 1.559336 -0.700002
v 23.317862 1.473297 0.699998
v 23.317862 1.473297 -0.700002
v 23.403761 1.394739 0.699998
v 23.403761 1.394739 -0.700002
v 23.485722 1.323663 0.699998
v 23.485722 1.323663 -0.700002
v 23.563745 1.260069 0.699998
v 23.563745 1.260069 -0.700002
v 23.637831 1.203957 0.699998
v 23.637831 1.203957 -0.700002
v 23.707979 1.155326 0.699998
v 23.707979 1.155326 -0.700002
v 23.774189 1.114177 0.699998
v 23.774189 1.114177 -0.700002
v 23.836462 1.080509 0.699998
v 23.836462 1.080509 -0.700002
v 23.894796 1.054324 0.699998
v 23.894796 1.054324 -0.700002
v 23.949194 1.035619 0.699998
v 23.949194 1.035619 -0.700002
v 23.999653 1.024397 0.699998
v 23.999653 1.024397 -0.700002
v 24.046171 1.020656 0.699998
v 24.046171 1.020656 -0.700002
v 24.071627 1.021612 0.699998
v 24.071627 1.021612 -0.700002
v 24.096687 1.024481 0.699998
v 24.096687 1.024481 -0.700002
v 24.121355 1.029263 0.699998
v 24.121355 1.029263 -0.700002
v 24.145628 1.035957 0.699998
v 24.145628 1.035957 -0.700002
v 24.169508 1.044564 0.699998
v 24.169508 1.044564 -0.700002
v 24.192993 1.055083 0.699998
v 24.192993 1.055083 -0.700002
v 24.216085 1.067515 0.699998
v 24.216085 1.067515 -0.700002
v 24.238783 1.081859 0.699998
v 24.238783 1.081859 -0.700002
v 24.261087 1.098117 0.699998
v 24.261087 1.098117 -0.700002
v 24.282997 1.116286 0.699998
v 24.282997 1.116286 -0.700002
v 24.304514 1.136369 0.699998
v 24.304514 1.136369 -0.700002
v 24.325636 1.158364 0.699998
v 24.325636 1.158364 -0.700002
v 24.341808 1.176815 0.699998
v 24.341808 1.176815 -0.700002
v 24.356575 1.195716 0.699998
v 24.356575 1.195716 -0.700002
v 24.369936 1.215067 0.699998
v 24.369936 1.215067 -0.700002
v 24.381889 1.234868 0.699998
v 24.381889 1.234868 -0.700002
v 24.392437 1.255119 0.699998
v 24.392437 1.255119 -0.700002
v 24.401579 1.275820 0.699998
v 24.401579 1.275820 -0.700002
v 24.409313 1.296971 0.699998
v 24.409313 1.296971 -0.700002
v 24.415642 1.318572 0.699998
v 24.415642 1.318572 -0.700002
v 24.420565 1.340624 0.699998
v 24.420565 1.340624 -0.700002
v 24.424080 1.363125 0.699998
v 24.424080 1.363125 -0.700002
v 24.426189 1.386076 0.699998
v 24.426189 1.386076 -0.700002
v 24.426891 1.409477 0.699998
v 24.426891 1.409477 -0.700002
v 24.425711 1.437942 0.699998
v 24.425711 1.437942 -0.700002
v 24.422167 1.466631 0.699998
v 24.422167 1.466631 -0.700002
v 24.416260 1.495545 0.699998
v 24.416260 1.495545 -0.700002
v 24.407991 1.524684 0.699998
v 24.407991 1.524684 -0.700002
v 24.397360 1.554048 0.699998
v 24.397360 1.554048 -0.700002
v 24.384365 1.583637 0.699998
v 24.384365 1.583637 -0.700002
v 24.369009 1.613451 0.699998
v 24.369009 1.613451 -0.700002
v 24.351290 1.643490 0.699998
v 24.351290 1.643490 -0.700002
v 24.331207 1.673755 0.699998
v 24.331207 1.673755 -0.700002
v 24.308762 1.704244 0.699998
v 24.308762 1.704244 -0.700002
v 24.283955 1.734958 0.699998
v 24.283955 1.734958 -0.700002
v 24.256783 1.765897 0.699998
v 24.256783 1.765897 -0.700002
v 24.094324 1.949367 0.699998
v 24.094324 1.949367 -0.700002
v 23.937716 2.139305 0.699998
v 23.937716 2.139305 -0.700002
v 23.786957 2.335713 0.699998
v 23.786957 2.335713 -0.700002
v 23.642048 2.538589 0.699998
v 23.642048 2.538589 -0.700002
v 23.502991 2.747935 0.699998
v 23.502991 2.747935 -0.700002
v 23.369783 2.963750 0.699998
v 23.369783 2.963750 -0.700002
v 23.242426 3.186034 0.699998
v 23.242426 3.186034 -0.700002
v 23.120918 3.414788 0.699998
v 23.120918 3.414788 -0.700002
v 23.005262 3.650010 0.699998
v 23.005262 3.650010 -0.700002
v 22.895456 3.891701 0.699998
v 22.895456 3.891701 -0.700002
v 22.791500 4.139862 0.699998
v 22.791500 4.139862 -0.700002
v 19.736732 4.852167 0.699998
v 19.736732 4.852167 -0.700002
v 19.714935 4.868986 0.699998
v 19.714935 4.868986 -0.700002
v 19.692743 4.884343 0.699998
v 19.692743 4.884343 -0.700002
v 19.670158 4.898238 0.699998
v 19.670158 4.898238 -0.700002
v 19.647179 4.910670 0.699998
v 19.647179 4.910670 -0.700002
v 19.623806 4.921639 0.699998
v 19.623806 4.921639 -0.700002
v 19.600039 4.931146 0.699998
v 19.600039 4.931146 -0.700002
v 19.575878 4.939190 0.699998
v 19.575878 4.939190 -0.700002
v 19.551323 4.945772 0.699998
v 19.551323 4.945772 -0.700002
v 19.526375 4.950891 0.699998
v 19.526375 4.950891 -0.700002
v 19.501034 4.954547 0.699998
v 19.501034 4.954547 -0.700002
v 19.475298 4.956741 0.699998
v 19.475298 4.956741 -0.700002
v 19.449169 4.957472 0.699998
v 19.449169 4.957472 -0.700002
v 19.414377 4.955700 0.699998
v 19.414377 4.955700 -0.700002
v 19.378853 4.950385 0.699998
v 19.378853 4.950385 -0.700002
v 19.342598 4.941525 0.699998
v 19.342598 4.941525 -0.700002
v 19.305613 4.929121 0.699998
v 19.305613 4.929121 -0.700002
v 19.267895 4.913173 0.699998
v 19.267895 4.913173 -0.700002
v 19.229446 4.893682 0.699998
v 19.229446 4.893682 -0.700002
v 19.190266 4.870646 0.699998
v 19.190266 4.870646 -0.700002
v 19.150354 4.844067 0.699998
v 19.150354 4.844067 -0.700002
v 19.109711 4.813943 0.699998
v 19.109711 4.813943 -0.700002
v 19.068336 4.780275 0.699998
v 19.068336 4.780275 -0.700002
v 19.026230 4.743064 0.699998
v 19.026230 4.743064 -0.700002
v 18.983393 4.702309 0.699998
v 18.983393 4.702309 -0.700002
v 18.878931 4.598381 0.699998
v 18.878931 4.598381 -0.700002
v 18.774807 4.490459 0.699998
v 18.774807 4.490459 -0.700002
v 18.671021 4.378544 0.699998
v 18.671021 4.378544 -0.700002
v 18.567572 4.262634 0.699998
v 18.567572 4.262634 -0.700002
v 18.464460 4.142731 0.699998
v 18.464460 4.142731 -0.700002
v 18.361687 4.018833 0.699998
v 18.361687 4.018833 -0.700002
v 18.259251 3.890942 0.699998
v 18.259251 3.890942 -0.700002
v 18.157150 3.759056 0.699998
v 18.157150 3.759056 -0.700002
v 18.055387 3.623177 0.699998
v 18.055387 3.623177 -0.700002
v 17.953962 3.483304 0.699998
v 17.953962 3.483304 -0.700002
v 17.852875 3.339437 0.699998
v 17.852875 3.339437 -0.700002
v 17.752125 3.191576 0.699998
v 17.752125 3.191576 -0.700002
v 17.646032 3.029651 0.699998
v 17.646032 3.029651 -0.700002
v 17.549164 2.875996 0.699998
v 17.549164 2.875996 -0.700002
v 17.461521 2.730609 0.699998
v 17.461521 2.730609 -0.700002
v 17.383104 2.593493 0.699998
v 17.383104 2.593493 -0.700002
v 17.313913 2.464645 0.699998
v 17.313913 2.464645 -0.700002
v 17.253948 2.344066 0.699998
v 17.253948 2.344066 -0.700002
v 17.203207 2.231757 0.699998
v 17.203207 2.231757 -0.700002
v 17.161692 2.127717 0.699998
v 17.161692 2.127717 -0.700002
v 17.129402 2.031946 0.699998
v 17.129402 2.031946 -0.700002
v 17.106339 1.944445 0.699998
v 17.106339 1.944445 -0.700002
v 17.092501 1.865212 0.699998
v 17.092501 1.865212 -0.700002
v 17.087889 1.794249 0.699998
v 17.087889 1.794249 -0.700002
v 17.089661 1.745927 0.699998
v 17.089661 1.745927 -0.700002
v 17.094976 1.699518 0.699998
v 17.094976 1.699518 -0.700002
v 17.103836 1.655022 0.699998
v 17.103836 1.655022 -0.700002
v 17.116240 1.612439 0.699998
v 17.116240 1.612439 -0.700002
v 17.132187 1.571768 0.699998
v 17.132187 1.571768 -0.700002
v 17.151678 1.533009 0.699998
v 17.151678 1.533009 -0.700002
v 17.174713 1.496163 0.699998
v 17.174713 1.496163 -0.700002
v 17.201292 1.461230 0.699998
v 17.201292 1.461230 -0.700002
v 17.231415 1.428210 0.699998
v 17.231415 1.428210 -0.700002
v 17.265081 1.397102 0.699998
v 17.265081 1.397102 -0.700002
v 17.302292 1.367906 0.699998
v 17.302292 1.367906 -0.700002
v 17.343052 1.340624 0.699998
v 17.343052 1.340624 -0.700002
v 17.369379 1.324451 0.699998
v 17.369379 1.324451 -0.700002
v 17.395706 1.309684 0.699998
v 17.395706 1.309684 -0.700002
v 17.422033 1.296324 0.699998
v 17.422033 1.296324 -0.700002
v 17.448360 1.284370 0.699998
v 17.448360 1.284370 -0.700002
v 17.474688 1.273823 0.699998
v 17.474688 1.273823 -0.700002
v 17.501015 1.264682 0.699998
v 17.501015 1.264682 -0.700002
v 17.527342 1.256947 0.699998
v 17.527342 1.256947 -0.700002
v 17.553669 1.250619 0.699998
v 17.553669 1.250619 -0.700002
v 17.579996 1.245697 0.699998
v 17.579996 1.245697 -0.700002
v 17.606323 1.242181 0.699998
v 17.606323 1.242181 -0.700002
v 17.632650 1.240071 0.699998
v 17.632650 1.240071 -0.700002
v 17.658970 1.239368 0.699998
v 17.658970 1.239368 -0.700002
v 17.711143 1.241309 0.699998
v 17.711143 1.241309 -0.700002
v 17.761011 1.247131 0.699998
v 17.761011 1.247131 -0.700002
v 17.808573 1.256835 0.699998
v 17.808573 1.256835 -0.700002
v 17.853828 1.270420 0.699998
v 17.853828 1.270420 -0.700002
v 17.896778 1.287886 0.699998
v 17.896778 1.287886 -0.700002
v 17.937422 1.309234 0.699998
v 17.937422 1.309234 -0.700002
v 17.975758 1.334464 0.699998
v 17.975758 1.334464 -0.700002
v 18.011787 1.363575 0.699998
v 18.011787 1.363575 -0.700002
v 18.045511 1.396567 0.699998
v 18.045511 1.396567 -0.700002
v 18.076929 1.433441 0.699998
v 18.076929 1.433441 -0.700002
v 18.106041 1.474197 0.699998
v 18.106041 1.474197 -0.700002
v 18.132847 1.518834 0.699998
v 18.132847 1.518834 -0.700002
v 18.136108 1.524740 0.699998
v 18.136108 1.524740 -0.700002
v 18.140495 1.533009 0.699998
v 18.140495 1.533009 -0.700002
v 18.146008 1.543641 0.699998
v 18.146008 1.543641 -0.700002
v 18.152645 1.556635 0.699998
v 18.152645 1.556635 -0.700002
v 18.160408 1.571993 0.699998
v 18.160408 1.571993 -0.700002
v 18.169296 1.589712 0.699998
v 18.169296 1.589712 -0.700002
v 18.179310 1.609795 0.699998
v 18.179310 1.609795 -0.700002
v 18.190449 1.632240 0.699998
v 18.190449 1.632240 -0.700002
v 18.202711 1.657047 0.699998
v 18.202711 1.657047 -0.700002
v 18.216099 1.684218 0.699998
v 18.216099 1.684218 -0.700002
v 18.230612 1.713750 0.699998
v 18.230612 1.713750 -0.700002
v 18.246252 1.745646 0.699998
v 18.246252 1.745646 -0.700002
v 18.365622 1.995916 0.699998
v 18.365622 1.995916 -0.700002
v 18.486116 2.239098 0.699998
v 18.486116 2.239098 -0.700002
v 18.607737 2.475192 0.699998
v 18.607737 2.475192 -0.700002
v 18.730480 2.704199 0.699998
v 18.730480 2.704199 -0.700002
v 18.854349 2.926117 0.699998
v 18.854349 2.926117 -0.700002
v 18.979343 3.140948 0.699998
v 18.979343 3.140948 -0.700002
v 19.105463 3.348690 0.699998
v 19.105463 3.348690 -0.700002
v 19.232708 3.549345 0.699998
v 19.232708 3.549345 -0.700002
v 19.361078 3.742912 0.699998
v 19.361078 3.742912 -0.700002
v 19.490572 3.929391 0.699998
v 19.490572 3.929391 -0.700002
v 19.621191 4.108782 0.699998
v 19.621191 4.108782 -0.700002
v 19.752935 4.281085 0.699998
v 19.752935 4.281085 -0.700002
v 19.770403 4.304852 0.699998
v 19.770403 4.304852 -0.700002
v 19.786350 4.328901 0.699998
v 19.786350 4.328901 -0.700002
v 19.800779 4.353230 0.699998
v 19.800779 4.353230 -0.700002
v 19.813690 4.377841 0.699998
v 19.813690 4.377841 -0.700002
v 19.825081 4.402733 0.699998
v 19.825081 4.402733 -0.700002
v 19.834953 4.427906 0.699998
v 19.834953 4.427906 -0.700002
v 19.843307 4.453361 0.699998
v 19.843307 4.453361 -0.700002
v 19.850142 4.479096 0.699998
v 19.850142 4.479096 -0.700002
v 19.855457 4.505114 0.699998
v 19.855457 4.505114 -0.700002
v 19.859255 4.531412 0.699998
v 19.859255 4.531412 -0.700002
v 19.861532 4.557992 0.699998
v 19.861532 4.557992 -0.700002
v 19.862291 4.584852 0.699998
v 19.862291 4.584852 -0.700002
v 19.861420 4.611460 0.699998
v 19.861420 4.611460 -0.700002
v 19.858805 4.637280 0.699998
v 19.858805 4.637280 -0.700002
v 19.854445 4.662313 0.699998
v 19.854445 4.662313 -0.700002
v 19.848341 4.686558 0.699998
v 19.848341 4.686558 -0.700002
v 19.840494 4.710015 0.699998
v 19.840494 4.710015 -0.700002
v 19.830902 4.732685 0.699998
v 19.830902 4.732685 -0.700002
v 19.819567 4.754568 0.699998
v 19.819567 4.754568 -0.700002
v 19.806488 4.775662 0.699998
v 19.806488 4.775662 -0.700002
v 19.791664 4.795970 0.699998
v 19.791664 4.795970 -0.700002
v 19.775097 4.815490 0.699998
v 19.775097 4.815490 -0.700002
v 19.756786 4.834222 0.699998
v 19.756786 4.834222 -0.700002
v 14.657755 1.506683 0.699999
v 14.657755 1.506683 -0.700001
v 14.561309 1.516921 0.699999
v 14.561309 1.516921 -0.700001
v 14.429930 1.528734 0.699999
v 14.429930 1.528734 -0.700001
v 14.263618 1.542122 0.699999
v 14.263618 1.542122 -0.700001
v 14.062372 1.557086 0.699999
v 14.062372 1.557086 -0.700001
v 13.826194 1.573624 0.699999
v 13.826194 1.573624 -0.700001
v 13.555082 1.591737 0.699999
v 13.555082 1.591737 -0.700001
v 13.249038 1.611426 0.699999
v 13.249038 1.611426 -0.700001
v 12.908060 1.632690 0.699999
v 12.908060 1.632690 -0.700001
v 12.532149 1.655528 0.699999
v 12.532149 1.655528 -0.700001
v 12.121305 1.679942 0.699999
v 12.121305 1.679942 -0.700001
v 11.675527 1.705931 0.699999
v 11.675527 1.705931 -0.700001
v 11.194815 1.733495 0.699999
v 11.194815 1.733495 -0.700001
v 11.172764 1.889541 0.699999
v 11.172764 1.889541 -0.700001
v 11.149813 2.056613 0.699999
v 11.149813 2.056613 -0.700001
v 11.125961 2.234710 0.699999
v 11.125961 2.234710 -0.700001
v 11.101210 2.423833 0.699999
v 11.101210 2.423833 -0.700001
v 11.075559 2.623982 0.699999
v 11.075559 2.623982 -0.700001
v 11.049007 2.835156 0.699999
v 11.049007 2.835156 -0.700001
v 11.021556 3.057356 0.699999
v 11.021556 3.057356 -0.700001
v 10.993204 3.290581 0.699999
v 10.993204 3.290581 -0.700001
v 10.963952 3.534832 0.699999
v 10.963952 3.534832 -0.700001
v 10.933801 3.790109 0.699999
v 10.933801 3.790109 -0.700001
v 10.902749 4.056411 0.699999
v 10.902749 4.056411 -0.700001
v 10.870796 4.333738 0.699999
v 10.870796 4.333738 -0.700001
v 10.869502 4.347548 0.699999
v 10.869502 4.347548 -0.700001
v 10.868320 4.360627 0.699999
v 10.868320 4.360627 -0.700001
v 10.867251 4.372975 0.699999
v 10.867251 4.372975 -0.700001
v 10.866295 4.384591 0.699999
v 10.866295 4.384591 -0.700001
v 10.865451 4.395476 0.699999
v 10.865451 4.395476 -0.700001
v 10.864719 4.405630 0.699999
v 10.864719 4.405630 -0.700001
v 10.864100 4.415052 0.699999
v 10.864100 4.415052 -0.700001
v 10.863594 4.423743 0.699999
v 10.863594 4.423743 -0.700001
v 10.863200 4.431703 0.699999
v 10.863200 4.431703 -0.700001
v 10.862919 4.438931 0.699999
v 10.862919 4.438931 -0.700001
v 10.862750 4.445429 0.699999
v 10.862750 4.445429 -0.700001
v 10.862696 4.451195 0.699999
v 10.862696 4.451195 -0.700001
v 10.863567 4.469308 0.699999
v 10.863567 4.469308 -0.700001
v 10.866183 4.485847 0.699999
v 10.866183 4.485847 -0.700001
v 10.870543 4.500810 0.699999
v 10.870543 4.500810 -0.700001
v 10.876646 4.514198 0.699999
v 10.876646 4.514198 -0.700001
v 10.884494 4.526011 0.699999
v 10.884494 4.526011 -0.700001
v 10.894085 4.536249 0.699999
v 10.894085 4.536249 -0.700001
v 10.905420 4.544912 0.699999
v 10.905420 4.544912 -0.700001
v 10.918499 4.552000 0.699999
v 10.918499 4.552000 -0.700001
v 10.933322 4.557513 0.699999
v 10.933322 4.557513 -0.700001
v 10.949888 4.561450 0.699999
v 10.949888 4.561450 -0.700001
v 10.968199 4.563813 0.699999
v 10.968199 4.563813 -0.700001
v 10.988253 4.564601 0.699999
v 10.988253 4.564601 -0.700001
v 10.998773 4.564460 0.699999
v 10.998773 4.564460 -0.700001
v 11.011430 4.564038 0.699999
v 11.011430 4.564038 -0.700001
v 11.026224 4.563335 0.699999
v 11.026224 4.563335 -0.700001
v 11.043157 4.562350 0.699999
v 11.043157 4.562350 -0.700001
v 11.062226 4.561085 0.699999
v 11.062226 4.561085 -0.700001
v 11.083434 4.559538 0.699999
v 11.083434 4.559538 -0.700001
v 11.106779 4.557710 0.699999
v 11.106779 4.557710 -0.700001
v 11.132261 4.555600 0.699999
v 11.132261 4.555600 -0.700001
v 11.159882 4.553209 0.699999
v 11.159882 4.553209 -0.700001
v 11.189639 4.550537 0.699999
v 11.189639 4.550537 -0.700001
v 11.221535 4.547584 0.699999
v 11.221535 4.547584 -0.700001
v 11.255568 4.544350 0.699999
v 11.255568 4.544350 -0.700001
v 11.309683 4.539287 0.699999
v 11.309683 4.539287 -0.700001
v 11.373474 4.533549 0.699999
v 11.373474 4.533549 -0.700001
v 11.446940 4.527136 0.699999
v 11.446940 4.527136 -0.700001
v 11.530083 4.520049 0.699999
v 11.530083 4.520049 -0.700001
v 11.622900 4.512286 0.699999
v 11.622900 4.512286 -0.700001
v 11.725393 4.503848 0.699999
v 11.725393 4.503848 -0.700001
v 11.837562 4.494735 0.699999
v 11.837562 4.494735 -0.700001
v 11.959406 4.484947 0.699999
v 11.959406 4.484947 -0.700001
v 12.090925 4.474483 0.699999
v 12.090925 4.474483 -0.700001
v 12.232121 4.463346 0.699999
v 12.232121 4.463346 -0.700001
v 12.382991 4.451532 0.699999
v 12.382991 4.451532 -0.700001
v 12.543537 4.439044 0.699999
v 12.543537 4.439044 -0.700001
v 12.728076 4.424305 0.699999
v 12.728076 4.424305 -0.700001
v 12.907721 4.409792 0.699999
v 12.907721 4.409792 -0.700001
v 13.082471 4.395504 0.699999
v 13.082471 4.395504 -0.700001
v 13.252327 4.381440 0.699999
v 13.252327 4.381440 -0.700001
v 13.417290 4.367602 0.699999
v 13.417290 4.367602 -0.700001
v 13.577358 4.353989 0.699999
v 13.577358 4.353989 -0.700001
v 13.732533 4.340600 0.699999
v 13.732533 4.340600 -0.700001
v 13.882812 4.327437 0.699999
v 13.882812 4.327437 -0.700001
v 14.028198 4.314499 0.699999
v 14.028198 4.314499 -0.700001
v 14.168691 4.301786 0.699999
v 14.168691 4.301786 -0.700001
v 14.304289 4.289298 0.699999
v 14.304289 4.289298 -0.700001
v 14.434992 4.277035 0.699999
v 14.434992 4.277035 -0.700001
v 14.448887 4.275741 0.699999
v 14.448887 4.275741 -0.700001
v 14.462219 4.274560 0.699999
v 14.462219 4.274560 -0.700001
v 14.474989 4.273491 0.699999
v 14.474989 4.273491 -0.700001
v 14.487196 4.272535 0.699999
v 14.487196 4.272535 -0.700001
v 14.498840 4.271692 0.699999
v 14.498840 4.271692 -0.700001
v 14.509922 4.270960 0.699999
v 14.509922 4.270960 -0.700001
v 14.520441 4.270341 0.699999
v 14.520441 4.270341 -0.700001
v 14.530398 4.269835 0.699999
v 14.530398 4.269835 -0.700001
v 14.539793 4.269441 0.699999
v 14.539793 4.269441 -0.700001
v 14.548625 4.269160 0.699999
v 14.548625 4.269160 -0.700001
v 14.556894 4.268991 0.699999
v 14.556894 4.268991 -0.700001
v 14.564600 4.268935 0.699999
v 14.564600 4.268935 -0.700001
v 14.601755 4.269919 0.699998
v 14.601755 4.269919 -0.700001
v 14.637616 4.272872 0.699998
v 14.637616 4.272872 -0.700001
v 14.672184 4.277794 0.699998
v 14.672184 4.277794 -0.700001
v 14.705458 4.284685 0.699998
v 14.705458 4.284685 -0.700001
v 14.737437 4.293544 0.699998
v 14.737437 4.293544 -0.700001
v 14.768124 4.304373 0.699998
v 14.768124 4.304373 -0.700001
v 14.797516 4.317170 0.699998
v 14.797516 4.317170 -0.700001
v 14.825614 4.331936 0.699998
v 14.825614 4.331936 -0.700001
v 14.852419 4.348671 0.699998
v 14.852419 4.348671 -0.700001
v 14.877930 4.367375 0.699998
v 14.877930 4.367375 -0.700001
v 14.902146 4.388048 0.699998
v 14.902146 4.388048 -0.700001
v 14.925070 4.410692 0.699998
v 14.925070 4.410692 -0.700001
v 14.943183 4.431449 0.699998
v 14.943183 4.431449 -0.700001
v 14.959722 4.453219 0.699998
v 14.959722 4.453219 -0.700001
v 14.974685 4.476002 0.699998
v 14.974685 4.476002 -0.700001
v 14.988073 4.499797 0.699998
v 14.988073 4.499797 -0.700001
v 14.999887 4.524604 0.699998
v 14.999887 4.524604 -0.700001
v 15.010124 4.550425 0.699998
v 15.010124 4.550425 -0.700001
v 15.018787 4.577257 0.699998
v 15.018787 4.577257 -0.700001
v 15.025875 4.605103 0.699998
v 15.025875 4.605103 -0.700001
v 15.031388 4.633960 0.699998
v 15.031388 4.633960 -0.700001
v 15.035326 4.663831 0.699998
v 15.035326 4.663831 -0.700001
v 15.037688 4.694714 0.699998
v 15.037688 4.694714 -0.700001
v 15.038476 4.726610 0.699998
v 15.038476 4.726610 -0.700002
v 15.036675 4.783060 0.699998
v 15.036675 4.783060 -0.700002
v 15.031275 4.836303 0.699998
v 15.031275 4.836303 -0.700002
v 15.022274 4.886341 0.699998
v 15.022274 4.886341 -0.700002
v 15.009673 4.933171 0.699998
v 15.009673 4.933171 -0.700002
v 14.993472 4.976796 0.699998
v 14.993472 4.976796 -0.700002
v 14.973671 5.017213 0.699998
v 14.973671 5.017213 -0.700002
v 14.950270 5.054425 0.699998
v 14.950270 5.054425 -0.700002
v 14.923268 5.088430 0.699998
v 14.923268 5.088430 -0.700002
v 14.892667 5.119228 0.699998
v 14.892667 5.119228 -0.700002
v 14.858465 5.146821 0.699998
v 14.858465 5.146821 -0.700002
v 14.820663 5.171206 0.699998
v 14.820663 5.171206 -0.700002
v 14.779262 5.192385 0.699998
v 14.779262 5.192385 -0.700001
v 14.762498 5.199051 0.699998
v 14.762498 5.199051 -0.700001
v 14.741909 5.205549 0.699998
v 14.741909 5.205549 -0.700001
v 14.717495 5.211877 0.699998
v 14.717495 5.211877 -0.700001
v 14.689256 5.218037 0.699998
v 14.689256 5.218037 -0.700001
v 14.657191 5.224028 0.699998
v 14.657191 5.224028 -0.700001
v 14.621302 5.229850 0.699998
v 14.621302 5.229850 -0.700001
v 14.581587 5.235504 0.699998
v 14.581587 5.235504 -0.700001
v 14.538047 5.240988 0.699998
v 14.538047 5.240988 -0.700001
v 14.490682 5.246304 0.699998
v 14.490682 5.246304 -0.700001
v 14.439491 5.251451 0.699998
v 14.439491 5.251451 -0.700001
v 14.384476 5.256430 0.699998
v 14.384476 5.256430 -0.700001
v 14.325637 5.261240 0.699998
v 14.325637 5.261240 -0.700001
v 13.786985 5.305398 0.699999
v 13.786985 5.305398 -0.700001
v 13.291593 5.346069 0.699999
v 13.291593 5.346069 -0.700001
v 12.839458 5.383252 0.699999
v 12.839458 5.383252 -0.700001
v 12.430583 5.416948 0.699999
v 12.430583 5.416948 -0.700001
v 12.064966 5.447156 0.699999
v 12.064966 5.447156 -0.700001
v 11.742608 5.473876 0.699999
v 11.742608 5.473876 -0.700001
v 11.463509 5.497108 0.699999
v 11.463509 5.497108 -0.700001
v 11.227668 5.516853 0.699999
v 11.227668 5.516853 -0.700001
v 11.035086 5.533111 0.699999
v 11.035086 5.533111 -0.700001
v 10.885762 5.545880 0.699999
v 10.885762 5.545880 -0.700001
v 10.779697 5.555161 0.699999
v 10.779697 5.555161 -0.700001
v 10.716887 5.560956 0.699999
v 10.716887 5.560956 -0.700001
v 10.704906 5.562249 0.699999
v 10.704906 5.562249 -0.700001
v 10.693261 5.563430 0.699999
v 10.693261 5.563430 -0.700001
v 10.681954 5.564499 0.699999
v 10.681954 5.564499 -0.700001
v 10.670985 5.565456 0.699999
v 10.670985 5.565456 -0.700001
v 10.660354 5.566300 0.699999
v 10.660354 5.566300 -0.700001
v 10.650060 5.567031 0.699999
v 10.650060 5.567031 -0.700001
v 10.640103 5.567650 0.699999
v 10.640103 5.567650 -0.700001
v 10.630484 5.568157 0.699999
v 10.630484 5.568157 -0.700001
v 10.621202 5.568551 0.699999
v 10.621202 5.568551 -0.700001
v 10.612257 5.568832 0.699999
v 10.612257 5.568832 -0.700001
v 10.603650 5.569001 0.699999
v 10.603650 5.569001 -0.700001
v 10.595381 5.569057 0.699999
v 10.595381 5.569057 -0.700001
v 10.511198 5.566019 0.699999
v 10.511198 5.566019 -0.700001
v 10.431459 5.556906 0.699999
v 10.431459 5.556906 -0.700001
v 10.356165 5.541718 0.699999
v 10.356165 5.541718 -0.700001
v 10.285315 5.520454 0.699999
v 10.285315 5.520454 -0.700001
v 10.218908 5.493115 0.699999
v 10.218908 5.493115 -0.700001
v 10.156945 5.459701 0.699999
v 10.156945 5.459701 -0.700001
v 10.099426 5.420211 0.699999
v 10.099426 5.420211 -0.700001
v 10.046351 5.374646 0.699999
v 10.046351 5.374646 -0.700001
v 9.997721 5.323006 0.699999
v 9.997721 5.323006 -0.700001
v 9.953534 5.265290 0.699999
v 9.953534 5.265290 -0.700001
v 9.913792 5.201499 0.699999
v 9.913792 5.201499 -0.700001
v 9.878491 5.131632 0.699999
v 9.878491 5.131632 -0.700001
v 9.866847 5.104462 0.699999
v 9.866847 5.104462 -0.700001
v 9.856215 5.076954 0.699999
v 9.856215 5.076954 -0.700001
v 9.846597 5.049109 0.699999
v 9.846597 5.049109 -0.700001
v 9.837990 5.020926 0.699999
v 9.837990 5.020926 -0.700001
v 9.830396 4.992405 0.699999
v 9.830396 4.992405 -0.700001
v 9.823814 4.963548 0.699999
v 9.823814 4.963548 -0.700001
v 9.818245 4.934352 0.699999
v 9.818245 4.934352 -0.700001
v 9.813688 4.904819 0.699999
v 9.813688 4.904819 -0.700001
v 9.810144 4.874949 0.699999
v 9.810144 4.874949 -0.700001
v 9.807613 4.844741 0.699999
v 9.807613 4.844741 -0.700001
v 9.806094 4.814196 0.699999
v 9.806094 4.814196 -0.700001
v 9.805588 4.783313 0.699999
v 9.805588 4.783313 -0.700001
v 9.805784 4.772541 0.699999
v 9.805784 4.772541 -0.700001
v 9.806375 4.759124 0.699999
v 9.806375 4.759124 -0.700001
v 9.807359 4.743064 0.699999
v 9.807359 4.743064 -0.700001
v 9.808737 4.724360 0.699999
v 9.808737 4.724360 -0.700001
v 9.810509 4.703012 0.699999
v 9.810509 4.703012 -0.700001
v 9.812675 4.679020 0.699999
v 9.812675 4.679020 -0.700001
v 9.815234 4.652384 0.699999
v 9.815234 4.652384 -0.700001
v 9.818188 4.623105 0.699999
v 9.818188 4.623105 -0.700001
v 9.821535 4.591181 0.699999
v 9.821535 4.591181 -0.700001
v 9.825275 4.556613 0.699999
v 9.825275 4.556613 -0.700001
v 9.829410 4.519402 0.699999
v 9.829410 4.519402 -0.700001
v 9.833939 4.479546 0.699999
v 9.833939 4.479546 -0.700001
v 9.870981 4.172742 0.699999
v 9.870981 4.172742 -0.700001
v 9.906506 3.880113 0.699999
v 9.906506 3.880113 -0.700001
v 9.940511 3.601661 0.699999
v 9.940511 3.601661 -0.700001
v 9.972997 3.337384 0.699999
v 9.972997 3.337384 -0.700001
v 10.003964 3.087283 0.699999
v 10.003964 3.087283 -0.700001
v 10.033413 2.851357 0.699999
v 10.033413 2.851357 -0.700001
v 10.061342 2.629608 0.699999
v 10.061342 2.629608 -0.700001
v 10.087753 2.422034 0.699999
v 10.087753 2.422034 -0.700001
v 10.112645 2.228636 0.699999
v 10.112645 2.228636 -0.700001
v 10.136018 2.049413 0.699999
v 10.136018 2.049413 -0.700001
v 10.157872 1.884367 0.699999
v 10.157872 1.884367 -0.700001
v 10.178208 1.733495 0.699999
v 10.178208 1.733495 -0.700001
v 10.135512 1.713104 0.699999
v 10.135512 1.713104 -0.700001
v 10.096529 1.689730 0.699999
v 10.096529 1.689730 -0.700001
v 10.061258 1.663376 0.699999
v 10.061258 1.663376 -0.700001
v 10.029700 1.634040 0.699999
v 10.029700 1.634040 -0.700001
v 10.001855 1.601722 0.699999
v 10.001855 1.601722 -0.700001
v 9.977722 1.566424 0.699999
v 9.977722 1.566424 -0.700001
v 9.957302 1.528143 0.699999
v 9.957302 1.528143 -0.700001
v 9.940595 1.486882 0.699999
v 9.940595 1.486882 -0.700001
v 9.927600 1.442639 0.699999
v 9.927600 1.442639 -0.700001
v 9.918318 1.395414 0.699999
v 9.918318 1.395414 -0.700001
v 9.912748 1.345208 0.699999
v 9.912748 1.345208 -0.700001
v 9.910893 1.292021 0.699999
v 9.910893 1.292021 -0.700001
v 9.912862 1.239509 0.699999
v 9.912862 1.239509 -0.700001
v 9.918768 1.189978 0.699999
v 9.918768 1.189978 -0.700001
v 9.928612 1.143428 0.699999
v 9.928612 1.143428 -0.700001
v 9.942393 1.099860 0.699999
v 9.942393 1.099860 -0.700001
v 9.960113 1.059274 0.699999
v 9.960113 1.059274 -0.700001
v 9.981770 1.021669 0.699999
v 9.981770 1.021669 -0.700001
v 10.007364 0.987045 0.699999
v 10.007364 0.987045 -0.700001
v 10.036897 0.955403 0.699999
v 10.036897 0.955402 -0.700001
v 10.070367 0.926742 0.699999
v 10.070367 0.926741 -0.700001
v 10.107775 0.901062 0.699999
v 10.107775 0.901062 -0.700001
v 10.149120 0.878364 0.699999
v 10.149120 0.878364 -0.700001
v 10.194408 0.858647 0.699999
v 10.194408 0.858647 -0.700001
v 10.213704 0.852066 0.699999
v 10.213704 0.852066 -0.700001
v 10.236487 0.845822 0.699999
v 10.236487 0.845821 -0.700001
v 10.262758 0.839915 0.699999
v 10.262758 0.839915 -0.700001
v 10.292517 0.834346 0.699999
v 10.292517 0.834346 -0.700001
v 10.325763 0.829114 0.699999
v 10.325763 0.829114 -0.700001
v 10.362496 0.824220 0.699999
v 10.362496 0.824220 -0.700001
v 10.402718 0.819664 0.699999
v 10.402718 0.819664 -0.700001
v 10.446426 0.815445 0.699999
v 10.446426 0.815445 -0.700001
v 10.493623 0.811563 0.699999
v 10.493623 0.811563 -0.700001
v 10.544307 0.808019 0.699999
v 10.544307 0.808019 -0.700001
v 10.598478 0.804813 0.699999
v 10.598478 0.804813 -0.700001
v 10.656136 0.801944 0.699999
v 10.656136 0.801944 -0.700001
v 10.856115 0.792100 0.699999
v 10.856115 0.792100 -0.700001
v 11.078033 0.780118 0.699999
v 11.078033 0.780118 -0.700001
v 11.321891 0.765998 0.699999
v 11.321891 0.765998 -0.700001
v 11.587687 0.749741 0.699999
v 11.587687 0.749741 -0.700001
v 11.875421 0.731346 0.699999
v 11.875421 0.731346 -0.700001
v 12.185094 0.710814 0.699999
v 12.185094 0.710814 -0.700001
v 12.516706 0.688144 0.699999
v 12.516706 0.688144 -0.700001
v 12.870256 0.663337 0.699999
v 12.870256 0.663336 -0.700001
v 13.245746 0.636391 0.699999
v 13.245746 0.636391 -0.700001
v 13.643174 0.607308 0.699999
v 13.643174 0.607308 -0.700001
v 14.062541 0.576088 0.699999
v 14.062541 0.576088 -0.700001
v 14.503846 0.542730 0.699999
v 14.503846 0.542730 -0.700001
v 14.517684 0.541436 0.699999
v 14.517684 0.541436 -0.700001
v 14.530848 0.540255 0.699999
v 14.530848 0.540255 -0.700001
v 14.543336 0.539186 0.699999
v 14.543336 0.539186 -0.700001
v 14.555149 0.538230 0.699999
v 14.555149 0.538230 -0.700001
v 14.566287 0.537386 0.699999
v 14.566287 0.537386 -0.700001
v 14.576750 0.536655 0.699999
v 14.576750 0.536654 -0.700001
v 14.586538 0.536036 0.699999
v 14.586538 0.536036 -0.700001
v 14.595652 0.535529 0.699999
v 14.595652 0.535529 -0.700001
v 14.604090 0.535136 0.699999
v 14.604090 0.535136 -0.700001
v 14.611853 0.534854 0.699999
v 14.611853 0.534854 -0.700001
v 14.618940 0.534686 0.699999
v 14.618940 0.534686 -0.700001
v 14.625353 0.534629 0.699999
v 14.625353 0.534629 -0.700001
v 14.700395 0.538033 0.699999
v 14.700395 0.538033 -0.700001
v 14.768911 0.548243 0.699999
v 14.768911 0.548243 -0.700001
v 14.830902 0.565259 0.699999
v 14.830902 0.565259 -0.700001
v 14.886368 0.589082 0.699999
v 14.886368 0.589082 -0.700001
v 14.935308 0.619712 0.699999
v 14.935308 0.619712 -0.700001
v 14.977723 0.657149 0.699999
v 14.977723 0.657149 -0.700001
v 15.013613 0.701392 0.699999
v 15.013613 0.701392 -0.700001
v 15.042977 0.752441 0.699999
v 15.042977 0.752441 -0.700001
v 15.065816 0.810298 0.699999
v 15.065816 0.810298 -0.700001
v 15.082129 0.874961 0.699999
v 15.082129 0.874961 -0.700001
v 15.091918 0.946430 0.699999
v 15.091918 0.946430 -0.700001
v 15.095179 1.024706 0.699999
v 15.095179 1.024706 -0.700001
v 15.092141 1.093644 0.699999
v 15.092141 1.093644 -0.700001
v 15.083028 1.157351 0.699999
v 15.083028 1.157351 -0.700001
v 15.067840 1.215826 0.699999
v 15.067840 1.215826 -0.700001
v 15.046576 1.269070 0.699999
v 15.046576 1.269070 -0.700001
v 15.019237 1.317082 0.699999
v 15.019237 1.317082 -0.700001
v 14.985823 1.359862 0.699999
v 14.985823 1.359862 -0.700001
v 14.946333 1.397411 0.699999
v 14.946333 1.397411 -0.700001
v 14.900768 1.429729 0.699999
v 14.900768 1.429729 -0.700001
v 14.849128 1.456814 0.699999
v 14.849128 1.456814 -0.700001
v 14.791412 1.478669 0.699999
v 14.791412 1.478669 -0.700001
v 14.727621 1.495291 0.699999
v 14.727621 1.495291 -0.700001
v 4.835965 4.892669 0.699999
v 4.835965 4.892669 -0.700001
v 4.669906 4.900769 0.699999
v 4.669906 4.900769 -0.700001
v 4.669906 6.196840 0.699999
v 4.669906 6.196840 -0.700001
v 4.669034 6.231324 0.699999
v 4.669034 6.231324 -0.700001
v 4.666418 6.264569 0.699999
v 4.666418 6.264569 -0.700001
v 4.662058 6.296577 0.699999
v 4.662058 6.296577 -0.700001
v 4.655955 6.327348 0.699999
v 4.655955 6.327348 -0.700001
v 4.648108 6.356881 0.699999
v 4.648108 6.356881 -0.700001
v 4.638516 6.385176 0.699999
v 4.638516 6.385176 -0.700001
v 4.627182 6.412234 0.699999
v 4.627182 6.412234 -0.700001
v 4.614103 6.438054 0.699999
v 4.614103 6.438054 -0.700001
v 4.599280 6.462636 0.699999
v 4.599280 6.462636 -0.700001
v 4.582714 6.485981 0.699999
v 4.582714 6.485981 -0.700001
v 4.564403 6.508089 0.699999
v 4.564403 6.508089 -0.700001
v 4.544349 6.528959 0.699999
v 4.544349 6.528959 -0.700001
v 4.520048 6.551600 0.699999
v 4.520048 6.551600 -0.700001
v 4.494396 6.572273 0.699999
v 4.494396 6.572273 -0.700001
v 4.467395 6.590977 0.699999
v 4.467395 6.590977 -0.700001
v 4.439043 6.607712 0.699999
v 4.439043 6.607712 -0.700001
v 4.409341 6.622478 0.699999
v 4.409341 6.622478 -0.700001
v 4.378290 6.635276 0.699999
v 4.378290 6.635276 -0.700001
v 4.345888 6.646104 0.699999
v 4.345888 6.646104 -0.700001
v 4.312136 6.654964 0.699999
v 4.312136 6.654964 -0.700001
v 4.277034 6.661855 0.699999
v 4.277034 6.661855 -0.700001
v 4.240582 6.666777 0.699999
v 4.240582 6.666777 -0.700001
v 4.202780 6.669730 0.699999
v 4.202780 6.669730 -0.700001
v 4.163628 6.670716 0.699999
v 4.163628 6.670716 -0.700001
v 4.111622 6.669057 0.699999
v 4.111622 6.669057 -0.700001
v 4.062260 6.664079 0.699999
v 4.062260 6.664079 -0.700001
v 4.015542 6.655781 0.699999
v 4.015542 6.655781 -0.700001
v 3.971468 6.644165 0.699999
v 3.971468 6.644165 -0.700001
v 3.930037 6.629230 0.699999
v 3.930037 6.629230 -0.700001
v 3.891251 6.610976 0.699999
v 3.891251 6.610976 -0.700001
v 3.855108 6.589403 0.699999
v 3.855108 6.589403 -0.700001
v 3.821609 6.564511 0.699999
v 3.821609 6.564511 -0.700001
v 3.790755 6.536300 0.699999
v 3.790755 6.536300 -0.700001
v 3.762544 6.504770 0.699999
v 3.762544 6.504770 -0.700001
v 3.736977 6.469922 0.699999
v 3.736977 6.469922 -0.700001
v 3.714054 6.431754 0.699999
v 3.714054 6.431754 -0.700001
v 3.704997 6.414653 0.699999
v 3.704997 6.414653 -0.700001
v 3.696728 6.397102 0.699999
v 3.696728 6.397102 -0.700001
v 3.689246 6.379101 0.699999
v 3.689246 6.379101 -0.700001
v 3.682552 6.360650 0.699999
v 3.682552 6.360650 -0.700001
v 3.676645 6.341749 0.699999
v 3.676645 6.341749 -0.700001
v 3.671526 6.322398 0.699999
v 3.671526 6.322398 -0.700001
v 3.667195 6.302597 0.699999
v 3.667195 6.302597 -0.700001
v 3.663651 6.282345 0.699999
v 3.663651 6.282345 -0.700001
v 3.660894 6.261644 0.699999
v 3.660894 6.261644 -0.700001
v 3.658926 6.240493 0.699999
v 3.658926 6.240493 -0.700001
v 3.657744 6.218892 0.699999
v 3.657744 6.218892 -0.700001
v 3.657351 6.196840 0.699999
v 3.657351 6.196840 -0.700001
v 3.657351 4.969623 0.699999
v 3.657351 4.969623 -0.700001
v 3.503442 4.981774 0.699999
v 3.503442 4.981774 -0.700001
v 2.997164 5.018226 0.700000
v 2.997164 5.018226 -0.700000
v 2.089914 5.091130 0.700000
v 2.089914 5.091130 -0.700000
v 2.022242 5.096952 0.700000
v 2.022242 5.096952 -0.700000
v 1.959632 5.102268 0.700000
v 1.959632 5.102268 -0.700000
v 1.902085 5.107078 0.700000
v 1.902085 5.107078 -0.700000
v 1.849601 5.111381 0.700000
v 1.849601 5.111381 -0.700000
v 1.802180 5.115178 0.700000
v 1.802180 5.115178 -0.700000
v 1.759821 5.118469 0.700000
v 1.759821 5.118469 -0.700000
v 1.722525 5.121253 0.700000
v 1.722525 5.121253 -0.700000
v 1.690292 5.123532 0.700000
v 1.690292 5.123532 -0.700000
v 1.663122 5.125304 0.700000
v 1.663122 5.125304 -0.700000
v 1.641015 5.126569 0.700000
v 1.641014 5.126569 -0.700000
v 1.623970 5.127329 0.700000
v 1.623970 5.127329 -0.700000
v 1.611988 5.127582 0.700000
v 1.611988 5.127582 -0.700000
v 1.580036 5.126597 0.700000
v 1.580036 5.126597 -0.700000
v 1.548985 5.123644 0.700000
v 1.548984 5.123644 -0.700000
v 1.518833 5.118721 0.700000
v 1.518833 5.118721 -0.700000
v 1.489581 5.111830 0.700000
v 1.489581 5.111830 -0.700000
v 1.461230 5.102970 0.700000
v 1.461229 5.102970 -0.700000
v 1.433778 5.092141 0.700000
v 1.433778 5.092141 -0.700000
v 1.407227 5.079343 0.700000
v 1.407226 5.079343 -0.700000
v 1.381575 5.064577 0.700000
v 1.381575 5.064577 -0.700000
v 1.356824 5.047842 0.700000
v 1.356823 5.047842 -0.700000
v 1.332972 5.029138 0.700000
v 1.332972 5.029138 -0.700000
v 1.310021 5.008465 0.700000
v 1.310021 5.008465 -0.700000
v 1.287970 4.985824 0.700000
v 1.287970 4.985824 -0.700000
v 1.267916 4.962986 0.700000
v 1.267916 4.962986 -0.700000
v 1.249606 4.939022 0.700000
v 1.249605 4.939022 -0.700000
v 1.233039 4.913933 0.700000
v 1.233039 4.913933 -0.700000
v 1.218216 4.887719 0.700000
v 1.218216 4.887719 -0.700000
v 1.205138 4.860380 0.700000
v 1.205137 4.860380 -0.700000
v 1.193803 4.831916 0.700000
v 1.193802 4.831916 -0.700000
v 1.184211 4.802327 0.700000
v 1.184211 4.802327 -0.700000
v 1.176364 4.771613 0.700000
v 1.176364 4.771613 -0.700000
v 1.170261 4.739773 0.700000
v 1.170261 4.739773 -0.700000
v 1.165901 4.706809 0.700000
v 1.165901 4.706809 -0.700000
v 1.163285 4.672719 0.700000
v 1.163285 4.672719 -0.700000
v 1.162413 4.637505 0.700000
v 1.162413 4.637505 -0.700000
v 1.165198 4.567357 0.700000
v 1.165198 4.567357 -0.700000
v 1.173552 4.502722 0.700000
v 1.173551 4.502722 -0.700000
v 1.187474 4.443600 0.700000
v 1.187474 4.443600 -0.700000
v 1.206966 4.389991 0.700000
v 1.206966 4.389991 -0.700000
v 1.232027 4.341895 0.700000
v 1.232026 4.341895 -0.700000
v 1.262656 4.299311 0.700000
v 1.262656 4.299311 -0.700000
v 1.298855 4.262240 0.700000
v 1.298855 4.262240 -0.700000
v 1.340623 4.230682 0.700000
v 1.340623 4.230682 -0.700000
v 1.387960 4.204637 0.700000
v 1.387960 4.204637 -0.700000
v 1.440866 4.184105 0.700000
v 1.440866 4.184105 -0.700000
v 1.499341 4.169086 0.700000
v 1.499341 4.169086 -0.700000
v 1.563385 4.159579 0.700000
v 1.563385 4.159579 -0.700000
v 1.619329 4.154235 0.700000
v 1.619329 4.154235 -0.700000
v 1.696705 4.147653 0.700000
v 1.696705 4.147653 -0.700000
v 1.795514 4.139834 0.700000
v 1.795514 4.139834 -0.700000
v 1.915755 4.130777 0.700000
v 1.915755 4.130777 -0.700000
v 2.057428 4.120483 0.700000
v 2.057428 4.120483 -0.700000
v 2.220534 4.108951 0.700000
v 2.220534 4.108951 -0.700000
v 2.405072 4.096182 0.700000
v 2.405072 4.096182 -0.700000
v 2.611043 4.082175 0.700000
v 2.611043 4.082175 -0.700000
v 2.838446 4.066930 0.700000
v 2.838446 4.066930 -0.700000
v 3.087282 4.050448 0.700000
v 3.087282 4.050448 -0.700000
v 3.357550 4.032728 0.700000
v 3.357550 4.032728 -0.700000
v 3.649250 4.013771 0.700000
v 3.649250 4.013771 -0.700000
v 3.646606 3.678334 0.700000
v 3.646606 3.678334 -0.700000
v 3.644075 3.365960 0.700000
v 3.644075 3.365960 -0.700000
v 3.641656 3.076651 0.700000
v 3.641656 3.076651 -0.700000
v 3.639349 2.810405 0.700000
v 3.639349 2.810405 -0.700000
v 3.637156 2.567223 0.700000
v 3.637156 2.567223 -0.700000
v 3.635074 2.347105 0.700000
v 3.635074 2.347105 -0.700000
v 3.633105 2.150050 0.700000
v 3.633105 2.150050 -0.700000
v 3.631249 1.976059 0.700000
v 3.631249 1.976059 -0.700000
v 3.629505 1.825132 0.700000
v 3.629505 1.825132 -0.700000
v 3.627874 1.697269 0.700000
v 3.627874 1.697269 -0.700000
v 3.626355 1.592469 0.700000
v 3.626355 1.592469 -0.700000
v 3.624949 1.510733 0.700000
v 3.624949 1.510733 -0.700000
v 3.623008 1.403599 0.700000
v 3.623008 1.403599 -0.700000
v 3.621236 1.302259 0.700000
v 3.621236 1.302259 -0.700000
v 3.619633 1.206713 0.700000
v 3.619633 1.206713 -0.700000
v 3.618198 1.116961 0.700000
v 3.618198 1.116961 -0.700000
v 3.616933 1.033004 0.700000
v 3.616933 1.033004 -0.700000
v 3.615836 0.954840 0.700000
v 3.615836 0.954840 -0.700000
v 3.614908 0.882470 0.700000
v 3.614908 0.882470 -0.700000
v 3.614148 0.815895 0.700000
v 3.614148 0.815895 -0.700000
v 3.613557 0.755113 0.700000
v 3.613557 0.755113 -0.700000
v 3.613135 0.700126 0.700000
v 3.613135 0.700126 -0.700000
v 3.612882 0.650933 0.700000
v 3.612882 0.650933 -0.700000
v 3.612798 0.607533 0.700000
v 3.612798 0.607533 -0.700000
v 3.613923 0.541830 0.700000
v 3.613923 0.541830 -0.700000
v 3.617298 0.478376 0.700000
v 3.617298 0.478376 -0.700000
v 3.622924 0.417173 0.700000
v 3.622924 0.417173 -0.700000
v 3.630799 0.358220 0.700000
v 3.630799 0.358220 -0.700000
v 3.640925 0.301517 0.700000
v 3.640925 0.301517 -0.700000
v 3.653300 0.247064 0.700000
v 3.653300 0.247064 -0.700000
v 3.667926 0.194861 0.700000
v 3.667926 0.194861 -0.700000
v 3.684802 0.144908 0.700000
v 3.684802 0.144908 -0.700000
v 3.703928 0.097205 0.700000
v 3.703928 0.097205 -0.700000
v 3.725304 0.051753 0.700000
v 3.725304 0.051753 -0.700000
v 3.748930 0.008550 0.700000
v 3.748930 0.008550 -0.700000
v 3.774807 -0.032402 0.700000
v 3.774807 -0.032402 -0.700000
v 3.810753 -0.082861 0.700000
v 3.810753 -0.082861 -0.700000
v 3.848386 -0.128932 0.700000
v 3.848386 -0.128932 -0.700000
v 3.887707 -0.170616 0.700000
v 3.887707 -0.170616 -0.700000
v 3.928715 -0.207911 0.700000
v 3.928715 -0.207911 -0.700000
v 3.971411 -0.240819 0.700000
v 3.971411 -0.240820 -0.700000
v 4.015795 -0.269340 0.700000
v 4.015795 -0.269340 -0.700000
v 4.061866 -0.293472 0.700000
v 4.061866 -0.293472 -0.700000
v 4.109625 -0.313217 0.700000
v 4.109625 -0.313217 -0.700000
v 4.159072 -0.328574 0.700000
v 4.159072 -0.328574 -0.700000
v 4.210206 -0.339544 0.700000
v 4.210206 -0.339544 -0.700000
v 4.263028 -0.346125 0.700000
v 4.263028 -0.346125 -0.700000
v 4.317537 -0.348319 0.700000
v 4.317537 -0.348319 -0.700000
v 4.344735 -0.347560 0.700000
v 4.344735 -0.347560 -0.700000
v 4.372327 -0.345281 0.700000
v 4.372327 -0.345282 -0.700000
v 4.400313 -0.341484 0.700000
v 4.400313 -0.341484 -0.700000
v 4.428693 -0.336168 0.700000
v 4.428693 -0.336168 -0.700000
v 4.457467 -0.329334 0.700000
v 4.457467 -0.329334 -0.700000
v 4.486634 -0.320980 0.700000
v 4.486634 -0.320980 -0.700000
v 4.516195 -0.311108 0.700000
v 4.516195 -0.311108 -0.700000
v 4.546150 -0.299716 0.700000
v 4.546150 -0.299717 -0.700000
v 4.576498 -0.286806 0.700000
v 4.576498 -0.286806 -0.700000
v 4.607240 -0.272377 0.700000
v 4.607240 -0.272378 -0.700000
v 4.638376 -0.256430 0.700000
v 4.638376 -0.256430 -0.700000
v 4.669906 -0.238963 0.700000
v 4.669906 -0.238963 -0.700000
v 4.759799 -0.187042 0.700000
v 4.759799 -0.187042 -0.700000
v 4.848566 -0.135232 0.700000
v 4.848566 -0.135232 -0.700000
v 4.936208 -0.083536 0.700000
v 4.936208 -0.083536 -0.700000
v 5.022726 -0.031952 0.700000
v 5.022726 -0.031952 -0.700000
v 5.108118 0.019520 0.700000
v 5.108118 0.019520 -0.700000
v 5.192385 0.070879 0.700000
v 5.192385 0.070879 -0.700000
v 5.275527 0.122125 0.700000
v 5.275527 0.122125 -0.700000
v 5.357544 0.173260 0.700000
v 5.357544 0.173259 -0.700000
v 5.438436 0.224281 0.700000
v 5.438436 0.224281 -0.700000
v 5.518203 0.275190 0.700000
v 5.518203 0.275190 -0.700000
v 5.596845 0.325987 0.700000
v 5.596845 0.325987 -0.700000
v 5.674361 0.376671 0.699999
v 5.674361 0.376671 -0.700001
v 5.709294 0.400635 0.699999
v 5.709294 0.400634 -0.700001
v 5.741190 0.425273 0.699999
v 5.741190 0.425273 -0.700001
v 5.770048 0.450587 0.699999
v 5.770048 0.450587 -0.700001
v 5.795868 0.476576 0.699999
v 5.795868 0.476576 -0.700001
v 5.818650 0.503240 0.699999
v 5.818650 0.503240 -0.700001
v 5.838395 0.530579 0.699999
v 5.838395 0.530579 -0.700001
v 5.855102 0.558593 0.699999
v 5.855102 0.558593 -0.700001
v 5.868772 0.587282 0.699999
v 5.868772 0.587282 -0.700001
v 5.879403 0.616647 0.699999
v 5.879403 0.616646 -0.700001
v 5.886997 0.646686 0.699999
v 5.886997 0.646686 -0.700001
v 5.891554 0.677400 0.699999
v 5.891554 0.677400 -0.700001
v 5.893073 0.708789 0.699999
v 5.893073 0.708789 -0.700001
v 5.892735 0.723021 0.699999
v 5.892735 0.723021 -0.700001
v 5.891723 0.737366 0.699999
v 5.891723 0.737365 -0.700001
v 5.890036 0.751823 0.699999
v 5.890036 0.751823 -0.700001
v 5.887673 0.766392 0.699999
v 5.887673 0.766392 -0.700001
v 5.884635 0.781074 0.699999
v 5.884635 0.781074 -0.700001
v 5.880923 0.795869 0.699999
v 5.880923 0.795869 -0.700001
v 5.876535 0.810776 0.699999
v 5.876535 0.810776 -0.700001
v 5.871472 0.825796 0.699999
v 5.871472 0.825795 -0.700001
v 5.865735 0.840928 0.699999
v 5.865735 0.840927 -0.700001
v 5.859322 0.856172 0.699999
v 5.859322 0.856172 -0.700001
v 5.852234 0.871529 0.699999
v 5.852234 0.871529 -0.700001
v 5.844471 0.886999 0.699999
v 5.844471 0.886999 -0.700001
v 5.828833 0.914169 0.699999
v 5.828833 0.914169 -0.700001
v 5.811619 0.938977 0.699999
v 5.811619 0.938977 -0.700001
v 5.792830 0.961422 0.699999
v 5.792830 0.961422 -0.700001
v 5.772467 0.981504 0.699999
v 5.772467 0.981504 -0.700001
v 5.750528 0.999224 0.699999
v 5.750528 0.999224 -0.700001
v 5.727014 1.014581 0.699999
v 5.727014 1.014581 -0.700001
v 5.701925 1.027575 0.699999
v 5.701925 1.027575 -0.700001
v 5.675261 1.038207 0.699999
v 5.675261 1.038207 -0.700001
v 5.647022 1.046476 0.699999
v 5.647022 1.046476 -0.700001
v 5.617208 1.052383 0.699999
v 5.617208 1.052383 -0.700001
v 5.585819 1.055927 0.699999
v 5.585819 1.055927 -0.700001
v 5.552855 1.057108 0.699999
v 5.552855 1.057108 -0.700001
v 5.537076 1.056743 0.699999
v 5.537076 1.056743 -0.700001
v 5.520790 1.055646 0.699999
v 5.520790 1.055646 -0.700001
v 5.503999 1.053817 0.699999
v 5.503999 1.053817 -0.700001
v 5.486701 1.051258 0.699999
v 5.486701 1.051258 -0.700001
v 5.468897 1.047967 0.699999
v 5.468897 1.047967 -0.700001
v 5.450586 1.043945 0.699999
v 5.450586 1.043945 -0.700001
v 5.431770 1.039192 0.699999
v 5.431770 1.039192 -0.700001
v 5.412447 1.033707 0.699999
v 5.412447 1.033707 -0.700001
v 5.392618 1.027491 0.699999
v 5.392618 1.027491 -0.700001
v 5.372282 1.020544 0.699999
v 5.372282 1.020544 -0.700001
v 5.351440 1.012865 0.699999
v 5.351440 1.012865 -0.700001
v 5.330092 1.004455 0.699999
v 5.330092 1.004455 -0.700001
v 5.248638 0.972757 0.700000
v 5.248638 0.972757 -0.700000
v 5.173034 0.943814 0.700000
v 5.173034 0.943814 -0.700000
v 5.103281 0.917629 0.700000
v 5.103281 0.917629 -0.700000
v 5.039377 0.894199 0.700000
v 5.039377 0.894199 -0.700000
v 4.981324 0.873526 0.700000
v 4.981324 0.873526 -0.700000
v 4.929121 0.855610 0.700000
v 4.929121 0.855610 -0.700000
v 4.882769 0.840449 0.700000
v 4.882769 0.840449 -0.700000
v 4.842267 0.828046 0.700000
v 4.842267 0.828046 -0.700000
v 4.807615 0.818398 0.700000
v 4.807615 0.818398 -0.700000
v 4.778814 0.811507 0.700000
v 4.778814 0.811507 -0.700000
v 4.755863 0.807373 0.700000
v 4.755863 0.807373 -0.700000
v 4.738760 0.805994 0.700000
v 4.738760 0.805994 -0.700000
v 4.721293 0.808076 0.700000
v 4.721293 0.808076 -0.700000
v 4.705346 0.814320 0.700000
v 4.705346 0.814320 -0.700000
v 4.690917 0.824727 0.700000
v 4.690917 0.824727 -0.700000
v 4.678007 0.839296 0.700000
v 4.678007 0.839296 -0.700000
v 4.666615 0.858029 0.700000
v 4.666615 0.858028 -0.700000
v 4.656743 0.880924 0.700000
v 4.656743 0.880923 -0.700000
v 4.648389 0.907981 0.700000
v 4.648389 0.907981 -0.700000
v 4.641555 0.939202 0.700000
v 4.641555 0.939202 -0.700000
v 4.636239 0.974585 0.700000
v 4.636239 0.974585 -0.700000
v 4.632442 1.014131 0.700000
v 4.632442 1.014131 -0.700000
v 4.630164 1.057839 0.700000
v 4.630164 1.057839 -0.700000
v 4.629404 1.105711 0.700000
v 4.629404 1.105711 -0.700000
v 4.629432 1.109198 0.700000
v 4.629432 1.109198 -0.700000
v 4.629517 1.114261 0.700000
v 4.629517 1.114261 -0.700000
v 4.629657 1.120899 0.700000
v 4.629657 1.120899 -0.700000
v 4.629854 1.129112 0.700000
v 4.629854 1.129112 -0.700000
v 4.630107 1.138900 0.700000
v 4.630107 1.138900 -0.700000
v 4.630417 1.150263 0.700000
v 4.630417 1.150263 -0.700000
v 4.630783 1.163201 0.700000
v 4.630783 1.163201 -0.700000
v 4.631205 1.177715 0.700000
v 4.631205 1.177715 -0.700000
v 4.631683 1.193803 0.700000
v 4.631683 1.193803 -0.700000
v 4.632217 1.211467 0.700000
v 4.632217 1.211467 -0.700000
v 4.632808 1.230705 0.700000
v 4.632808 1.230705 -0.700000
v 4.633454 1.251519 0.700000
v 4.633454 1.251519 -0.700000
v 4.634776 1.291655 0.700000
v 4.634776 1.291655 -0.700000
v 4.636042 1.344561 0.700000
v 4.636042 1.344561 -0.700000
v 4.637251 1.410237 0.700000
v 4.637251 1.410237 -0.700000
v 4.638404 1.488682 0.700000
v 4.638404 1.488682 -0.700000
v 4.639501 1.579896 0.700000
v 4.639501 1.579896 -0.700000
v 4.640541 1.683880 0.700000
v 4.640541 1.683880 -0.700000
v 4.641526 1.800633 0.700000
v 4.641526 1.800633 -0.700000
v 4.642454 1.930156 0.700000
v 4.642454 1.930156 -0.700000
v 4.643326 2.072448 0.700000
v 4.643326 2.072448 -0.700000
v 4.644142 2.227510 0.700000
v 4.644142 2.227510 -0.700000
v 4.644902 2.395341 0.699999
v 4.644902 2.395341 -0.700001
v 4.645605 2.575942 0.699999
v 4.645605 2.575942 -0.700001
v 4.645717 2.623841 0.699999
v 4.645717 2.623841 -0.700001
v 4.646055 2.683835 0.699999
v 4.646055 2.683835 -0.700001
v 4.646617 2.755923 0.699999
v 4.646617 2.755923 -0.700001
v 4.647405 2.840106 0.699999
v 4.647405 2.840106 -0.700001
v 4.648417 2.936383 0.699999
v 4.648417 2.936383 -0.700001
v 4.649655 3.044755 0.699999
v 4.649655 3.044755 -0.700001
v 4.651117 3.165221 0.699999
v 4.651117 3.165221 -0.700001
v 4.652805 3.297781 0.699999
v 4.652805 3.297781 -0.700001
v 4.654717 3.442436 0.699999
v 4.654717 3.442436 -0.700001
v 4.656855 3.599185 0.699999
v 4.656855 3.599185 -0.700001
v 4.659218 3.768029 0.699999
v 4.659218 3.768029 -0.700001
v 4.661806 3.948967 0.699999
v 4.661806 3.948967 -0.700001
v 4.819764 3.936816 0.699999
v 4.819764 3.936816 -0.700001
v 5.763466 3.872013 0.699999
v 5.763466 3.872013 -0.700001
v 5.928569 3.861015 0.699999
v 5.928569 3.861015 -0.700001
v 6.079609 3.850974 0.699999
v 6.079609 3.850974 -0.700001
v 6.216585 3.841889 0.699999
v 6.216585 3.841889 -0.700001
v 6.339498 3.833760 0.699999
v 6.339498 3.833760 -0.700001
v 6.448348 3.826588 0.699999
v 6.448348 3.826588 -0.700001
v 6.543134 3.820372 0.699999
v 6.543134 3.820372 -0.700001
v 6.623857 3.815112 0.699999
v 6.623857 3.815112 -0.700001
v 6.690517 3.810809 0.699999
v 6.690517 3.810809 -0.700001
v 6.743114 3.807462 0.699999
v 6.743114 3.807462 -0.700001
v 6.781647 3.805071 0.699999
v 6.781647 3.805071 -0.700001
v 6.806118 3.803636 0.699999
v 6.806118 3.803636 -0.700001
v 6.816525 3.803159 0.699999
v 6.816525 3.803159 -0.700001
v 6.851683 3.804087 0.699999
v 6.851683 3.804087 -0.700001
v 6.885603 3.806872 0.699999
v 6.885603 3.806872 -0.700001
v 6.918286 3.811512 0.699999
v 6.918286 3.811512 -0.700001
v 6.949731 3.818010 0.699999
v 6.949731 3.818010 -0.700001
v 6.979939 3.826363 0.699999
v 6.979939 3.826363 -0.700001
v 7.008909 3.836573 0.699999
v 7.008909 3.836573 -0.700001
v 7.036642 3.848639 0.699999
v 7.036642 3.848639 -0.700001
v 7.063137 3.862562 0.699999
v 7.063137 3.862562 -0.700001
v 7.088395 3.878341 0.699999
v 7.088395 3.878341 -0.700001
v 7.112415 3.895977 0.699999
v 7.112415 3.895977 -0.700001
v 7.135198 3.915468 0.699999
v 7.135198 3.915468 -0.700001
v 7.156743 3.936816 0.699999
v 7.156743 3.936816 -0.700001
v 7.175503 3.957743 0.699999
v 7.175503 3.957743 -0.700001
v 7.192632 3.980019 0.699999
v 7.192632 3.980019 -0.700001
v 7.208130 4.003645 0.699999
v 7.208130 4.003645 -0.700001
v 7.221996 4.028621 0.699999
v 7.221996 4.028621 -0.700001
v 7.234231 4.054947 0.699999
v 7.234231 4.054947 -0.700001
v 7.244835 4.082624 0.699999
v 7.244835 4.082624 -0.700001
v 7.253807 4.111650 0.699999
v 7.253807 4.111650 -0.700001
v 7.261148 4.142027 0.699999
v 7.261148 4.142027 -0.700001
v 7.266858 4.173754 0.699999
v 7.266858 4.173754 -0.700001
v 7.270936 4.206831 0.699999
v 7.270936 4.206831 -0.700001
v 7.273383 4.241257 0.699999
v 7.273383 4.241257 -0.700001
v 7.274199 4.277035 0.699999
v 7.274199 4.277035 -0.700001
v 7.272315 4.334694 0.699999
v 7.272315 4.334694 -0.700001
v 7.266661 4.388866 0.699999
v 7.266661 4.388866 -0.700001
v 7.257239 4.439550 0.699999
v 7.257239 4.439550 -0.700001
v 7.244048 4.486746 0.699999
v 7.244048 4.486746 -0.700001
v 7.227087 4.530455 0.699999
v 7.227087 4.530455 -0.700001
v 7.206358 4.570676 0.699999
v 7.206358 4.570676 -0.700001
v 7.181860 4.607409 0.699999
v 7.181860 4.607409 -0.700001
v 7.153593 4.640655 0.699999
v 7.153593 4.640655 -0.700001
v 7.121557 4.670413 0.699999
v 7.121557 4.670413 -0.700001
v 7.085752 4.696683 0.699999
v 7.085752 4.696683 -0.700001
v 7.046177 4.719466 0.699999
v 7.046177 4.719466 -0.700001
v 7.002834 4.738760 0.699999
v 7.002834 4.738760 -0.700001
v 6.986352 4.744639 0.699999
v 6.986352 4.744639 -0.700001
v 6.967957 4.750124 0.699999
v 6.967957 4.750124 -0.700001
v 6.947649 4.755214 0.699999
v 6.947649 4.755214 -0.700001
v 6.925429 4.759912 0.699999
v 6.925429 4.759912 -0.700001
v 6.901297 4.764215 0.699999
v 6.901297 4.764215 -0.700001
v 6.875251 4.768125 0.699999
v 6.875251 4.768125 -0.700001
v 6.847293 4.771640 0.699999
v 6.847293 4.771640 -0.700001
v 6.817423 4.774762 0.699999
v 6.817423 4.774762 -0.700001
v 6.785640 4.777491 0.699999
v 6.785640 4.777491 -0.700001
v 6.751944 4.779825 0.699999
v 6.751944 4.779825 -0.700001
v 6.716336 4.781766 0.699999
v 6.716336 4.781766 -0.700001
v 6.678817 4.783313 0.699999
v 6.678817 4.783313 -0.700001
v 6.604141 4.786547 0.699999
v 6.604141 4.786547 -0.700001
v 6.515120 4.790851 0.699999
v 6.515120 4.790851 -0.700001
v 6.411755 4.796223 0.699999
v 6.411755 4.796223 -0.700001
v 6.294045 4.802664 0.699999
v 6.294045 4.802664 -0.700001
v 6.161991 4.810174 0.699999
v 6.161991 4.810174 -0.700001
v 6.015593 4.818752 0.699999
v 6.015593 4.818752 -0.700001
v 5.854849 4.828400 0.699999
v 5.854849 4.828400 -0.700001
v 5.679761 4.839116 0.699999
v 5.679761 4.839116 -0.700001
v 5.490329 4.850901 0.699999
v 5.490329 4.850901 -0.700001
v 5.286552 4.863755 0.699999
v 5.286552 4.863755 -0.700001
v 5.068431 4.877678 0.699999
v 5.068431 4.877678 -0.700001
v 6.686917 2.859457 0.699999
v 6.686917 2.859457 -0.700001
v 6.663122 2.909269 0.699999
v 6.663122 2.909269 -0.700001
v 6.637639 2.954750 0.699999
v 6.637639 2.954750 -0.700001
v 6.610469 2.995899 0.699999
v 6.610469 2.995899 -0.700001
v 6.581611 3.032717 0.699999
v 6.581611 3.032717 -0.700001
v 6.551066 3.065203 0.699999
v 6.551066 3.065203 -0.700001
v 6.518833 3.093358 0.699999
v 6.518833 3.093358 -0.700001
v 6.484912 3.117181 0.699999
v 6.484912 3.117181 -0.700001
v 6.449304 3.136672 0.699999
v 6.449304 3.136672 -0.700001
v 6.412008 3.151833 0.699999
v 6.412008 3.151833 -0.700001
v 6.373025 3.162662 0.699999
v 6.373025 3.162662 -0.700001
v 6.332354 3.169159 0.699999
v 6.332354 3.169159 -0.700001
v 6.289995 3.171324 0.699999
v 6.289995 3.171324 -0.700001
v 6.270532 3.170931 0.699999
v 6.270532 3.170931 -0.700001
v 6.251293 3.169749 0.699999
v 6.251293 3.169749 -0.700001
v 6.232280 3.167780 0.699999
v 6.232280 3.167780 -0.700001
v 6.213491 3.165024 0.699999
v 6.213491 3.165024 -0.700001
v 6.194928 3.161480 0.699999
v 6.194928 3.161480 -0.700001
v 6.176589 3.157149 0.699999
v 6.176589 3.157149 -0.700001
v 6.158475 3.152030 0.699999
v 6.158475 3.152030 -0.700001
v 6.140587 3.146123 0.699999
v 6.140587 3.146123 -0.700001
v 6.122923 3.139429 0.699999
v 6.122923 3.139429 -0.700001
v 6.105485 3.131947 0.699999
v 6.105485 3.131947 -0.700001
v 6.088272 3.123678 0.699999
v 6.088272 3.123678 -0.700001
v 6.071283 3.114621 0.699999
v 6.071283 3.114621 -0.700001
v 6.036997 3.093386 0.699999
v 6.036997 3.093386 -0.700001
v 6.005692 3.070181 0.699999
v 6.005692 3.070181 -0.700001
v 5.977368 3.045008 0.699999
v 5.977368 3.045008 -0.700001
v 5.952026 3.017866 0.699999
v 5.952026 3.017866 -0.700001
v 5.929666 2.988755 0.699999
v 5.929666 2.988755 -0.700001
v 5.910286 2.957675 0.699999
v 5.910286 2.957675 -0.700001
v 5.893888 2.924627 0.699999
v 5.893888 2.924627 -0.700001
v 5.880472 2.889609 0.699999
v 5.880472 2.889609 -0.700001
v 5.870037 2.852623 0.699999
v 5.870037 2.852623 -0.700001
v 5.862584 2.813668 0.699999
v 5.862584 2.813668 -0.700001
v 5.858111 2.772744 0.699999
v 5.858111 2.772744 -0.700001
v 5.856621 2.729850 0.699999
v 5.856621 2.729850 -0.700001
v 5.857887 2.690388 0.699999
v 5.857887 2.690388 -0.700001
v 5.861684 2.647608 0.699999
v 5.861684 2.647608 -0.700001
v 5.868012 2.601509 0.699999
v 5.868012 2.601509 -0.700001
v 5.876872 2.552090 0.699999
v 5.876872 2.552090 -0.700001
v 5.888263 2.499353 0.699999
v 5.888263 2.499353 -0.700001
v 5.902186 2.443297 0.699999
v 5.902186 2.443297 -0.700001
v 5.918640 2.383922 0.699999
v 5.918640 2.383922 -0.700001
v 5.937625 2.321228 0.699999
v 5.937625 2.321228 -0.700001
v 5.959142 2.255214 0.699999
v 5.959142 2.255214 -0.700001
v 5.983191 2.185883 0.699999
v 5.983191 2.185883 -0.700001
v 6.009770 2.113232 0.699999
v 6.009770 2.113232 -0.700001
v 6.038881 2.037262 0.699999
v 6.038881 2.037262 -0.700001
v 6.085965 1.918765 0.699999
v 6.085965 1.918765 -0.700001
v 6.134061 1.804937 0.699999
v 6.134061 1.804937 -0.700001
v 6.183170 1.695778 0.699999
v 6.183170 1.695778 -0.700001
v 6.233292 1.591287 0.699999
v 6.233292 1.591287 -0.700001
v 6.284426 1.491466 0.699999
v 6.284426 1.491466 -0.700001
v 6.336572 1.396314 0.699999
v 6.336572 1.396314 -0.700001
v 6.389731 1.305831 0.699999
v 6.389731 1.305831 -0.700001
v 6.443903 1.220017 0.699999
v 6.443903 1.220017 -0.700001
v 6.499087 1.138872 0.699999
v 6.499087 1.138872 -0.700001
v 6.555284 1.062396 0.699999
v 6.555284 1.062396 -0.700001
v 6.612494 0.990589 0.699999
v 6.612494 0.990589 -0.700001
v 6.670716 0.923451 0.699999
v 6.670716 0.923451 -0.700001
v 6.704777 0.887224 0.699999
v 6.704777 0.887224 -0.700001
v 6.739457 0.854147 0.699999
v 6.739457 0.854147 -0.700001
v 6.774756 0.824220 0.699999
v 6.774756 0.824220 -0.700001
v 6.810674 0.797444 0.699999
v 6.810674 0.797444 -0.700001
v 6.847210 0.773818 0.699999
v 6.847210 0.773817 -0.700001
v 6.884365 0.753341 0.699999
v 6.884365 0.753341 -0.700001
v 6.922139 0.736015 0.699999
v 6.922139 0.736015 -0.700001
v 6.960532 0.721840 0.699999
v 6.960532 0.721840 -0.700001
v 6.999543 0.710814 0.699999
v 6.999543 0.710814 -0.700001
v 7.039174 0.702939 0.699999
v 7.039174 0.702939 -0.700001
v 7.079422 0.698213 0.699999
v 7.079422 0.698213 -0.700001
v 7.120291 0.696638 0.699999
v 7.120291 0.696638 -0.700001
v 7.149120 0.697398 0.699999
v 7.149120 0.697398 -0.700001
v 7.177557 0.699676 0.699999
v 7.177557 0.699676 -0.700001
v 7.205599 0.703473 0.699999
v 7.205599 0.703473 -0.700001
v 7.233247 0.708789 0.699999
v 7.233247 0.708789 -0.700001
v 7.260502 0.715624 0.699999
v 7.260502 0.715624 -0.700001
v 7.287363 0.723977 0.699999
v 7.287363 0.723977 -0.700001
v 7.313829 0.733850 0.699999
v 7.313829 0.733850 -0.700001
v 7.339903 0.745241 0.699999
v 7.339903 0.745241 -0.700001
v 7.365582 0.758151 0.699999
v 7.365582 0.758151 -0.700001
v 7.390868 0.772580 0.699999
v 7.390868 0.772580 -0.700001
v 7.415760 0.788528 0.699999
v 7.415760 0.788528 -0.700001
v 7.440258 0.805994 0.699999
v 7.440258 0.805994 -0.700001
v 7.473250 0.832236 0.699999
v 7.473250 0.832236 -0.700001
v 7.503374 0.859660 0.699999
v 7.503374 0.859660 -0.700001
v 7.530629 0.888264 0.699999
v 7.530629 0.888264 -0.700001
v 7.555015 0.918051 0.699999
v 7.555015 0.918050 -0.700001
v 7.576531 0.949018 0.699999
v 7.576531 0.949018 -0.700001
v 7.595180 0.981167 0.699999
v 7.595180 0.981166 -0.700001
v 7.610959 1.014496 0.699999
v 7.610959 1.014496 -0.700001
v 7.623869 1.049008 0.699999
v 7.623869 1.049008 -0.700001
v 7.633910 1.084700 0.699999
v 7.633910 1.084700 -0.700001
v 7.641082 1.121574 0.699999
v 7.641082 1.121574 -0.700001
v 7.645386 1.159629 0.699999
v 7.645386 1.159629 -0.700001
v 7.646820 1.198866 0.699999
v 7.646820 1.198866 -0.700001
v 7.645301 1.233011 0.699999
v 7.645301 1.233011 -0.700001
v 7.640745 1.267945 0.699999
v 7.640745 1.267945 -0.700001
v 7.633151 1.303665 0.699999
v 7.633151 1.303665 -0.700001
v 7.622519 1.340174 0.699999
v 7.622519 1.340174 -0.700001
v 7.608849 1.377470 0.699999
v 7.608849 1.377470 -0.700001
v 7.592142 1.415553 0.699999
v 7.592142 1.415553 -0.700001
v 7.572397 1.454424 0.699999
v 7.572397 1.454424 -0.700001
v 7.549614 1.494082 0.699999
v 7.549614 1.494082 -0.700001
v 7.523794 1.534528 0.699999
v 7.523794 1.534528 -0.700001
v 7.494936 1.575762 0.699999
v 7.494936 1.575762 -0.700001
v 7.463041 1.617783 0.699999
v 7.463041 1.617783 -0.700001
v 7.428108 1.660591 0.699999
v 7.428108 1.660591 -0.700001
v 7.356750 1.746265 0.699999
v 7.356750 1.746265 -0.700001
v 7.287137 1.834526 0.699999
v 7.287137 1.834526 -0.700001
v 7.219268 1.925375 0.699999
v 7.219268 1.925375 -0.700001
v 7.153142 2.018811 0.699999
v 7.153142 2.018811 -0.700001
v 7.088761 2.114835 0.699999
v 7.088761 2.114835 -0.700001
v 7.026123 2.213447 0.699999
v 7.026123 2.213447 -0.700001
v 6.965229 2.314646 0.699999
v 6.965229 2.314646 -0.700001
v 6.906079 2.418433 0.699999
v 6.906079 2.418433 -0.700001
v 6.848672 2.524807 0.699999
v 6.848672 2.524807 -0.700001
v 6.793010 2.633769 0.699999
v 6.793010 2.633769 -0.700001
v 6.739091 2.745319 0.699999
v 6.739091 2.745319 -0.700001
v 2.701498 3.215877 0.700000
v 2.701498 3.215877 -0.700000
v 2.680965 3.235931 0.700000
v 2.680965 3.235931 -0.700000
v 2.659871 3.254241 0.700000
v 2.659871 3.254241 -0.700000
v 2.638213 3.270808 0.700000
v 2.638213 3.270808 -0.700000
v 2.615993 3.285631 0.700000
v 2.615993 3.285631 -0.700000
v 2.593211 3.298710 0.700000
v 2.593211 3.298710 -0.700000
v 2.569866 3.310045 0.700000
v 2.569866 3.310045 -0.700000
v 2.545958 3.319636 0.700000
v 2.545958 3.319636 -0.700000
v 2.521488 3.327483 0.700000
v 2.521488 3.327483 -0.700000
v 2.496455 3.333586 0.700000
v 2.496455 3.333586 -0.700000
v 2.470860 3.337946 0.700000
v 2.470860 3.337946 -0.700000
v 2.444702 3.340562 0.700000
v 2.444702 3.340562 -0.700000
v 2.417982 3.341434 0.700000
v 2.417982 3.341434 -0.700000
v 2.352391 3.334233 0.700000
v 2.352391 3.334233 -0.700000
v 2.281175 3.312632 0.700000
v 2.281175 3.312632 -0.700000
v 2.204333 3.276630 0.700000
v 2.204333 3.276630 -0.700000
v 2.121866 3.226227 0.700000
v 2.121866 3.226227 -0.700000
v 2.033774 3.161424 0.700000
v 2.033774 3.161424 -0.700000
v 1.940056 3.082219 0.700000
v 1.940056 3.082219 -0.700000
v 1.840713 2.988614 0.700000
v 1.840713 2.988614 -0.700000
v 1.735745 2.880608 0.700000
v 1.735745 2.880608 -0.700000
v 1.625151 2.758201 0.700000
v 1.625151 2.758201 -0.700000
v 1.508932 2.621394 0.700000
v 1.508932 2.621394 -0.700000
v 1.387088 2.470186 0.700000
v 1.387088 2.470186 -0.700000
v 1.259619 2.304577 0.700000
v 1.259618 2.304577 -0.700000
v 1.190399 2.209396 0.700000
v 1.190399 2.209396 -0.700000
v 1.127199 2.118266 0.700000
v 1.127199 2.118266 -0.700000
v 1.070018 2.031187 0.700000
v 1.070017 2.031187 -0.700000
v 1.018855 1.948157 0.700000
v 1.018855 1.948157 -0.700000
v 0.973712 1.869178 0.700000
v 0.973712 1.869178 -0.700000
v 0.934588 1.794249 0.700000
v 0.934588 1.794249 -0.700000
v 0.901483 1.723370 0.700000
v 0.901483 1.723370 -0.700000
v 0.874398 1.656541 0.700000
v 0.874397 1.656541 -0.700000
v 0.853331 1.593763 0.700000
v 0.853331 1.593763 -0.700000
v 0.838283 1.535034 0.700000
v 0.838283 1.535034 -0.700000
v 0.829255 1.480356 0.700000
v 0.829254 1.480356 -0.700000
v 0.826245 1.429729 0.700000
v 0.826245 1.429729 -0.700000
v 0.827876 1.385879 0.700000
v 0.827876 1.385879 -0.700000
v 0.832770 1.343436 0.700000
v 0.832770 1.343436 -0.700000
v 0.840927 1.302400 0.700000
v 0.840927 1.302400 -0.700000
v 0.852346 1.262769 0.700000
v 0.852346 1.262769 -0.700000
v 0.867028 1.224545 0.700000
v 0.867028 1.224545 -0.700000
v 0.884973 1.187728 0.700000
v 0.884973 1.187728 -0.700000
v 0.906181 1.152316 0.700000
v 0.906181 1.152316 -0.700000
v 0.930651 1.118311 0.700000
v 0.930651 1.118311 -0.700000
v 0.958383 1.085713 0.700000
v 0.958383 1.085713 -0.700000
v 0.989379 1.054520 0.700000
v 0.989379 1.054520 -0.700000
v 1.023637 1.024734 0.700000
v 1.023637 1.024734 -0.700000
v 1.061158 0.996355 0.700000
v 1.061157 0.996355 -0.700000
v 1.090859 0.976301 0.700000
v 1.090859 0.976300 -0.700000
v 1.120561 0.957990 0.700000
v 1.120561 0.957990 -0.700000
v 1.150262 0.941424 0.700000
v 1.150262 0.941424 -0.700000
v 1.179964 0.926601 0.700000
v 1.179964 0.926601 -0.700000
v 1.209666 0.913522 0.700000
v 1.209665 0.913522 -0.700000
v 1.239367 0.902187 0.700000
v 1.239367 0.902187 -0.700000
v 1.269069 0.892596 0.700000
v 1.269069 0.892596 -0.700000
v 1.298770 0.884749 0.700000
v 1.298770 0.884749 -0.700000
v 1.328472 0.878645 0.700000
v 1.328472 0.878645 -0.700000
v 1.358174 0.874286 0.700000
v 1.358174 0.874286 -0.700000
v 1.387876 0.871670 0.700000
v 1.387875 0.871670 -0.700000
v 1.417577 0.870798 0.700000
v 1.417577 0.870798 -0.700000
v 1.467952 0.873667 0.700000
v 1.467952 0.873667 -0.700000
v 1.516470 0.882274 0.700000
v 1.516470 0.882273 -0.700000
v 1.563132 0.896618 0.700000
v 1.563132 0.896618 -0.700000
v 1.607938 0.916700 0.700000
v 1.607937 0.916700 -0.700000
v 1.650887 0.942521 0.700000
v 1.650887 0.942520 -0.700000
v 1.691980 0.974079 0.700000
v 1.691980 0.974078 -0.700000
v 1.731216 1.011374 0.700000
v 1.731216 1.011374 -0.700000
v 1.768597 1.054408 0.700000
v 1.768596 1.054408 -0.700000
v 1.804120 1.103179 0.700000
v 1.804120 1.103179 -0.700000
v 1.837788 1.157689 0.700000
v 1.837788 1.157689 -0.700000
v 1.869599 1.217936 0.700000
v 1.869599 1.217936 -0.700000
v 1.899554 1.283921 0.700000
v 1.899553 1.283921 -0.700000
v 1.952544 1.406862 0.700000
v 1.952544 1.406862 -0.700000
v 2.007560 1.528621 0.700000
v 2.007560 1.528621 -0.700000
v 2.064600 1.649200 0.700000
v 2.064600 1.649200 -0.700000
v 2.123666 1.768597 0.700000
v 2.123666 1.768597 -0.700000
v 2.184757 1.886813 0.700000
v 2.184757 1.886813 -0.700000
v 2.247873 2.003848 0.700000
v 2.247873 2.003848 -0.700000
v 2.313014 2.119701 0.700000
v 2.313014 2.119701 -0.700000
v 2.380180 2.234373 0.700000
v 2.380180 2.234373 -0.700000
v 2.449372 2.347863 0.700000
v 2.449372 2.347863 -0.700000
v 2.520588 2.460173 0.700000
v 2.520588 2.460173 -0.700000
v 2.593829 2.571301 0.700000
v 2.593829 2.571301 -0.700000
v 2.669096 2.681247 0.700000
v 2.669096 2.681247 -0.700000
v 2.689150 2.710668 0.700000
v 2.689150 2.710668 -0.700000
v 2.707460 2.739526 0.700000
v 2.707460 2.739526 -0.700000
v 2.724027 2.767821 0.700000
v 2.724027 2.767821 -0.700000
v 2.738850 2.795554 0.700000
v 2.738850 2.795554 -0.700000
v 2.751929 2.822724 0.700000
v 2.751929 2.822724 -0.700000
v 2.763264 2.849332 0.700000
v 2.763264 2.849332 -0.700000
v 2.772855 2.875377 0.700000
v 2.772855 2.875377 -0.700000
v 2.780702 2.900859 0.700000
v 2.780702 2.900859 -0.700000
v 2.786806 2.925780 0.700000
v 2.786806 2.925780 -0.700000
v 2.791165 2.950137 0.700000
v 2.791165 2.950137 -0.700000
v 2.793781 2.973932 0.700000
v 2.793781 2.973932 -0.700000
v 2.794653 2.997165 0.700000
v 2.794653 2.997165 -0.700000
v 2.794006 3.017866 0.700000
v 2.794006 3.017866 -0.700000
v 2.792066 3.038117 0.700000
v 2.792066 3.038117 -0.700000
v 2.788831 3.057918 0.700000
v 2.788831 3.057918 -0.700000
v 2.784302 3.077269 0.700000
v 2.784302 3.077269 -0.700000
v 2.778480 3.096170 0.700000
v 2.778480 3.096170 -0.700000
v 2.771364 3.114621 0.700000
v 2.771364 3.114621 -0.700000
v 2.762954 3.132622 0.700000
v 2.762954 3.132622 -0.700000
v 2.753251 3.150173 0.700000
v 2.753251 3.150173 -0.700000
v 2.742253 3.167274 0.700000
v 2.742253 3.167274 -0.700000
v 2.729962 3.183925 0.700000
v 2.729962 3.183925 -0.700000
v 2.716377 3.200126 0.700000
v 2.716377 3.200126 -0.700000
v 2.288375 6.549210 0.700000
v 2.288375 6.549210 -0.700000
v 2.286772 6.586084 0.700000
v 2.286772 6.586084 -0.700000
v 2.281962 6.619751 0.700000
v 2.281962 6.619751 -0.700000
v 2.273946 6.650213 0.700000
v 2.273946 6.650213 -0.700000
v 2.262724 6.677467 0.700000
v 2.262724 6.677467 -0.700000
v 2.248295 6.701516 0.700000
v 2.248295 6.701516 -0.700000
v 2.230659 6.722357 0.700000
v 2.230659 6.722357 -0.700000
v 2.209818 6.739993 0.700000
v 2.209818 6.739993 -0.700000
v 2.185769 6.754421 0.700000
v 2.185769 6.754421 -0.700000
v 2.158515 6.765644 0.700000
v 2.158515 6.765644 -0.700000
v 2.128054 6.773660 0.700000
v 2.128054 6.773660 -0.700000
v 2.094386 6.778469 0.700000
v 2.094386 6.778469 -0.700000
v 2.057512 6.780072 0.700000
v 2.057512 6.780072 -0.700000
v 2.017179 6.776922 0.700000
v 2.017179 6.776922 -0.700000
v 1.973133 6.767472 0.700000
v 1.973132 6.767472 -0.700000
v 1.925374 6.751721 0.700000
v 1.925374 6.751721 -0.700000
v 1.873902 6.729670 0.700000
v 1.873902 6.729670 -0.700000
v 1.818718 6.701318 0.700000
v 1.818718 6.701318 -0.700000
v 1.759821 6.666667 0.700000
v 1.759821 6.666667 -0.700000
v 1.697212 6.625714 0.700000
v 1.697211 6.625714 -0.700000
v 1.630889 6.578462 0.700000
v 1.630889 6.578462 -0.700000
v 1.560854 6.524909 0.700000
v 1.560854 6.524909 -0.700000
v 1.487106 6.465055 0.700000
v 1.487106 6.465055 -0.700000
v 1.409646 6.398901 0.700000
v 1.409646 6.398901 -0.700000
v 1.328473 6.326447 0.700000
v 1.328472 6.326447 -0.700000
v 1.260547 6.262797 0.700000
v 1.260547 6.262797 -0.700000
v 1.198528 6.201453 0.700000
v 1.198528 6.201453 -0.700000
v 1.142416 6.142416 0.700000
v 1.142415 6.142416 -0.700000
v 1.092210 6.085684 0.700000
v 1.092210 6.085684 -0.700000
v 1.047911 6.031260 0.700000
v 1.047910 6.031260 -0.700000
v 1.009518 5.979141 0.700000
v 1.009518 5.979141 -0.700000
v 0.977032 5.929329 0.700000
v 0.977031 5.929329 -0.700000
v 0.950452 5.881824 0.700000
v 0.950452 5.881824 -0.700000
v 0.929779 5.836624 0.700000
v 0.929779 5.836624 -0.700000
v 0.915013 5.793731 0.700000
v 0.915012 5.793731 -0.700000
v 0.906153 5.753145 0.700000
v 0.906153 5.753145 -0.700000
v 0.903199 5.714864 0.700000
v 0.903199 5.714864 -0.700000
v 0.904156 5.688847 0.700000
v 0.904156 5.688847 -0.700000
v 0.907025 5.663449 0.700000
v 0.907024 5.663449 -0.700000
v 0.911806 5.638669 0.700000
v 0.911806 5.638669 -0.700000
v 0.918500 5.614509 0.700000
v 0.918500 5.614509 -0.700000
v 0.927107 5.590967 0.700000
v 0.927107 5.590967 -0.700000
v 0.937626 5.568044 0.700000
v 0.937626 5.568044 -0.700000
v 0.950058 5.545739 0.700000
v 0.950058 5.545739 -0.700000
v 0.964403 5.524054 0.700000
v 0.964403 5.524054 -0.700000
v 0.980660 5.502987 0.700000
v 0.980660 5.502987 -0.700000
v 0.998830 5.482539 0.700000
v 0.998830 5.482539 -0.700000
v 1.018912 5.462709 0.700000
v 1.018912 5.462709 -0.700000
v 1.040907 5.443499 0.700000
v 1.040907 5.443499 -0.700000
v 1.059302 5.429267 0.700000
v 1.059302 5.429267 -0.700000
v 1.078034 5.416273 0.700000
v 1.078034 5.416273 -0.700000
v 1.097104 5.404516 0.700000
v 1.097104 5.404516 -0.700000
v 1.116511 5.393996 0.700000
v 1.116511 5.393996 -0.700000
v 1.136256 5.384715 0.700000
v 1.136256 5.384715 -0.700000
v 1.156338 5.376670 0.700000
v 1.156338 5.376670 -0.700000
v 1.176758 5.369864 0.700000
v 1.176758 5.369864 -0.700000
v 1.197515 5.364295 0.700000
v 1.197515 5.364295 -0.700000
v 1.218610 5.359963 0.700000
v 1.218610 5.359963 -0.700000
v 1.240043 5.356869 0.700000
v 1.240042 5.356869 -0.700000
v 1.261813 5.355013 0.700000
v 1.261812 5.355013 -0.700000
v 1.283920 5.354394 0.700000
v 1.283920 5.354394 -0.700000
v 1.314578 5.355857 0.700000
v 1.314578 5.355857 -0.700000
v 1.344448 5.360245 0.700000
v 1.344448 5.360245 -0.700000
v 1.373531 5.367558 0.700000
v 1.373531 5.367558 -0.700000
v 1.401827 5.377796 0.700000
v 1.401826 5.377796 -0.700000
v 1.429334 5.390959 0.700000
v 1.429334 5.390959 -0.700000
v 1.456054 5.407047 0.700000
v 1.456054 5.407047 -0.700000
v 1.481987 5.426061 0.700000
v 1.481987 5.426061 -0.700000
v 1.507132 5.447999 0.700000
v 1.507132 5.447999 -0.700000
v 1.531490 5.472863 0.700000
v 1.531490 5.472863 -0.700000
v 1.555060 5.500652 0.700000
v 1.555060 5.500652 -0.700000
v 1.577842 5.531367 0.700000
v 1.577842 5.531367 -0.700000
v 1.599838 5.565006 0.700000
v 1.599837 5.565006 -0.700000
v 1.641577 5.631413 0.700000
v 1.641577 5.631413 -0.700000
v 1.684442 5.696976 0.700000
v 1.684442 5.696976 -0.700000
v 1.728432 5.761695 0.700000
v 1.728432 5.761695 -0.700000
v 1.773547 5.825570 0.700000
v 1.773547 5.825570 -0.700000
v 1.819787 5.888602 0.700000
v 1.819787 5.888602 -0.700000
v 1.867152 5.950789 0.700000
v 1.867152 5.950789 -0.700000
v 1.915642 6.012134 0.700000
v 1.915642 6.012134 -0.700000
v 1.965258 6.072634 0.700000
v 1.965257 6.072634 -0.700000
v 2.015998 6.132290 0.700000
v 2.015998 6.132290 -0.700000
v 2.067863 6.191103 0.700000
v 2.067863 6.191103 -0.700000
v 2.120854 6.249072 0.700000
v 2.120854 6.249072 -0.700000
v 2.174969 6.306196 0.700000
v 2.174969 6.306196 -0.700000
v 2.193082 6.325829 0.700000
v 2.193082 6.325829 -0.700000
v 2.209621 6.345573 0.700000
v 2.209621 6.345573 -0.700000
v 2.224584 6.365431 0.700000
v 2.224584 6.365431 -0.700000
v 2.237972 6.385401 0.700000
v 2.237972 6.385401 -0.700000
v 2.249785 6.405483 0.700000
v 2.249785 6.405483 -0.700000
v 2.260024 6.425678 0.700000
v 2.260024 6.425678 -0.700000
v 2.268687 6.445986 0.700000
v 2.268687 6.445986 -0.700000
v 2.275774 6.466406 0.700000
v 2.275774 6.466406 -0.700000
v 2.281287 6.486938 0.700000
v 2.281287 6.486938 -0.700000
v 2.285225 6.507583 0.700000
v 2.285225 6.507583 -0.700000
v 2.287587 6.528340 0.700000
v 2.287587 6.528340 -0.700000
v 1.348724 7.197246 0.700000
v 1.348724 7.197246 -0.700000
v 1.337586 7.208243 0.700000
v 1.337585 7.208243 -0.700000
v 1.325773 7.218285 0.700000
v 1.325772 7.218285 -0.700000
v 1.313284 7.227369 0.700000
v 1.313284 7.227369 -0.700000
v 1.300121 7.235498 0.700000
v 1.300121 7.235498 -0.700000
v 1.286283 7.242670 0.700000
v 1.286283 7.242670 -0.700000
v 1.271769 7.248886 0.700000
v 1.271769 7.248886 -0.700000
v 1.256581 7.254146 0.700000
v 1.256581 7.254146 -0.700000
v 1.240718 7.258449 0.700000
v 1.240717 7.258449 -0.700000
v 1.224179 7.261796 0.700000
v 1.224179 7.261796 -0.700000
v 1.206966 7.264187 0.700000
v 1.206966 7.264187 -0.700000
v 1.189077 7.265621 0.700000
v 1.189077 7.265621 -0.700000
v 1.170514 7.266099 0.700000
v 1.170514 7.266099 -0.700000
v 1.128521 7.263427 0.700000
v 1.128521 7.263427 -0.700000
v 1.083547 7.255411 0.700000
v 1.083546 7.255411 -0.700000
v 1.035591 7.242051 0.700000
v 1.035591 7.242051 -0.700000
v 0.984654 7.223347 0.700000
v 0.984653 7.223347 -0.700000
v 0.930735 7.199298 0.700000
v 0.930735 7.199298 -0.700000
v 0.873835 7.169906 0.700000
v 0.873835 7.169906 -0.700000
v 0.813954 7.135170 0.700000
v 0.813953 7.135170 -0.700000
v 0.751091 7.095089 0.700000
v 0.751091 7.095089 -0.700000
v 0.685247 7.049665 0.700000
v 0.685246 7.049665 -0.700000
v 0.616421 6.998897 0.700000
v 0.616421 6.998897 -0.700000
v 0.544614 6.942784 0.700000
v 0.544614 6.942784 -0.700000
v 0.469825 6.881328 0.700000
v 0.469825 6.881328 -0.700000
v 0.401900 6.822656 0.700000
v 0.401900 6.822656 -0.700000
v 0.339881 6.765447 0.700000
v 0.339880 6.765447 -0.700000
v 0.283768 6.709700 0.700000
v 0.283768 6.709700 -0.700000
v 0.233562 6.655416 0.700000
v 0.233562 6.655416 -0.700000
v 0.189263 6.602594 0.700000
v 0.189263 6.602594 -0.700000
v 0.150870 6.551235 0.700000
v 0.150870 6.551235 -0.700000
v 0.118384 6.501338 0.700000
v 0.118384 6.501338 -0.700000
v 0.091805 6.452905 0.700000
v 0.091805 6.452905 -0.700000
v 0.071132 6.405933 0.700000
v 0.071132 6.405933 -0.700000
v 0.056365 6.360425 0.700000
v 0.056365 6.360425 -0.700000
v 0.047505 6.316378 0.700000
v 0.047505 6.316378 -0.700000
v 0.044552 6.273795 0.700000
v 0.044552 6.273795 -0.700000
v 0.045480 6.245275 0.700000
v 0.045480 6.245275 -0.700000
v 0.048265 6.217767 0.700000
v 0.048265 6.217767 -0.700000
v 0.052906 6.191272 0.700000
v 0.052906 6.191272 -0.700000
v 0.059403 6.165789 0.700000
v 0.059403 6.165789 -0.700000
v 0.067757 6.141319 0.700000
v 0.067756 6.141319 -0.700000
v 0.077967 6.117861 0.700000
v 0.077966 6.117861 -0.700000
v 0.090033 6.095416 0.700000
v 0.090033 6.095416 -0.700000
v 0.103955 6.073984 0.700000
v 0.103955 6.073984 -0.700000
v 0.119734 6.053564 0.700000
v 0.119734 6.053564 -0.700000
v 0.137370 6.034156 0.700000
v 0.137369 6.034156 -0.700000
v 0.156861 6.015761 0.700000
v 0.156861 6.015761 -0.700000
v 0.178209 5.998380 0.700000
v 0.178209 5.998380 -0.700000
v 0.194579 5.986735 0.700000
v 0.194578 5.986735 -0.700000
v 0.211286 5.976103 0.700000
v 0.211286 5.976103 -0.700000
v 0.228330 5.966484 0.700000
v 0.228330 5.966484 -0.700000
v 0.245713 5.957877 0.700000
v 0.245713 5.957877 -0.700000
v 0.263433 5.950283 0.700000
v 0.263432 5.950283 -0.700000
v 0.281490 5.943701 0.700000
v 0.281490 5.943701 -0.700000
v 0.299885 5.938132 0.700000
v 0.299884 5.938132 -0.700000
v 0.318617 5.933576 0.700000
v 0.318617 5.933576 -0.700000
v 0.337687 5.930032 0.700000
v 0.337687 5.930032 -0.700000
v 0.357094 5.927500 0.700000
v 0.357094 5.927500 -0.700000
v 0.376839 5.925982 0.700000
v 0.376839 5.925982 -0.700000
v 0.396921 5.925476 0.700000
v 0.396921 5.925476 -0.700000
v 0.425667 5.926882 0.700000
v 0.425666 5.926882 -0.700000
v 0.453849 5.931101 0.700000
v 0.453849 5.931101 -0.700000
v 0.481470 5.938133 0.700000
v 0.481470 5.938133 -0.700000
v 0.508527 5.947977 0.700000
v 0.508527 5.947977 -0.700000
v 0.535023 5.960634 0.700000
v 0.535023 5.960634 -0.700000
v 0.560955 5.976103 0.700000
v 0.560955 5.976103 -0.700000
v 0.586325 5.994386 0.700000
v 0.586325 5.994386 -0.700000
v 0.611133 6.015481 0.700000
v 0.611133 6.015481 -0.700000
v 0.635378 6.039388 0.700000
v 0.635378 6.039388 -0.700000
v 0.659061 6.066108 0.700000
v 0.659060 6.066108 -0.700000
v 0.682181 6.095641 0.700000
v 0.682180 6.095641 -0.700000
v 0.704738 6.127987 0.700000
v 0.704738 6.127987 -0.700000
v 0.742793 6.183424 0.700000
v 0.742793 6.183424 -0.700000
v 0.782705 6.239031 0.700000
v 0.782705 6.239031 -0.700000
v 0.824473 6.294806 0.700000
v 0.824473 6.294806 -0.700000
v 0.868097 6.350749 0.700000
v 0.868097 6.350749 -0.700000
v 0.913578 6.406862 0.700000
v 0.913578 6.406862 -0.700000
v 0.960915 6.463143 0.700000
v 0.960915 6.463143 -0.700000
v 1.010108 6.519593 0.700000
v 1.010108 6.519593 -0.700000
v 1.061158 6.576211 0.700000
v 1.061157 6.576211 -0.700000
v 1.114064 6.632999 0.700000
v 1.114064 6.632999 -0.700000
v 1.168826 6.689955 0.700000
v 1.168826 6.689955 -0.700000
v 1.225445 6.747080 0.700000
v 1.225445 6.747080 -0.700000
v 1.283920 6.804374 0.700000
v 1.283920 6.804374 -0.700000
v 1.304621 6.825244 0.700000
v 1.304621 6.825244 -0.700000
v 1.323522 6.846002 0.700000
v 1.323522 6.846002 -0.700000
v 1.340623 6.866647 0.700000
v 1.340623 6.866647 -0.700000
v 1.355924 6.887179 0.700000
v 1.355924 6.887179 -0.700000
v 1.369425 6.907599 0.700000
v 1.369424 6.907599 -0.700000
v 1.381125 6.927907 0.700000
v 1.381125 6.927907 -0.700000
v 1.391026 6.948102 0.700000
v 1.391026 6.948102 -0.700000
v 1.399126 6.968184 0.700000
v 1.399126 6.968184 -0.700000
v 1.405427 6.988154 0.700000
v 1.405427 6.988154 -0.700000
v 1.409927 7.008012 0.700000
v 1.409927 7.008012 -0.700000
v 1.412627 7.027757 0.700000
v 1.412627 7.027757 -0.700000
v 1.413527 7.047387 0.700000
v 1.413527 7.047387 -0.700000
v 1.413077 7.060803 0.700000
v 1.413077 7.060803 -0.700000
v 1.411727 7.074051 0.700000
v 1.411727 7.074051 -0.700000
v 1.409477 7.087130 0.700000
v 1.409477 7.087130 -0.700000
v 1.406327 7.100040 0.700000
v 1.406327 7.100040 -0.700000
v 1.402277 7.112782 0.700000
v 1.402277 7.112782 -0.700000
v 1.397327 7.125354 0.700000
v 1.397326 7.125354 -0.700000
v 1.391476 7.137758 0.700000
v 1.391476 7.137758 -0.700000
v 1.384726 7.149993 0.700000
v 1.384726 7.149993 -0.700000
v 1.377076 7.162060 0.700000
v 1.377075 7.162060 -0.700000
v 1.368525 7.173957 0.700000
v 1.368525 7.173957 -0.700000
v 1.359074 7.185686 0.700000
v 1.359074 7.185686 -0.700000
v -1.445929 4.272985 0.700000
v -1.445930 4.272985 -0.700000
v -1.462552 4.290452 0.700000
v -1.462552 4.290452 -0.700000
v -1.480019 4.306399 0.700000
v -1.480019 4.306399 -0.700000
v -1.498329 4.320828 0.700000
v -1.498329 4.320828 -0.700000
v -1.517483 4.333738 0.700000
v -1.517484 4.333738 -0.700000
v -1.537481 4.345129 0.700000
v -1.537482 4.345129 -0.700000
v -1.558323 4.355002 0.700000
v -1.558323 4.355002 -0.700000
v -1.580009 4.363356 0.700000
v -1.580009 4.363356 -0.700000
v -1.602538 4.370191 0.700000
v -1.602538 4.370191 -0.700000
v -1.625911 4.375506 0.700000
v -1.625911 4.375506 -0.700000
v -1.650128 4.379303 0.700000
v -1.650128 4.379303 -0.700000
v -1.675189 4.381582 0.700000
v -1.675189 4.381582 -0.700000
v -1.701093 4.382341 0.700000
v -1.701094 4.382341 -0.700000
v -1.752424 4.377700 0.700000
v -1.752425 4.377700 -0.700000
v -1.806512 4.363777 0.700000
v -1.806512 4.363777 -0.700000
v -1.863356 4.340573 0.700000
v -1.863356 4.340573 -0.700000
v -1.922956 4.308087 0.700000
v -1.922956 4.308087 -0.700000
v -1.985312 4.266319 0.700000
v -1.985312 4.266319 -0.700000
v -2.050425 4.215269 0.700000
v -2.050425 4.215269 -0.700000
v -2.118295 4.154938 0.700000
v -2.118295 4.154938 -0.700000
v -2.188920 4.085325 0.700000
v -2.188920 4.085325 -0.700000
v -2.262303 4.006430 0.700000
v -2.262303 4.006430 -0.700000
v -2.338441 3.918253 0.700000
v -2.338441 3.918253 -0.700000
v -2.417336 3.820795 0.700000
v -2.417336 3.820795 -0.700000
v -2.498987 3.714054 0.700000
v -2.498987 3.714054 -0.700000
v -2.552681 3.639772 0.700000
v -2.552681 3.639772 -0.700000
v -2.601705 3.568134 0.700000
v -2.601705 3.568134 -0.700000
v -2.646061 3.499139 0.700000
v -2.646061 3.499139 -0.700000
v -2.685748 3.432789 0.700000
v -2.685748 3.432789 -0.700000
v -2.720765 3.369082 0.700000
v -2.720765 3.369082 -0.700000
v -2.751114 3.308019 0.700000
v -2.751114 3.308019 -0.700000
v -2.776793 3.249600 0.700000
v -2.776793 3.249600 -0.700000
v -2.797804 3.193825 0.700000
v -2.797804 3.193825 -0.700000
v -2.814145 3.140694 0.700000
v -2.814145 3.140694 -0.700000
v -2.825818 3.090207 0.700000
v -2.825818 3.090207 -0.700000
v -2.832821 3.042364 0.700000
v -2.832821 3.042364 -0.700000
v -2.835156 2.997165 0.700000
v -2.835156 2.997165 -0.700000
v -2.833750 2.957338 0.700000
v -2.833750 2.957338 -0.700000
v -2.829530 2.918860 0.700000
v -2.829530 2.918860 -0.700000
v -2.822499 2.881733 0.700000
v -2.822499 2.881733 -0.700000
v -2.812654 2.845957 0.700000
v -2.812654 2.845957 -0.700000
v -2.799998 2.811530 0.700000
v -2.799998 2.811530 -0.700000
v -2.784528 2.778453 0.700000
v -2.784528 2.778453 -0.700000
v -2.766246 2.746726 0.700000
v -2.766246 2.746726 -0.700000
v -2.745151 2.716349 0.700000
v -2.745151 2.716349 -0.700000
v -2.721243 2.687323 0.700000
v -2.721243 2.687323 -0.700000
v -2.694523 2.659646 0.700000
v -2.694523 2.659646 -0.700000
v -2.664990 2.633320 0.700000
v -2.664990 2.633320 -0.700000
v -2.632645 2.608343 0.700000
v -2.632645 2.608343 -0.700000
v -2.610228 2.592171 0.700000
v -2.610228 2.592171 -0.700000
v -2.587530 2.577404 0.700000
v -2.587530 2.577404 -0.700000
v -2.564550 2.564044 0.700000
v -2.564550 2.564044 -0.700000
v -2.541290 2.552090 0.700000
v -2.541290 2.552090 -0.700000
v -2.517748 2.541543 0.700000
v -2.517748 2.541543 -0.700000
v -2.493924 2.532402 0.700000
v -2.493924 2.532402 -0.700000
v -2.469820 2.524667 0.700000
v -2.469820 2.524667 -0.700000
v -2.445434 2.518339 0.700000
v -2.445434 2.518339 -0.700000
v -2.420767 2.513417 0.700000
v -2.420767 2.513417 -0.700000
v -2.395819 2.509901 0.700000
v -2.395819 2.509901 -0.700000
v -2.370590 2.507791 0.700000
v -2.370590 2.507791 -0.700000
v -2.345079 2.507088 0.700000
v -2.345079 2.507088 -0.700000
v -2.295717 2.509619 0.700000
v -2.295717 2.509619 -0.700000
v -2.248886 2.517213 0.700000
v -2.248886 2.517213 -0.700000
v -2.204587 2.529870 0.700000
v -2.204587 2.529870 -0.700000
v -2.162819 2.547590 0.700000
v -2.162819 2.547590 -0.700000
v -2.123582 2.570373 0.700000
v -2.123582 2.570373 -0.700000
v -2.086877 2.598218 0.700000
v -2.086877 2.598218 -0.700000
v -2.052703 2.631126 0.700000
v -2.052703 2.631126 -0.700000
v -2.021061 2.669096 0.700000
v -2.021061 2.669096 -0.700000
v -1.991950 2.712130 0.700000
v -1.991950 2.712130 -0.700000
v -1.965370 2.760226 0.700000
v -1.965370 2.760226 -0.700000
v -1.941322 2.813386 0.700000
v -1.941322 2.813386 -0.700000
v -1.919805 2.871608 0.700000
v -1.919806 2.871608 -0.700000
v -1.890751 2.955340 0.700000
v -1.890751 2.955340 -0.700000
v -1.860290 3.037779 0.700000
v -1.860290 3.037779 -0.700000
v -1.828422 3.118924 0.700000
v -1.828422 3.118924 -0.700000
v -1.795148 3.198776 0.700000
v -1.795149 3.198776 -0.700000
v -1.760468 3.277333 0.700000
v -1.760469 3.277333 -0.700000
v -1.724382 3.354597 0.700000
v -1.724382 3.354597 -0.700000
v -1.686890 3.430566 0.700000
v -1.686890 3.430566 -0.700000
v -1.647990 3.505242 0.700000
v -1.647991 3.505242 -0.700000
v -1.607685 3.578624 0.700000
v -1.607685 3.578624 -0.700000
v -1.565973 3.650713 0.700000
v -1.565974 3.650713 -0.700000
v -1.522855 3.721508 0.700000
v -1.522856 3.721508 -0.700000
v -1.478331 3.791008 0.700000
v -1.478331 3.791008 -0.700000
v -1.462158 3.816603 0.700000
v -1.462159 3.816603 -0.700000
v -1.447392 3.842086 0.700000
v -1.447392 3.842086 -0.700000
v -1.434032 3.867456 0.700000
v -1.434032 3.867456 -0.700000
v -1.422078 3.892714 0.700000
v -1.422078 3.892714 -0.700000
v -1.411531 3.917859 0.700000
v -1.411531 3.917859 -0.700000
v -1.402390 3.942892 0.700000
v -1.402390 3.942892 -0.700000
v -1.394655 3.967812 0.700000
v -1.394655 3.967812 -0.700000
v -1.388326 3.992620 0.700000
v -1.388327 3.992620 -0.700000
v -1.383404 4.017314 0.700000
v -1.383404 4.017314 -0.700000
v -1.379888 4.041897 0.700000
v -1.379889 4.041897 -0.700000
v -1.377779 4.066367 0.700000
v -1.377779 4.066367 -0.700000
v -1.377076 4.090725 0.700000
v -1.377076 4.090725 -0.700000
v -1.377554 4.108698 0.700000
v -1.377554 4.108698 -0.700000
v -1.378988 4.126164 0.700000
v -1.378989 4.126164 -0.700000
v -1.381379 4.143125 0.700000
v -1.381379 4.143125 -0.700000
v -1.384726 4.159579 0.700000
v -1.384726 4.159579 -0.700000
v -1.389029 4.175527 0.700000
v -1.389030 4.175527 -0.700000
v -1.394289 4.190968 0.700000
v -1.394289 4.190968 -0.700000
v -1.400505 4.205903 0.700000
v -1.400505 4.205903 -0.700000
v -1.407677 4.220332 0.700000
v -1.407677 4.220332 -0.700000
v -1.415806 4.234255 0.700000
v -1.415806 4.234255 -0.700000
v -1.424891 4.247671 0.700000
v -1.424891 4.247671 -0.700000
v -1.434932 4.260581 0.700000
v -1.434932 4.260581 -0.700000
v -3.187525 4.864317 0.700000
v -3.187525 4.864317 -0.700000
v -3.201813 4.872080 0.700000
v -3.201813 4.872080 -0.700000
v -3.216327 4.879168 0.700000
v -3.216327 4.879168 -0.700000
v -3.231065 4.885581 0.700000
v -3.231065 4.885581 -0.700000
v -3.246028 4.891319 0.700000
v -3.246028 4.891319 -0.700000
v -3.261217 4.896381 0.700000
v -3.261217 4.896381 -0.700000
v -3.276630 4.900769 0.700000
v -3.276630 4.900769 -0.700000
v -3.292268 4.904482 0.700000
v -3.292268 4.904482 -0.700000
v -3.308132 4.907519 0.700000
v -3.308132 4.907519 -0.700000
v -3.324220 4.909882 0.700000
v -3.324220 4.909882 -0.700000
v -3.340533 4.911570 0.700000
v -3.340533 4.911570 -0.700000
v -3.357072 4.912582 0.700000
v -3.357072 4.912582 -0.700000
v -3.373835 4.912920 0.700000
v -3.373835 4.912920 -0.700000
v -3.404043 4.911626 0.700000
v -3.404043 4.911626 -0.700000
v -3.433913 4.907745 0.700000
v -3.433913 4.907745 -0.700000
v -3.463446 4.901276 0.700000
v -3.463446 4.901276 -0.700000
v -3.492642 4.892219 0.700000
v -3.492642 4.892219 -0.700000
v -3.521500 4.880575 0.700000
v -3.521500 4.880575 -0.700000
v -3.550020 4.866343 0.700000
v -3.550020 4.866343 -0.700000
v -3.578203 4.849523 0.700000
v -3.578203 4.849523 -0.700000
v -3.606048 4.830116 0.700000
v -3.606048 4.830116 -0.700000
v -3.633556 4.808121 0.700000
v -3.633556 4.808121 -0.700000
v -3.660726 4.783538 0.700000
v -3.660726 4.783538 -0.700000
v -3.687559 4.756368 0.700000
v -3.687559 4.756368 -0.700000
v -3.714054 4.726610 0.700000
v -3.714054 4.726610 -0.700000
v -3.774836 4.652468 0.700000
v -3.774836 4.652468 -0.700000
v -3.832973 4.577201 0.700000
v -3.832973 4.577201 -0.700000
v -3.888467 4.500810 0.700000
v -3.888467 4.500810 -0.700000
v -3.941317 4.423293 0.700000
v -3.941317 4.423293 -0.700000
v -3.991523 4.344651 0.700000
v -3.991523 4.344651 -0.700000
v -4.039084 4.264884 0.700000
v -4.039084 4.264884 -0.700000
v -4.084002 4.183992 0.700000
v -4.084002 4.183992 -0.700000
v -4.126276 4.101975 0.700000
v -4.126276 4.101975 -0.700000
v -4.165907 4.018833 0.700000
v -4.165907 4.018833 -0.700000
v -4.202893 3.934566 0.700000
v -4.202893 3.934566 -0.700000
v -4.237236 3.849174 0.700000
v -4.237236 3.849174 -0.700000
v -4.268935 3.762657 0.700000
v -4.268935 3.762657 -0.700000
v -4.279932 3.731267 0.700000
v -4.279932 3.731267 -0.700000
v -4.289973 3.700553 0.700000
v -4.289973 3.700553 -0.700000
v -4.299058 3.670514 0.700000
v -4.299058 3.670514 -0.700000
v -4.307187 3.641150 0.700000
v -4.307187 3.641150 -0.700000
v -4.314359 3.612461 0.700000
v -4.314359 3.612461 -0.700000
v -4.320575 3.584447 0.700000
v -4.320575 3.584447 -0.700000
v -4.325834 3.557108 0.700000
v -4.325834 3.557108 -0.700000
v -4.330138 3.530444 0.700000
v -4.330138 3.530444 -0.700000
v -4.333485 3.504455 0.700000
v -4.333485 3.504455 -0.700000
v -4.335876 3.479141 0.700000
v -4.335876 3.479141 -0.700000
v -4.337310 3.454502 0.700000
v -4.337310 3.454502 -0.700000
v -4.337789 3.430538 0.700000
v -4.337789 3.430538 -0.700000
v -4.336129 3.381092 0.700000
v -4.336129 3.381092 -0.700000
v -4.331151 3.334008 0.700000
v -4.331151 3.334008 -0.700000
v -4.322854 3.289287 0.700000
v -4.322854 3.289287 -0.700000
v -4.311237 3.246928 0.700000
v -4.311237 3.246928 -0.700000
v -4.296302 3.206933 0.700000
v -4.296302 3.206933 -0.700000
v -4.278048 3.169299 0.700000
v -4.278048 3.169299 -0.700000
v -4.256475 3.134028 0.700000
v -4.256475 3.134028 -0.700000
v -4.231583 3.101120 0.700000
v -4.231583 3.101120 -0.700000
v -4.203372 3.070575 0.700000
v -4.203372 3.070575 -0.700000
v -4.171842 3.042392 0.700000
v -4.171842 3.042392 -0.700000
v -4.136993 3.016572 0.700000
v -4.136993 3.016572 -0.700000
v -4.098825 2.993114 0.700000
v -4.098825 2.993114 -0.700000
v -4.078490 2.982764 0.700000
v -4.078490 2.982764 -0.700000
v -4.057986 2.973314 0.700000
v -4.057986 2.973314 -0.700000
v -4.037313 2.964763 0.700000
v -4.037313 2.964763 -0.700000
v -4.016471 2.957113 0.700000
v -4.016471 2.957113 -0.700000
v -3.995461 2.950362 0.700000
v -3.995461 2.950362 -0.700000
v -3.974282 2.944512 0.700000
v -3.974282 2.944512 -0.700000
v -3.952934 2.939562 0.700000
v -3.952934 2.939562 -0.700000
v -3.931417 2.935512 0.700000
v -3.931417 2.935512 -0.700000
v -3.909731 2.932361 0.700000
v -3.909731 2.932361 -0.700000
v -3.887877 2.930111 0.700000
v -3.887877 2.930111 -0.700000
v -3.865854 2.928761 0.700000
v -3.865854 2.928761 -0.700000
v -3.843661 2.928311 0.700000
v -3.843661 2.928311 -0.700000
v -3.788730 2.931152 0.700000
v -3.788730 2.931152 -0.700000
v -3.737343 2.939674 0.700000
v -3.737343 2.939674 -0.700000
v -3.689500 2.953878 0.700000
v -3.689500 2.953878 -0.700000
v -3.645200 2.973763 0.700000
v -3.645200 2.973763 -0.700000
v -3.604445 2.999331 0.700000
v -3.604445 2.999331 -0.700000
v -3.567234 3.030579 0.700000
v -3.567234 3.030579 -0.700000
v -3.533566 3.067509 0.700000
v -3.533566 3.067509 -0.700000
v -3.503443 3.110121 0.700000
v -3.503443 3.110121 -0.700000
v -3.476863 3.158414 0.700000
v -3.476863 3.158414 -0.700000
v -3.453827 3.212389 0.700000
v -3.453827 3.212389 -0.700000
v -3.434336 3.272046 0.700000
v -3.434336 3.272046 -0.700000
v -3.418388 3.337384 0.700000
v -3.418388 3.337384 -0.700000
v -3.396337 3.437430 0.700000
v -3.396337 3.437430 -0.700000
v -3.373385 3.535057 0.700000
v -3.373385 3.535057 -0.700000
v -3.349534 3.630265 0.700000
v -3.349534 3.630265 -0.700000
v -3.324782 3.723055 0.700000
v -3.324782 3.723055 -0.700000
v -3.299131 3.813425 0.700000
v -3.299131 3.813425 -0.700000
v -3.272579 3.901377 0.700000
v -3.272579 3.901377 -0.700000
v -3.245128 3.986910 0.700000
v -3.245128 3.986910 -0.700000
v -3.216776 4.070024 0.700000
v -3.216776 4.070024 -0.700000
v -3.187525 4.150719 0.700000
v -3.187525 4.150719 -0.700000
v -3.157373 4.228995 0.700000
v -3.157373 4.228995 -0.700000
v -3.126322 4.304852 0.700000
v -3.126322 4.304852 -0.700000
v -3.094370 4.378291 0.700000
v -3.094370 4.378291 -0.700000
v -3.085313 4.399076 0.700000
v -3.085313 4.399076 -0.700000
v -3.077044 4.419580 0.700000
v -3.077044 4.419580 -0.700000
v -3.069563 4.439803 0.700000
v -3.069563 4.439803 -0.700000
v -3.062869 4.459745 0.700000
v -3.062869 4.459745 -0.700000
v -3.056962 4.479405 0.700000
v -3.056962 4.479405 -0.700000
v -3.051843 4.498785 0.700000
v -3.051843 4.498785 -0.700000
v -3.047511 4.517882 0.700000
v -3.047511 4.517882 -0.700000
v -3.043967 4.536699 0.700000
v -3.043967 4.536699 -0.700000
v -3.041211 4.555234 0.700000
v -3.041211 4.555234 -0.700000
v -3.039242 4.573489 0.700000
v -3.039242 4.573489 -0.700000
v -3.038061 4.591462 0.700000
v -3.038061 4.591462 -0.700000
v -3.037667 4.609153 0.700000
v -3.037667 4.609153 -0.700000
v -3.038708 4.637533 0.700000
v -3.038708 4.637533 -0.700000
v -3.041830 4.664619 0.700000
v -3.041830 4.664619 -0.700000
v -3.047033 4.690411 0.700000
v -3.047033 4.690411 -0.700000
v -3.054318 4.714910 0.700000
v -3.054318 4.714910 -0.700000
v -3.063684 4.738114 0.700000
v -3.063684 4.738114 -0.700000
v -3.075132 4.760025 0.700000
v -3.075132 4.760025 -0.700000
v -3.088660 4.780642 0.700000
v -3.088660 4.780642 -0.700000
v -3.104271 4.799964 0.700000
v -3.104271 4.799964 -0.700000
v -3.121962 4.817994 0.700000
v -3.121962 4.817994 -0.700000
v -3.141735 4.834729 0.700000
v -3.141735 4.834729 -0.700000
v -3.163590 4.850170 0.700000
v -3.163590 4.850170 -0.700000
v -5.556905 4.264884 0.700000
v -5.556905 4.264884 -0.700000
v -5.573866 4.336691 0.700000
v -5.573866 4.336691 -0.700000
v -5.595045 4.402255 0.700000
v -5.595045 4.402255 -0.700000
v -5.620443 4.461574 0.700000
v -5.620443 4.461574 -0.700000
v -5.650061 4.514648 0.700000
v -5.650061 4.514648 -0.700000
v -5.683897 4.561479 0.700000
v -5.683897 4.561479 -0.700000
v -5.721952 4.602066 0.700000
v -5.721952 4.602066 -0.700000
v -5.764226 4.636408 0.700000
v -5.764226 4.636408 -0.700000
v -5.810719 4.664507 0.700000
v -5.810719 4.664507 -0.700000
v -5.861432 4.686361 0.700000
v -5.861432 4.686361 -0.700000
v -5.916363 4.701972 0.700000
v -5.916363 4.701972 -0.700000
v -5.975513 4.711338 0.700000
v -5.975513 4.711338 -0.700000
v -6.038882 4.714459 0.700000
v -6.038882 4.714459 -0.700000
v -6.063015 4.713925 0.700000
v -6.063015 4.713925 -0.700000
v -6.086810 4.712322 0.700000
v -6.086810 4.712322 -0.700000
v -6.110268 4.709650 0.700000
v -6.110268 4.709650 -0.700000
v -6.133388 4.705909 0.700000
v -6.133388 4.705909 -0.700000
v -6.156170 4.701099 0.700000
v -6.156170 4.701099 -0.700000
v -6.178615 4.695220 0.700000
v -6.178615 4.695220 -0.700000
v -6.200722 4.688273 0.700000
v -6.200722 4.688273 -0.700000
v -6.222492 4.680257 0.700000
v -6.222492 4.680257 -0.700000
v -6.243925 4.671172 0.700000
v -6.243925 4.671172 -0.700000
v -6.265019 4.661018 0.700000
v -6.265019 4.661018 -0.700000
v -6.285777 4.649796 0.700000
v -6.285777 4.649796 -0.700000
v -6.306196 4.637505 0.700000
v -6.306196 4.637505 -0.700000
v -6.339189 4.614891 0.700000
v -6.339189 4.614891 -0.700000
v -6.369312 4.590252 0.700000
v -6.369312 4.590252 -0.700000
v -6.396567 4.563589 0.700000
v -6.396567 4.563589 -0.700000
v -6.420953 4.534900 0.700000
v -6.420953 4.534900 -0.700000
v -6.442470 4.504186 0.700000
v -6.442470 4.504186 -0.700000
v -6.461118 4.471447 0.700000
v -6.461118 4.471447 -0.700000
v -6.476897 4.436682 0.700000
v -6.476897 4.436682 -0.700000
v -6.489807 4.399893 0.700000
v -6.489807 4.399893 -0.700000
v -6.499848 4.361078 0.700000
v -6.499848 4.361078 -0.700000
v -6.507020 4.320239 0.700000
v -6.507020 4.320239 -0.700000
v -6.511324 4.277374 0.700000
v -6.511324 4.277374 -0.700000
v -6.512758 4.232482 0.700000
v -6.512758 4.232482 -0.700000
v -6.511408 4.184443 0.700000
v -6.511408 4.184443 -0.700000
v -6.507358 4.130777 0.700000
v -6.507358 4.130777 -0.700000
v -6.500607 4.071486 0.700000
v -6.500607 4.071486 -0.700000
v -6.491157 4.006570 0.700000
v -6.491157 4.006570 -0.700000
v -6.479006 3.936029 0.700000
v -6.479006 3.936029 -0.700000
v -6.464156 3.859862 0.700000
v -6.464156 3.859862 -0.700000
v -6.446605 3.778070 0.700000
v -6.446605 3.778070 -0.700000
v -6.426353 3.690653 0.700000
v -6.426353 3.690653 -0.700000
v -6.403402 3.597610 0.700000
v -6.403402 3.597610 -0.700000
v -6.377751 3.498943 0.700000
v -6.377751 3.498943 -0.700000
v -6.349399 3.394650 0.700000
v -6.349399 3.394650 -0.700000
v -6.318347 3.284731 0.700000
v -6.318347 3.284731 -0.700000
v -6.210229 2.939027 0.700000
v -6.210229 2.939027 -0.700000
v -6.085684 2.608006 0.700000
v -6.085684 2.608006 -0.700000
v -5.944714 2.291667 0.700000
v -5.944714 2.291667 -0.700000
v -5.787318 1.990010 0.700000
v -5.787318 1.990010 -0.700000
v -5.613496 1.703034 0.700000
v -5.613496 1.703034 -0.700000
v -5.423248 1.430741 0.700000
v -5.423248 1.430741 -0.700000
v -5.216574 1.173130 0.700000
v -5.216574 1.173130 -0.700000
v -4.993474 0.930201 0.700000
v -4.993474 0.930201 -0.700000
v -4.753949 0.701954 0.700000
v -4.753949 0.701954 -0.700000
v -4.497997 0.488390 0.700000
v -4.497997 0.488389 -0.700000
v -4.225620 0.289507 0.700000
v -4.225620 0.289507 -0.700000
v -3.936816 0.105306 0.700000
v -3.936816 0.105306 -0.700000
v -3.861100 0.061316 0.700000
v -3.861100 0.061316 -0.700000
v -3.789208 0.021151 0.700000
v -3.789208 0.021151 -0.700000
v -3.721142 -0.015188 0.700000
v -3.721142 -0.015188 -0.700000
v -3.656901 -0.047703 0.700000
v -3.656901 -0.047703 -0.700000
v -3.596485 -0.076392 0.700000
v -3.596485 -0.076392 -0.700000
v -3.539894 -0.101256 0.700000
v -3.539894 -0.101256 -0.700000
v -3.487129 -0.122294 0.700000
v -3.487129 -0.122294 -0.700000
v -3.438189 -0.139508 0.700000
v -3.438189 -0.139508 -0.700000
v -3.393074 -0.152896 0.700000
v -3.393074 -0.152896 -0.700000
v -3.351784 -0.162459 0.700000
v -3.351784 -0.162459 -0.700000
v -3.314320 -0.168197 0.700000
v -3.314320 -0.168197 -0.700000
v -3.280680 -0.170109 0.700000
v -3.280680 -0.170109 -0.700000
v -3.250866 -0.168928 0.700000
v -3.250866 -0.168928 -0.700000
v -3.222177 -0.165384 0.700000
v -3.222177 -0.165384 -0.700000
v -3.194613 -0.159477 0.700000
v -3.194613 -0.159478 -0.700000
v -3.168174 -0.151208 0.700000
v -3.168174 -0.151208 -0.700000
v -3.142860 -0.140576 0.700000
v -3.142860 -0.140576 -0.700000
v -3.118671 -0.127582 0.700000
v -3.118671 -0.127582 -0.700000
v -3.095608 -0.112225 0.700000
v -3.095608 -0.112225 -0.700000
v -3.073669 -0.094505 0.700000
v -3.073669 -0.094505 -0.700000
v -3.052855 -0.074423 0.700000
v -3.052855 -0.074423 -0.700000
v -3.033166 -0.051978 0.700000
v -3.033166 -0.051978 -0.700000
v -3.014603 -0.027170 0.700000
v -3.014603 -0.027170 -0.700000
v -2.997165 0.000000 0.700000
v -2.997165 -0.000000 -0.700000
v -2.988108 0.016145 0.700000
v -2.988108 0.016145 -0.700000
v -2.979839 0.032177 0.700000
v -2.979839 0.032177 -0.700000
v -2.972357 0.048096 0.700000
v -2.972357 0.048096 -0.700000
v -2.965663 0.063904 0.700000
v -2.965663 0.063903 -0.700000
v -2.959756 0.079598 0.700000
v -2.959756 0.079598 -0.700000
v -2.954637 0.095180 0.700000
v -2.954637 0.095180 -0.700000
v -2.950306 0.110650 0.700000
v -2.950306 0.110650 -0.700000
v -2.946762 0.126007 0.700000
v -2.946762 0.126007 -0.700000
v -2.944005 0.141252 0.700000
v -2.944005 0.141251 -0.700000
v -2.942037 0.156384 0.700000
v -2.942037 0.156384 -0.700000
v -2.940855 0.171403 0.700000
v -2.940855 0.171403 -0.700000
v -2.940462 0.186310 0.700000
v -2.940462 0.186310 -0.700000
v -2.941446 0.213030 0.700000
v -2.941446 0.213030 -0.700000
v -2.944399 0.239188 0.700000
v -2.944399 0.239188 -0.700000
v -2.949322 0.264783 0.700000
v -2.949322 0.264783 -0.700000
v -2.956213 0.289816 0.700000
v -2.956213 0.289816 -0.700000
v -2.965072 0.314286 0.700000
v -2.965072 0.314286 -0.700000
v -2.975901 0.338194 0.700000
v -2.975901 0.338194 -0.700000
v -2.988699 0.361539 0.700000
v -2.988699 0.361539 -0.700000
v -3.003465 0.384321 0.700000
v -3.003465 0.384321 -0.700000
v -3.020200 0.406541 0.700000
v -3.020200 0.406541 -0.700000
v -3.038905 0.428198 0.700000
v -3.038905 0.428198 -0.700000
v -3.059578 0.449293 0.700000
v -3.059578 0.449293 -0.700000
v -3.082219 0.469826 0.700000
v -3.082219 0.469826 -0.700000
v -3.090967 0.476548 0.700000
v -3.090967 0.476548 -0.700000
v -3.103708 0.485914 0.700000
v -3.103708 0.485914 -0.700000
v -3.120443 0.497924 0.700000
v -3.120443 0.497924 -0.700000
v -3.141173 0.512578 0.700000
v -3.141173 0.512578 -0.700000
v -3.165896 0.529876 0.700000
v -3.165896 0.529876 -0.700000
v -3.194613 0.549818 0.700000
v -3.194613 0.549818 -0.700000
v -3.227324 0.572403 0.700000
v -3.227324 0.572403 -0.700000
v -3.264030 0.597633 0.700000
v -3.264030 0.597633 -0.700000
v -3.304729 0.625506 0.700000
v -3.304729 0.625506 -0.700000
v -3.349422 0.656024 0.700000
v -3.349422 0.656023 -0.700000
v -3.398109 0.689185 0.700000
v -3.398109 0.689185 -0.700000
v -3.450790 0.724990 0.700000
v -3.450790 0.724990 -0.700000
v -3.550133 0.795363 0.700000
v -3.550133 0.795362 -0.700000
v -3.648350 0.870123 0.700000
v -3.648350 0.870123 -0.700000
v -3.745443 0.949271 0.700000
v -3.745443 0.949271 -0.700000
v -3.841411 1.032807 0.700000
v -3.841411 1.032807 -0.700000
v -3.936254 1.120731 0.700000
v -3.936254 1.120731 -0.700000
v -4.029971 1.213042 0.700000
v -4.029971 1.213042 -0.700000
v -4.122564 1.309741 0.700000
v -4.122564 1.309741 -0.700000
v -4.214031 1.410828 0.700000
v -4.214031 1.410828 -0.700000
v -4.304374 1.516302 0.700000
v -4.304374 1.516302 -0.700000
v -4.393591 1.626165 0.700000
v -4.393591 1.626165 -0.700000
v -4.481683 1.740415 0.700000
v -4.481683 1.740415 -0.700000
v -4.568651 1.859052 0.700000
v -4.568651 1.859052 -0.700000
v -4.684420 2.027361 0.700000
v -4.684420 2.027361 -0.700000
v -4.794114 2.201521 0.700000
v -4.794114 2.201521 -0.700000
v -4.897732 2.381531 0.700000
v -4.897732 2.381531 -0.700000
v -4.995275 2.567391 0.700000
v -4.995275 2.567391 -0.700000
v -5.086742 2.759101 0.700000
v -5.086742 2.759101 -0.700000
v -5.172134 2.956662 0.700000
v -5.172134 2.956662 -0.700000
v -5.251451 3.160073 0.700000
v -5.251451 3.160073 -0.700000
v -5.324692 3.369335 0.700000
v -5.324692 3.369335 -0.700000
v -5.391859 3.584446 0.700000
v -5.391859 3.584446 -0.700000
v -5.452950 3.805408 0.700000
v -5.452950 3.805408 -0.700000
v -5.507965 4.032221 0.700000
v -5.507965 4.032221 -0.700000
v -12.486837 6.330498 0.700001
v -12.486837 6.330498 -0.699999
v -12.524105 6.311991 0.700001
v -12.524105 6.311991 -0.699999
v -12.558953 6.291571 0.700001
v -12.558953 6.291571 -0.699999
v -12.591383 6.269239 0.700001
v -12.591383 6.269239 -0.699999
v -12.621394 6.244994 0.700001
v -12.621394 6.244994 -0.699999
v -12.648986 6.218836 0.700001
v -12.648986 6.218836 -0.699999
v -12.674159 6.190765 0.700001
v -12.674159 6.190765 -0.699999
v -12.696914 6.160782 0.700001
v -12.696914 6.160782 -0.699999
v -12.717249 6.128887 0.700001
v -12.717249 6.128887 -0.699999
v -12.735166 6.095078 0.700001
v -12.735166 6.095078 -0.699999
v -12.750664 6.059358 0.700001
v -12.750664 6.059358 -0.699999
v -12.763742 6.021724 0.700001
v -12.763742 6.021724 -0.699999
v -12.774403 5.982179 0.700001
v -12.774403 5.982179 -0.699999
v -14.236534 6.038882 0.700001
v -14.236534 6.038882 -0.699999
v -14.365269 6.039276 0.700001
v -14.365269 6.039276 -0.699999
v -14.482809 6.029657 0.700001
v -14.482809 6.029657 -0.699999
v -14.589155 6.010025 0.700001
v -14.589155 6.010025 -0.699999
v -14.684307 5.980379 0.700001
v -14.684307 5.980379 -0.699999
v -14.768265 5.940721 0.700001
v -14.768265 5.940721 -0.699999
v -14.841028 5.891049 0.700001
v -14.841028 5.891049 -0.699999
v -14.902597 5.831364 0.700001
v -14.902597 5.831364 -0.699999
v -14.952971 5.761667 0.700001
v -14.952971 5.761667 -0.699999
v -14.992151 5.681956 0.700001
v -14.992151 5.681956 -0.699999
v -15.020137 5.592233 0.700001
v -15.020137 5.592233 -0.699999
v -15.036928 5.492496 0.700001
v -15.036928 5.492496 -0.699999
v -15.042526 5.382746 0.700001
v -15.042526 5.382746 -0.699999
v -15.040248 5.310348 0.700001
v -15.040248 5.310348 -0.699999
v -15.033413 5.232213 0.700001
v -15.033413 5.232213 -0.699999
v -15.022022 5.148339 0.700001
v -15.022022 5.148339 -0.699999
v -15.006075 5.058728 0.700001
v -15.006075 5.058728 -0.699999
v -14.985571 4.963379 0.700001
v -14.985571 4.963379 -0.699999
v -14.960510 4.862293 0.700001
v -14.960510 4.862293 -0.699999
v -14.930893 4.755468 0.700001
v -14.930893 4.755468 -0.699999
v -14.896719 4.642906 0.700001
v -14.896719 4.642906 -0.699999
v -14.857989 4.524605 0.700001
v -14.857989 4.524605 -0.699999
v -14.814703 4.400567 0.700001
v -14.814703 4.400567 -0.699999
v -14.766860 4.270791 0.700001
v -14.766860 4.270791 -0.699999
v -14.714459 4.135277 0.700001
v -14.714459 4.135277 -0.699999
v -14.558863 3.768338 0.700001
v -14.558863 3.768338 -0.699999
v -14.386391 3.412763 0.700001
v -14.386391 3.412763 -0.699999
v -14.197042 3.068550 0.700001
v -14.197042 3.068550 -0.699999
v -13.990819 2.735701 0.700001
v -13.990819 2.735701 -0.699999
v -13.767719 2.414214 0.700001
v -13.767719 2.414214 -0.699999
v -13.527743 2.104091 0.700001
v -13.527743 2.104091 -0.699999
v -13.270892 1.805331 0.700001
v -13.270892 1.805331 -0.699999
v -12.997165 1.517934 0.700001
v -12.997165 1.517934 -0.699999
v -12.706561 1.241900 0.700001
v -12.706561 1.241900 -0.699999
v -12.399082 0.977229 0.700001
v -12.399082 0.977229 -0.699999
v -12.074727 0.723921 0.700001
v -12.074727 0.723921 -0.699999
v -11.733496 0.481977 0.700001
v -11.733496 0.481976 -0.699999
v -11.572414 0.375236 0.700001
v -11.572414 0.375236 -0.699999
v -11.419940 0.277778 0.700001
v -11.419940 0.277778 -0.699999
v -11.276073 0.189601 0.700001
v -11.276073 0.189601 -0.699999
v -11.140812 0.110706 0.700001
v -11.140812 0.110706 -0.699999
v -11.014158 0.041093 0.700001
v -11.014158 0.041093 -0.699999
v -10.896111 -0.019239 0.700001
v -10.896111 -0.019239 -0.699999
v -10.786671 -0.070288 0.700001
v -10.786671 -0.070288 -0.699999
v -10.685837 -0.112056 0.700001
v -10.685837 -0.112056 -0.699999
v -10.593610 -0.144542 0.700001
v -10.593610 -0.144542 -0.699999
v -10.509990 -0.167747 0.700001
v -10.509990 -0.167747 -0.699999
v -10.434977 -0.181669 0.700001
v -10.434977 -0.181669 -0.699999
v -10.368570 -0.186310 0.700001
v -10.368570 -0.186310 -0.699999
v -10.336084 -0.185129 0.700001
v -10.336084 -0.185129 -0.699999
v -10.304780 -0.181585 0.700001
v -10.304780 -0.181585 -0.699999
v -10.274656 -0.175678 0.700001
v -10.274656 -0.175678 -0.699999
v -10.245714 -0.167409 0.700001
v -10.245714 -0.167409 -0.699999
v -10.217954 -0.156777 0.700001
v -10.217954 -0.156777 -0.699999
v -10.191374 -0.143783 0.700001
v -10.191374 -0.143783 -0.699999
v -10.165976 -0.128426 0.700001
v -10.165976 -0.128426 -0.699999
v -10.141759 -0.110706 0.700001
v -10.141759 -0.110706 -0.699999
v -10.118723 -0.090624 0.700001
v -10.118723 -0.090624 -0.699999
v -10.096869 -0.068179 0.700001
v -10.096869 -0.068179 -0.699999
v -10.076196 -0.043371 0.700001
v -10.076196 -0.043371 -0.699999
v -10.056704 -0.016201 0.700001
v -10.056704 -0.016201 -0.699999
v -10.045059 0.002644 0.700001
v -10.045059 0.002644 -0.699999
v -10.034428 0.021376 0.700001
v -10.034428 0.021376 -0.699999
v -10.024808 0.039996 0.700001
v -10.024808 0.039996 -0.699999
v -10.016201 0.058503 0.700001
v -10.016201 0.058503 -0.699999
v -10.008607 0.076898 0.700001
v -10.008607 0.076898 -0.699999
v -10.002026 0.095180 0.700001
v -10.002026 0.095180 -0.699999
v -9.996456 0.113350 0.700001
v -9.996456 0.113350 -0.699999
v -9.991899 0.131407 0.700001
v -9.991899 0.131407 -0.699999
v -9.988356 0.149352 0.700001
v -9.988356 0.149352 -0.699999
v -9.985825 0.167184 0.700001
v -9.985825 0.167184 -0.699999
v -9.984305 0.184904 0.700001
v -9.984305 0.184904 -0.699999
v -9.983799 0.202511 0.700001
v -9.983799 0.202511 -0.699999
v -9.985065 0.230019 0.700001
v -9.985065 0.230019 -0.699999
v -9.988862 0.257189 0.700001
v -9.988862 0.257189 -0.699999
v -9.995191 0.284022 0.700001
v -9.995191 0.284022 -0.699999
v -10.004050 0.310517 0.700001
v -10.004050 0.310517 -0.699999
v -10.015442 0.336675 0.700001
v -10.015442 0.336675 -0.699999
v -10.029365 0.362495 0.700001
v -10.029365 0.362495 -0.699999
v -10.045818 0.387978 0.700001
v -10.045818 0.387978 -0.699999
v -10.064804 0.413123 0.700001
v -10.064804 0.413123 -0.699999
v -10.086321 0.437930 0.700001
v -10.086321 0.437930 -0.699999
v -10.110369 0.462400 0.700001
v -10.110369 0.462400 -0.699999
v -10.136949 0.486533 0.700001
v -10.136949 0.486533 -0.699999
v -10.166059 0.510328 0.700001
v -10.166059 0.510328 -0.699999
v -10.176326 0.517866 0.700001
v -10.176326 0.517866 -0.699999
v -10.189573 0.526979 0.700001
v -10.189573 0.526979 -0.699999
v -10.205802 0.537667 0.700001
v -10.205802 0.537667 -0.699999
v -10.225013 0.549930 0.700001
v -10.225013 0.549930 -0.699999
v -10.247205 0.563769 0.700001
v -10.247205 0.563768 -0.699999
v -10.272378 0.579182 0.700001
v -10.272378 0.579182 -0.699999
v -10.300532 0.596170 0.700001
v -10.300532 0.596170 -0.699999
v -10.331669 0.614734 0.700001
v -10.331669 0.614734 -0.699999
v -10.365787 0.634872 0.700001
v -10.365787 0.634872 -0.699999
v -10.402885 0.656586 0.700001
v -10.402885 0.656586 -0.699999
v -10.442966 0.679875 0.700001
v -10.442966 0.679875 -0.699999
v -10.486027 0.704739 0.700001
v -10.486027 0.704739 -0.699999
v -10.636786 0.794266 0.700001
v -10.636786 0.794265 -0.699999
v -10.786644 0.888686 0.700001
v -10.786644 0.888686 -0.699999
v -10.935602 0.988001 0.700001
v -10.935602 0.988001 -0.699999
v -11.083660 1.092210 0.700001
v -11.083660 1.092210 -0.699999
v -11.230818 1.201313 0.700001
v -11.230818 1.201313 -0.699999
v -11.377076 1.315310 0.700001
v -11.377076 1.315310 -0.699999
v -11.522434 1.434201 0.700001
v -11.522434 1.434201 -0.699999
v -11.666892 1.557985 0.700001
v -11.666892 1.557985 -0.699999
v -11.810450 1.686664 0.700001
v -11.810450 1.686664 -0.699999
v -11.953108 1.820237 0.700001
v -11.953108 1.820237 -0.699999
v -12.094866 1.958704 0.700001
v -12.094866 1.958704 -0.699999
v -12.235723 2.102066 0.700001
v -12.235723 2.102066 -0.699999
v -12.407069 2.287166 0.700001
v -12.407069 2.287166 -0.699999
v -12.570090 2.475249 0.700001
v -12.570090 2.475249 -0.699999
v -12.724787 2.666312 0.700001
v -12.724787 2.666312 -0.699999
v -12.871158 2.860357 0.700001
v -12.871158 2.860357 -0.699999
v -13.009203 3.057384 0.700001
v -13.009203 3.057384 -0.699999
v -13.138923 3.257392 0.700001
v -13.138923 3.257392 -0.699999
v -13.260317 3.460381 0.700001
v -13.260317 3.460381 -0.699999
v -13.373385 3.666352 0.700001
v -13.373385 3.666352 -0.699999
v -13.478128 3.875304 0.700001
v -13.478128 3.875304 -0.699999
v -13.574547 4.087237 0.700001
v -13.574547 4.087237 -0.699999
v -13.662640 4.302152 0.700001
v -13.662640 4.302152 -0.699999
v -13.742407 4.520049 0.700001
v -13.742407 4.520049 -0.699999
v -13.765696 4.587946 0.700001
v -13.765696 4.587946 -0.699999
v -13.786960 4.651231 0.700001
v -13.786960 4.651231 -0.699999
v -13.806198 4.709903 0.700001
v -13.806198 4.709903 -0.699999
v -13.823412 4.763962 0.700001
v -13.823412 4.763962 -0.699999
v -13.838600 4.813408 0.700001
v -13.838600 4.813408 -0.699999
v -13.851764 4.858242 0.700001
v -13.851764 4.858242 -0.699999
v -13.862902 4.898463 0.700001
v -13.862902 4.898463 -0.699999
v -13.872015 4.934071 0.700001
v -13.872015 4.934071 -0.699999
v -13.879103 4.965066 0.700001
v -13.879103 4.965066 -0.699999
v -13.884166 4.991449 0.700001
v -13.884166 4.991449 -0.699999
v -13.887203 5.013219 0.700001
v -13.887203 5.013219 -0.699999
v -13.888214 5.030376 0.700001
v -13.888214 5.030376 -0.699999
v -13.887370 5.045846 0.700001
v -13.887370 5.045846 -0.699999
v -13.884839 5.059853 0.700001
v -13.884839 5.059853 -0.699999
v -13.880620 5.072398 0.700001
v -13.880620 5.072398 -0.699999
v -13.874713 5.083479 0.700001
v -13.874713 5.083479 -0.699999
v -13.867119 5.093099 0.700001
v -13.867119 5.093099 -0.699999
v -13.857837 5.101255 0.700001
v -13.857837 5.101255 -0.699999
v -13.846868 5.107950 0.700001
v -13.846868 5.107950 -0.699999
v -13.834210 5.113181 0.700001
v -13.834210 5.113181 -0.699999
v -13.819866 5.116950 0.700001
v -13.819866 5.116950 -0.699999
v -13.803834 5.119256 0.700001
v -13.803834 5.119256 -0.699999
v -13.786115 5.120100 0.700001
v -13.786115 5.120100 -0.699999
v -13.766707 5.119482 0.700001
v -13.766707 5.119482 -0.699999
v -13.746457 5.119482 0.700001
v -13.746457 5.119482 -0.699999
v -12.353180 5.042527 0.700001
v -12.353180 5.042527 -0.699999
v -12.225120 4.873937 0.700001
v -12.225120 4.873937 -0.699999
v -12.093403 4.709734 0.700001
v -12.093403 4.709734 -0.699999
v -11.958030 4.549919 0.700001
v -11.958030 4.549919 -0.699999
v -11.819000 4.394492 0.700001
v -11.819000 4.394492 -0.699999
v -11.676314 4.243452 0.700001
v -11.676314 4.243452 -0.699999
v -11.529972 4.096800 0.700001
v -11.529972 4.096800 -0.699999
v -11.379973 3.954536 0.700001
v -11.379973 3.954536 -0.699999
v -11.226318 3.816660 0.700001
v -11.226318 3.816660 -0.699999
v -11.069007 3.683171 0.700001
v -11.069007 3.683171 -0.699999
v -10.908039 3.554070 0.700001
v -10.908039 3.554070 -0.699999
v -10.743415 3.429357 0.700001
v -10.743415 3.429357 -0.699999
v -10.575132 3.309032 0.700001
v -10.575132 3.309032 -0.699999
v -10.538990 3.285096 0.700001
v -10.538990 3.285096 -0.699999
v -10.503467 3.263242 0.700001
v -10.503467 3.263242 -0.699999
v -10.468561 3.243469 0.700001
v -10.468561 3.243469 -0.699999
v -10.434275 3.225777 0.700001
v -10.434275 3.225777 -0.699999
v -10.400607 3.210167 0.700001
v -10.400607 3.210167 -0.699999
v -10.367558 3.196638 0.700001
v -10.367558 3.196638 -0.699999
v -10.335129 3.185191 0.700001
v -10.335129 3.185191 -0.699999
v -10.303318 3.175825 0.700001
v -10.303318 3.175825 -0.699999
v -10.272125 3.168540 0.700001
v -10.272125 3.168540 -0.699999
v -10.241551 3.163337 0.700001
v -10.241551 3.163337 -0.699999
v -10.211596 3.160214 0.700001
v -10.211596 3.160214 -0.699999
v -10.182261 3.159174 0.700001
v -10.182261 3.159174 -0.699999
v -10.157031 3.159961 0.700001
v -10.157031 3.159961 -0.699999
v -10.132646 3.162324 0.700001
v -10.132646 3.162324 -0.699999
v -10.109103 3.166262 0.700001
v -10.109103 3.166262 -0.699999
v -10.086405 3.171774 0.700001
v -10.086405 3.171774 -0.699999
v -10.064550 3.178862 0.700001
v -10.064550 3.178862 -0.699999
v -10.043540 3.187525 0.700001
v -10.043540 3.187525 -0.699999
v -10.023374 3.197763 0.700001
v -10.023374 3.197763 -0.699999
v -10.004050 3.209577 0.700001
v -10.004050 3.209577 -0.699999
v -9.985571 3.222965 0.700001
v -9.985571 3.222965 -0.699999
v -9.967936 3.237928 0.700001
v -9.967936 3.237928 -0.699999
v -9.951144 3.254467 0.700001
v -9.951144 3.254467 -0.699999
v -9.935197 3.272580 0.700001
v -9.935197 3.272580 -0.699999
v -9.921612 3.290862 0.700001
v -9.921612 3.290862 -0.699999
v -9.909208 3.309257 0.700001
v -9.909208 3.309257 -0.699999
v -9.897985 3.327764 0.700001
v -9.897985 3.327764 -0.699999
v -9.887944 3.346384 0.700001
v -9.887944 3.346384 -0.699999
v -9.879085 3.365116 0.700001
v -9.879085 3.365116 -0.699999
v -9.871406 3.383961 0.700001
v -9.871406 3.383961 -0.699999
v -9.864908 3.402918 0.700001
v -9.864908 3.402918 -0.699999
v -9.859592 3.421988 0.700001
v -9.859592 3.421988 -0.699999
v -9.855458 3.441170 0.700001
v -9.855458 3.441170 -0.699999
v -9.852505 3.460465 0.700001
v -9.852505 3.460465 -0.699999
v -9.850733 3.479872 0.700001
v -9.850733 3.479872 -0.699999
v -9.850142 3.499392 0.700001
v -9.850142 3.499392 -0.699999
v -9.851069 3.526253 0.700001
v -9.851069 3.526253 -0.699999
v -9.853854 3.552833 0.700001
v -9.853854 3.552833 -0.699999
v -9.858495 3.579131 0.700001
v -9.858495 3.579131 -0.699999
v -9.864992 3.605148 0.700001
v -9.864992 3.605148 -0.699999
v -9.873345 3.630884 0.700001
v -9.873345 3.630884 -0.699999
v -9.883555 3.656338 0.700001
v -9.883555 3.656338 -0.699999
v -9.895621 3.681512 0.700001
v -9.895621 3.681512 -0.699999
v -9.909544 3.706404 0.700001
v -9.909544 3.706404 -0.699999
v -9.925323 3.731014 0.700001
v -9.925323 3.731014 -0.699999
v -9.942958 3.755344 0.700001
v -9.942958 3.755344 -0.699999
v -9.962450 3.779392 0.700001
v -9.962450 3.779392 -0.699999
v -9.983799 3.803159 0.700001
v -9.983799 3.803159 -0.699999
v -9.992237 3.812075 0.700001
v -9.992237 3.812075 -0.699999
v -10.002701 3.822623 0.700001
v -10.002701 3.822623 -0.699999
v -10.015189 3.834801 0.700001
v -10.015189 3.834801 -0.699999
v -10.029702 3.848612 0.700001
v -10.029702 3.848612 -0.699999
v -10.046241 3.864053 0.700001
v -10.046241 3.864053 -0.699999
v -10.064804 3.881126 0.700001
v -10.064804 3.881126 -0.699999
v -10.085393 3.899830 0.700001
v -10.085393 3.899830 -0.699999
v -10.108006 3.920165 0.700001
v -10.108006 3.920165 -0.699999
v -10.132646 3.942132 0.700001
v -10.132646 3.942132 -0.699999
v -10.159309 3.965730 0.700001
v -10.159309 3.965730 -0.699999
v -10.187999 3.990960 0.700001
v -10.187999 3.990960 -0.699999
v -10.218712 4.017821 0.700001
v -10.218712 4.017821 -0.699999
v -10.319012 4.108670 0.700001
v -10.319012 4.108670 -0.699999
v -10.418749 4.204356 0.700001
v -10.418749 4.204356 -0.699999
v -10.517923 4.304881 0.700001
v -10.517923 4.304881 -0.699999
v -10.616535 4.410243 0.700001
v -10.616535 4.410243 -0.699999
v -10.714584 4.520442 0.700001
v -10.714584 4.520442 -0.699999
v -10.812071 4.635480 0.700001
v -10.812071 4.635480 -0.699999
v -10.908995 4.755355 0.700001
v -10.908995 4.755355 -0.699999
v -11.005356 4.880068 0.700001
v -11.005356 4.880068 -0.699999
v -11.101154 5.009619 0.700001
v -11.101154 5.009619 -0.699999
v -11.196391 5.144008 0.700001
v -11.196391 5.144008 -0.699999
v -11.291065 5.283234 0.700001
v -11.291065 5.283234 -0.699999
v -11.385176 5.427299 0.700001
v -11.385176 5.427299 -0.699999
v -11.419744 5.481667 0.700001
v -11.419744 5.481667 -0.699999
v -11.453242 5.535417 0.700001
v -11.453242 5.535417 -0.699999
v -11.485672 5.588548 0.700001
v -11.485672 5.588548 -0.699999
v -11.517034 5.641060 0.700001
v -11.517034 5.641060 -0.699999
v -11.547326 5.692954 0.700001
v -11.547326 5.692954 -0.699999
v -11.576550 5.744228 0.700001
v -11.576550 5.744228 -0.699999
v -11.604704 5.794884 0.700001
v -11.604704 5.794884 -0.699999
v -11.631790 5.844922 0.700001
v -11.631790 5.844922 -0.699999
v -11.657807 5.894340 0.700001
v -11.657807 5.894340 -0.699999
v -11.682755 5.943140 0.700001
v -11.682755 5.943140 -0.699999
v -11.706635 5.991321 0.700001
v -11.706635 5.991321 -0.699999
v -11.729445 6.038882 0.700001
v -11.729445 6.038882 -0.699999
v -11.757685 6.093870 0.700001
v -11.757685 6.093870 -0.699999
v -11.788399 6.144075 0.700001
v -11.788399 6.144075 -0.699999
v -11.821589 6.189500 0.700001
v -11.821589 6.189500 -0.699999
v -11.857253 6.230143 0.700001
v -11.857253 6.230143 -0.699999
v -11.895392 6.266004 0.700001
v -11.895392 6.266004 -0.699999
v -11.936007 6.297084 0.700001
v -11.936007 6.297084 -0.699999
v -11.979097 6.323382 0.700001
v -11.979097 6.323382 -0.699999
v -12.024662 6.344899 0.700001
v -12.024662 6.344899 -0.699999
v -12.072702 6.361634 0.700001
v -12.072702 6.361634 -0.699999
v -12.123218 6.373588 0.700001
v -12.123218 6.373588 -0.699999
v -12.176208 6.380760 0.700001
v -12.176208 6.380760 -0.699999
v -12.231673 6.383151 0.700001
v -12.231673 6.383151 -0.699999
v -12.254484 6.382785 0.700001
v -12.254484 6.382785 -0.699999
v -12.277014 6.381689 0.700001
v -12.277014 6.381689 -0.699999
v -12.299262 6.379860 0.700001
v -12.299262 6.379860 -0.699999
v -12.321229 6.377301 0.700001
v -12.321229 6.377301 -0.699999
v -12.342915 6.374010 0.700001
v -12.342915 6.374010 -0.699999
v -12.364319 6.369988 0.700001
v -12.364319 6.369988 -0.699999
v -12.385442 6.365234 0.700001
v -12.385442 6.365234 -0.699999
v -12.406283 6.359750 0.700001
v -12.406283 6.359750 -0.699999
v -12.426844 6.353534 0.700001
v -12.426844 6.353534 -0.699999
v -12.447123 6.346586 0.700001
v -12.447123 6.346586 -0.699999
v -12.467120 6.338908 0.700001
v -12.467120 6.338908 -0.699999
v -22.766304 0.413123 0.700002
v -22.766304 0.413123 -0.699998
v -22.625559 0.562334 0.700002
v -22.625559 0.562334 -0.699998
v -22.481438 0.711602 0.700002
v -22.481438 0.711602 -0.699998
v -22.333942 0.860925 0.700002
v -22.333942 0.860925 -0.699998
v -22.183071 1.010306 0.700002
v -22.183071 1.010306 -0.699998
v -22.028826 1.159742 0.700002
v -22.028826 1.159742 -0.699998
v -21.871204 1.309234 0.700002
v -21.871204 1.309234 -0.699998
v -21.710209 1.458783 0.700002
v -21.710209 1.458783 -0.699998
v -21.545837 1.608388 0.700002
v -21.545837 1.608388 -0.699998
v -21.378090 1.758050 0.700002
v -21.378090 1.758050 -0.699998
v -21.206968 1.907767 0.700002
v -21.206968 1.907767 -0.699998
v -21.032471 2.057541 0.700002
v -21.032471 2.057541 -0.699998
v -20.854597 2.207371 0.700002
v -20.854597 2.207371 -0.699998
v -20.663673 2.017376 0.700002
v -20.663673 2.017376 -0.699998
v -20.471626 1.833513 0.700002
v -20.471626 1.833513 -0.699998
v -20.278454 1.655782 0.700002
v -20.278454 1.655782 -0.699998
v -20.084156 1.484182 0.700002
v -20.084156 1.484182 -0.699998
v -19.888733 1.318713 0.700002
v -19.888733 1.318713 -0.699998
v -19.692184 1.159376 0.700002
v -19.692184 1.159376 -0.699998
v -19.494511 1.006171 0.700002
v -19.494511 1.006171 -0.699998
v -19.295712 0.859097 0.700002
v -19.295712 0.859097 -0.699998
v -19.095789 0.718155 0.700002
v -19.095789 0.718155 -0.699998
v -18.894741 0.583345 0.700002
v -18.894741 0.583345 -0.699998
v -18.692568 0.454666 0.700002
v -18.692568 0.454666 -0.699998
v -18.489267 0.332118 0.700002
v -18.489267 0.332118 -0.699998
v -18.407137 0.284894 0.700002
v -18.407137 0.284894 -0.699998
v -18.329508 0.241776 0.700002
v -18.329508 0.241776 -0.699998
v -18.256378 0.202764 0.700002
v -18.256378 0.202764 -0.699998
v -18.187750 0.167859 0.700002
v -18.187750 0.167859 -0.699998
v -18.123621 0.137061 0.700002
v -18.123621 0.137061 -0.699998
v -18.063993 0.110369 0.700002
v -18.063993 0.110369 -0.699998
v -18.008865 0.087783 0.700002
v -18.008865 0.087783 -0.699998
v -17.958237 0.069304 0.700002
v -17.958237 0.069304 -0.699998
v -17.912109 0.054931 0.700002
v -17.912109 0.054931 -0.699998
v -17.870481 0.044665 0.700002
v -17.870481 0.044665 -0.699998
v -17.833355 0.038505 0.700002
v -17.833355 0.038505 -0.699998
v -17.800730 0.036452 0.700002
v -17.800730 0.036452 -0.699998
v -17.765627 0.037802 0.700002
v -17.765627 0.037802 -0.699998
v -17.731874 0.041852 0.700002
v -17.731874 0.041852 -0.699998
v -17.699472 0.048603 0.700002
v -17.699472 0.048603 -0.699998
v -17.668421 0.058053 0.700002
v -17.668421 0.058053 -0.699998
v -17.638720 0.070204 0.700002
v -17.638720 0.070204 -0.699998
v -17.610369 0.085055 0.700002
v -17.610369 0.085055 -0.699998
v -17.583366 0.102606 0.700002
v -17.583366 0.102606 -0.699998
v -17.557714 0.122857 0.700002
v -17.557714 0.122857 -0.699998
v -17.533413 0.145808 0.700002
v -17.533413 0.145808 -0.699998
v -17.510462 0.171459 0.700002
v -17.510462 0.171459 -0.699998
v -17.488861 0.199811 0.700002
v -17.488861 0.199811 -0.699998
v -17.468611 0.230863 0.700001
v -17.468611 0.230863 -0.699998
v -17.458260 0.248329 0.700001
v -17.458260 0.248329 -0.699998
v -17.448809 0.265627 0.700001
v -17.448809 0.265627 -0.699998
v -17.440258 0.282756 0.700001
v -17.440258 0.282756 -0.699998
v -17.432608 0.299717 0.700001
v -17.432608 0.299716 -0.699998
v -17.425858 0.316508 0.700001
v -17.425858 0.316508 -0.699998
v -17.420008 0.333131 0.700001
v -17.420008 0.333131 -0.699998
v -17.415058 0.349585 0.700001
v -17.415058 0.349585 -0.699998
v -17.411009 0.365870 0.700001
v -17.411009 0.365870 -0.699998
v -17.407858 0.381987 0.700001
v -17.407858 0.381987 -0.699998
v -17.405607 0.397934 0.700001
v -17.405607 0.397934 -0.699998
v -17.404257 0.413713 0.700001
v -17.404257 0.413713 -0.699998
v -17.403809 0.429324 0.700001
v -17.403809 0.429324 -0.699998
v -17.404963 0.458800 0.700001
v -17.404963 0.458800 -0.699998
v -17.408422 0.487827 0.700001
v -17.408422 0.487827 -0.699998
v -17.414188 0.516403 0.700001
v -17.414188 0.516403 -0.699998
v -17.422260 0.544530 0.700001
v -17.422260 0.544530 -0.699998
v -17.432638 0.572206 0.700001
v -17.432638 0.572206 -0.699998
v -17.445324 0.599433 0.700001
v -17.445324 0.599433 -0.699998
v -17.460316 0.626209 0.700001
v -17.460316 0.626209 -0.699998
v -17.477613 0.652536 0.700001
v -17.477613 0.652536 -0.699998
v -17.497217 0.678412 0.700001
v -17.497217 0.678412 -0.699998
v -17.519127 0.703839 0.700001
v -17.519127 0.703839 -0.699998
v -17.543344 0.728815 0.700001
v -17.543344 0.728815 -0.699998
v -17.569868 0.753341 0.700001
v -17.569868 0.753341 -0.699998
v -17.578053 0.760261 0.700001
v -17.578053 0.760260 -0.699998
v -17.589106 0.768867 0.700001
v -17.589106 0.768867 -0.699998
v -17.603027 0.779162 0.700001
v -17.603027 0.779162 -0.699998
v -17.619818 0.791144 0.700001
v -17.619818 0.791143 -0.699998
v -17.639479 0.804813 0.700001
v -17.639479 0.804813 -0.699998
v -17.662008 0.820170 0.700001
v -17.662008 0.820170 -0.699998
v -17.687407 0.837215 0.700001
v -17.687407 0.837215 -0.699998
v -17.715673 0.855947 0.700001
v -17.715673 0.855947 -0.699998
v -17.746809 0.876367 0.700001
v -17.746809 0.876367 -0.699998
v -17.780815 0.898474 0.700001
v -17.780815 0.898474 -0.699998
v -17.817690 0.922270 0.700001
v -17.817690 0.922269 -0.699998
v -17.857433 0.947752 0.700001
v -17.857433 0.947752 -0.699998
v -18.021383 1.054633 0.700002
v -18.021383 1.054633 -0.699998
v -18.186514 1.167364 0.700002
v -18.186514 1.167364 -0.699998
v -18.352825 1.285946 0.700002
v -18.352825 1.285946 -0.699998
v -18.520319 1.410378 0.700002
v -18.520319 1.410378 -0.699998
v -18.688993 1.540660 0.700002
v -18.688993 1.540660 -0.699998
v -18.858850 1.676792 0.700002
v -18.858850 1.676792 -0.699998
v -19.029888 1.818775 0.700002
v -19.029888 1.818775 -0.699998
v -19.202106 1.966608 0.700002
v -19.202106 1.966608 -0.699998
v -19.375507 2.120291 0.700002
v -19.375507 2.120291 -0.699998
v -19.550089 2.279825 0.700002
v -19.550089 2.279825 -0.699998
v -19.725851 2.445209 0.700002
v -19.725851 2.445209 -0.699998
v -19.902796 2.616444 0.700002
v -19.902796 2.616444 -0.699998
v -20.078390 2.793078 0.700002
v -20.078390 2.793078 -0.699998
v -20.246052 2.969263 0.700002
v -20.246052 2.969263 -0.699998
v -20.405783 3.144998 0.700002
v -20.405783 3.144998 -0.699998
v -20.557581 3.320282 0.700002
v -20.557581 3.320282 -0.699998
v -20.701448 3.495117 0.700002
v -20.701448 3.495117 -0.699998
v -20.837383 3.669501 0.700002
v -20.837383 3.669501 -0.699998
v -20.965387 3.843436 0.700002
v -20.965387 3.843436 -0.699998
v -21.085459 4.016920 0.700002
v -21.085459 4.016920 -0.699998
v -21.197599 4.189954 0.700002
v -21.197599 4.189954 -0.699998
v -21.301809 4.362539 0.700002
v -21.301809 4.362539 -0.699998
v -21.398087 4.534673 0.700002
v -21.398087 4.534673 -0.699998
v -21.486433 4.706358 0.700002
v -21.486433 4.706358 -0.699998
v -21.500019 4.734598 0.700002
v -21.500019 4.734598 -0.699998
v -21.512423 4.761261 0.700002
v -21.512423 4.761261 -0.699998
v -21.523645 4.786350 0.700002
v -21.523645 4.786350 -0.699998
v -21.533686 4.809864 0.700002
v -21.533686 4.809864 -0.699998
v -21.542545 4.831803 0.700002
v -21.542545 4.831803 -0.699998
v -21.550224 4.852167 0.700002
v -21.550224 4.852167 -0.699998
v -21.556721 4.870955 0.700002
v -21.556721 4.870955 -0.699998
v -21.562037 4.888168 0.700002
v -21.562037 4.888168 -0.699998
v -21.566172 4.903807 0.700002
v -21.566172 4.903807 -0.699998
v -21.569124 4.917870 0.700002
v -21.569124 4.917870 -0.699998
v -21.570896 4.930358 0.700002
v -21.570896 4.930358 -0.699998
v -21.571486 4.941272 0.700002
v -21.571486 4.941272 -0.699998
v -21.570923 4.952916 0.700002
v -21.570923 4.952916 -0.699998
v -21.569235 4.963548 0.700002
v -21.569235 4.963548 -0.699998
v -21.566422 4.973167 0.700002
v -21.566422 4.973167 -0.699998
v -21.562485 4.981774 0.700002
v -21.562485 4.981774 -0.699998
v -21.557423 4.989368 0.700002
v -21.557423 4.989368 -0.699998
v -21.551235 4.995950 0.700002
v -21.551235 4.995950 -0.699998
v -21.543922 5.001519 0.700002
v -21.543922 5.001519 -0.699998
v -21.535484 5.006076 0.700002
v -21.535484 5.006076 -0.699998
v -21.525921 5.009620 0.700002
v -21.525921 5.009620 -0.699998
v -21.515232 5.012151 0.700002
v -21.515232 5.012151 -0.699998
v -21.503420 5.013670 0.700002
v -21.503420 5.013670 -0.699998
v -21.490482 5.014176 0.700002
v -21.490482 5.014176 -0.699998
v -21.480553 5.014035 0.700002
v -21.480553 5.014035 -0.699998
v -21.469667 5.013613 0.700002
v -21.469667 5.013613 -0.699998
v -21.457827 5.012910 0.700002
v -21.457827 5.012910 -0.699998
v -21.445028 5.011925 0.700002
v -21.445028 5.011925 -0.699998
v -21.431274 5.010660 0.700002
v -21.431274 5.010660 -0.699998
v -21.416565 5.009113 0.700002
v -21.416565 5.009113 -0.699998
v -21.400898 5.007285 0.700002
v -21.400898 5.007285 -0.699998
v -21.384275 5.005175 0.700002
v -21.384275 5.005175 -0.699998
v -21.366697 5.002784 0.700002
v -21.366697 5.002784 -0.699998
v -21.348162 5.000112 0.700002
v -21.348162 5.000112 -0.699998
v -21.328671 4.997159 0.700002
v -21.328671 4.997159 -0.699998
v -21.308222 4.993925 0.700002
v -21.308222 4.993925 -0.699998
v -21.258606 4.987258 0.700002
v -21.258606 4.987258 -0.699998
v -21.189415 4.979411 0.700002
v -21.189415 4.979411 -0.699998
v -21.100647 4.970383 0.700002
v -21.100647 4.970383 -0.699998
v -20.992304 4.960173 0.700002
v -20.992304 4.960173 -0.699998
v -20.864384 4.948781 0.700002
v -20.864384 4.948781 -0.699998
v -20.716888 4.936209 0.700002
v -20.716888 4.936209 -0.699998
v -20.549816 4.922455 0.700002
v -20.549816 4.922455 -0.699998
v -20.363169 4.907520 0.700002
v -20.363169 4.907520 -0.699998
v -20.156944 4.891403 0.700002
v -20.156944 4.891403 -0.699998
v -19.931145 4.874105 0.700002
v -19.931145 4.874105 -0.699998
v -19.685768 4.855627 0.700001
v -19.685768 4.855627 -0.699998
v -19.420818 4.835966 0.700001
v -19.420818 4.835966 -0.699998
v -19.374100 4.832619 0.700001
v -19.374100 4.832619 -0.699998
v -19.328451 4.829329 0.700001
v -19.328451 4.829329 -0.699998
v -19.283871 4.826094 0.700001
v -19.283871 4.826094 -0.699998
v -19.240358 4.822916 0.700001
v -19.240358 4.822916 -0.699998
v -19.197916 4.819794 0.700001
v -19.197916 4.819794 -0.699998
v -19.156542 4.816729 0.700001
v -19.156542 4.816729 -0.699998
v -19.116236 4.813719 0.700001
v -19.116236 4.813719 -0.699998
v -19.077000 4.810766 0.700001
v -19.077000 4.810766 -0.699999
v -19.038832 4.807869 0.700001
v -19.038832 4.807869 -0.699999
v -19.001734 4.805028 0.700001
v -19.001734 4.805028 -0.699999
v -18.965704 4.802243 0.700001
v -18.965704 4.802243 -0.699999
v -18.930742 4.799514 0.700001
v -18.930742 4.799514 -0.699999
v -18.917522 4.798220 0.700001
v -18.917522 4.798220 -0.699999
v -18.904865 4.797039 0.700001
v -18.904865 4.797039 -0.699999
v -18.892771 4.795970 0.700001
v -18.892771 4.795970 -0.699999
v -18.881239 4.795014 0.700001
v -18.881239 4.795014 -0.699999
v -18.870270 4.794170 0.700001
v -18.870270 4.794170 -0.699999
v -18.859863 4.793438 0.700001
v -18.859863 4.793438 -0.699999
v -18.850019 4.792819 0.700001
v -18.850019 4.792819 -0.699999
v -18.840738 4.792313 0.700001
v -18.840738 4.792313 -0.699999
v -18.832020 4.791919 0.700001
v -18.832020 4.791919 -0.699999
v -18.823864 4.791638 0.700001
v -18.823864 4.791638 -0.699999
v -18.816271 4.791469 0.700001
v -18.816271 4.791469 -0.699999
v -18.809235 4.791413 0.700001
v -18.809235 4.791413 -0.699999
v -18.755991 4.793101 0.700001
v -18.755991 4.793101 -0.699999
v -18.705616 4.798163 0.700001
v -18.705616 4.798163 -0.699999
v -18.658110 4.806602 0.700001
v -18.658110 4.806602 -0.699999
v -18.613472 4.818415 0.700001
v -18.613472 4.818415 -0.699999
v -18.571705 4.833603 0.700001
v -18.571705 4.833603 -0.699999
v -18.532806 4.852167 0.700001
v -18.532806 4.852167 -0.699999
v -18.496777 4.874105 0.700001
v -18.496777 4.874105 -0.699999
v -18.463615 4.899419 0.700001
v -18.463615 4.899419 -0.699999
v -18.433323 4.928108 0.700001
v -18.433323 4.928108 -0.699999
v -18.405899 4.960173 0.700001
v -18.405899 4.960173 -0.699999
v -18.381344 4.995612 0.700001
v -18.381344 4.995612 -0.699999
v -18.359659 5.034427 0.700001
v -18.359659 5.034427 -0.699999
v -18.351250 5.052175 0.700001
v -18.351250 5.052175 -0.699999
v -18.343571 5.070316 0.700001
v -18.343571 5.070316 -0.699999
v -18.336624 5.088852 0.700001
v -18.336624 5.088852 -0.699999
v -18.330408 5.107781 0.700001
v -18.330408 5.107781 -0.699999
v -18.324923 5.127104 0.700001
v -18.324923 5.127104 -0.699999
v -18.320169 5.146821 0.700001
v -18.320169 5.146821 -0.699999
v -18.316147 5.166931 0.700001
v -18.316147 5.166931 -0.699999
v -18.312857 5.187436 0.700001
v -18.312857 5.187436 -0.699999
v -18.310297 5.208333 0.700001
v -18.310297 5.208333 -0.699999
v -18.308468 5.229625 0.700001
v -18.308468 5.229625 -0.699999
v -18.307371 5.251311 0.700001
v -18.307371 5.251311 -0.699999
v -18.307007 5.273390 0.700001
v -18.307007 5.273390 -0.699999
v -18.309229 5.327815 0.700001
v -18.309229 5.327815 -0.699999
v -18.315895 5.379033 0.700001
v -18.315895 5.379033 -0.699999
v -18.327005 5.427045 0.700001
v -18.327005 5.427045 -0.699999
v -18.342560 5.471851 0.700001
v -18.342560 5.471851 -0.699999
v -18.362558 5.513450 0.700001
v -18.362558 5.513450 -0.699999
v -18.387001 5.551843 0.700001
v -18.387001 5.551843 -0.699999
v -18.415888 5.587029 0.700001
v -18.415888 5.587029 -0.699999
v -18.449217 5.619009 0.700001
v -18.449217 5.619009 -0.699999
v -18.486990 5.647782 0.700001
v -18.486990 5.647782 -0.699999
v -18.529207 5.673349 0.700001
v -18.529207 5.673349 -0.699999
v -18.575869 5.695710 0.700001
v -18.575869 5.695710 -0.699999
v -18.626974 5.714864 0.700001
v -18.626974 5.714864 -0.699999
v -18.644806 5.720152 0.700001
v -18.644806 5.720152 -0.699999
v -18.665901 5.725214 0.700001
v -18.665901 5.725214 -0.699999
v -18.690258 5.730052 0.700001
v -18.690258 5.730052 -0.699999
v -18.717878 5.734665 0.700001
v -18.717878 5.734665 -0.699999
v -18.748762 5.739053 0.700001
v -18.748762 5.739053 -0.699999
v -18.782907 5.743216 0.700001
v -18.782907 5.743216 -0.699999
v -18.820316 5.747154 0.700001
v -18.820316 5.747154 -0.699999
v -18.860987 5.750866 0.700001
v -18.860987 5.750866 -0.699999
v -18.904921 5.754354 0.700001
v -18.904921 5.754354 -0.699999
v -18.952118 5.757617 0.700001
v -18.952118 5.757617 -0.699999
v -19.002577 5.760654 0.700001
v -19.002577 5.760654 -0.699999
v -19.056299 5.763467 0.700001
v -19.056299 5.763467 -0.699999
v -19.250317 5.772552 0.700001
v -19.250317 5.772552 -0.699999
v -19.452997 5.783605 0.700001
v -19.452997 5.783605 -0.699999
v -19.664339 5.796628 0.700001
v -19.664339 5.796628 -0.699998
v -19.884344 5.811619 0.700001
v -19.884344 5.811619 -0.699998
v -20.113012 5.828579 0.700001
v -20.113012 5.828579 -0.699998
v -20.350344 5.847508 0.700002
v -20.350344 5.847508 -0.699998
v -20.596338 5.868406 0.700002
v -20.596338 5.868406 -0.699998
v -20.850996 5.891273 0.700002
v -20.850996 5.891273 -0.699998
v -21.114317 5.916108 0.700002
v -21.114317 5.916108 -0.699998
v -21.386301 5.942913 0.700002
v -21.386301 5.942913 -0.699998
v -21.666948 5.971686 0.700002
v -21.666948 5.971686 -0.699998
v -21.956257 6.002430 0.700002
v -21.956257 6.002430 -0.699998
v -21.968323 6.003724 0.700002
v -21.968323 6.003724 -0.699998
v -21.980221 6.004906 0.700002
v -21.980221 6.004906 -0.699998
v -21.991949 6.005975 0.700002
v -21.991949 6.005975 -0.699998
v -22.003510 6.006931 0.700002
v -22.003510 6.006931 -0.699998
v -22.014900 6.007775 0.700002
v -22.014900 6.007775 -0.699998
v -22.026123 6.008507 0.700002
v -22.026123 6.008507 -0.699998
v -22.037176 6.009126 0.700002
v -22.037176 6.009126 -0.699998
v -22.048061 6.009632 0.700002
v -22.048061 6.009632 -0.699998
v -22.058777 6.010026 0.700002
v -22.058777 6.010026 -0.699998
v -22.069324 6.010307 0.700002
v -22.069324 6.010307 -0.699998
v -22.079704 6.010476 0.700002
v -22.079704 6.010476 -0.699998
v -22.089916 6.010530 0.700002
v -22.089916 6.010530 -0.699998
v -22.147688 6.009096 0.700002
v -22.147688 6.009096 -0.699998
v -22.203547 6.004793 0.700002
v -22.203547 6.004793 -0.699998
v -22.257494 5.997621 0.700002
v -22.257494 5.997621 -0.699998
v -22.309528 5.987579 0.700002
v -22.309528 5.987579 -0.699998
v -22.359650 5.974669 0.700002
v -22.359650 5.974669 -0.699998
v -22.407858 5.958890 0.700002
v -22.407858 5.958890 -0.699998
v -22.454155 5.940242 0.700002
v -22.454155 5.940242 -0.699998
v -22.498539 5.918725 0.700002
v -22.498539 5.918725 -0.699998
v -22.541010 5.894340 0.700002
v -22.541010 5.894340 -0.699998
v -22.581568 5.867085 0.700002
v -22.581568 5.867085 -0.699998
v -22.620214 5.836961 0.700002
v -22.620214 5.836961 -0.699998
v -22.656946 5.803969 0.700002
v -22.656946 5.803969 -0.699998
v -22.687998 5.772861 0.700002
v -22.687998 5.772861 -0.699998
v -22.716349 5.740291 0.700002
v -22.716349 5.740291 -0.699998
v -22.742001 5.706257 0.700002
v -22.742001 5.706257 -0.699998
v -22.764952 5.670762 0.700002
v -22.764952 5.670762 -0.699998
v -22.785202 5.633803 0.700002
v -22.785202 5.633803 -0.699998
v -22.802753 5.595383 0.700002
v -22.802753 5.595383 -0.699998
v -22.817604 5.555499 0.700002
v -22.817604 5.555499 -0.699998
v -22.829754 5.514153 0.700002
v -22.829754 5.514153 -0.699998
v -22.839205 5.471344 0.700002
v -22.839205 5.471344 -0.699998
v -22.845955 5.427073 0.700002
v -22.845955 5.427073 -0.699998
v -22.850004 5.381340 0.700002
v -22.850004 5.381340 -0.699998
v -22.851357 5.334143 0.700002
v -22.851357 5.334143 -0.699998
v -22.849865 5.296791 0.700002
v -22.849865 5.296791 -0.699998
v -22.845392 5.256289 0.700002
v -22.845392 5.256289 -0.699998
v -22.837938 5.212636 0.700002
v -22.837938 5.212636 -0.699998
v -22.827503 5.165834 0.700002
v -22.827503 5.165834 -0.699998
v -22.814087 5.115881 0.700002
v -22.814087 5.115881 -0.699998
v -22.797689 5.062778 0.700002
v -22.797689 5.062778 -0.699998
v -22.778311 5.006526 0.700002
v -22.778311 5.006526 -0.699998
v -22.755951 4.947122 0.700002
v -22.755951 4.947122 -0.699998
v -22.730610 4.884569 0.700002
v -22.730610 4.884569 -0.699998
v -22.702286 4.818865 0.700002
v -22.702286 4.818865 -0.699998
v -22.670980 4.750011 0.700002
v -22.670980 4.750011 -0.699998
v -22.636696 4.678007 0.700002
v -22.636696 4.678007 -0.699998
v -22.564438 4.532002 0.700002
v -22.564438 4.532002 -0.699998
v -22.486725 4.384253 0.700002
v -22.486725 4.384253 -0.699998
v -22.403555 4.234760 0.700002
v -22.403555 4.234760 -0.699998
v -22.314928 4.083524 0.700002
v -22.314928 4.083524 -0.699998
v -22.220844 3.930543 0.700002
v -22.220844 3.930543 -0.699998
v -22.121304 3.775819 0.700002
v -22.121304 3.775819 -0.699998
v -22.016308 3.619351 0.700002
v -22.016308 3.619351 -0.699998
v -21.905855 3.461140 0.700002
v -21.905855 3.461140 -0.699998
v -21.789946 3.301184 0.700002
v -21.789946 3.301184 -0.699998
v -21.668579 3.139484 0.700002
v -21.668579 3.139484 -0.699998
v -21.541756 2.976041 0.700002
v -21.541756 2.976041 -0.699998
v -21.409477 2.810855 0.700002
v -21.409477 2.810855 -0.699998
v -21.628134 2.672528 0.700002
v -21.628134 2.672528 -0.699998
v -21.838577 2.535665 0.700002
v -21.838577 2.535665 -0.699998
v -22.040808 2.400263 0.700002
v -22.040808 2.400263 -0.699998
v -22.234825 2.266325 0.700002
v -22.234825 2.266325 -0.699998
v -22.420630 2.133848 0.700002
v -22.420630 2.133848 -0.699998
v -22.598221 2.002835 0.700002
v -22.598221 2.002835 -0.699998
v -22.767599 1.873284 0.700002
v -22.767599 1.873284 -0.699998
v -22.928764 1.745196 0.700002
v -22.928764 1.745196 -0.699998
v -23.081717 1.618570 0.700002
v -23.081717 1.618570 -0.699998
v -23.226456 1.493407 0.700002
v -23.226456 1.493407 -0.699998
v -23.362982 1.369707 0.700002
v -23.362982 1.369707 -0.699998
v -23.491291 1.247469 0.700002
v -23.491291 1.247469 -0.699998
v -23.544985 1.192537 0.700002
v -23.544985 1.192537 -0.699998
v -23.594009 1.138450 0.700002
v -23.594009 1.138450 -0.699998
v -23.638365 1.085207 0.700002
v -23.638365 1.085207 -0.699998
v -23.678051 1.032807 0.700002
v -23.678051 1.032807 -0.699998
v -23.713068 0.981251 0.700002
v -23.713068 0.981251 -0.699998
v -23.743416 0.930539 0.700002
v -23.743416 0.930539 -0.699998
v -23.769094 0.880670 0.700002
v -23.769094 0.880670 -0.699998
v -23.790106 0.831646 0.700002
v -23.790106 0.831646 -0.699998
v -23.806448 0.783465 0.700002
v -23.806448 0.783465 -0.699998
v -23.818121 0.736128 0.700002
v -23.818121 0.736128 -0.699998
v -23.825125 0.689635 0.700002
v -23.825125 0.689635 -0.699998
v -23.827461 0.643985 0.700002
v -23.827461 0.643985 -0.699998
v -23.826365 0.609221 0.700002
v -23.826365 0.609221 -0.699998
v -23.823072 0.575132 0.700002
v -23.823072 0.575132 -0.699998
v -23.817587 0.541717 0.700002
v -23.817587 0.541717 -0.699998
v -23.809908 0.508978 0.700002
v -23.809908 0.508978 -0.699998
v -23.800035 0.476914 0.700002
v -23.800035 0.476914 -0.699998
v -23.787970 0.445525 0.700002
v -23.787970 0.445524 -0.699998
v -23.773710 0.414810 0.700002
v -23.773710 0.414810 -0.699998
v -23.757256 0.384771 0.700002
v -23.757256 0.384771 -0.699998
v -23.738607 0.355407 0.700002
v -23.738607 0.355407 -0.699998
v -23.717766 0.326718 0.700002
v -23.717766 0.326718 -0.699998
v -23.694731 0.298704 0.700002
v -23.694731 0.298704 -0.699998
v -23.669502 0.271365 0.700002
v -23.669502 0.271365 -0.699998
v -23.642107 0.244195 0.700002
v -23.642107 0.244195 -0.699998
v -23.613924 0.219387 0.700002
v -23.613924 0.219387 -0.699998
v -23.584953 0.196942 0.700002
v -23.584953 0.196942 -0.699998
v -23.555195 0.176860 0.700002
v -23.555195 0.176860 -0.699998
v -23.524649 0.159140 0.700002
v -23.524649 0.159140 -0.699998
v -23.493317 0.143783 0.700002
v -23.493317 0.143783 -0.699998
v -23.461197 0.130788 0.700002
v -23.461197 0.130788 -0.699998
v -23.428289 0.120157 0.700002
v -23.428289 0.120157 -0.699998
v -23.394594 0.111887 0.700002
v -23.394594 0.111887 -0.699998
v -23.360111 0.105981 0.700002
v -23.360111 0.105981 -0.699998
v -23.324841 0.102437 0.700002
v -23.324841 0.102437 -0.699998
v -23.288782 0.101256 0.700002
v -23.288782 0.101256 -0.699998
v -23.253342 0.102353 0.700002
v -23.253342 0.102352 -0.699998
v -23.218576 0.105643 0.700002
v -23.218576 0.105643 -0.699998
v -23.184486 0.111128 0.700002
v -23.184486 0.111128 -0.699998
v -23.151072 0.118807 0.700002
v -23.151072 0.118806 -0.699998
v -23.118332 0.128679 0.700002
v -23.118332 0.128679 -0.699998
v -23.086267 0.140745 0.700002
v -23.086267 0.140745 -0.699998
v -23.054878 0.155005 0.700002
v -23.054878 0.155005 -0.699998
v -23.024164 0.171459 0.700002
v -23.024164 0.171459 -0.699998
v -22.994125 0.190107 0.700002
v -22.994125 0.190107 -0.699998
v -22.964762 0.210949 0.700002
v -22.964762 0.210949 -0.699998
v -22.936073 0.233985 0.700002
v -22.936073 0.233985 -0.699998
v -22.908060 0.259214 0.700002
v -22.908060 0.259214 -0.699998
v -22.903982 0.263377 0.700002
v -22.903982 0.263377 -0.699998
v -22.898497 0.269115 0.700002
v -22.898497 0.269115 -0.699998
v -22.891605 0.276428 0.700002
v -22.891605 0.276428 -0.699998
v -22.883308 0.285316 0.700002
v -22.883308 0.285316 -0.699998
v -22.873606 0.295779 0.700002
v -22.873606 0.295779 -0.699998
v -22.862495 0.307817 0.700002
v -22.862495 0.307817 -0.699998
v -22.849979 0.321430 0.700002
v -22.849979 0.321430 -0.699998
v -22.836058 0.336619 0.700002
v -22.836058 0.336618 -0.699998
v -22.820728 0.353382 0.700002
v -22.820728 0.353382 -0.699998
v -22.803993 0.371720 0.700002
v -22.803993 0.371720 -0.699998
v -22.785852 0.391634 0.700002
v -22.785852 0.391634 -0.699998
vn -0.0000 -0.0000 -1.0000
vn -0.0000 -0.0000 1.0000
vn 0.9090 0.4169 -0.0000
vn 0.9292 0.3696 -0.0000
vn 0.8700 0.4931 -0.0000
vn 0.8197 0.5728 -0.0000
vn 0.7568 0.6537 -0.0000
vn 0.6809 0.7324 -0.0000
vn 0.5930 0.8052 -0.0000
vn 0.4956 0.8686 -0.0000
vn 0.3925 0.9198 -0.0000
vn 0.2879 0.9577 -0.0000
vn 0.3924 0.9198 -0.0000
vn 0.1858 0.9826 -0.0000
vn 0.2878 0.9577 -0.0000
vn 0.0896 0.9960 -0.0000
vn 0.0125 0.9999 -0.0000
vn -0.0363 0.9993 -0.0000
vn -0.0729 0.9973 -0.0000
vn -0.1095 0.9940 -0.0000
vn -0.1462 0.9893 -0.0000
vn -0.1826 0.9832 -0.0000
vn -0.1461 0.9893 -0.0000
vn -0.2187 0.9758 -0.0000
vn -0.2543 0.9671 -0.0000
vn -0.2894 0.9572 -0.0000
vn -0.3237 0.9462 -0.0000
vn -0.2893 0.9572 -0.0000
vn -0.3571 0.9341 -0.0000
vn -0.3236 0.9462 -0.0000
vn -0.3896 0.9210 -0.0000
vn -0.4268 0.9043 -0.0000
vn -0.3895 0.9210 -0.0000
vn -0.4828 0.8757 -0.0000
vn -0.4268 0.9044 -0.0000
vn -0.5535 0.8328 -0.0000
vn -0.6262 0.7797 -0.0000
vn -0.6985 0.7156 -0.0000
vn -0.7678 0.6407 -0.0000
vn -0.8311 0.5562 -0.0000
vn -0.7677 0.6408 -0.0000
vn -0.8858 0.4642 -0.0000
vn -0.8310 0.5562 -0.0000
vn -0.9299 0.3678 -0.0000
vn -0.8857 0.4642 -0.0000
vn -0.9628 0.2704 -0.0000
vn -0.9845 0.1752 -0.0000
vn -0.9627 0.2704 -0.0000
vn -0.9964 0.0848 -0.0000
vn -0.9845 0.1753 -0.0000
vn -1.0000 -0.0043 -0.0000
vn -0.9964 0.0849 -0.0000
vn -0.9958 -0.0913 -0.0000
vn -1.0000 -0.0042 -0.0000
vn -0.9861 -0.1662 -0.0000
vn -0.9741 -0.2261 -0.0000
vn -0.9616 -0.2745 -0.0000
vn -0.9494 -0.3142 -0.0000
vn -0.9378 -0.3472 -0.0000
vn -0.9271 -0.3749 -0.0000
vn -0.9172 -0.3985 -0.0000
vn -0.9081 -0.4187 -0.0000
vn -0.8998 -0.4363 -0.0000
vn -0.8922 -0.4516 -0.0000
vn -0.8837 -0.4681 -0.0000
vn -0.8727 -0.4882 -0.0000
vn -0.8603 -0.5098 -0.0000
vn -0.8472 -0.5313 -0.0000
vn -0.8334 -0.5527 -0.0000
vn -0.8190 -0.5738 -0.0000
vn -0.8039 -0.5948 -0.0000
vn -0.7882 -0.6154 -0.0000
vn -0.7719 -0.6358 -0.0000
vn -0.7550 -0.6557 -0.0000
vn -0.7376 -0.6752 -0.0000
vn -0.7197 -0.6943 -0.0000
vn -0.7012 -0.7130 -0.0000
vn -0.6833 -0.7301 -0.0000
vn -0.6651 -0.7468 -0.0000
vn -0.6436 -0.7654 -0.0000
vn -0.6179 -0.7863 -0.0000
vn -0.5869 -0.8097 -0.0000
vn -0.5490 -0.8358 -0.0000
vn -0.5019 -0.8649 -0.0000
vn -0.4429 -0.8966 -0.0000
vn -0.3677 -0.9299 -0.0000
vn -0.4428 -0.8966 -0.0000
vn -0.2716 -0.9624 -0.0000
vn -0.1490 -0.9888 -0.0000
vn -0.0213 -0.9998 -0.0000
vn 0.0757 -0.9971 -0.0000
vn 0.1521 -0.9884 -0.0000
vn 0.2283 -0.9736 -0.0000
vn 0.3027 -0.9531 -0.0000
vn 0.2282 -0.9736 -0.0000
vn 0.3742 -0.9274 -0.0000
vn 0.4417 -0.8972 -0.0000
vn 0.3742 -0.9273 -0.0000
vn 0.5044 -0.8635 -0.0000
vn 0.4417 -0.8971 -0.0000
vn 0.5619 -0.8272 -0.0000
vn 0.5045 -0.8634 -0.0000
vn 0.6140 -0.7893 -0.0000
vn 0.6607 -0.7507 -0.0000
vn 0.7021 -0.7121 -0.0000
vn 0.6606 -0.7507 -0.0000
vn 0.7369 -0.6760 -0.0000
vn 0.7703 -0.6376 -0.0000
vn 0.7368 -0.6761 -0.0000
vn 0.8058 -0.5921 -0.0000
vn 0.7703 -0.6377 -0.0000
vn 0.8400 -0.5426 -0.0000
vn 0.8058 -0.5922 -0.0000
vn 0.8719 -0.4896 -0.0000
vn 0.8399 -0.5428 -0.0000
vn 0.9013 -0.4332 -0.0000
vn 0.9275 -0.3738 -0.0000
vn 0.9500 -0.3124 -0.0000
vn 0.9274 -0.3740 -0.0000
vn 0.9684 -0.2496 -0.0000
vn 0.9499 -0.3125 -0.0000
vn 0.9825 -0.1862 -0.0000
vn 0.9683 -0.2497 -0.0000
vn 0.9924 -0.1230 -0.0000
vn 0.9825 -0.1863 -0.0000
vn 0.9982 -0.0608 -0.0000
vn 1.0000 0.0057 -0.0000
vn 0.9966 0.0822 -0.0000
vn 0.9869 0.1616 -0.0000
vn 0.9966 0.0820 -0.0000
vn 0.9716 0.2367 -0.0000
vn 0.9869 0.1615 -0.0000
vn 0.9517 0.3069 -0.0000
vn 0.9284 0.3715 -0.0000
vn 0.9027 0.4302 -0.0000
vn 0.9285 0.3714 -0.0000
vn 0.8755 0.4832 -0.0000
vn 0.8476 0.5306 -0.0000
vn 0.8195 0.5731 -0.0000
vn 0.8476 0.5307 -0.0000
vn 0.7918 0.6107 -0.0000
vn 0.7648 0.6442 -0.0000
vn 0.7918 0.6108 -0.0000
vn 0.7500 0.6614 -0.0000
vn 0.7602 0.6496 -0.0000
vn 0.7825 0.6226 -0.0000
vn 0.7602 0.6497 -0.0000
vn 0.8036 0.5952 -0.0000
vn 0.8235 0.5673 -0.0000
vn 0.8036 0.5951 -0.0000
vn 0.8421 0.5393 -0.0000
vn 0.8594 0.5113 -0.0000
vn 0.8904 0.4552 -0.0000
vn 0.9040 0.4275 -0.0000
vn 0.9165 0.4000 -0.0000
vn 0.9278 0.3730 -0.0000
vn 0.5902 0.8073 -0.0000
vn 0.6393 0.7690 -0.0000
vn 0.5467 0.8373 -0.0000
vn 0.5001 0.8660 -0.0000
vn 0.4505 0.8928 -0.0000
vn 0.5001 0.8659 -0.0000
vn 0.3983 0.9173 -0.0000
vn 0.3438 0.9390 -0.0000
vn 0.2875 0.9578 -0.0000
vn 0.3438 0.9391 -0.0000
vn 0.2300 0.9732 -0.0000
vn 0.1720 0.9851 -0.0000
vn 0.1139 0.9935 -0.0000
vn 0.0565 0.9984 -0.0000
vn -0.0114 0.9999 -0.0000
vn -0.0995 0.9950 -0.0000
vn -0.1929 0.9812 -0.0000
vn -0.2779 0.9606 -0.0000
vn -0.3540 0.9353 -0.0000
vn -0.4211 0.9070 -0.0000
vn -0.4797 0.8774 -0.0000
vn -0.4210 0.9070 -0.0000
vn -0.5308 0.8475 -0.0000
vn -0.5750 0.8181 -0.0000
vn -0.6134 0.7897 -0.0000
vn -0.5751 0.8181 -0.0000
vn -0.6468 0.7626 -0.0000
vn -0.6135 0.7897 -0.0000
vn -0.6759 0.7370 -0.0000
vn -0.6973 0.7168 -0.0000
vn -0.7125 0.7017 -0.0000
vn -0.6973 0.7167 -0.0000
vn -0.7265 0.6872 -0.0000
vn -0.7397 0.6730 -0.0000
vn -0.7522 0.6590 -0.0000
vn -0.7397 0.6729 -0.0000
vn -0.7640 0.6453 -0.0000
vn -0.7751 0.6318 -0.0000
vn -0.7856 0.6187 -0.0000
vn -0.7956 0.6058 -0.0000
vn -0.8050 0.5933 -0.0000
vn -0.8139 0.5810 -0.0000
vn -0.8223 0.5690 -0.0000
vn -0.8315 0.5556 -0.0000
vn -0.8412 0.5407 -0.0000
vn -0.8512 0.5248 -0.0000
vn -0.8623 0.5064 -0.0000
vn -0.8746 0.4848 -0.0000
vn -0.8883 0.4592 -0.0000
vn -0.9035 0.4286 -0.0000
vn -0.8883 0.4593 -0.0000
vn -0.9203 0.3913 -0.0000
vn -0.9385 0.3452 -0.0000
vn -0.9578 0.2874 -0.0000
vn -0.9769 0.2137 -0.0000
vn -0.9578 0.2873 -0.0000
vn -0.9929 0.1186 -0.0000
vn -0.9769 0.2136 -0.0000
vn -0.9999 0.0141 -0.0000
vn -0.9972 -0.0753 -0.0000
vn -0.9880 -0.1547 -0.0000
vn -0.9972 -0.0752 -0.0000
vn -0.9713 -0.2377 -0.0000
vn -0.9880 -0.1546 -0.0000
vn -0.9465 -0.3227 -0.0000
vn -0.9714 -0.2376 -0.0000
vn -0.9131 -0.4076 -0.0000
vn -0.9465 -0.3226 -0.0000
vn -0.8716 -0.4903 -0.0000
vn -0.9132 -0.4075 -0.0000
vn -0.8227 -0.5684 -0.0000
vn -0.8716 -0.4902 -0.0000
vn -0.7681 -0.6404 -0.0000
vn -0.8228 -0.5684 -0.0000
vn -0.7093 -0.7049 -0.0000
vn -0.7681 -0.6403 -0.0000
vn -0.6485 -0.7612 -0.0000
vn -0.7094 -0.7048 -0.0000
vn -0.5872 -0.8095 -0.0000
vn -0.5399 -0.8417 -0.0000
vn -0.5872 -0.8094 -0.0000
vn -0.5064 -0.8623 -0.0000
vn -0.4710 -0.8822 -0.0000
vn -0.4331 -0.9014 -0.0000
vn -0.3928 -0.9196 -0.0000
vn -0.3500 -0.9367 -0.0000
vn -0.3050 -0.9523 -0.0000
vn -0.2579 -0.9662 -0.0000
vn -0.2088 -0.9780 -0.0000
vn -0.1581 -0.9874 -0.0000
vn -0.1062 -0.9943 -0.0000
vn -0.0533 -0.9986 -0.0000
vn 0.0052 -1.0000 -0.0000
vn 0.0766 -0.9971 -0.0000
vn 0.1581 -0.9874 -0.0000
vn 0.2440 -0.9698 -0.0000
vn 0.3325 -0.9431 -0.0000
vn 0.2439 -0.9698 -0.0000
vn 0.4214 -0.9069 -0.0000
vn 0.5080 -0.8613 -0.0000
vn 0.5898 -0.8075 -0.0000
vn 0.5080 -0.8614 -0.0000
vn 0.6646 -0.7472 -0.0000
vn 0.7310 -0.6824 -0.0000
vn 0.7882 -0.6154 -0.0000
vn 0.8362 -0.5485 -0.0000
vn 0.7881 -0.6155 -0.0000
vn 0.8665 -0.4992 -0.0000
vn 0.8794 -0.4760 -0.0000
vn 0.8856 -0.4645 -0.0000
vn 0.8892 -0.4576 -0.0000
vn 0.8915 -0.4530 -0.0000
vn 0.8932 -0.4497 -0.0000
vn 0.8944 -0.4473 -0.0000
vn 0.8953 -0.4454 -0.0000
vn 0.8961 -0.4438 -0.0000
vn 0.8968 -0.4425 -0.0000
vn 0.8961 -0.4439 -0.0000
vn 0.8973 -0.4415 -0.0000
vn 0.8967 -0.4426 -0.0000
vn 0.8977 -0.4406 -0.0000
vn 0.8972 -0.4416 -0.0000
vn 0.9002 -0.4354 -0.0000
vn 0.8977 -0.4407 -0.0000
vn 0.8993 -0.4373 -0.0000
vn 0.8925 -0.4510 -0.0000
vn 0.8852 -0.4652 -0.0000
vn 0.8773 -0.4799 -0.0000
vn 0.8688 -0.4952 -0.0000
vn 0.8596 -0.5109 -0.0000
vn 0.8497 -0.5273 -0.0000
vn 0.8390 -0.5442 -0.0000
vn 0.8274 -0.5616 -0.0000
vn 0.8390 -0.5441 -0.0000
vn 0.8149 -0.5795 -0.0000
vn 0.8015 -0.5980 -0.0000
vn 0.8001 -0.5998 -0.0000
vn 0.8015 -0.5981 -0.0000
vn 0.8198 -0.5726 -0.0000
vn 0.8470 -0.5315 -0.0000
vn 0.8731 -0.4875 -0.0000
vn 0.8977 -0.4405 -0.0000
vn 0.9205 -0.3907 -0.0000
vn 0.9409 -0.3386 -0.0000
vn 0.9205 -0.3908 -0.0000
vn 0.9587 -0.2844 -0.0000
vn 0.9735 -0.2285 -0.0000
vn 0.9587 -0.2843 -0.0000
vn 0.9852 -0.1716 -0.0000
vn 0.9935 -0.1142 -0.0000
vn 0.9984 -0.0569 -0.0000
vn 1.0000 0.0022 -0.0000
vn 0.9984 -0.0568 -0.0000
vn 0.9978 0.0668 -0.0000
vn 1.0000 0.0023 -0.0000
vn 0.9907 0.1363 -0.0000
vn 0.9781 0.2080 -0.0000
vn 0.9907 0.1362 -0.0000
vn 0.9597 0.2809 -0.0000
vn 0.9353 0.3538 -0.0000
vn 0.9051 0.4252 -0.0000
vn 0.9354 0.3537 -0.0000
vn 0.8696 0.4938 -0.0000
vn 0.9051 0.4251 -0.0000
vn 0.8294 0.5587 -0.0000
vn 0.7856 0.6188 -0.0000
vn 0.7392 0.6735 -0.0000
vn 0.7856 0.6187 -0.0000
vn 0.6914 0.7225 -0.0000
vn 0.0976 0.9952 -0.0000
vn 0.1333 0.9911 -0.0000
vn 0.0849 0.9964 -0.0000
vn 0.0772 0.9970 -0.0000
vn 0.0720 0.9974 -0.0000
vn 0.0683 0.9977 -0.0000
vn 0.0654 0.9979 -0.0000
vn 0.0632 0.9980 -0.0000
vn 0.0614 0.9981 -0.0000
vn 0.0600 0.9982 -0.0000
vn 0.0588 0.9983 -0.0000
vn 0.0577 0.9983 -0.0000
vn 0.6771 0.7359 -0.0000
vn 0.9904 0.1380 -0.0000
vn 0.9909 0.1344 -0.0000
vn 0.9913 0.1313 -0.0000
vn 0.9917 0.1284 -0.0000
vn 0.9920 0.1259 -0.0000
vn 0.9923 0.1237 -0.0000
vn 0.9926 0.1216 -0.0000
vn 0.9928 0.1198 -0.0000
vn 0.9930 0.1181 -0.0000
vn 0.9932 0.1166 -0.0000
vn 0.9933 0.1151 -0.0000
vn 0.9946 0.1038 -0.0000
vn 0.9958 0.0915 -0.0000
vn 0.9946 0.1039 -0.0000
vn 0.9961 0.0880 -0.0000
vn 0.9958 0.0917 -0.0000
vn 0.9965 0.0841 -0.0000
vn 0.9961 0.0882 -0.0000
vn 0.9968 0.0796 -0.0000
vn 0.9964 0.0843 -0.0000
vn 0.9972 0.0745 -0.0000
vn 0.9968 0.0798 -0.0000
vn 0.9976 0.0685 -0.0000
vn 0.9972 0.0747 -0.0000
vn 0.9981 0.0617 -0.0000
vn 0.9976 0.0688 -0.0000
vn 0.9986 0.0536 -0.0000
vn 0.9981 0.0620 -0.0000
vn 0.9990 0.0440 -0.0000
vn 0.9985 0.0540 -0.0000
vn 0.9995 0.0323 -0.0000
vn 0.9990 0.0443 -0.0000
vn 0.9998 0.0176 -0.0000
vn 0.9995 0.0326 -0.0000
vn 0.9998 -0.0193 -0.0000
vn 0.9998 0.0177 -0.0000
vn 0.9948 -0.1023 -0.0000
vn 0.9998 -0.0194 -0.0000
vn 0.9759 -0.2184 -0.0000
vn 0.9374 -0.3481 -0.0000
vn 0.8742 -0.4856 -0.0000
vn 0.9374 -0.3482 -0.0000
vn 0.7841 -0.6206 -0.0000
vn 0.6708 -0.7417 -0.0000
vn 0.7841 -0.6207 -0.0000
vn 0.5435 -0.8394 -0.0000
vn 0.6708 -0.7416 -0.0000
vn 0.4135 -0.9105 -0.0000
vn 0.2905 -0.9569 -0.0000
vn 0.4136 -0.9105 -0.0000
vn 0.1799 -0.9837 -0.0000
vn 0.0837 -0.9965 -0.0000
vn 0.1798 -0.9837 -0.0000
vn 0.0129 -0.9999 -0.0000
vn -0.0233 -0.9997 -0.0000
vn -0.0404 -0.9992 -0.0000
vn -0.0528 -0.9986 -0.0000
vn -0.0621 -0.9981 -0.0000
vn -0.0695 -0.9976 -0.0000
vn -0.0754 -0.9972 -0.0000
vn -0.0803 -0.9968 -0.0000
vn -0.0844 -0.9964 -0.0000
vn -0.0878 -0.9961 -0.0000
vn -0.0908 -0.9959 -0.0000
vn -0.0934 -0.9956 -0.0000
vn -0.0939 -0.9956 -0.0000
vn -0.0914 -0.9958 -0.0000
vn -0.0883 -0.9961 -0.0000
vn -0.0860 -0.9963 -0.0000
vn -0.0841 -0.9965 -0.0000
vn -0.0827 -0.9966 -0.0000
vn -0.0815 -0.9967 -0.0000
vn -0.0805 -0.9968 -0.0000
vn -0.0797 -0.9968 -0.0000
vn -0.0790 -0.9969 -0.0000
vn -0.0783 -0.9969 -0.0000
vn -0.0778 -0.9970 -0.0000
vn -0.0784 -0.9969 -0.0000
vn -0.0786 -0.9969 -0.0000
vn -0.0801 -0.9968 -0.0000
vn -0.0810 -0.9967 -0.0000
vn -0.0820 -0.9966 -0.0000
vn -0.0831 -0.9965 -0.0000
vn -0.0842 -0.9965 -0.0000
vn -0.0853 -0.9964 -0.0000
vn -0.0866 -0.9962 -0.0000
vn -0.0879 -0.9961 -0.0000
vn -0.0894 -0.9960 -0.0000
vn -0.0909 -0.9959 -0.0000
vn -0.0926 -0.9957 -0.0000
vn -0.0931 -0.9957 -0.0000
vn -0.0905 -0.9959 -0.0000
vn -0.0858 -0.9963 -0.0000
vn -0.0807 -0.9967 -0.0000
vn -0.0752 -0.9972 -0.0000
vn -0.0691 -0.9976 -0.0000
vn -0.0623 -0.9981 -0.0000
vn -0.0548 -0.9985 -0.0000
vn -0.0463 -0.9989 -0.0000
vn -0.0369 -0.9993 -0.0000
vn -0.0261 -0.9997 -0.0000
vn -0.0139 -0.9999 -0.0000
vn 0.0096 -1.0000 -0.0000
vn 0.0543 -0.9985 -0.0000
vn 0.1116 -0.9938 -0.0000
vn 0.1720 -0.9851 -0.0000
vn 0.2350 -0.9720 -0.0000
vn 0.3001 -0.9539 -0.0000
vn 0.3662 -0.9305 -0.0000
vn 0.3000 -0.9539 -0.0000
vn 0.4325 -0.9016 -0.0000
vn 0.4977 -0.8673 -0.0000
vn 0.5608 -0.8279 -0.0000
vn 0.6207 -0.7840 -0.0000
vn 0.6765 -0.7365 -0.0000
vn 0.6207 -0.7841 -0.0000
vn 0.7286 -0.6849 -0.0000
vn 0.6764 -0.7365 -0.0000
vn 0.7753 -0.6316 -0.0000
vn 0.8165 -0.5773 -0.0000
vn 0.8542 -0.5200 -0.0000
vn 0.8166 -0.5773 -0.0000
vn 0.8877 -0.4604 -0.0000
vn 0.9168 -0.3994 -0.0000
vn 0.8877 -0.4605 -0.0000
vn 0.9411 -0.3380 -0.0000
vn 0.9167 -0.3995 -0.0000
vn 0.9608 -0.2771 -0.0000
vn 0.9411 -0.3382 -0.0000
vn 0.9761 -0.2172 -0.0000
vn 0.9872 -0.1592 -0.0000
vn 0.9761 -0.2173 -0.0000
vn 0.9946 -0.1035 -0.0000
vn 0.9872 -0.1593 -0.0000
vn 0.9987 -0.0505 -0.0000
vn 1.0000 0.0036 -0.0000
vn 0.9978 0.0664 -0.0000
vn 0.9903 0.1391 -0.0000
vn 0.9758 0.2186 -0.0000
vn 0.9526 0.3043 -0.0000
vn 0.9189 0.3945 -0.0000
vn 0.8735 0.4868 -0.0000
vn 0.9189 0.3946 -0.0000
vn 0.8161 0.5780 -0.0000
vn 0.8735 0.4869 -0.0000
vn 0.7474 0.6644 -0.0000
vn 0.6696 0.7427 -0.0000
vn 0.5858 0.8104 -0.0000
vn 0.4994 0.8664 -0.0000
vn 0.5858 0.8105 -0.0000
vn 0.4129 0.9108 -0.0000
vn 0.3354 0.9421 -0.0000
vn 0.2760 0.9612 -0.0000
vn 0.3355 0.9421 -0.0000
vn 0.2321 0.9727 -0.0000
vn 0.2760 0.9611 -0.0000
vn 0.1984 0.9801 -0.0000
vn 0.1719 0.9851 -0.0000
vn 0.1505 0.9886 -0.0000
vn 0.1330 0.9911 -0.0000
vn 0.1183 0.9930 -0.0000
vn 0.1058 0.9944 -0.0000
vn 0.0951 0.9955 -0.0000
vn 0.0858 0.9963 -0.0000
vn 0.0816 0.9967 -0.0000
vn 0.0818 0.9967 -0.0000
vn 0.0819 0.9966 -0.0000
vn 0.0820 0.9966 -0.0000
vn 0.0822 0.9966 -0.0000
vn 0.0825 0.9966 -0.0000
vn 0.0828 0.9966 -0.0000
vn 0.0832 0.9965 -0.0000
vn 0.0838 0.9965 -0.0000
vn 0.0847 0.9964 -0.0000
vn 0.0862 0.9963 -0.0000
vn 0.0895 0.9960 -0.0000
vn 0.0996 0.9950 -0.0000
vn 0.1041 0.9946 -0.0000
vn 0.0975 0.9952 -0.0000
vn 0.0905 0.9959 -0.0000
vn 0.0830 0.9965 -0.0000
vn 0.0750 0.9972 -0.0000
vn 0.0665 0.9978 -0.0000
vn 0.0573 0.9984 -0.0000
vn 0.0475 0.9989 -0.0000
vn 0.0369 0.9993 -0.0000
vn 0.0255 0.9997 -0.0000
vn 0.0132 0.9999 -0.0000
vn -0.0147 0.9999 -0.0000
vn -0.0749 0.9972 -0.0000
vn -0.1558 0.9878 -0.0000
vn -0.2429 0.9701 -0.0000
vn -0.3345 0.9424 -0.0000
vn -0.4283 0.9037 -0.0000
vn -0.5211 0.8535 -0.0000
vn -0.4282 0.9037 -0.0000
vn -0.6096 0.7927 -0.0000
vn -0.6907 0.7232 -0.0000
vn -0.7620 0.6476 -0.0000
vn -0.8715 0.4904 -0.0000
vn -0.9063 0.4227 -0.0000
vn -0.9261 0.3773 -0.0000
vn -0.9063 0.4226 -0.0000
vn -0.9391 0.3435 -0.0000
vn -0.9509 0.3093 -0.0000
vn -0.9391 0.3436 -0.0000
vn -0.9615 0.2748 -0.0000
vn -0.9510 0.3093 -0.0000
vn -0.9708 0.2399 -0.0000
vn -0.9615 0.2747 -0.0000
vn -0.9788 0.2049 -0.0000
vn -0.9708 0.2398 -0.0000
vn -0.9855 0.1699 -0.0000
vn -0.9908 0.1352 -0.0000
vn -0.9854 0.1700 -0.0000
vn -0.9949 0.1007 -0.0000
vn -0.9978 0.0666 -0.0000
vn -0.9995 0.0330 -0.0000
vn -1.0000 -0.0010 -0.0000
vn -0.9995 0.0331 -0.0000
vn -0.9995 -0.0312 -0.0000
vn -1.0000 -0.0009 -0.0000
vn -0.9986 -0.0526 -0.0000
vn -0.9995 -0.0310 -0.0000
vn -0.9977 -0.0674 -0.0000
vn -0.9986 -0.0525 -0.0000
vn -0.9969 -0.0781 -0.0000
vn -0.9977 -0.0673 -0.0000
vn -0.9963 -0.0864 -0.0000
vn -0.9957 -0.0928 -0.0000
vn -0.9963 -0.0863 -0.0000
vn -0.9952 -0.0980 -0.0000
vn -0.9957 -0.0927 -0.0000
vn -0.9947 -0.1023 -0.0000
vn -0.9944 -0.1059 -0.0000
vn -0.9948 -0.1023 -0.0000
vn -0.9940 -0.1090 -0.0000
vn -0.9937 -0.1117 -0.0000
vn -0.9932 -0.1164 -0.0000
vn -0.9928 -0.1202 -0.0000
vn -0.9927 -0.1209 -0.0000
vn -0.9926 -0.1216 -0.0000
vn -0.9925 -0.1224 -0.0000
vn -0.9924 -0.1234 -0.0000
vn -0.9922 -0.1244 -0.0000
vn -0.9921 -0.1256 -0.0000
vn -0.9919 -0.1269 -0.0000
vn -0.9917 -0.1285 -0.0000
vn -0.9915 -0.1303 -0.0000
vn -0.9912 -0.1324 -0.0000
vn -0.8797 0.4756 -0.0000
vn -0.4731 0.8810 -0.0000
vn -0.5571 0.8304 -0.0000
vn -0.6406 0.7679 -0.0000
vn -0.7203 0.6937 -0.0000
vn -0.6406 0.7678 -0.0000
vn -0.7928 0.6095 -0.0000
vn -0.7203 0.6936 -0.0000
vn -0.8552 0.5183 -0.0000
vn -0.9059 0.4236 -0.0000
vn -0.9443 0.3290 -0.0000
vn -0.9714 0.2376 -0.0000
vn -0.9884 0.1517 -0.0000
vn -0.9974 0.0726 -0.0000
vn -1.0000 -0.0013 -0.0000
vn -0.9970 -0.0780 -0.0000
vn -0.9867 -0.1628 -0.0000
vn -0.9671 -0.2546 -0.0000
vn -0.9362 -0.3514 -0.0000
vn -0.9671 -0.2545 -0.0000
vn -0.8929 -0.4503 -0.0000
vn -0.9363 -0.3513 -0.0000
vn -0.8367 -0.5477 -0.0000
vn -0.7689 -0.6394 -0.0000
vn -0.8367 -0.5476 -0.0000
vn -0.6918 -0.7221 -0.0000
vn -0.6090 -0.7931 -0.0000
vn -0.5242 -0.8516 -0.0000
vn -0.6091 -0.7931 -0.0000
vn -0.4407 -0.8977 -0.0000
vn -0.5243 -0.8516 -0.0000
vn -0.3613 -0.9324 -0.0000
vn -0.2937 -0.9559 -0.0000
vn -0.3613 -0.9325 -0.0000
vn -0.2419 -0.9703 -0.0000
vn -0.2017 -0.9794 -0.0000
vn -0.1697 -0.9855 -0.0000
vn -0.2017 -0.9795 -0.0000
vn -0.1438 -0.9896 -0.0000
vn -0.1223 -0.9925 -0.0000
vn -0.1043 -0.9945 -0.0000
vn -0.0890 -0.9960 -0.0000
vn -0.0759 -0.9971 -0.0000
vn -0.0644 -0.9979 -0.0000
vn -0.0544 -0.9985 -0.0000
vn -0.0494 -0.9988 -0.0000
vn -0.0515 -0.9987 -0.0000
vn -0.0559 -0.9984 -0.0000
vn -0.0594 -0.9982 -0.0000
vn -0.0624 -0.9980 -0.0000
vn -0.0650 -0.9979 -0.0000
vn -0.0672 -0.9977 -0.0000
vn -0.0708 -0.9975 -0.0000
vn -0.0723 -0.9974 -0.0000
vn -0.0736 -0.9973 -0.0000
vn -0.0748 -0.9972 -0.0000
vn -0.0842 -0.9964 -0.0000
vn -0.0912 -0.9958 -0.0000
vn -0.0873 -0.9962 -0.0000
vn -0.0830 -0.9966 -0.0000
vn -0.0781 -0.9969 -0.0000
vn -0.0726 -0.9974 -0.0000
vn -0.0664 -0.9978 -0.0000
vn -0.0593 -0.9982 -0.0000
vn -0.0510 -0.9987 -0.0000
vn -0.0414 -0.9991 -0.0000
vn -0.0300 -0.9995 -0.0000
vn -0.0163 -0.9999 -0.0000
vn 0.0183 -0.9998 -0.0000
vn 0.0965 -0.9953 -0.0000
vn 0.2064 -0.9785 -0.0000
vn 0.3305 -0.9438 -0.0000
vn 0.4639 -0.8859 -0.0000
vn 0.5981 -0.8014 -0.0000
vn 0.4640 -0.8859 -0.0000
vn 0.7217 -0.6922 -0.0000
vn 0.8243 -0.5661 -0.0000
vn 0.9009 -0.4341 -0.0000
vn 0.9519 -0.3065 -0.0000
vn 0.9009 -0.4340 -0.0000
vn 0.9817 -0.1905 -0.0000
vn 0.9961 -0.0888 -0.0000
vn 0.9817 -0.1904 -0.0000
vn 1.0000 0.0012 -0.0000
vn 0.9957 0.0929 -0.0000
vn 0.9804 0.1968 -0.0000
vn 0.9502 0.3118 -0.0000
vn 0.9010 0.4339 -0.0000
vn 0.8307 0.5567 -0.0000
vn 0.7406 0.6720 -0.0000
vn 0.8308 0.5566 -0.0000
vn 0.6354 0.7722 -0.0000
vn 0.7406 0.6719 -0.0000
vn 0.5227 0.8525 -0.0000
vn 0.4101 0.9121 -0.0000
vn 0.3036 0.9528 -0.0000
vn 0.4100 0.9121 -0.0000
vn 0.2068 0.9784 -0.0000
vn 0.7241 0.6897 -0.0000
vn 0.9999 0.0126 -0.0000
vn 0.7241 0.6896 -0.0000
vn 0.9987 0.0519 -0.0000
vn 0.9943 0.1068 -0.0000
vn 0.9863 0.1648 -0.0000
vn 0.9943 0.1067 -0.0000
vn 0.9742 0.2258 -0.0000
vn 0.9573 0.2891 -0.0000
vn 0.9353 0.3539 -0.0000
vn 0.9078 0.4194 -0.0000
vn 0.8748 0.4845 -0.0000
vn 0.8365 0.5479 -0.0000
vn 0.8748 0.4844 -0.0000
vn 0.7934 0.6087 -0.0000
vn 0.7461 0.6658 -0.0000
vn 0.7016 0.7125 -0.0000
vn 0.6550 0.7556 -0.0000
vn 0.5989 0.8009 -0.0000
vn 0.5392 0.8422 -0.0000
vn 0.4771 0.8789 -0.0000
vn 0.4134 0.9106 -0.0000
vn 0.4770 0.8789 -0.0000
vn 0.3492 0.9370 -0.0000
vn 0.2856 0.9584 -0.0000
vn 0.2234 0.9747 -0.0000
vn 0.1633 0.9866 -0.0000
vn 0.1059 0.9944 -0.0000
vn 0.0516 0.9987 -0.0000
vn -0.0034 1.0000 -0.0000
vn -0.0662 0.9978 -0.0000
vn -0.1377 0.9905 -0.0000
vn -0.2150 0.9766 -0.0000
vn -0.2973 0.9548 -0.0000
vn -0.3829 0.9238 -0.0000
vn -0.4697 0.8828 -0.0000
vn -0.5552 0.8317 -0.0000
vn -0.6364 0.7713 -0.0000
vn -0.7109 0.7033 -0.0000
vn -0.7767 0.6299 -0.0000
vn -0.8327 0.5538 -0.0000
vn -0.8708 0.4916 -0.0000
vn -0.8944 0.4472 -0.0000
vn -0.9143 0.4051 -0.0000
vn -0.9320 0.3625 -0.0000
vn -0.9475 0.3197 -0.0000
vn -0.9608 0.2771 -0.0000
vn -0.9720 0.2348 -0.0000
vn -0.9609 0.2771 -0.0000
vn -0.9812 0.1931 -0.0000
vn -0.9721 0.2348 -0.0000
vn -0.9883 0.1522 -0.0000
vn -0.9937 0.1124 -0.0000
vn -0.9973 0.0737 -0.0000
vn -0.9937 0.1123 -0.0000
vn -0.9993 0.0362 -0.0000
vn -0.9973 0.0736 -0.0000
vn -1.0000 0.0089 -0.0000
vn -0.6787 0.7344 -0.0000
vn 0.0753 0.9972 -0.0000
vn 0.0760 0.9971 -0.0000
vn 0.0829 0.9966 -0.0000
vn 0.0852 0.9964 -0.0000
vn 0.0839 0.9965 -0.0000
vn 0.0808 0.9967 -0.0000
vn 0.0786 0.9969 -0.0000
vn 0.0725 0.9974 -0.0000
vn 0.0678 0.9977 -0.0000
vn 0.0611 0.9981 -0.0000
vn 0.0508 0.9987 -0.0000
vn 0.0328 0.9995 -0.0000
vn -0.0048 1.0000 -0.0000
vn -0.0628 0.9980 -0.0000
vn -0.1280 0.9918 -0.0000
vn -0.1953 0.9807 -0.0000
vn -0.2640 0.9645 -0.0000
vn -0.3328 0.9430 -0.0000
vn -0.4008 0.9161 -0.0000
vn -0.4669 0.8843 -0.0000
vn -0.5299 0.8481 -0.0000
vn -0.5890 0.8082 -0.0000
vn -0.6435 0.7654 -0.0000
vn -0.6932 0.7208 -0.0000
vn -0.7341 0.6790 -0.0000
vn -0.7735 0.6338 -0.0000
vn -0.8150 0.5794 -0.0000
vn -0.8530 0.5219 -0.0000
vn -0.8868 0.4621 -0.0000
vn -0.9161 0.4010 -0.0000
vn -0.8868 0.4622 -0.0000
vn -0.9407 0.3393 -0.0000
vn -0.9606 0.2781 -0.0000
vn -0.9759 0.2180 -0.0000
vn -0.9872 0.1598 -0.0000
vn -0.9946 0.1038 -0.0000
vn -0.9987 0.0506 -0.0000
vn -1.0000 -0.0075 -0.0000
vn -0.9965 -0.0840 -0.0000
vn -0.9839 -0.1789 -0.0000
vn -0.9582 -0.2860 -0.0000
vn -0.9153 -0.4028 -0.0000
vn -0.8515 -0.5243 -0.0000
vn -0.7658 -0.6431 -0.0000
vn -0.8515 -0.5244 -0.0000
vn -0.6610 -0.7504 -0.0000
vn -0.5439 -0.8392 -0.0000
vn -0.4229 -0.9062 -0.0000
vn -0.3058 -0.9521 -0.0000
vn -0.1981 -0.9802 -0.0000
vn -0.1210 -0.9927 -0.0000
vn -0.0899 -0.9959 -0.0000
vn -0.0818 -0.9966 -0.0000
vn -0.0770 -0.9970 -0.0000
vn -0.0738 -0.9973 -0.0000
vn -0.0715 -0.9974 -0.0000
vn -0.0698 -0.9976 -0.0000
vn -0.0684 -0.9977 -0.0000
vn -0.0674 -0.9977 -0.0000
vn -0.0665 -0.9978 -0.0000
vn -0.0658 -0.9978 -0.0000
vn -0.0651 -0.9979 -0.0000
vn -0.7324 -0.6809 -0.0000
vn -1.0000 0.0080 -0.0000
vn -1.0000 0.0082 -0.0000
vn -1.0000 0.0085 -0.0000
vn -1.0000 0.0088 -0.0000
vn -1.0000 0.0092 -0.0000
vn -1.0000 0.0097 -0.0000
vn -0.9999 0.0103 -0.0000
vn -0.9999 0.0111 -0.0000
vn -0.9999 0.0122 -0.0000
vn -0.9999 0.0136 -0.0000
vn -0.9999 0.0158 -0.0000
vn -0.9998 0.0177 -0.0000
vn -0.9999 0.0159 -0.0000
vn -0.9998 0.0178 -0.0000
vn -0.9999 0.0171 -0.0000
vn -0.9999 0.0164 -0.0000
vn -0.9999 0.0155 -0.0000
vn -0.9999 0.0146 -0.0000
vn -0.9999 0.0134 -0.0000
vn -0.9999 0.0121 -0.0000
vn -0.9999 0.0106 -0.0000
vn -1.0000 0.0087 -0.0000
vn -1.0000 0.0064 -0.0000
vn -1.0000 0.0035 -0.0000
vn -1.0000 -0.0076 -0.0000
vn -0.9994 -0.0351 -0.0000
vn -0.9974 -0.0723 -0.0000
vn -0.9937 -0.1120 -0.0000
vn -0.9880 -0.1541 -0.0000
vn -0.9800 -0.1988 -0.0000
vn -0.9693 -0.2458 -0.0000
vn -0.9555 -0.2950 -0.0000
vn -0.9381 -0.3462 -0.0000
vn -0.9169 -0.3990 -0.0000
vn -0.8916 -0.4529 -0.0000
vn -0.8618 -0.5072 -0.0000
vn -0.8302 -0.5574 -0.0000
vn -0.7949 -0.6067 -0.0000
vn -0.7514 -0.6598 -0.0000
vn -0.7006 -0.7135 -0.0000
vn -0.6422 -0.7666 -0.0000
vn -0.5761 -0.8174 -0.0000
vn -0.5028 -0.8644 -0.0000
vn -0.4235 -0.9059 -0.0000
vn -0.3397 -0.9405 -0.0000
vn -0.2534 -0.9674 -0.0000
vn -0.1669 -0.9860 -0.0000
vn -0.0062 -1.0000 -0.0000
vn 0.0551 -0.9985 -0.0000
vn 0.1084 -0.9941 -0.0000
vn 0.1593 -0.9872 -0.0000
vn 0.2077 -0.9782 -0.0000
vn 0.2533 -0.9674 -0.0000
vn 0.2961 -0.9552 -0.0000
vn 0.3362 -0.9418 -0.0000
vn 0.3735 -0.9276 -0.0000
vn 0.4082 -0.9129 -0.0000
vn 0.4404 -0.8978 -0.0000
vn 0.4703 -0.8825 -0.0000
vn 0.4405 -0.8978 -0.0000
vn 0.4924 -0.8704 -0.0000
vn 0.5021 -0.8648 -0.0000
vn 0.5061 -0.8625 -0.0000
vn 0.5101 -0.8601 -0.0000
vn 0.5142 -0.8577 -0.0000
vn 0.5183 -0.8552 -0.0000
vn 0.5226 -0.8526 -0.0000
vn 0.5269 -0.8499 -0.0000
vn 0.5313 -0.8472 -0.0000
vn 0.5357 -0.8444 -0.0000
vn 0.5403 -0.8415 -0.0000
vn 0.5449 -0.8385 -0.0000
vn 0.5565 -0.8308 -0.0000
vn 0.5887 -0.8083 -0.0000
vn 0.6357 -0.7719 -0.0000
vn 0.6848 -0.7287 -0.0000
vn 0.7354 -0.6777 -0.0000
vn 0.7861 -0.6180 -0.0000
vn 0.8356 -0.5494 -0.0000
vn 0.7861 -0.6181 -0.0000
vn 0.8818 -0.4717 -0.0000
vn 0.9226 -0.3857 -0.0000
vn 0.9561 -0.2931 -0.0000
vn 0.9806 -0.1962 -0.0000
vn 0.9952 -0.0977 -0.0000
vn 0.9999 -0.0123 -0.0000
vn 0.9989 0.0471 -0.0000
vn 0.9957 0.0932 -0.0000
vn 0.9956 0.0932 -0.0000
vn 0.9834 0.1814 -0.0000
vn 0.9748 0.2230 -0.0000
vn 0.9648 0.2629 -0.0000
vn 0.9748 0.2231 -0.0000
vn 0.9536 0.3010 -0.0000
vn 0.9415 0.3371 -0.0000
vn 0.9537 0.3009 -0.0000
vn 0.9285 0.3712 -0.0000
vn 0.9415 0.3370 -0.0000
vn 0.9150 0.4035 -0.0000
vn 0.9010 0.4338 -0.0000
vn 0.9150 0.4034 -0.0000
vn 0.8806 0.4739 -0.0000
vn 0.8449 0.5349 -0.0000
vn 0.7950 0.6066 -0.0000
vn 0.7353 0.6777 -0.0000
vn 0.6661 0.7459 -0.0000
vn 0.5883 0.8086 -0.0000
vn 0.5040 0.8637 -0.0000
vn 0.4157 0.9095 -0.0000
vn 0.3261 0.9453 -0.0000
vn 0.4156 0.9095 -0.0000
vn 0.2379 0.9713 -0.0000
vn 0.1534 0.9882 -0.0000
vn 0.0741 0.9973 -0.0000
vn 0.0063 1.0000 -0.0000
vn -0.0452 0.9990 -0.0000
vn -0.0877 0.9961 -0.0000
vn -0.1273 0.9919 -0.0000
vn -0.1641 0.9864 -0.0000
vn -0.1982 0.9802 -0.0000
vn -0.2298 0.9732 -0.0000
vn -0.2590 0.9659 -0.0000
vn -0.2861 0.9582 -0.0000
vn -0.3112 0.9503 -0.0000
vn -0.3561 0.9344 -0.0000
vn -0.3646 0.9312 -0.0000
vn -0.3601 0.9329 -0.0000
vn -0.3545 0.9351 -0.0000
vn -0.3478 0.9376 -0.0000
vn -0.3399 0.9405 -0.0000
vn -0.3301 0.9440 -0.0000
vn -0.3178 0.9482 -0.0000
vn -0.3019 0.9534 -0.0000
vn -0.3177 0.9482 -0.0000
vn -0.2805 0.9598 -0.0000
vn -0.2505 0.9681 -0.0000
vn -0.2051 0.9787 -0.0000
vn -0.1290 0.9916 -0.0000
vn 0.0191 0.9998 -0.0000
vn 0.2434 0.9699 -0.0000
vn 0.4786 0.8781 -0.0000
vn 0.6708 0.7416 -0.0000
vn 0.8046 0.5938 -0.0000
vn 0.8885 0.4589 -0.0000
vn 0.8047 0.5937 -0.0000
vn 0.9382 0.3460 -0.0000
vn 0.9670 0.2547 -0.0000
vn 0.9834 0.1813 -0.0000
vn 0.9670 0.2546 -0.0000
vn 0.9925 0.1221 -0.0000
vn 0.9973 0.0738 -0.0000
vn 0.9994 0.0340 -0.0000
vn 1.0000 0.0038 -0.0000
vn 0.9999 -0.0125 -0.0000
vn 1.0000 0.0039 -0.0000
vn 0.9998 -0.0190 -0.0000
vn 0.9997 -0.0226 -0.0000
vn 0.9998 -0.0188 -0.0000
vn 0.9997 -0.0250 -0.0000
vn 0.9997 -0.0225 -0.0000
vn 0.9996 -0.0266 -0.0000
vn 0.9997 -0.0248 -0.0000
vn 0.9996 -0.0278 -0.0000
vn 0.9996 -0.0265 -0.0000
vn 0.9996 -0.0287 -0.0000
vn 0.9996 -0.0277 -0.0000
vn 0.9996 -0.0294 -0.0000
vn 0.9996 -0.0286 -0.0000
vn 0.9995 -0.0300 -0.0000
vn 0.9995 -0.0305 -0.0000
vn 0.9996 -0.0299 -0.0000
vn 0.9995 -0.0309 -0.0000
vn 0.9995 -0.0320 -0.0000
vn 0.9996 -0.0284 -0.0000
vn 0.9998 -0.0212 -0.0000
vn 0.9999 -0.0166 -0.0000
vn 0.9999 -0.0134 -0.0000
vn 0.9999 -0.0110 -0.0000
vn 1.0000 -0.0092 -0.0000
vn 1.0000 -0.0078 -0.0000
vn 1.0000 -0.0066 -0.0000
vn 1.0000 -0.0057 -0.0000
vn 1.0000 -0.0067 -0.0000
vn 1.0000 -0.0049 -0.0000
vn 1.0000 -0.0042 -0.0000
vn 1.0000 -0.0031 -0.0000
vn 1.0000 -0.0040 -0.0000
vn 1.0000 -0.0086 -0.0000
vn 1.0000 -0.0099 -0.0000
vn 0.9999 -0.0118 -0.0000
vn 0.9999 -0.0124 -0.0000
vn 0.9999 -0.0130 -0.0000
vn 0.9999 -0.0138 -0.0000
vn 0.9999 -0.0141 -0.0000
vn 0.6742 -0.7386 -0.0000
vn -0.0675 -0.9977 -0.0000
vn -0.0663 -0.9978 -0.0000
vn -0.0661 -0.9978 -0.0000
vn -0.0659 -0.9978 -0.0000
vn -0.0656 -0.9978 -0.0000
vn -0.0652 -0.9979 -0.0000
vn -0.0647 -0.9979 -0.0000
vn -0.0640 -0.9980 -0.0000
vn -0.0627 -0.9980 -0.0000
vn -0.0602 -0.9982 -0.0000
vn -0.0522 -0.9986 -0.0000
vn -0.0097 -1.0000 -0.0000
vn 0.0541 -0.9985 -0.0000
vn 0.1112 -0.9938 -0.0000
vn 0.1715 -0.9852 -0.0000
vn 0.2346 -0.9721 -0.0000
vn 0.2996 -0.9541 -0.0000
vn 0.3659 -0.9306 -0.0000
vn 0.4324 -0.9017 -0.0000
vn 0.4978 -0.8673 -0.0000
vn 0.5612 -0.8277 -0.0000
vn 0.6214 -0.7835 -0.0000
vn 0.6774 -0.7356 -0.0000
vn 0.7245 -0.6892 -0.0000
vn 0.7692 -0.6390 -0.0000
vn 0.8150 -0.5794 -0.0000
vn 0.8558 -0.5173 -0.0000
vn 0.8911 -0.4537 -0.0000
vn 0.9209 -0.3899 -0.0000
vn 0.8912 -0.4537 -0.0000
vn 0.9451 -0.3267 -0.0000
vn 0.9209 -0.3898 -0.0000
vn 0.9642 -0.2652 -0.0000
vn 0.9785 -0.2061 -0.0000
vn 0.9887 -0.1498 -0.0000
vn 0.9953 -0.0967 -0.0000
vn 0.9989 -0.0469 -0.0000
vn 1.0000 0.0049 -0.0000
vn 0.9977 0.0683 -0.0000
vn 0.9897 0.1434 -0.0000
vn 0.9741 0.2262 -0.0000
vn 0.9488 0.3158 -0.0000
vn 0.9119 0.4105 -0.0000
vn 0.8618 0.5073 -0.0000
vn 0.7983 0.6023 -0.0000
vn 0.7225 0.6914 -0.0000
vn 0.7982 0.6023 -0.0000
vn 0.6371 0.7708 -0.0000
vn 0.5461 0.8377 -0.0000
vn 0.4534 0.8913 -0.0000
vn 0.3716 0.9284 -0.0000
vn 0.3109 0.9504 -0.0000
vn 0.2645 0.9644 -0.0000
vn 0.2250 0.9744 -0.0000
vn 0.1912 0.9815 -0.0000
vn 0.1620 0.9868 -0.0000
vn 0.1366 0.9906 -0.0000
vn 0.1144 0.9934 -0.0000
vn 0.0947 0.9955 -0.0000
vn 0.0773 0.9970 -0.0000
vn 0.0618 0.9981 -0.0000
vn 0.0478 0.9989 -0.0000
vn 0.0422 0.9991 -0.0000
vn 0.0458 0.9990 -0.0000
vn 0.0501 0.9987 -0.0000
vn 0.0533 0.9986 -0.0000
vn 0.0557 0.9984 -0.0000
vn 0.0576 0.9983 -0.0000
vn 0.0592 0.9982 -0.0000
vn 0.0605 0.9982 -0.0000
vn 0.0616 0.9981 -0.0000
vn 0.0625 0.9980 -0.0000
vn 0.0633 0.9980 -0.0000
vn 0.0640 0.9979 -0.0000
vn 0.8878 0.4602 -0.0000
vn 0.9059 0.4234 -0.0000
vn 0.8540 0.5203 -0.0000
vn 0.8114 0.5844 -0.0000
vn 0.8540 0.5202 -0.0000
vn 0.7586 0.6516 -0.0000
vn 0.6940 0.7199 -0.0000
vn 0.6171 0.7868 -0.0000
vn 0.5283 0.8491 -0.0000
vn 0.6172 0.7868 -0.0000
vn 0.4291 0.9033 -0.0000
vn 0.3226 0.9465 -0.0000
vn 0.2130 0.9770 -0.0000
vn 0.1046 0.9945 -0.0000
vn 0.0154 0.9999 -0.0000
vn -0.0408 0.9992 -0.0000
vn -0.0822 0.9966 -0.0000
vn -0.1241 0.9923 -0.0000
vn -0.1664 0.9861 -0.0000
vn -0.2087 0.9780 -0.0000
vn -0.2510 0.9680 -0.0000
vn -0.2928 0.9562 -0.0000
vn -0.3340 0.9426 -0.0000
vn -0.3744 0.9273 -0.0000
vn -0.3341 0.9426 -0.0000
vn -0.4137 0.9104 -0.0000
vn -0.4518 0.8921 -0.0000
vn -0.4987 0.8667 -0.0000
vn -0.5615 0.8275 -0.0000
vn -0.4988 0.8667 -0.0000
vn -0.6305 0.7762 -0.0000
vn -0.6984 0.7157 -0.0000
vn -0.7629 0.6466 -0.0000
vn -0.8218 0.5698 -0.0000
vn -0.8732 0.4874 -0.0000
vn -0.9158 0.4016 -0.0000
vn -0.9491 0.3150 -0.0000
vn -0.9732 0.2300 -0.0000
vn -0.9889 0.1484 -0.0000
vn -0.9732 0.2299 -0.0000
vn -0.9974 0.0717 -0.0000
vn -1.0000 0.0013 -0.0000
vn -0.9982 -0.0603 -0.0000
vn -0.9937 -0.1122 -0.0000
vn -0.9877 -0.1563 -0.0000
vn -0.9937 -0.1123 -0.0000
vn -0.9810 -0.1938 -0.0000
vn -0.9672 -0.2541 -0.0000
vn -0.9604 -0.2785 -0.0000
vn -0.9540 -0.2999 -0.0000
vn -0.9478 -0.3188 -0.0000
vn -0.9420 -0.3357 -0.0000
vn -0.9365 -0.3507 -0.0000
vn -0.9316 -0.3635 -0.0000
vn -0.9253 -0.3793 -0.0000
vn -0.9316 -0.3636 -0.0000
vn -0.9166 -0.3998 -0.0000
vn -0.9069 -0.4214 -0.0000
vn -0.8959 -0.4442 -0.0000
vn -0.8836 -0.4683 -0.0000
vn -0.8697 -0.4936 -0.0000
vn -0.8540 -0.5202 -0.0000
vn -0.8364 -0.5482 -0.0000
vn -0.8165 -0.5773 -0.0000
vn -0.7941 -0.6077 -0.0000
vn -0.7690 -0.6393 -0.0000
vn -0.7941 -0.6078 -0.0000
vn -0.7422 -0.6702 -0.0000
vn -0.7096 -0.7046 -0.0000
vn -0.6687 -0.7435 -0.0000
vn -0.6225 -0.7826 -0.0000
vn -0.5707 -0.8212 -0.0000
vn -0.5131 -0.8583 -0.0000
vn -0.4501 -0.8930 -0.0000
vn -0.3819 -0.9242 -0.0000
vn -0.3094 -0.9509 -0.0000
vn -0.2336 -0.9723 -0.0000
vn -0.1559 -0.9878 -0.0000
vn -0.0776 -0.9970 -0.0000
vn -0.0061 -1.0000 -0.0000
vn 0.0531 -0.9986 -0.0000
vn 0.1071 -0.9943 -0.0000
vn 0.1616 -0.9869 -0.0000
vn 0.2161 -0.9764 -0.0000
vn 0.2702 -0.9628 -0.0000
vn 0.3233 -0.9463 -0.0000
vn 0.3751 -0.9270 -0.0000
vn 0.3234 -0.9463 -0.0000
vn 0.4249 -0.9052 -0.0000
vn 0.4726 -0.8813 -0.0000
vn 0.5177 -0.8556 -0.0000
vn 0.5602 -0.8284 -0.0000
vn 0.6017 -0.7987 -0.0000
vn 0.6482 -0.7615 -0.0000
vn 0.6990 -0.7151 -0.0000
vn 0.7494 -0.6621 -0.0000
vn 0.7981 -0.6025 -0.0000
vn 0.8438 -0.5366 -0.0000
vn 0.9210 -0.3895 -0.0000
vn 0.9505 -0.3109 -0.0000
vn 0.9729 -0.2311 -0.0000
vn 0.9884 -0.1518 -0.0000
vn 0.9972 -0.0745 -0.0000
vn 1.0000 0.0040 -0.0000
vn 0.9962 0.0870 -0.0000
vn 0.9857 0.1688 -0.0000
vn 0.9698 0.2440 -0.0000
vn 0.9501 0.3121 -0.0000
vn 0.9698 0.2439 -0.0000
vn 0.9278 0.3731 -0.0000
vn 0.9501 0.3120 -0.0000
vn 0.8796 0.4757 -0.0000
vn 0.8552 0.5183 -0.0000
vn 0.8313 0.5559 -0.0000
vn 0.8552 0.5182 -0.0000
vn 0.8081 0.5891 -0.0000
vn 0.7858 0.6185 -0.0000
vn 0.7716 0.6361 -0.0000
vn 0.7768 0.6297 -0.0000
vn 0.7932 0.6089 -0.0000
vn 0.8088 0.5881 -0.0000
vn 0.8374 0.5466 -0.0000
vn 0.8505 0.5259 -0.0000
vn 0.8629 0.5054 -0.0000
vn 0.8745 0.4851 -0.0000
vn 0.8853 0.4650 -0.0000
vn 0.8955 0.4451 -0.0000
vn 0.8853 0.4649 -0.0000
vn 0.9050 0.4255 -0.0000
vn 0.6774 0.7356 -0.0000
vn 0.7130 0.7012 -0.0000
vn 0.6318 0.7751 -0.0000
vn 0.5816 0.8135 -0.0000
vn 0.5267 0.8500 -0.0000
vn 0.4676 0.8839 -0.0000
vn 0.5267 0.8501 -0.0000
vn 0.4048 0.9144 -0.0000
vn 0.3391 0.9408 -0.0000
vn 0.2713 0.9625 -0.0000
vn 0.2025 0.9793 -0.0000
vn 0.1338 0.9910 -0.0000
vn 0.0661 0.9978 -0.0000
vn -0.0384 0.9993 -0.0000
vn -0.2006 0.9797 -0.0000
vn -0.3582 0.9337 -0.0000
vn -0.4736 0.8807 -0.0000
vn -0.5575 0.8301 -0.0000
vn -0.6194 0.7851 -0.0000
vn -0.6659 0.7461 -0.0000
vn -0.7016 0.7126 -0.0000
vn -0.7297 0.6838 -0.0000
vn -0.7705 0.6375 -0.0000
vn -0.8007 0.5991 -0.0000
vn -0.8153 0.5791 -0.0000
vn -0.8289 0.5594 -0.0000
vn -0.8437 0.5368 -0.0000
vn -0.8599 0.5105 -0.0000
vn -0.8775 0.4796 -0.0000
vn -0.8965 0.4431 -0.0000
vn -0.9167 0.3995 -0.0000
vn -0.9378 0.3470 -0.0000
vn -0.9590 0.2834 -0.0000
vn -0.9786 0.2058 -0.0000
vn -0.9938 0.1113 -0.0000
vn -0.9971 -0.0759 -0.0000
vn -0.9879 -0.1549 -0.0000
vn -0.9717 -0.2361 -0.0000
vn -0.9481 -0.3180 -0.0000
vn -0.9171 -0.3987 -0.0000
vn -0.8792 -0.4764 -0.0000
vn -0.8355 -0.5494 -0.0000
vn -0.7873 -0.6165 -0.0000
vn -0.7361 -0.6769 -0.0000
vn -0.6832 -0.7302 -0.0000
vn -0.6301 -0.7766 -0.0000
vn -0.5816 -0.8135 -0.0000
vn -0.6301 -0.7765 -0.0000
vn -0.5423 -0.8402 -0.0000
vn -0.5061 -0.8625 -0.0000
vn -0.4669 -0.8843 -0.0000
vn -0.4249 -0.9052 -0.0000
vn -0.3799 -0.9250 -0.0000
vn -0.3320 -0.9433 -0.0000
vn -0.2815 -0.9596 -0.0000
vn -0.2285 -0.9736 -0.0000
vn -0.1733 -0.9849 -0.0000
vn -0.1165 -0.9932 -0.0000
vn -0.0586 -0.9983 -0.0000
vn 0.0138 -0.9999 -0.0000
vn 0.1160 -0.9933 -0.0000
vn 0.2347 -0.9721 -0.0000
vn 0.3521 -0.9360 -0.0000
vn 0.4630 -0.8864 -0.0000
vn 0.5631 -0.8264 -0.0000
vn 0.6499 -0.7600 -0.0000
vn 0.7228 -0.6911 -0.0000
vn 0.7824 -0.6228 -0.0000
vn 0.8302 -0.5575 -0.0000
vn 0.8680 -0.4965 -0.0000
vn 0.8978 -0.4403 -0.0000
vn 0.9145 -0.4046 -0.0000
vn 0.9148 -0.4038 -0.0000
vn 0.9077 -0.4197 -0.0000
vn 0.9002 -0.4355 -0.0000
vn 0.8924 -0.4513 -0.0000
vn 0.8843 -0.4669 -0.0000
vn 0.8759 -0.4824 -0.0000
vn 0.8673 -0.4978 -0.0000
vn 0.8584 -0.5130 -0.0000
vn 0.8492 -0.5281 -0.0000
vn 0.8398 -0.5429 -0.0000
vn 0.8301 -0.5576 -0.0000
vn 0.8257 -0.5641 -0.0000
vn 0.8355 -0.5496 -0.0000
vn 0.8538 -0.5206 -0.0000
vn 0.8354 -0.5496 -0.0000
vn 0.8726 -0.4884 -0.0000
vn 0.8917 -0.4526 -0.0000
vn 0.9108 -0.4129 -0.0000
vn 0.8917 -0.4527 -0.0000
vn 0.9295 -0.3689 -0.0000
vn 0.9474 -0.3201 -0.0000
vn 0.9639 -0.2662 -0.0000
vn 0.9783 -0.2071 -0.0000
vn 0.9897 -0.1428 -0.0000
vn 0.9973 -0.0734 -0.0000
vn 0.9898 -0.1428 -0.0000
vn 0.9980 0.0634 -0.0000
vn 1.0000 -0.0032 -0.0000
vn 0.9980 0.0633 -0.0000
vn 0.9809 0.1947 -0.0000
vn 0.9653 0.2613 -0.0000
vn 0.9809 0.1946 -0.0000
vn 0.9449 0.3273 -0.0000
vn 0.9201 0.3918 -0.0000
vn 0.8911 0.4538 -0.0000
vn 0.9200 0.3918 -0.0000
vn 0.8586 0.5127 -0.0000
vn 0.8232 0.5677 -0.0000
vn 0.7469 0.6649 -0.0000
vn 0.9957 0.0925 -0.0000
vn 1.0000 0.0029 -0.0000
vn 0.9801 0.1983 -0.0000
vn 0.9480 0.3183 -0.0000
vn 0.8936 0.4489 -0.0000
vn 0.8131 0.5821 -0.0000
vn 0.7071 0.7071 -0.0000
vn 0.5821 0.8131 -0.0000
vn 0.4489 0.8936 -0.0000
vn 0.3183 0.9480 -0.0000
vn 0.1983 0.9801 -0.0000
vn 0.0925 0.9957 -0.0000
vn -0.0172 0.9999 -0.0000
vn -0.1441 0.9896 -0.0000
vn -0.2619 0.9651 -0.0000
vn -0.3538 0.9353 -0.0000
vn -0.4256 0.9049 -0.0000
vn -0.4822 0.8760 -0.0000
vn -0.5274 0.8496 -0.0000
vn -0.5639 0.8258 -0.0000
vn -0.5939 0.8045 -0.0000
vn -0.6189 0.7855 -0.0000
vn -0.6398 0.7685 -0.0000
vn -0.6577 0.7533 -0.0000
vn -0.6749 0.7379 -0.0000
vn -0.6936 0.7204 -0.0000
vn -0.7141 0.7000 -0.0000
vn -0.7370 0.6759 -0.0000
vn -0.7624 0.6471 -0.0000
vn -0.7906 0.6124 -0.0000
vn -0.8217 0.5699 -0.0000
vn -0.8556 0.5176 -0.0000
vn -0.8918 0.4525 -0.0000
vn -0.9286 0.3712 -0.0000
vn -0.9629 0.2699 -0.0000
vn -0.9894 0.1454 -0.0000
vn -0.9998 0.0201 -0.0000
vn -0.9972 -0.0745 -0.0000
vn -0.9885 -0.1510 -0.0000
vn -0.9736 -0.2284 -0.0000
vn -0.9522 -0.3054 -0.0000
vn -0.9248 -0.3805 -0.0000
vn -0.8919 -0.4523 -0.0000
vn -0.8544 -0.5197 -0.0000
vn -0.8134 -0.5817 -0.0000
vn -0.7701 -0.6380 -0.0000
vn -0.7255 -0.6883 -0.0000
vn -0.6805 -0.7327 -0.0000
vn -0.6352 -0.7724 -0.0000
vn -0.5912 -0.8066 -0.0000
vn -0.5476 -0.8367 -0.0000
vn -0.5009 -0.8655 -0.0000
vn -0.4512 -0.8924 -0.0000
vn -0.3988 -0.9170 -0.0000
vn -0.3442 -0.9389 -0.0000
vn -0.2878 -0.9577 -0.0000
vn -0.2302 -0.9731 -0.0000
vn -0.1721 -0.9851 -0.0000
vn -0.1140 -0.9935 -0.0000
vn -0.0565 -0.9984 -0.0000
vn 0.0098 -1.0000 -0.0000
vn 0.0966 -0.9953 -0.0000
vn 0.1948 -0.9808 -0.0000
vn 0.2924 -0.9563 -0.0000
vn 0.3864 -0.9223 -0.0000
vn 0.4743 -0.8804 -0.0000
vn 0.5541 -0.8324 -0.0000
vn 0.6249 -0.7807 -0.0000
vn 0.6864 -0.7272 -0.0000
vn 0.7390 -0.6738 -0.0000
vn 0.7833 -0.6216 -0.0000
vn 0.8204 -0.5718 -0.0000
vn 0.8418 -0.5397 -0.0000
vn 0.8419 -0.5397 -0.0000
vn 0.8320 -0.5547 -0.0000
vn 0.8220 -0.5696 -0.0000
vn 0.8116 -0.5842 -0.0000
vn 0.8220 -0.5695 -0.0000
vn 0.8009 -0.5987 -0.0000
vn 0.7900 -0.6130 -0.0000
vn 0.7789 -0.6271 -0.0000
vn 0.7901 -0.6130 -0.0000
vn 0.7675 -0.6410 -0.0000
vn 0.7559 -0.6547 -0.0000
vn 0.7441 -0.6681 -0.0000
vn 0.7321 -0.6812 -0.0000
vn 0.7305 -0.6829 -0.0000
vn 0.7510 -0.6603 -0.0000
vn 0.7829 -0.6222 -0.0000
vn 0.8149 -0.5796 -0.0000
vn 0.8466 -0.5322 -0.0000
vn 0.8774 -0.4798 -0.0000
vn 0.9064 -0.4225 -0.0000
vn 0.9328 -0.3604 -0.0000
vn 0.9559 -0.2938 -0.0000
vn 0.9747 -0.2235 -0.0000
vn 0.9886 -0.1503 -0.0000
vn 0.9972 -0.0754 -0.0000
vn 0.9971 -0.0755 -0.0000
vn 0.6756 0.7373 -0.0000
vn 0.6184 0.7859 -0.0000
vn 0.5572 0.8303 -0.0000
vn 0.4931 0.8700 -0.0000
vn 0.5572 0.8304 -0.0000
vn 0.4272 0.9041 -0.0000
vn 0.3607 0.9327 -0.0000
vn 0.4272 0.9042 -0.0000
vn 0.2947 0.9556 -0.0000
vn 0.2302 0.9731 -0.0000
vn 0.1680 0.9858 -0.0000
vn 0.1088 0.9941 -0.0000
vn 0.0529 0.9986 -0.0000
vn -0.0189 0.9998 -0.0000
vn -0.1197 0.9928 -0.0000
vn -0.2222 0.9750 -0.0000
vn -0.3068 0.9518 -0.0000
vn -0.3762 0.9265 -0.0000
vn -0.4333 0.9012 -0.0000
vn -0.4805 0.8770 -0.0000
vn -0.5198 0.8543 -0.0000
vn -0.5528 0.8333 -0.0000
vn -0.5808 0.8140 -0.0000
vn -0.6047 0.7964 -0.0000
vn -0.6254 0.7803 -0.0000
vn -0.6443 0.7648 -0.0000
vn -0.6659 0.7460 -0.0000
vn -0.6915 0.7223 -0.0000
vn -0.7196 0.6944 -0.0000
vn -0.7504 0.6610 -0.0000
vn -0.7839 0.6209 -0.0000
vn -0.8199 0.5725 -0.0000
vn -0.8580 0.5137 -0.0000
vn -0.8968 0.4424 -0.0000
vn -0.9344 0.3562 -0.0000
vn -0.9674 0.2533 -0.0000
vn -0.9911 0.1335 -0.0000
vn -0.9998 0.0184 -0.0000
vn -0.9978 -0.0667 -0.0000
vn -0.9906 -0.1367 -0.0000
vn -0.9777 -0.2100 -0.0000
vn -0.9584 -0.2853 -0.0000
vn -0.9324 -0.3614 -0.0000
vn -0.8996 -0.4367 -0.0000
vn -0.8604 -0.5096 -0.0000
vn -0.8156 -0.5786 -0.0000
vn -0.7663 -0.6425 -0.0000
vn -0.7137 -0.7004 -0.0000
vn -0.6593 -0.7519 -0.0000
vn -0.6058 -0.7956 -0.0000
vn -0.5585 -0.8295 -0.0000
vn -0.5144 -0.8576 -0.0000
vn -0.4678 -0.8838 -0.0000
vn -0.4190 -0.9080 -0.0000
vn -0.3683 -0.9297 -0.0000
vn -0.3162 -0.9487 -0.0000
vn -0.2632 -0.9648 -0.0000
vn -0.2096 -0.9778 -0.0000
vn -0.1561 -0.9877 -0.0000
vn -0.1031 -0.9947 -0.0000
vn -0.0509 -0.9987 -0.0000
vn 0.0119 -0.9999 -0.0000
vn 0.0986 -0.9951 -0.0000
vn 0.1976 -0.9803 -0.0000
vn 0.2947 -0.9556 -0.0000
vn 0.3869 -0.9221 -0.0000
vn 0.4722 -0.8815 -0.0000
vn 0.5490 -0.8358 -0.0000
vn 0.6167 -0.7872 -0.0000
vn 0.6754 -0.7374 -0.0000
vn 0.7257 -0.6881 -0.0000
vn 0.7682 -0.6402 -0.0000
vn 0.8041 -0.5945 -0.0000
vn 0.8223 -0.5690 -0.0000
vn 0.8185 -0.5746 -0.0000
vn 0.8065 -0.5913 -0.0000
vn 0.7945 -0.6072 -0.0000
vn 0.7828 -0.6223 -0.0000
vn 0.7711 -0.6367 -0.0000
vn 0.7596 -0.6504 -0.0000
vn 0.7483 -0.6633 -0.0000
vn 0.7372 -0.6757 -0.0000
vn 0.7263 -0.6874 -0.0000
vn 0.7156 -0.6985 -0.0000
vn 0.7051 -0.7091 -0.0000
vn 0.7049 -0.7093 -0.0000
vn 0.7249 -0.6889 -0.0000
vn 0.7550 -0.6558 -0.0000
vn 0.7862 -0.6179 -0.0000
vn 0.8183 -0.5747 -0.0000
vn 0.8507 -0.5256 -0.0000
vn 0.8827 -0.4700 -0.0000
vn 0.9132 -0.4074 -0.0000
vn 0.9412 -0.3377 -0.0000
vn 0.9653 -0.2612 -0.0000
vn 0.9840 -0.1784 -0.0000
vn 0.9959 -0.0907 -0.0000
vn 1.0000 -0.0061 -0.0000
vn 0.9977 0.0675 -0.0000
vn 0.9908 0.1355 -0.0000
vn 0.9791 0.2034 -0.0000
vn 0.9908 0.1356 -0.0000
vn 0.9628 0.2701 -0.0000
vn 0.9423 0.3348 -0.0000
vn 0.9628 0.2702 -0.0000
vn 0.9180 0.3967 -0.0000
vn 0.8905 0.4551 -0.0000
vn 0.8605 0.5095 -0.0000
vn 0.8286 0.5598 -0.0000
vn 0.7957 0.6057 -0.0000
vn 0.7621 0.6475 -0.0000
vn 0.6998 0.7144 -0.0000
vn 0.7364 0.6765 -0.0000
vn 0.6470 0.7625 -0.0000
vn 0.5893 0.8079 -0.0000
vn 0.5273 0.8497 -0.0000
vn 0.4618 0.8870 -0.0000
vn 0.3941 0.9191 -0.0000
vn 0.4619 0.8870 -0.0000
vn 0.3251 0.9457 -0.0000
vn 0.2562 0.9666 -0.0000
vn 0.1884 0.9821 -0.0000
vn 0.1228 0.9924 -0.0000
vn 0.0599 0.9982 -0.0000
vn -0.0304 0.9995 -0.0000
vn -0.1702 0.9854 -0.0000
vn -0.3143 0.9493 -0.0000
vn -0.4289 0.9033 -0.0000
vn -0.5181 0.8553 -0.0000
vn -0.5872 0.8095 -0.0000
vn -0.6410 0.7675 -0.0000
vn -0.6834 0.7300 -0.0000
vn -0.7173 0.6968 -0.0000
vn -0.7447 0.6674 -0.0000
vn -0.7672 0.6415 -0.0000
vn -0.7858 0.6184 -0.0000
vn -0.8024 0.5967 -0.0000
vn -0.8179 0.5753 -0.0000
vn -0.8333 0.5528 -0.0000
vn -0.8498 0.5271 -0.0000
vn -0.8674 0.4976 -0.0000
vn -0.8861 0.4635 -0.0000
vn -0.9057 0.4239 -0.0000
vn -0.9260 0.3776 -0.0000
vn -0.9463 0.3234 -0.0000
vn -0.9657 0.2598 -0.0000
vn -0.9827 0.1852 -0.0000
vn -0.9952 0.0983 -0.0000
vn -0.9974 -0.0722 -0.0000
vn -0.9890 -0.1477 -0.0000
vn -0.9742 -0.2259 -0.0000
vn -0.9890 -0.1476 -0.0000
vn -0.9522 -0.3055 -0.0000
vn -0.9230 -0.3847 -0.0000
vn -0.8869 -0.4619 -0.0000
vn -0.8447 -0.5353 -0.0000
vn -0.7973 -0.6036 -0.0000
vn -0.7462 -0.6657 -0.0000
vn -0.6929 -0.7210 -0.0000
vn -0.6387 -0.7695 -0.0000
vn -0.5982 -0.8013 -0.0000
vn -0.5654 -0.8248 -0.0000
vn -0.5241 -0.8516 -0.0000
vn -0.4800 -0.8773 -0.0000
vn -0.4331 -0.9013 -0.0000
vn -0.3837 -0.9235 -0.0000
vn -0.2785 -0.9604 -0.0000
vn -0.2235 -0.9747 -0.0000
vn -0.1677 -0.9858 -0.0000
vn -0.1115 -0.9938 -0.0000
vn -0.0555 -0.9985 -0.0000
vn 0.0118 -0.9999 -0.0000
vn 0.1058 -0.9944 -0.0000
vn 0.2178 -0.9760 -0.0000
vn 0.3333 -0.9428 -0.0000
vn 0.4472 -0.8944 -0.0000
vn 0.5543 -0.8323 -0.0000
vn 0.6501 -0.7598 -0.0000
vn 0.7320 -0.6813 -0.0000
vn 0.7992 -0.6010 -0.0000
vn 0.8526 -0.5225 -0.0000
vn 0.7993 -0.6010 -0.0000
vn 0.8939 -0.4483 -0.0000
vn 0.9251 -0.3796 -0.0000
vn 0.9414 -0.3372 -0.0000
vn 0.9345 -0.3561 -0.0000
vn 0.9270 -0.3751 -0.0000
vn 0.9190 -0.3943 -0.0000
vn 0.9105 -0.4135 -0.0000
vn 0.9014 -0.4329 -0.0000
vn 0.8919 -0.4523 -0.0000
vn 0.8817 -0.4717 -0.0000
vn 0.8711 -0.4911 -0.0000
vn 0.8599 -0.5105 -0.0000
vn 0.8711 -0.4912 -0.0000
vn 0.8481 -0.5298 -0.0000
vn 0.8437 -0.5368 -0.0000
vn 0.8555 -0.5179 -0.0000
vn 0.8752 -0.4838 -0.0000
vn 0.8945 -0.4470 -0.0000
vn 0.9133 -0.4074 -0.0000
vn 0.8946 -0.4470 -0.0000
vn 0.9310 -0.3650 -0.0000
vn 0.9475 -0.3198 -0.0000
vn 0.9623 -0.2719 -0.0000
vn 0.9752 -0.2214 -0.0000
vn 0.9857 -0.1686 -0.0000
vn 0.9935 -0.1138 -0.0000
vn 0.9984 -0.0574 -0.0000
vn 1.0000 -0.0011 -0.0000
vn 0.9985 0.0542 -0.0000
vn 0.9938 0.1108 -0.0000
vn 0.9985 0.0543 -0.0000
vn 0.9855 0.1695 -0.0000
vn 0.9732 0.2300 -0.0000
vn 0.9565 0.2916 -0.0000
vn 0.9354 0.3535 -0.0000
vn 0.9099 0.4149 -0.0000
vn 0.8800 0.4749 -0.0000
vn 0.8463 0.5327 -0.0000
vn 0.8091 0.5876 -0.0000
vn 0.7692 0.6390 -0.0000
vn 0.4582 0.8888 -0.0000
vn 0.4932 0.8699 -0.0000
vn 0.4190 0.9080 -0.0000
vn 0.3786 0.9256 -0.0000
vn 0.3372 0.9414 -0.0000
vn 0.2951 0.9555 -0.0000
vn 0.2525 0.9676 -0.0000
vn 0.2096 0.9778 -0.0000
vn 0.1667 0.9860 -0.0000
vn 0.1241 0.9923 -0.0000
vn 0.0406 0.9992 -0.0000
vn -0.0113 0.9999 -0.0000
vn -0.0859 0.9963 -0.0000
vn -0.1716 0.9852 -0.0000
vn -0.2554 0.9668 -0.0000
vn -0.3355 0.9420 -0.0000
vn -0.4107 0.9118 -0.0000
vn -0.4798 0.8774 -0.0000
vn -0.5425 0.8401 -0.0000
vn -0.5985 0.8011 -0.0000
vn -0.6480 0.7616 -0.0000
vn -0.6915 0.7224 -0.0000
vn -0.7294 0.6841 -0.0000
vn -0.7603 0.6496 -0.0000
vn -0.7294 0.6840 -0.0000
vn -0.7825 0.6227 -0.0000
vn -0.8003 0.5996 -0.0000
vn -0.8177 0.5756 -0.0000
vn -0.8347 0.5508 -0.0000
vn -0.8510 0.5252 -0.0000
vn -0.8667 0.4989 -0.0000
vn -0.8817 0.4719 -0.0000
vn -0.8959 0.4443 -0.0000
vn -0.9093 0.4161 -0.0000
vn -0.9218 0.3876 -0.0000
vn -0.9335 0.3586 -0.0000
vn -0.9414 0.3373 -0.0000
vn -0.9472 0.3207 -0.0000
vn -0.9414 0.3374 -0.0000
vn -0.9539 0.3001 -0.0000
vn -0.9605 0.2782 -0.0000
vn -0.9670 0.2547 -0.0000
vn -0.9605 0.2781 -0.0000
vn -0.9733 0.2296 -0.0000
vn -0.9792 0.2028 -0.0000
vn -0.9847 0.1741 -0.0000
vn -0.9896 0.1435 -0.0000
vn -0.9847 0.1742 -0.0000
vn -0.9938 0.1109 -0.0000
vn -0.9896 0.1436 -0.0000
vn -0.9971 0.0761 -0.0000
vn -0.9992 0.0390 -0.0000
vn -1.0000 -0.0068 -0.0000
vn -0.9992 0.0391 -0.0000
vn -0.9976 -0.0694 -0.0000
vn -0.9896 -0.1439 -0.0000
vn -0.9747 -0.2236 -0.0000
vn -0.9516 -0.3075 -0.0000
vn -0.9747 -0.2237 -0.0000
vn -0.9193 -0.3936 -0.0000
vn -0.8774 -0.4797 -0.0000
vn -0.8263 -0.5632 -0.0000
vn -0.8775 -0.4797 -0.0000
vn -0.7670 -0.6416 -0.0000
vn -0.7013 -0.7128 -0.0000
vn -0.6315 -0.7753 -0.0000
vn -0.5600 -0.8285 -0.0000
vn -0.4890 -0.8723 -0.0000
vn -0.4362 -0.8999 -0.0000
vn -0.4005 -0.9163 -0.0000
vn -0.3635 -0.9316 -0.0000
vn -0.3253 -0.9456 -0.0000
vn -0.2861 -0.9582 -0.0000
vn -0.2461 -0.9692 -0.0000
vn -0.2055 -0.9787 -0.0000
vn -0.1644 -0.9864 -0.0000
vn -0.1231 -0.9924 -0.0000
vn -0.0407 -0.9992 -0.0000
vn 0.0157 -0.9999 -0.0000
vn 0.1078 -0.9942 -0.0000
vn 0.2245 -0.9745 -0.0000
vn 0.3478 -0.9376 -0.0000
vn 0.4716 -0.8818 -0.0000
vn 0.5887 -0.8084 -0.0000
vn 0.6926 -0.7213 -0.0000
vn 0.7793 -0.6267 -0.0000
vn 0.8477 -0.5306 -0.0000
vn 0.8990 -0.4379 -0.0000
vn 0.8477 -0.5305 -0.0000
vn 0.9360 -0.3519 -0.0000
vn 0.9617 -0.2740 -0.0000
vn 0.9741 -0.2262 -0.0000
vn 0.9617 -0.2741 -0.0000
vn 0.9750 -0.2221 -0.0000
vn 0.9718 -0.2359 -0.0000
vn 0.9681 -0.2504 -0.0000
vn 0.9641 -0.2654 -0.0000
vn 0.9597 -0.2810 -0.0000
vn 0.9548 -0.2973 -0.0000
vn 0.9493 -0.3142 -0.0000
vn 0.9433 -0.3318 -0.0000
vn 0.9367 -0.3501 -0.0000
vn 0.9294 -0.3692 -0.0000
vn 0.9213 -0.3889 -0.0000
vn 0.9169 -0.3992 -0.0000
vn 0.9222 -0.3868 -0.0000
vn 0.9327 -0.3605 -0.0000
vn 0.9431 -0.3326 -0.0000
vn 0.9530 -0.3030 -0.0000
vn 0.9624 -0.2716 -0.0000
vn 0.9712 -0.2383 -0.0000
vn 0.9791 -0.2032 -0.0000
vn 0.9861 -0.1661 -0.0000
vn 0.9919 -0.1272 -0.0000
vn 0.9963 -0.0865 -0.0000
vn 0.9990 -0.0440 -0.0000
vn 0.9963 -0.0864 -0.0000
vn 1.0000 0.0072 -0.0000
vn 0.9990 -0.0439 -0.0000
vn 0.9971 0.0756 -0.0000
vn 0.9877 0.1563 -0.0000
vn 0.9704 0.2416 -0.0000
vn 0.9440 0.3300 -0.0000
vn 0.9079 0.4192 -0.0000
vn 0.8623 0.5065 -0.0000
vn 0.8080 0.5892 -0.0000
vn 0.7467 0.6652 -0.0000
vn 0.6806 0.7326 -0.0000
vn 0.6121 0.7908 -0.0000
vn 0.5434 0.8395 -0.0000
vn 0.9632 0.2689 -0.0000
vn 0.9760 0.2179 -0.0000
vn 0.9364 0.3509 -0.0000
vn 0.9632 0.2688 -0.0000
vn 0.8975 0.4411 -0.0000
vn 0.8433 0.5374 -0.0000
vn 0.8975 0.4410 -0.0000
vn 0.6816 0.7318 -0.0000
vn 0.5753 0.8180 -0.0000
vn 0.4576 0.8892 -0.0000
vn 0.3353 0.9421 -0.0000
vn 0.2153 0.9766 -0.0000
vn 0.1029 0.9947 -0.0000
vn 0.0135 0.9999 -0.0000
vn -0.0447 0.9990 -0.0000
vn -0.0902 0.9959 -0.0000
vn -0.1365 0.9906 -0.0000
vn -0.1832 0.9831 -0.0000
vn -0.2300 0.9732 -0.0000
vn -0.2767 0.9610 -0.0000
vn -0.3228 0.9465 -0.0000
vn -0.3680 0.9298 -0.0000
vn -0.4121 0.9111 -0.0000
vn -0.4548 0.8906 -0.0000
vn -0.4958 0.8685 -0.0000
vn -0.5408 0.8412 -0.0000
vn -0.4958 0.8684 -0.0000
vn -0.5998 0.8002 -0.0000
vn -0.6669 0.7452 -0.0000
vn -0.7314 0.6820 -0.0000
vn -0.7913 0.6114 -0.0000
vn -0.7314 0.6819 -0.0000
vn -0.8449 0.5349 -0.0000
vn -0.8907 0.4546 -0.0000
vn -0.9280 0.3726 -0.0000
vn -0.9567 0.2911 -0.0000
vn -0.9773 0.2119 -0.0000
vn -0.9567 0.2910 -0.0000
vn -0.9906 0.1365 -0.0000
vn -0.9978 0.0660 -0.0000
vn -1.0000 0.0019 -0.0000
vn -0.9978 0.0659 -0.0000
vn -0.9987 -0.0517 -0.0000
vn -0.9956 -0.0942 -0.0000
vn -0.9917 -0.1286 -0.0000
vn -0.9876 -0.1569 -0.0000
vn -0.9836 -0.1806 -0.0000
vn -0.9797 -0.2006 -0.0000
vn -0.9760 -0.2178 -0.0000
vn -0.9726 -0.2326 -0.0000
vn -0.9694 -0.2456 -0.0000
vn -0.9664 -0.2570 -0.0000
vn -0.9637 -0.2671 -0.0000
vn -0.9585 -0.2852 -0.0000
vn -0.9456 -0.3254 -0.0000
vn -0.9251 -0.3798 -0.0000
vn -0.9004 -0.4350 -0.0000
vn -0.8714 -0.4906 -0.0000
vn -0.8380 -0.5457 -0.0000
vn -0.8003 -0.5996 -0.0000
vn -0.7587 -0.6515 -0.0000
vn -0.7136 -0.7006 -0.0000
vn -0.6656 -0.7463 -0.0000
vn -0.6155 -0.7881 -0.0000
vn -0.5640 -0.8258 -0.0000
vn -0.5202 -0.8541 -0.0000
vn -0.4951 -0.8689 -0.0000
vn -0.4794 -0.8776 -0.0000
vn -0.4613 -0.8872 -0.0000
vn -0.4403 -0.8978 -0.0000
vn -0.4156 -0.9095 -0.0000
vn -0.3864 -0.9223 -0.0000
vn -0.3512 -0.9363 -0.0000
vn -0.3082 -0.9513 -0.0000
vn -0.2552 -0.9669 -0.0000
vn -0.1886 -0.9820 -0.0000
vn -0.1042 -0.9946 -0.0000
vn -0.0086 -1.0000 -0.0000
vn 0.0812 -0.9967 -0.0000
vn 0.1662 -0.9861 -0.0000
vn 0.2543 -0.9671 -0.0000
vn 0.3433 -0.9392 -0.0000
vn 0.4307 -0.9025 -0.0000
vn 0.5143 -0.8576 -0.0000
vn 0.5919 -0.8060 -0.0000
vn 0.6620 -0.7495 -0.0000
vn 0.7237 -0.6901 -0.0000
vn 0.7768 -0.6298 -0.0000
vn 0.8216 -0.5700 -0.0000
vn 0.8572 -0.5149 -0.0000
vn 0.8806 -0.4739 -0.0000
vn 0.8970 -0.4419 -0.0000
vn 0.9131 -0.4077 -0.0000
vn 0.8970 -0.4420 -0.0000
vn 0.9286 -0.3712 -0.0000
vn 0.9432 -0.3322 -0.0000
vn 0.9567 -0.2910 -0.0000
vn 0.9689 -0.2473 -0.0000
vn 0.9567 -0.2909 -0.0000
vn 0.9795 -0.2014 -0.0000
vn 0.9881 -0.1535 -0.0000
vn 0.9795 -0.2015 -0.0000
vn 0.9946 -0.1038 -0.0000
vn 0.9986 -0.0524 -0.0000
vn 0.9946 -0.1037 -0.0000
vn 1.0000 0.0052 -0.0000
vn 0.9886 0.1506 -0.0000
vn 0.9972 0.0746 -0.0000
vn 0.9738 0.2273 -0.0000
vn 0.9886 0.1507 -0.0000
vn 0.9529 0.3031 -0.0000
vn 0.9263 0.3768 -0.0000
vn 0.9529 0.3032 -0.0000
vn 0.8946 0.4470 -0.0000
vn 0.8586 0.5126 -0.0000
vn 0.8945 0.4470 -0.0000
vn 0.7782 0.6280 -0.0000
vn 0.7359 0.6771 -0.0000
vn 0.6933 0.7207 -0.0000
vn 0.6411 0.7675 -0.0000
vn 0.6008 0.7994 -0.0000
vn 0.5877 0.8091 -0.0000
vn 0.6009 0.7994 -0.0000
vn 0.5801 0.8145 -0.0000
vn 0.5802 0.8145 -0.0000
vn 0.5718 0.8204 -0.0000
vn 0.5693 0.8221 -0.0000
vn 0.5673 0.8235 -0.0000
vn 0.5658 0.8246 -0.0000
vn 0.5645 0.8254 -0.0000
vn 0.5657 0.8246 -0.0000
vn 0.5634 0.8262 -0.0000
vn 0.5645 0.8255 -0.0000
vn 0.5625 0.8268 -0.0000
vn 0.5701 0.8216 -0.0000
vn 0.5919 0.8060 -0.0000
vn 0.6188 0.7855 -0.0000
vn 0.6443 0.7648 -0.0000
vn 0.6683 0.7439 -0.0000
vn 0.6909 0.7230 -0.0000
vn 0.7121 0.7021 -0.0000
vn 0.7320 0.6813 -0.0000
vn 0.7506 0.6608 -0.0000
vn 0.7679 0.6405 -0.0000
vn 0.7842 0.6206 -0.0000
vn 0.7993 0.6010 -0.0000
vn 0.8153 0.5790 -0.0000
vn 0.8352 0.5499 -0.0000
vn 0.8566 0.5160 -0.0000
vn 0.8762 0.4819 -0.0000
vn 0.8942 0.4477 -0.0000
vn 0.9104 0.4138 -0.0000
vn 0.9250 0.3801 -0.0000
vn 0.9379 0.3469 -0.0000
vn 0.9493 0.3142 -0.0000
vn 0.9593 0.2823 -0.0000
vn 0.9680 0.2511 -0.0000
vn 0.9753 0.2208 -0.0000
vn -0.4754 0.8797 -0.0000
vn -0.4187 0.9081 -0.0000
vn -0.5367 0.8438 -0.0000
vn -0.5982 0.8013 -0.0000
vn -0.6587 0.7524 -0.0000
vn -0.7168 0.6973 -0.0000
vn -0.7712 0.6366 -0.0000
vn -0.7168 0.6972 -0.0000
vn -0.8206 0.5715 -0.0000
vn -0.8641 0.5033 -0.0000
vn -0.9012 0.4335 -0.0000
vn -0.9316 0.3634 -0.0000
vn -0.9557 0.2945 -0.0000
vn -0.5927 0.8054 -0.0000
vn 0.0209 0.9998 -0.0000
vn -0.5927 0.8055 -0.0000
vn -0.0393 0.9992 -0.0000
vn -0.1317 0.9913 -0.0000
vn -0.2399 0.9708 -0.0000
vn -0.3632 0.9317 -0.0000
vn -0.4970 0.8678 -0.0000
vn -0.6322 0.7748 -0.0000
vn -0.4970 0.8677 -0.0000
vn -0.7562 0.6544 -0.0000
vn -0.8570 0.5153 -0.0000
vn -0.7561 0.6544 -0.0000
vn -0.9288 0.3705 -0.0000
vn -0.9726 0.2324 -0.0000
vn -0.9288 0.3706 -0.0000
vn -0.9941 0.1087 -0.0000
vn -1.0000 0.0098 -0.0000
vn -0.9982 -0.0593 -0.0000
vn -0.9938 -0.1109 -0.0000
vn -0.9812 -0.1927 -0.0000
vn -0.9743 -0.2255 -0.0000
vn -0.9812 -0.1928 -0.0000
vn -0.9672 -0.2539 -0.0000
vn -0.9603 -0.2789 -0.0000
vn -0.9537 -0.3008 -0.0000
vn -0.9473 -0.3203 -0.0000
vn -0.9412 -0.3377 -0.0000
vn -0.9355 -0.3533 -0.0000
vn -0.9413 -0.3377 -0.0000
vn -0.9268 -0.3756 -0.0000
vn -0.9105 -0.4135 -0.0000
vn -0.8883 -0.4594 -0.0000
vn -0.8634 -0.5045 -0.0000
vn -0.8361 -0.5486 -0.0000
vn -0.8065 -0.5913 -0.0000
vn -0.7748 -0.6322 -0.0000
vn -0.7414 -0.6710 -0.0000
vn -0.7066 -0.7076 -0.0000
vn -0.6707 -0.7417 -0.0000
vn -0.6341 -0.7732 -0.0000
vn -0.5971 -0.8022 -0.0000
vn -0.5655 -0.8248 -0.0000
vn -0.5455 -0.8381 -0.0000
vn -0.5306 -0.8476 -0.0000
vn -0.5132 -0.8583 -0.0000
vn -0.4928 -0.8701 -0.0000
vn -0.4684 -0.8835 -0.0000
vn -0.4390 -0.8985 -0.0000
vn -0.4028 -0.9153 -0.0000
vn -0.3576 -0.9339 -0.0000
vn -0.3000 -0.9539 -0.0000
vn -0.2252 -0.9743 -0.0000
vn -0.1263 -0.9920 -0.0000
vn -0.0167 -0.9999 -0.0000
vn 0.0745 -0.9972 -0.0000
vn 0.1526 -0.9883 -0.0000
vn 0.2338 -0.9723 -0.0000
vn 0.3165 -0.9486 -0.0000
vn 0.3988 -0.9170 -0.0000
vn 0.4788 -0.8779 -0.0000
vn 0.5545 -0.8322 -0.0000
vn 0.6244 -0.7811 -0.0000
vn 0.6874 -0.7263 -0.0000
vn 0.7429 -0.6694 -0.0000
vn 0.7909 -0.6119 -0.0000
vn 0.8321 -0.5546 -0.0000
vn 0.7909 -0.6120 -0.0000
vn 0.8603 -0.5097 -0.0000
vn 0.8792 -0.4764 -0.0000
vn 0.8604 -0.5097 -0.0000
vn 0.8978 -0.4405 -0.0000
vn 0.8793 -0.4764 -0.0000
vn 0.9157 -0.4018 -0.0000
vn 0.8978 -0.4404 -0.0000
vn 0.9328 -0.3603 -0.0000
vn 0.9158 -0.4017 -0.0000
vn 0.9488 -0.3160 -0.0000
vn 0.9329 -0.3602 -0.0000
vn 0.9632 -0.2689 -0.0000
vn 0.9757 -0.2193 -0.0000
vn 0.9631 -0.2690 -0.0000
vn 0.9859 -0.1672 -0.0000
vn 0.9936 -0.1130 -0.0000
vn 0.9984 -0.0570 -0.0000
vn 0.9936 -0.1131 -0.0000
vn 1.0000 0.0086 -0.0000
vn 0.9984 -0.0572 -0.0000
vn 0.9957 0.0923 -0.0000
vn 0.9829 0.1842 -0.0000
vn 0.9618 0.2736 -0.0000
vn 0.9335 0.3586 -0.0000
vn 0.8993 0.4374 -0.0000
vn 0.9335 0.3585 -0.0000
vn 0.8608 0.5089 -0.0000
vn 0.8993 0.4373 -0.0000
vn 0.8196 0.5729 -0.0000
vn 0.7772 0.6293 -0.0000
vn 0.7347 0.6784 -0.0000
vn 0.6930 0.7209 -0.0000
vn 0.6527 0.7576 -0.0000
vn 0.6126 0.7904 -0.0000
vn 0.6528 0.7576 -0.0000
vn 0.5794 0.8150 -0.0000
vn 0.5584 0.8295 -0.0000
vn 0.5793 0.8151 -0.0000
vn 0.5441 0.8390 -0.0000
vn 0.5584 0.8296 -0.0000
vn 0.5336 0.8457 -0.0000
vn 0.5441 0.8391 -0.0000
vn 0.5257 0.8507 -0.0000
vn 0.5194 0.8545 -0.0000
vn 0.5144 0.8576 -0.0000
vn 0.5102 0.8601 -0.0000
vn 0.5067 0.8621 -0.0000
vn 0.5102 0.8600 -0.0000
vn 0.5038 0.8638 -0.0000
vn 0.5012 0.8653 -0.0000
vn 0.5053 0.8629 -0.0000
vn 0.5219 0.8530 -0.0000
vn 0.5440 0.8391 -0.0000
vn 0.5652 0.8250 -0.0000
vn 0.5856 0.8106 -0.0000
vn 0.6052 0.7961 -0.0000
vn 0.6240 0.7814 -0.0000
vn 0.6419 0.7668 -0.0000
vn 0.6591 0.7520 -0.0000
vn 0.6755 0.7373 -0.0000
vn 0.6912 0.7227 -0.0000
vn 0.6755 0.7374 -0.0000
vn 0.7061 0.7081 -0.0000
vn 0.7237 0.6902 -0.0000
vn 0.7448 0.6672 -0.0000
vn 0.7665 0.6422 -0.0000
vn 0.7449 0.6672 -0.0000
vn 0.7879 0.6158 -0.0000
vn 0.8291 0.5591 -0.0000
vn 0.8488 0.5288 -0.0000
vn 0.8676 0.4973 -0.0000
vn 0.8854 0.4647 -0.0000
vn 0.9023 0.4312 -0.0000
vn 0.8854 0.4648 -0.0000
vn 0.9179 0.3968 -0.0000
vn 0.9323 0.3616 -0.0000
vn 0.9425 0.3341 -0.0000
vn 0.9469 0.3215 -0.0000
vn 0.9491 0.3151 -0.0000
vn 0.9515 0.3075 -0.0000
vn 0.9491 0.3150 -0.0000
vn 0.9544 0.2986 -0.0000
vn 0.9516 0.3075 -0.0000
vn 0.9577 0.2877 -0.0000
vn 0.9544 0.2985 -0.0000
vn 0.9616 0.2743 -0.0000
vn 0.9663 0.2574 -0.0000
vn 0.9719 0.2355 -0.0000
vn 0.9786 0.2057 -0.0000
vn 0.9866 0.1633 -0.0000
vn 0.9786 0.2058 -0.0000
vn 0.9951 0.0986 -0.0000
vn 0.9866 0.1634 -0.0000
vn 0.9951 0.0985 -0.0000
vn 0.9932 -0.1163 -0.0000
vn 0.9685 -0.2489 -0.0000
vn 0.9932 -0.1164 -0.0000
vn 0.9183 -0.3959 -0.0000
vn 0.9685 -0.2490 -0.0000
vn 0.8370 -0.5472 -0.0000
vn 0.7255 -0.6882 -0.0000
vn 0.5928 -0.8053 -0.0000
vn 0.7254 -0.6883 -0.0000
vn 0.4529 -0.8916 -0.0000
vn 0.5927 -0.8054 -0.0000
vn 0.3188 -0.9478 -0.0000
vn 0.4528 -0.8916 -0.0000
vn 0.1986 -0.9801 -0.0000
vn 0.0951 -0.9955 -0.0000
vn 0.0079 -1.0000 -0.0000
vn -0.0159 -0.9999 -0.0000
vn -0.0276 -0.9996 -0.0000
vn -0.4690 -0.8832 -0.0000
vn -0.7883 -0.6154 -0.0000
vn -0.7716 -0.6361 -0.0000
vn -0.7543 -0.6566 -0.0000
vn -0.7362 -0.6768 -0.0000
vn -0.7175 -0.6966 -0.0000
vn -0.6981 -0.7160 -0.0000
vn -0.6781 -0.7350 -0.0000
vn -0.6575 -0.7535 -0.0000
vn -0.6364 -0.7714 -0.0000
vn -0.6148 -0.7887 -0.0000
vn -0.5928 -0.8054 -0.0000
vn -0.5670 -0.8237 -0.0000
vn -0.5381 -0.8429 -0.0000
vn -0.5085 -0.8610 -0.0000
vn -0.4758 -0.8796 -0.0000
vn -0.4397 -0.8982 -0.0000
vn -0.4758 -0.8795 -0.0000
vn -0.3998 -0.9166 -0.0000
vn -0.4397 -0.8981 -0.0000
vn -0.3560 -0.9345 -0.0000
vn -0.3999 -0.9166 -0.0000
vn -0.3078 -0.9515 -0.0000
vn -0.2550 -0.9669 -0.0000
vn -0.1977 -0.9803 -0.0000
vn -0.1358 -0.9907 -0.0000
vn -0.0696 -0.9976 -0.0000
vn -0.0021 -1.0000 -0.0000
vn 0.0639 -0.9980 -0.0000
vn 0.1308 -0.9914 -0.0000
vn 0.2006 -0.9797 -0.0000
vn 0.2724 -0.9622 -0.0000
vn 0.3451 -0.9386 -0.0000
vn 0.2725 -0.9622 -0.0000
vn 0.4173 -0.9088 -0.0000
vn 0.4875 -0.8731 -0.0000
vn 0.5546 -0.8321 -0.0000
vn 0.6173 -0.7868 -0.0000
vn 0.6748 -0.7380 -0.0000
vn 0.6173 -0.7867 -0.0000
vn 0.7266 -0.6871 -0.0000
vn 0.7773 -0.6292 -0.0000
vn 0.8161 -0.5779 -0.0000
vn 0.8423 -0.5390 -0.0000
vn 0.8679 -0.4967 -0.0000
vn 0.8423 -0.5389 -0.0000
vn 0.9154 -0.4026 -0.0000
vn 0.9364 -0.3509 -0.0000
vn 0.9550 -0.2965 -0.0000
vn 0.9708 -0.2398 -0.0000
vn 0.9835 -0.1812 -0.0000
vn 0.9709 -0.2396 -0.0000
vn 0.9926 -0.1212 -0.0000
vn 0.9835 -0.1810 -0.0000
vn 0.9982 -0.0606 -0.0000
vn 0.9926 -0.1211 -0.0000
vn 1.0000 0.0021 -0.0000
vn 0.9976 0.0694 -0.0000
vn 0.9781 0.2082 -0.0000
vn 0.9612 0.2757 -0.0000
vn 0.9781 0.2081 -0.0000
vn 0.9402 0.3407 -0.0000
vn 0.9613 0.2756 -0.0000
vn 0.9154 0.4025 -0.0000
vn 0.8877 0.4604 -0.0000
vn 0.8577 0.5142 -0.0000
vn 0.8261 0.5635 -0.0000
vn 0.7936 0.6085 -0.0000
vn 0.8261 0.5636 -0.0000
vn 0.7607 0.6492 -0.0000
vn 0.7935 0.6085 -0.0000
vn 0.7352 0.6778 -0.0000
vn 0.7606 0.6492 -0.0000
vn 0.7182 0.6958 -0.0000
vn 0.7352 0.6779 -0.0000
vn 0.7041 0.7101 -0.0000
vn 0.7181 0.6959 -0.0000
vn 0.6938 0.7202 -0.0000
vn 0.6859 0.7277 -0.0000
vn 0.6797 0.7335 -0.0000
vn 0.6747 0.7381 -0.0000
vn 0.6705 0.7419 -0.0000
vn 0.6671 0.7450 -0.0000
vn 0.6641 0.7476 -0.0000
vn 0.6616 0.7499 -0.0000
vn 0.6593 0.7518 -0.0000
vn 0.6648 0.7470 -0.0000
vn 0.6594 0.7518 -0.0000
vn 0.6819 0.7315 -0.0000
vn 0.6649 0.7470 -0.0000
vn 0.7022 0.7120 -0.0000
vn 0.7211 0.6929 -0.0000
vn 0.7021 0.7120 -0.0000
vn 0.7387 0.6741 -0.0000
vn 0.7551 0.6557 -0.0000
vn 0.7703 0.6377 -0.0000
vn 0.7845 0.6201 -0.0000
vn 0.7977 0.6030 -0.0000
vn 0.8100 0.5864 -0.0000
vn 0.8214 0.5703 -0.0000
vn 0.8321 0.5546 -0.0000
vn 0.8406 0.5417 -0.0000
vn 0.8511 0.5250 -0.0000
vn 0.8561 0.5169 -0.0000
vn 0.8611 0.5084 -0.0000
vn 0.8662 0.4997 -0.0000
vn 0.8714 0.4905 -0.0000
vn 0.8662 0.4996 -0.0000
vn 0.8768 0.4809 -0.0000
vn 0.8822 0.4709 -0.0000
vn 0.8876 0.4605 -0.0000
vn 0.8821 0.4710 -0.0000
vn 0.8932 0.4496 -0.0000
vn 0.8988 0.4383 -0.0000
vn 0.8957 0.4447 -0.0000
vn 0.8719 0.4897 -0.0000
vn 0.8309 0.5564 -0.0000
vn 0.7803 0.6254 -0.0000
vn 0.7192 0.6948 -0.0000
vn 0.6472 0.7623 -0.0000
vn 0.7191 0.6949 -0.0000
vn 0.5651 0.8250 -0.0000
vn 0.4747 0.8802 -0.0000
vn 0.3785 0.9256 -0.0000
vn 0.2800 0.9600 -0.0000
vn 0.1824 0.9832 -0.0000
vn 0.0887 0.9961 -0.0000
vn -0.0323 0.9995 -0.0000
vn -0.0653 0.9979 -0.0000
vn -0.0988 0.9951 -0.0000
vn -0.1329 0.9911 -0.0000
vn -0.1674 0.9859 -0.0000
vn -0.2022 0.9794 -0.0000
vn -0.2371 0.9715 -0.0000
vn -0.2021 0.9794 -0.0000
vn -0.2720 0.9623 -0.0000
vn -0.2370 0.9715 -0.0000
vn -0.3414 0.9399 -0.0000
vn -0.3755 0.9268 -0.0000
vn -0.3413 0.9400 -0.0000
vn -0.3754 0.9268 -0.0000
vn 0.7234 -0.6904 -0.0000
vn 0.7336 -0.6795 -0.0000
vn 0.7336 -0.6796 -0.0000
vn 0.7154 -0.6987 -0.0000
vn 0.7075 -0.7067 -0.0000
vn 0.6997 -0.7144 -0.0000
vn 0.6920 -0.7219 -0.0000
vn 0.6844 -0.7291 -0.0000
vn 0.6769 -0.7361 -0.0000
vn 0.6694 -0.7429 -0.0000
vn 0.6621 -0.7494 -0.0000
vn 0.6549 -0.7557 -0.0000
vn 0.6478 -0.7618 -0.0000
vn -0.0415 -0.9991 -0.0000
vn -0.6985 -0.7156 -0.0000
vn -0.6843 -0.7292 -0.0000
vn -0.6696 -0.7428 -0.0000
vn -0.6541 -0.7564 -0.0000
vn -0.6380 -0.7700 -0.0000
vn -0.6212 -0.7836 -0.0000
vn -0.6037 -0.7972 -0.0000
vn -0.6212 -0.7837 -0.0000
vn -0.5855 -0.8107 -0.0000
vn -0.5666 -0.8240 -0.0000
vn -0.5470 -0.8371 -0.0000
vn -0.5266 -0.8501 -0.0000
vn -0.5470 -0.8372 -0.0000
vn -0.5074 -0.8617 -0.0000
vn -0.4920 -0.8706 -0.0000
vn -0.4781 -0.8783 -0.0000
vn -0.4620 -0.8869 -0.0000
vn -0.4432 -0.8964 -0.0000
vn -0.4208 -0.9072 -0.0000
vn -0.3939 -0.9192 -0.0000
vn -0.3611 -0.9325 -0.0000
vn -0.3203 -0.9473 -0.0000
vn -0.2686 -0.9633 -0.0000
vn -0.1134 -0.9936 -0.0000
vn -0.0122 -0.9999 -0.0000
vn 0.0789 -0.9969 -0.0000
vn 0.1617 -0.9868 -0.0000
vn 0.0788 -0.9969 -0.0000
vn 0.2478 -0.9688 -0.0000
vn 0.3353 -0.9421 -0.0000
vn 0.4218 -0.9067 -0.0000
vn 0.5050 -0.8631 -0.0000
vn 0.5829 -0.8125 -0.0000
vn 0.5051 -0.8631 -0.0000
vn 0.6538 -0.7567 -0.0000
vn 0.7166 -0.6975 -0.0000
vn 0.7709 -0.6369 -0.0000
vn 0.8171 -0.5765 -0.0000
vn 0.8691 -0.4947 -0.0000
vn 0.8491 -0.5282 -0.0000
vn 0.8863 -0.4631 -0.0000
vn 0.8690 -0.4948 -0.0000
vn 0.9033 -0.4289 -0.0000
vn 0.8863 -0.4632 -0.0000
vn 0.9199 -0.3922 -0.0000
vn 0.9033 -0.4290 -0.0000
vn 0.9358 -0.3526 -0.0000
vn 0.9507 -0.3101 -0.0000
vn 0.9358 -0.3525 -0.0000
vn 0.9643 -0.2648 -0.0000
vn 0.9762 -0.2167 -0.0000
vn 0.9643 -0.2647 -0.0000
vn 0.9862 -0.1658 -0.0000
vn 0.9763 -0.2166 -0.0000
vn 0.9937 -0.1125 -0.0000
vn 0.9861 -0.1659 -0.0000
vn 0.9936 -0.1126 -0.0000
vn 0.9984 -0.0571 -0.0000
vn 0.9969 0.0788 -0.0000
vn 0.9874 0.1582 -0.0000
vn 0.9715 0.2369 -0.0000
vn 0.9495 0.3137 -0.0000
vn 0.9715 0.2371 -0.0000
vn 0.9221 0.3870 -0.0000
vn 0.9495 0.3138 -0.0000
vn 0.8901 0.4557 -0.0000
vn 0.8547 0.5191 -0.0000
vn 0.8901 0.4558 -0.0000
vn 0.8169 0.5768 -0.0000
vn 0.8547 0.5192 -0.0000
vn 0.7777 0.6286 -0.0000
vn 0.7381 0.6747 -0.0000
vn 0.6987 0.7154 -0.0000
vn 0.7380 0.6748 -0.0000
vn 0.6625 0.7491 -0.0000
vn 0.6301 0.7765 -0.0000
vn 0.6624 0.7492 -0.0000
vn 0.6045 0.7966 -0.0000
vn 0.5878 0.8090 -0.0000
vn 0.5758 0.8176 -0.0000
vn 0.5877 0.8090 -0.0000
vn 0.5670 0.8237 -0.0000
vn 0.5759 0.8175 -0.0000
vn 0.5602 0.8283 -0.0000
vn 0.5548 0.8320 -0.0000
vn 0.5603 0.8283 -0.0000
vn 0.5504 0.8349 -0.0000
vn 0.5436 0.8393 -0.0000
vn 0.5468 0.8373 -0.0000
vn 0.5410 0.8410 -0.0000
vn 0.5429 0.8398 -0.0000
vn 0.5550 0.8318 -0.0000
vn 0.5722 0.8201 -0.0000
vn 0.5550 0.8319 -0.0000
vn 0.5885 0.8085 -0.0000
vn 0.6038 0.7971 -0.0000
vn 0.6321 0.7749 -0.0000
vn 0.6451 0.7641 -0.0000
vn 0.6573 0.7536 -0.0000
vn 0.6689 0.7433 -0.0000
vn 0.6799 0.7333 -0.0000
vn 0.6904 0.7235 -0.0000
vn 0.7023 0.7118 -0.0000
vn 0.7168 0.6972 -0.0000
vn 0.7323 0.6810 -0.0000
vn 0.7480 0.6637 -0.0000
vn 0.7322 0.6810 -0.0000
vn 0.7641 0.6451 -0.0000
vn 0.7805 0.6252 -0.0000
vn 0.7971 0.6038 -0.0000
vn 0.8139 0.5810 -0.0000
vn 0.8308 0.5565 -0.0000
vn 0.8477 0.5304 -0.0000
vn 0.8645 0.5026 -0.0000
vn 0.8811 0.4729 -0.0000
vn 0.8952 0.4456 -0.0000
vn 0.9039 0.4277 -0.0000
vn 0.9098 0.4151 -0.0000
vn 0.9163 0.4005 -0.0000
vn 0.9098 0.4150 -0.0000
vn 0.9235 0.3836 -0.0000
vn 0.9315 0.3637 -0.0000
vn 0.9405 0.3399 -0.0000
vn 0.9315 0.3636 -0.0000
vn 0.9504 0.3110 -0.0000
vn 0.9405 0.3398 -0.0000
vn 0.9613 0.2754 -0.0000
vn 0.9731 0.2305 -0.0000
vn 0.9849 0.1731 -0.0000
vn 0.9730 0.2307 -0.0000
vn 0.9953 0.0972 -0.0000
vn 1.0000 0.0027 -0.0000
vn 0.9953 0.0973 -0.0000
vn 0.9947 -0.1026 -0.0000
vn 0.9757 -0.2191 -0.0000
vn 0.9947 -0.1028 -0.0000
vn 0.9370 -0.3492 -0.0000
vn 0.8735 -0.4869 -0.0000
vn 0.7830 -0.6220 -0.0000
vn 0.8735 -0.4868 -0.0000
vn 0.6696 -0.7428 -0.0000
vn 0.5422 -0.8403 -0.0000
vn 0.6695 -0.7428 -0.0000
vn 0.4123 -0.9110 -0.0000
vn 0.5421 -0.8403 -0.0000
vn 0.2895 -0.9572 -0.0000
vn 0.1792 -0.9838 -0.0000
vn 0.0834 -0.9965 -0.0000
vn 0.0125 -0.9999 -0.0000
vn -0.0265 -0.9997 -0.0000
vn -0.0490 -0.9988 -0.0000
vn -0.0680 -0.9977 -0.0000
vn -0.0981 -0.9952 -0.0000
vn -0.1102 -0.9939 -0.0000
vn -0.1209 -0.9927 -0.0000
vn -0.1303 -0.9915 -0.0000
vn -0.1387 -0.9903 -0.0000
vn -0.1462 -0.9892 -0.0000
vn -0.1530 -0.9882 -0.0000
vn -0.1447 -0.9895 -0.0000
vn -0.1229 -0.9924 -0.0000
vn -0.1069 -0.9943 -0.0000
vn -0.0975 -0.9952 -0.0000
vn -0.0913 -0.9958 -0.0000
vn -0.0868 -0.9962 -0.0000
vn -0.0835 -0.9965 -0.0000
vn -0.0809 -0.9967 -0.0000
vn -0.0788 -0.9969 -0.0000
vn -0.0771 -0.9970 -0.0000
vn -0.0757 -0.9971 -0.0000
vn -0.0745 -0.9972 -0.0000
vn -0.0727 -0.9974 -0.0000
vn -0.0717 -0.9974 -0.0000
vn -0.0721 -0.9974 -0.0000
vn -0.0731 -0.9973 -0.0000
vn -0.0742 -0.9972 -0.0000
vn -0.0760 -0.9971 -0.0000
vn -0.0767 -0.9971 -0.0000
vn -0.0774 -0.9970 -0.0000
vn -0.0876 -0.9962 -0.0000
vn -0.0952 -0.9955 -0.0000
vn -0.0951 -0.9955 -0.0000
vn -0.0734 -0.9973 -0.0000
vn -0.0498 -0.9988 -0.0000
vn -0.0398 -0.9992 -0.0000
vn -0.0283 -0.9996 -0.0000
vn -0.0151 -0.9999 -0.0000
vn -0.0284 -0.9996 -0.0000
vn 0.0659 -0.9978 -0.0000
vn 0.1375 -0.9905 -0.0000
vn 0.2155 -0.9765 -0.0000
vn 0.2991 -0.9542 -0.0000
vn 0.3867 -0.9222 -0.0000
vn 0.4760 -0.8794 -0.0000
vn 0.5642 -0.8256 -0.0000
vn 0.6481 -0.7615 -0.0000
vn 0.7248 -0.6890 -0.0000
vn 0.7920 -0.6105 -0.0000
vn 0.8485 -0.5292 -0.0000
vn 0.8888 -0.4582 -0.0000
vn 0.8485 -0.5293 -0.0000
vn 0.9125 -0.4091 -0.0000
vn 0.8889 -0.4582 -0.0000
vn 0.9289 -0.3704 -0.0000
vn 0.9434 -0.3316 -0.0000
vn 0.9288 -0.3705 -0.0000
vn 0.9562 -0.2926 -0.0000
vn 0.9435 -0.3315 -0.0000
vn 0.9673 -0.2538 -0.0000
vn 0.9765 -0.2154 -0.0000
vn 0.9673 -0.2537 -0.0000
vn 0.9842 -0.1773 -0.0000
vn 0.9766 -0.2152 -0.0000
vn 0.9902 -0.1400 -0.0000
vn 0.9901 -0.1401 -0.0000
vn 0.9977 -0.0680 -0.0000
vn 0.9994 -0.0335 -0.0000
vn 0.9977 -0.0681 -0.0000
vn 0.9999 0.0122 -0.0000
vn 0.9994 -0.0336 -0.0000
vn 0.9964 0.0850 -0.0000
vn 0.9999 0.0121 -0.0000
vn 0.9841 0.1774 -0.0000
vn 0.9608 0.2771 -0.0000
vn 0.9841 0.1775 -0.0000
vn 0.9245 0.3812 -0.0000
vn 0.8740 0.4860 -0.0000
vn 0.9245 0.3813 -0.0000
vn 0.8097 0.5868 -0.0000
vn 0.8739 0.4860 -0.0000
vn 0.7339 0.6792 -0.0000
vn 0.8097 0.5869 -0.0000
vn 0.6502 0.7598 -0.0000
vn 0.5628 0.8266 -0.0000
vn 0.4757 0.8796 -0.0000
vn 0.3919 0.9200 -0.0000
vn 0.4756 0.8796 -0.0000
vn 0.3178 0.9482 -0.0000
vn 0.2589 0.9659 -0.0000
vn 0.3178 0.9481 -0.0000
vn 0.2141 0.9768 -0.0000
vn 0.1798 0.9837 -0.0000
vn 0.1527 0.9883 -0.0000
vn 0.1308 0.9914 -0.0000
vn 0.1128 0.9936 -0.0000
vn 0.1309 0.9914 -0.0000
vn 0.0978 0.9952 -0.0000
vn 0.1129 0.9936 -0.0000
vn 0.0850 0.9964 -0.0000
vn 0.0740 0.9973 -0.0000
vn 0.0645 0.9979 -0.0000
vn 0.0562 0.9984 -0.0000
vn 0.0495 0.9988 -0.0000
vn 0.0506 0.9987 -0.0000
vn 0.0580 0.9983 -0.0000
vn 0.0647 0.9979 -0.0000
vn 0.0710 0.9975 -0.0000
vn 0.0767 0.9971 -0.0000
vn 0.0821 0.9966 -0.0000
vn 0.0870 0.9962 -0.0000
vn 0.0917 0.9958 -0.0000
vn 0.0960 0.9954 -0.0000
vn 0.1000 0.9950 -0.0000
vn 0.1038 0.9946 -0.0000
vn 0.1062 0.9943 -0.0000
vn 0.1027 0.9947 -0.0000
vn 0.0948 0.9955 -0.0000
vn 0.0866 0.9962 -0.0000
vn 0.0782 0.9969 -0.0000
vn 0.0695 0.9976 -0.0000
vn 0.0512 0.9987 -0.0000
vn 0.0416 0.9991 -0.0000
vn 0.0317 0.9995 -0.0000
vn 0.0215 0.9998 -0.0000
vn 0.0108 0.9999 -0.0000
vn -0.0097 1.0000 -0.0000
vn -0.0508 0.9987 -0.0000
vn -0.1043 0.9945 -0.0000
vn -0.1607 0.9870 -0.0000
vn -0.2196 0.9756 -0.0000
vn -0.2804 0.9599 -0.0000
vn -0.3425 0.9395 -0.0000
vn -0.4052 0.9142 -0.0000
vn -0.3426 0.9395 -0.0000
vn -0.4674 0.8841 -0.0000
vn -0.5282 0.8491 -0.0000
vn -0.5866 0.8099 -0.0000
vn -0.6419 0.7668 -0.0000
vn -0.6882 0.7255 -0.0000
vn -0.7769 0.6296 -0.0000
vn -0.8197 0.5728 -0.0000
vn -0.8589 0.5121 -0.0000
vn -0.8939 0.4483 -0.0000
vn -0.9240 0.3825 -0.0000
vn -0.9489 0.3156 -0.0000
vn -0.9685 0.2489 -0.0000
vn -0.9831 0.1833 -0.0000
vn -0.9928 0.1195 -0.0000
vn -0.9983 0.0585 -0.0000
vn -1.0000 -0.0056 -0.0000
vn -0.9983 0.0584 -0.0000
vn -0.9972 -0.0749 -0.0000
vn -0.9903 -0.1391 -0.0000
vn -0.9812 -0.1930 -0.0000
vn -0.9711 -0.2385 -0.0000
vn -0.9608 -0.2773 -0.0000
vn -0.9711 -0.2386 -0.0000
vn -0.9506 -0.3104 -0.0000
vn -0.9608 -0.2772 -0.0000
vn -0.9408 -0.3390 -0.0000
vn -0.9314 -0.3639 -0.0000
vn -0.9226 -0.3857 -0.0000
vn -0.9144 -0.4049 -0.0000
vn -0.9066 -0.4219 -0.0000
vn -0.8907 -0.4546 -0.0000
vn -0.8795 -0.4759 -0.0000
vn -0.8684 -0.4959 -0.0000
vn -0.8573 -0.5148 -0.0000
vn -0.8464 -0.5325 -0.0000
vn -0.8357 -0.5492 -0.0000
vn -0.8252 -0.5648 -0.0000
vn -0.8149 -0.5796 -0.0000
vn -0.8252 -0.5649 -0.0000
vn -0.8048 -0.5936 -0.0000
vn -0.7853 -0.6191 -0.0000
vn -0.9863 0.1650 -0.0000
vn -0.5399 0.8417 -0.0000
vn -0.5508 0.8346 -0.0000
vn -0.5622 0.8270 -0.0000
vn -0.5743 0.8186 -0.0000
vn -0.5623 0.8270 -0.0000
vn -0.5871 0.8095 -0.0000
vn -0.6006 0.7995 -0.0000
vn -0.6149 0.7886 -0.0000
vn -0.6300 0.7766 -0.0000
vn -0.6459 0.7634 -0.0000
vn -0.6628 0.7488 -0.0000
vn -0.6807 0.7326 -0.0000
vn -0.7026 0.7116 -0.0000
vn -0.7282 0.6854 -0.0000
vn -0.7548 0.6560 -0.0000
vn -0.7830 0.6221 -0.0000
vn -0.8125 0.5830 -0.0000
vn -0.8430 0.5379 -0.0000
vn -0.8740 0.4859 -0.0000
vn -0.9047 0.4261 -0.0000
vn -0.9338 0.3578 -0.0000
vn -0.9598 0.2806 -0.0000
vn -0.9809 0.1944 -0.0000
vn -0.9598 0.2805 -0.0000
vn -0.9950 0.1002 -0.0000
vn -0.9950 0.1001 -0.0000
vn -0.9980 -0.0638 -0.0000
vn -0.9916 -0.1292 -0.0000
vn -0.9807 -0.1953 -0.0000
vn -0.9652 -0.2614 -0.0000
vn -0.9451 -0.3267 -0.0000
vn -0.9652 -0.2615 -0.0000
vn -0.9207 -0.3902 -0.0000
vn -0.8925 -0.4511 -0.0000
vn -0.9208 -0.3901 -0.0000
vn -0.8610 -0.5086 -0.0000
vn -0.8926 -0.4509 -0.0000
vn -0.8270 -0.5622 -0.0000
vn -0.8611 -0.5085 -0.0000
vn -0.7911 -0.6117 -0.0000
vn -0.7540 -0.6569 -0.0000
vn -0.7197 -0.6942 -0.0000
vn -0.7539 -0.6569 -0.0000
vn -0.6827 -0.7307 -0.0000
vn -0.6369 -0.7710 -0.0000
vn -0.6828 -0.7306 -0.0000
vn -0.5862 -0.8101 -0.0000
vn -0.6369 -0.7709 -0.0000
vn -0.5309 -0.8474 -0.0000
vn -0.4712 -0.8820 -0.0000
vn -0.4078 -0.9131 -0.0000
vn -0.4713 -0.8820 -0.0000
vn -0.3414 -0.9399 -0.0000
vn -0.4078 -0.9130 -0.0000
vn -0.2730 -0.9620 -0.0000
vn -0.3415 -0.9399 -0.0000
vn -0.2037 -0.9790 -0.0000
vn -0.2731 -0.9620 -0.0000
vn -0.1345 -0.9909 -0.0000
vn -0.0009 -1.0000 -0.0000
vn 0.0626 -0.9980 -0.0000
vn 0.1266 -0.9920 -0.0000
vn 0.1915 -0.9815 -0.0000
vn 0.2565 -0.9666 -0.0000
vn 0.3206 -0.9472 -0.0000
vn 0.2565 -0.9665 -0.0000
vn 0.3831 -0.9237 -0.0000
vn 0.3207 -0.9472 -0.0000
vn 0.4432 -0.8964 -0.0000
vn 0.5001 -0.8660 -0.0000
vn 0.5533 -0.8330 -0.0000
vn 0.6027 -0.7980 -0.0000
vn 0.5534 -0.8329 -0.0000
vn 0.6479 -0.7617 -0.0000
vn 0.6027 -0.7979 -0.0000
vn 0.6480 -0.7617 -0.0000
vn 0.7184 -0.6957 -0.0000
vn 0.6922 -0.7217 -0.0000
vn 0.7252 -0.6886 -0.0000
vn 0.7188 -0.6952 -0.0000
vn 0.7293 -0.6842 -0.0000
vn 0.7295 -0.6840 -0.0000
vn 0.7340 -0.6792 -0.0000
vn 0.7322 -0.6811 -0.0000
vn 0.7355 -0.6775 -0.0000
vn 0.7341 -0.6791 -0.0000
vn 0.7367 -0.6763 -0.0000
vn 0.7375 -0.6753 -0.0000
vn 0.7367 -0.6762 -0.0000
vn 0.7383 -0.6744 -0.0000
vn 0.7376 -0.6753 -0.0000
vn 0.7389 -0.6738 -0.0000
vn 0.7383 -0.6745 -0.0000
vn 0.7394 -0.6732 -0.0000
vn 0.7390 -0.6737 -0.0000
vn 0.7395 -0.6731 -0.0000
vt 0.676550 0.000000
vt 0.681941 0.000000
vt 0.679245 0.000000
vt 0.673854 0.000000
vt 0.671159 0.000000
vt 0.668464 0.000000
vt 0.665768 0.000000
vt 0.663073 0.000000
vt 0.684636 0.000000
vt 0.660377 0.000000
vt 0.657682 0.000000
vt 0.654987 0.000000
vt 0.652291 0.000000
vt 0.649596 0.000000
vt 0.687332 0.000000
vt 0.646900 0.000000
vt 0.644205 0.000000
vt 0.690027 0.000000
vt 0.692722 0.000000
vt 0.695418 0.000000
vt 0.641509 0.000000
vt 0.698113 0.000000
vt 0.638814 0.000000
vt 0.700809 0.000000
vt 0.703504 0.000000
vt 0.636119 0.000000
vt 0.706199 0.000000
vt 0.633423 0.000000
vt 0.630728 0.000000
vt 0.708895 0.000000
vt 0.628032 0.000000
vt 0.711590 0.000000
vt 0.625337 0.000000
vt 0.622642 0.000000
vt 0.714286 0.000000
vt 0.619946 0.000000
vt 0.617251 0.000000
vt 0.716981 0.000000
vt 0.614555 0.000000
vt 0.611860 0.000000
vt 0.609164 0.000000
vt 0.606469 0.000000
vt 0.603774 0.000000
vt 0.601078 0.000000
vt 0.598383 0.000000
vt 0.595687 0.000000
vt 0.719677 0.000000
vt 0.592992 0.000000
vt 0.590297 0.000000
vt 0.587601 0.000000
vt 0.584906 0.000000
vt 0.582210 0.000000
vt 0.579515 0.000000
vt 0.722372 0.000000
vt 0.576819 0.000000
vt 0.574124 0.000000
vt 0.725067 0.000000
vt 0.571429 0.000000
vt 0.727763 0.000000
vt 0.568733 0.000000
vt 0.730458 0.000000
vt 0.566038 0.000000
vt 0.733154 0.000000
vt 0.563342 0.000000
vt 0.735849 0.000000
vt 0.560647 0.000000
vt 0.557952 0.000000
vt 0.738544 0.000000
vt 0.741240 0.000000
vt 0.555256 0.000000
vt 0.743935 0.000000
vt 0.552561 0.000000
vt 0.746631 0.000000
vt 0.549865 0.000000
vt 0.749326 0.000000
vt 0.547170 0.000000
vt 0.752022 0.000000
vt 0.544474 0.000000
vt 0.541779 0.000000
vt 0.754717 0.000000
vt 0.539084 0.000000
vt 0.536388 0.000000
vt 0.533693 0.000000
vt 0.757412 0.000000
vt 0.530997 0.000000
vt 0.528302 0.000000
vt 0.760108 0.000000
vt 0.525606 0.000000
vt 0.522911 0.000000
vt 0.520216 0.000000
vt 0.762803 0.000000
vt 0.517520 0.000000
vt 0.514825 0.000000
vt 0.355795 0.000000
vt 0.358491 0.000000
vt 0.353100 0.000000
vt 0.361186 0.000000
vt 0.350404 0.000000
vt 0.363881 0.000000
vt 0.366577 0.000000
vt 0.347709 0.000000
vt 0.369272 0.000000
vt 0.371968 0.000000
vt 0.345013 0.000000
vt 0.374663 0.000000
vt 0.377358 0.000000
vt 0.765499 0.000000
vt 0.342318 0.000000
vt 0.380054 0.000000
vt 0.382749 0.000000
vt 0.339623 0.000000
vt 0.385445 0.000000
vt 0.388140 0.000000
vt 0.336927 0.000000
vt 0.512129 0.000000
vt 0.390836 0.000000
vt 0.334232 0.000000
vt 0.393531 0.000000
vt 0.331536 0.000000
vt 0.396226 0.000000
vt 0.328841 0.000000
vt 0.398922 0.000000
vt 0.326146 0.000000
vt 0.509434 0.000000
vt 0.401617 0.000000
vt 0.323450 0.000000
vt 0.404313 0.000000
vt 0.768194 0.000000
vt 0.320755 0.000000
vt 0.407008 0.000000
vt 0.318059 0.000000
vt 0.506739 0.000000
vt 0.409703 0.000000
vt 0.315364 0.000000
vt 0.412399 0.000000
vt 0.312668 0.000000
vt 0.504043 0.000000
vt 0.415094 0.000000
vt 0.309973 0.000000
vt 0.770889 0.000000
vt 0.501348 0.000000
vt 0.417790 0.000000
vt 0.307278 0.000000
vt 0.420485 0.000000
vt 0.498652 0.000000
vt 0.304582 0.000000
vt 0.423181 0.000000
vt 0.495957 0.000000
vt 0.425876 0.000000
vt 0.301887 0.000000
vt 0.428571 0.000000
vt 0.431267 0.000000
vt 0.433962 0.000000
vt 0.436658 0.000000
vt 0.773585 0.000000
vt 0.493261 0.000000
vt 0.439353 0.000000
vt 0.442049 0.000000
vt 0.444744 0.000000
vt 0.299191 0.000000
vt 0.447439 0.000000
vt 0.490566 0.000000
vt 0.450135 0.000000
vt 0.452830 0.000000
vt 0.455526 0.000000
vt 0.458221 0.000000
vt 0.487871 0.000000
vt 0.460916 0.000000
vt 0.463612 0.000000
vt 0.466307 0.000000
vt 0.469003 0.000000
vt 0.471698 0.000000
vt 0.485175 0.000000
vt 0.474394 0.000000
vt 0.477089 0.000000
vt 0.479784 0.000000
vt 0.482480 0.000000
vt 0.296496 0.000000
vt 0.293801 0.000000
vt 0.776280 0.000000
vt 0.291105 0.000000
vt 0.288410 0.000000
vt 0.778976 0.000000
vt 0.285714 0.000000
vt 0.781671 0.000000
vt 0.784367 0.000000
vt 0.283019 0.000000
vt 0.787062 0.000000
vt 0.280323 0.000000
vt 0.789757 0.000000
vt 0.277628 0.000000
vt 0.792453 0.000000
vt 0.274933 0.000000
vt 0.795148 0.000000
vt 0.272237 0.000000
vt 0.797844 0.000000
vt 0.269542 0.000000
vt 0.800539 0.000000
vt 0.266846 0.000000
vt 0.803235 0.000000
vt 0.264151 0.000000
vt 0.805930 0.000000
vt 0.808625 0.000000
vt 0.261456 0.000000
vt 0.811321 0.000000
vt 0.258760 0.000000
vt 0.814016 0.000000
vt 0.256065 0.000000
vt 0.816712 0.000000
vt 0.253369 0.000000
vt 0.819407 0.000000
vt 0.250674 0.000000
vt 0.032345 0.000000
vt 0.822102 0.000000
vt 0.035040 0.000000
vt 0.029650 0.000000
vt 0.824798 0.000000
vt 0.247978 0.000000
vt 0.026954 0.000000
vt 0.037736 0.000000
vt 0.827493 0.000000
vt 0.245283 0.000000
vt 0.024259 0.000000
vt 0.830189 0.000000
vt 0.040431 0.000000
vt 0.242588 0.000000
vt 0.021563 0.000000
vt 0.832884 0.000000
vt 0.239892 0.000000
vt 0.043127 0.000000
vt 0.835580 0.000000
vt 0.018868 0.000000
vt 0.237197 0.000000
vt 0.838275 0.000000
vt 0.045822 0.000000
vt 0.016173 0.000000
vt 0.234501 0.000000
vt 0.840970 0.000000
vt 0.048518 0.000000
vt 0.013477 0.000000
vt 0.231806 0.000000
vt 0.843666 0.000000
vt 0.846361 0.000000
vt 0.229111 0.000000
vt 0.010782 0.000000
vt 0.051213 0.000000
vt 0.849057 0.000000
vt 0.851752 0.000000
vt 0.226415 0.000000
vt 0.854447 0.000000
vt 0.008086 0.000000
vt 0.053908 0.000000
vt 0.857143 0.000000
vt 0.223720 0.000000
vt 0.859838 0.000000
vt 0.221024 0.000000
vt 0.218329 0.000000
vt 0.862534 0.000000
vt 0.215633 0.000000
vt 0.005391 0.000000
vt 0.056604 0.000000
vt 0.212938 0.000000
vt 0.210243 0.000000
vt 0.865229 0.000000
vt 0.207547 0.000000
vt 0.204852 0.000000
vt 0.202156 0.000000
vt 0.867925 0.000000
vt 0.199461 0.000000
vt 0.196765 0.000000
vt 0.194070 0.000000
vt 0.191375 0.000000
vt 0.870620 0.000000
vt 0.188679 0.000000
vt 0.059299 0.000000
vt 0.002695 0.000000
vt 0.185984 0.000000
vt 0.873315 0.000000
vt 0.183288 0.000000
vt 0.180593 0.000000
vt 0.876011 0.000000
vt 0.177898 0.000000
vt 0.878706 0.000000
vt 0.175202 0.000000
vt 0.061995 0.000000
vt 0.881402 0.000000
vt 0.172507 0.000000
vt 0.000000 0.000000
vt 0.169811 0.000000
vt 0.884097 0.000000
vt 0.167116 0.000000
vt 0.886792 0.000000
vt 0.164420 0.000000
vt 0.889488 0.000000
vt 0.161725 0.000000
vt 0.064690 0.000000
vt 0.892183 0.000000
vt 0.159030 0.000000
vt 0.894879 0.000000
vt 0.156334 0.000000
vt 1.000000 0.000000
vt 0.153639 0.000000
vt 0.997305 0.000000
vt 0.897574 0.000000
vt 0.150943 0.000000
vt 0.994609 0.000000
vt 0.148248 0.000000
vt 0.900270 0.000000
vt 0.991914 0.000000
vt 0.145553 0.000000
vt 0.989218 0.000000
vt 0.142857 0.000000
vt 0.067385 0.000000
vt 0.902965 0.000000
vt 0.986523 0.000000
vt 0.140162 0.000000
vt 0.983827 0.000000
vt 0.137466 0.000000
vt 0.905660 0.000000
vt 0.981132 0.000000
vt 0.978437 0.000000
vt 0.070081 0.000000
vt 0.134771 0.000000
vt 0.975741 0.000000
vt 0.908356 0.000000
vt 0.973046 0.000000
vt 0.132075 0.000000
vt 0.970350 0.000000
vt 0.967655 0.000000
vt 0.129380 0.000000
vt 0.911051 0.000000
vt 0.072776 0.000000
vt 0.964960 0.000000
vt 0.126685 0.000000
vt 0.913747 0.000000
vt 0.962264 0.000000
vt 0.075472 0.000000
vt 0.123989 0.000000
vt 0.916442 0.000000
vt 0.959569 0.000000
vt 0.919137 0.000000
vt 0.121294 0.000000
vt 0.956873 0.000000
vt 0.078167 0.000000
vt 0.921833 0.000000
vt 0.954178 0.000000
vt 0.118598 0.000000
vt 0.924528 0.000000
vt 0.951482 0.000000
vt 0.080863 0.000000
vt 0.927224 0.000000
vt 0.948787 0.000000
vt 0.115903 0.000000
vt 0.929919 0.000000
vt 0.946092 0.000000
vt 0.932615 0.000000
vt 0.943396 0.000000
vt 0.083558 0.000000
vt 0.935310 0.000000
vt 0.940701 0.000000
vt 0.113208 0.000000
vt 0.938005 0.000000
vt 0.086253 0.000000
vt 0.110512 0.000000
vt 0.107817 0.000000
vt 0.088949 0.000000
vt 0.105121 0.000000
vt 0.091644 0.000000
vt 0.102426 0.000000
vt 0.094340 0.000000
vt 0.099730 0.000000
vt 0.097035 0.000000
vt 0.956835 0.000000
vt 0.964029 0.000000
vt 0.960432 0.000000
vt 0.967626 0.000000
vt 0.971223 0.000000
vt 0.953237 0.000000
vt 0.974820 0.000000
vt 0.978417 0.000000
vt 0.982014 0.000000
vt 0.949640 0.000000
vt 0.985611 0.000000
vt 0.989209 0.000000
vt 0.946043 0.000000
vt 0.992806 0.000000
vt 0.996403 0.000000
vt 0.942446 0.000000
vt 0.003597 0.000000
vt 0.938849 0.000000
vt 0.007194 0.000000
vt 0.935252 0.000000
vt 0.010791 0.000000
vt 0.014388 0.000000
vt 0.931655 0.000000
vt 0.017986 0.000000
vt 0.928058 0.000000
vt 0.021583 0.000000
vt 0.025180 0.000000
vt 0.924460 0.000000
vt 0.028777 0.000000
vt 0.920863 0.000000
vt 0.032374 0.000000
vt 0.035971 0.000000
vt 0.917266 0.000000
vt 0.039568 0.000000
vt 0.046763 0.000000
vt 0.053957 0.000000
vt 0.050360 0.000000
vt 0.913669 0.000000
vt 0.043165 0.000000
vt 0.057554 0.000000
vt 0.061151 0.000000
vt 0.910072 0.000000
vt 0.064748 0.000000
vt 0.906475 0.000000
vt 0.068345 0.000000
vt 0.902878 0.000000
vt 0.071942 0.000000
vt 0.899281 0.000000
vt 0.075540 0.000000
vt 0.895683 0.000000
vt 0.079137 0.000000
vt 0.892086 0.000000
vt 0.888489 0.000000
vt 0.082734 0.000000
vt 0.884892 0.000000
vt 0.086331 0.000000
vt 0.881295 0.000000
vt 0.877698 0.000000
vt 0.089928 0.000000
vt 0.874101 0.000000
vt 0.870504 0.000000
vt 0.093525 0.000000
vt 0.097122 0.000000
vt 0.866906 0.000000
vt 0.100719 0.000000
vt 0.561151 0.000000
vt 0.557554 0.000000
vt 0.104317 0.000000
vt 0.863309 0.000000
vt 0.568345 0.000000
vt 0.564748 0.000000
vt 0.571942 0.000000
vt 0.553957 0.000000
vt 0.550360 0.000000
vt 0.546763 0.000000
vt 0.543165 0.000000
vt 0.539568 0.000000
vt 0.535971 0.000000
vt 0.532374 0.000000
vt 0.528777 0.000000
vt 0.525180 0.000000
vt 0.107914 0.000000
vt 0.521583 0.000000
vt 0.575540 0.000000
vt 0.517986 0.000000
vt 0.514389 0.000000
vt 0.859712 0.000000
vt 0.510791 0.000000
vt 0.507194 0.000000
vt 0.111511 0.000000
vt 0.503597 0.000000
vt 0.500000 0.000000
vt 0.856115 0.000000
vt 0.579137 0.000000
vt 0.115108 0.000000
vt 0.496403 0.000000
vt 0.492806 0.000000
vt 0.489209 0.000000
vt 0.118705 0.000000
vt 0.852518 0.000000
vt 0.485611 0.000000
vt 0.582734 0.000000
vt 0.482014 0.000000
vt 0.122302 0.000000
vt 0.848921 0.000000
vt 0.478417 0.000000
vt 0.586331 0.000000
vt 0.125899 0.000000
vt 0.845324 0.000000
vt 0.474820 0.000000
vt 0.841727 0.000000
vt 0.129496 0.000000
vt 0.589928 0.000000
vt 0.838130 0.000000
vt 0.471223 0.000000
vt 0.133094 0.000000
vt 0.593525 0.000000
vt 0.834532 0.000000
vt 0.136691 0.000000
vt 0.830935 0.000000
vt 0.597122 0.000000
vt 0.467626 0.000000
vt 0.827338 0.000000
vt 0.823741 0.000000
vt 0.820144 0.000000
vt 0.600719 0.000000
vt 0.816547 0.000000
vt 0.812950 0.000000
vt 0.809353 0.000000
vt 0.805755 0.000000
vt 0.464029 0.000000
vt 0.802158 0.000000
vt 0.798561 0.000000
vt 0.794964 0.000000
vt 0.791367 0.000000
vt 0.604317 0.000000
vt 0.787770 0.000000
vt 0.784173 0.000000
vt 0.780576 0.000000
vt 0.140288 0.000000
vt 0.776978 0.000000
vt 0.773381 0.000000
vt 0.769784 0.000000
vt 0.607914 0.000000
vt 0.766187 0.000000
vt 0.460432 0.000000
vt 0.762590 0.000000
vt 0.758993 0.000000
vt 0.755396 0.000000
vt 0.751799 0.000000
vt 0.611511 0.000000
vt 0.748201 0.000000
vt 0.744604 0.000000
vt 0.741007 0.000000
vt 0.737410 0.000000
vt 0.733813 0.000000
vt 0.456835 0.000000
vt 0.730216 0.000000
vt 0.615108 0.000000
vt 0.726619 0.000000
vt 0.143885 0.000000
vt 0.723022 0.000000
vt 0.719424 0.000000
vt 0.715827 0.000000
vt 0.712230 0.000000
vt 0.708633 0.000000
vt 0.705036 0.000000
vt 0.618705 0.000000
vt 0.701439 0.000000
vt 0.622302 0.000000
vt 0.697842 0.000000
vt 0.625899 0.000000
vt 0.453237 0.000000
vt 0.694245 0.000000
vt 0.629496 0.000000
vt 0.690647 0.000000
vt 0.633094 0.000000
vt 0.687050 0.000000
vt 0.636691 0.000000
vt 0.683453 0.000000
vt 0.679856 0.000000
vt 0.640288 0.000000
vt 0.676259 0.000000
vt 0.643885 0.000000
vt 0.672662 0.000000
vt 0.647482 0.000000
vt 0.669065 0.000000
vt 0.651079 0.000000
vt 0.665468 0.000000
vt 0.654676 0.000000
vt 0.661870 0.000000
vt 0.658273 0.000000
vt 0.147482 0.000000
vt 0.449640 0.000000
vt 0.446043 0.000000
vt 0.151079 0.000000
vt 0.442446 0.000000
vt 0.438849 0.000000
vt 0.154676 0.000000
vt 0.435252 0.000000
vt 0.158273 0.000000
vt 0.431655 0.000000
vt 0.428058 0.000000
vt 0.424460 0.000000
vt 0.161871 0.000000
vt 0.420863 0.000000
vt 0.417266 0.000000
vt 0.165468 0.000000
vt 0.413669 0.000000
vt 0.410072 0.000000
vt 0.169065 0.000000
vt 0.406475 0.000000
vt 0.402878 0.000000
vt 0.399281 0.000000
vt 0.172662 0.000000
vt 0.395683 0.000000
vt 0.392086 0.000000
vt 0.176259 0.000000
vt 0.388489 0.000000
vt 0.384892 0.000000
vt 0.381295 0.000000
vt 0.377698 0.000000
vt 0.374101 0.000000
vt 0.370504 0.000000
vt 0.366906 0.000000
vt 0.363309 0.000000
vt 0.359712 0.000000
vt 0.356115 0.000000
vt 0.352518 0.000000
vt 0.348921 0.000000
vt 0.345324 0.000000
vt 0.341727 0.000000
vt 0.179856 0.000000
vt 0.338129 0.000000
vt 0.334532 0.000000
vt 0.330935 0.000000
vt 0.327338 0.000000
vt 0.183453 0.000000
vt 0.323741 0.000000
vt 0.320144 0.000000
vt 0.316547 0.000000
vt 0.312950 0.000000
vt 0.187050 0.000000
vt 0.309353 0.000000
vt 0.305755 0.000000
vt 0.302158 0.000000
vt 0.190647 0.000000
vt 0.298561 0.000000
vt 0.294964 0.000000
vt 0.291367 0.000000
vt 0.287770 0.000000
vt 0.284173 0.000000
vt 0.194245 0.000000
vt 0.280576 0.000000
vt 0.276978 0.000000
vt 0.273381 0.000000
vt 0.197842 0.000000
vt 0.269784 0.000000
vt 0.266187 0.000000
vt 0.262590 0.000000
vt 0.258993 0.000000
vt 0.201439 0.000000
vt 0.255396 0.000000
vt 0.251799 0.000000
vt 0.205036 0.000000
vt 0.248201 0.000000
vt 0.244604 0.000000
vt 0.208633 0.000000
vt 0.241007 0.000000
vt 0.237410 0.000000
vt 0.212230 0.000000
vt 0.233813 0.000000
vt 0.230216 0.000000
vt 0.215827 0.000000
vt 0.226619 0.000000
vt 0.223022 0.000000
vt 0.219424 0.000000
vt 0.879850 0.000000
vt 0.882353 0.000000
vt 0.881101 0.000000
vt 0.878598 0.000000
vt 0.877347 0.000000
vt 0.883605 0.000000
vt 0.876095 0.000000
vt 0.874844 0.000000
vt 0.884856 0.000000
vt 0.873592 0.000000
vt 0.872340 0.000000
vt 0.871089 0.000000
vt 0.886108 0.000000
vt 0.869837 0.000000
vt 0.868586 0.000000
vt 0.887359 0.000000
vt 0.867334 0.000000
vt 0.866083 0.000000
vt 0.888611 0.000000
vt 0.998748 0.000000
vt 0.997497 0.000000
vt 0.889862 0.000000
vt 0.996245 0.000000
vt 0.994994 0.000000
vt 0.993742 0.000000
vt 0.891114 0.000000
vt 0.992491 0.000000
vt 0.991239 0.000000
vt 0.989987 0.000000
vt 0.892365 0.000000
vt 0.988736 0.000000
vt 0.987484 0.000000
vt 0.986233 0.000000
vt 0.893617 0.000000
vt 0.984981 0.000000
vt 0.983730 0.000000
vt 0.982478 0.000000
vt 0.894869 0.000000
vt 0.981227 0.000000
vt 0.979975 0.000000
vt 0.978723 0.000000
vt 0.896120 0.000000
vt 0.977472 0.000000
vt 0.976220 0.000000
vt 0.974969 0.000000
vt 0.897372 0.000000
vt 0.973717 0.000000
vt 0.972466 0.000000
vt 0.971214 0.000000
vt 0.898623 0.000000
vt 0.969962 0.000000
vt 0.759700 0.000000
vt 0.762203 0.000000
vt 0.760951 0.000000
vt 0.758448 0.000000
vt 0.763454 0.000000
vt 0.757196 0.000000
vt 0.764706 0.000000
vt 0.755945 0.000000
vt 0.899875 0.000000
vt 0.754693 0.000000
vt 0.765957 0.000000
vt 0.968711 0.000000
vt 0.753442 0.000000
vt 0.767209 0.000000
vt 0.752190 0.000000
vt 0.901126 0.000000
vt 0.750939 0.000000
vt 0.768461 0.000000
vt 0.967459 0.000000
vt 0.749687 0.000000
vt 0.031289 0.000000
vt 0.033792 0.000000
vt 0.032541 0.000000
vt 0.030038 0.000000
vt 0.035044 0.000000
vt 0.028786 0.000000
vt 0.769712 0.000000
vt 0.036295 0.000000
vt 0.027534 0.000000
vt 0.037547 0.000000
vt 0.902378 0.000000
vt 0.026283 0.000000
vt 0.748436 0.000000
vt 0.025031 0.000000
vt 0.038798 0.000000
vt 0.023780 0.000000
vt 0.966208 0.000000
vt 0.040050 0.000000
vt 0.770964 0.000000
vt 0.022528 0.000000
vt 0.747184 0.000000
vt 0.041302 0.000000
vt 0.021277 0.000000
vt 0.903630 0.000000
vt 0.020025 0.000000
vt 0.042553 0.000000
vt 0.745932 0.000000
vt 0.772215 0.000000
vt 0.964956 0.000000
vt 0.018773 0.000000
vt 0.043805 0.000000
vt 0.017522 0.000000
vt 0.904881 0.000000
vt 0.864831 0.000000
vt 0.045056 0.000000
vt 0.016270 0.000000
vt 0.863579 0.000000
vt 0.773467 0.000000
vt 0.963705 0.000000
vt 0.015019 0.000000
vt 0.862328 0.000000
vt 0.046308 0.000000
vt 0.906133 0.000000
vt 0.861076 0.000000
vt 0.013767 0.000000
vt 0.047559 0.000000
vt 0.859825 0.000000
vt 0.774718 0.000000
vt 0.962453 0.000000
vt 0.012516 0.000000
vt 0.907384 0.000000
vt 0.858573 0.000000
vt 0.011264 0.000000
vt 0.048811 0.000000
vt 0.857322 0.000000
vt 0.050063 0.000000
vt 0.010013 0.000000
vt 0.961201 0.000000
vt 0.908636 0.000000
vt 0.856070 0.000000
vt 0.775970 0.000000
vt 0.051314 0.000000
vt 0.854819 0.000000
vt 0.008761 0.000000
vt 0.052566 0.000000
vt 0.853567 0.000000
vt 0.053817 0.000000
vt 0.909887 0.000000
vt 0.007509 0.000000
vt 0.959950 0.000000
vt 0.852315 0.000000
vt 0.055069 0.000000
vt 0.006258 0.000000
vt 0.777222 0.000000
vt 0.851064 0.000000
vt 0.056320 0.000000
vt 0.911139 0.000000
vt 0.849812 0.000000
vt 0.057572 0.000000
vt 0.005006 0.000000
vt 0.958698 0.000000
vt 0.058824 0.000000
vt 0.912390 0.000000
vt 0.003755 0.000000
vt 0.778473 0.000000
vt 0.060075 0.000000
vt 0.848561 0.000000
vt 0.913642 0.000000
vt 0.061327 0.000000
vt 0.957447 0.000000
vt 0.002503 0.000000
vt 0.062578 0.000000
vt 0.914894 0.000000
vt 0.779725 0.000000
vt 0.001252 0.000000
vt 0.063830 0.000000
vt 0.916145 0.000000
vt 0.847309 0.000000
vt 0.956195 0.000000
vt 0.917397 0.000000
vt 0.780976 0.000000
vt 0.918648 0.000000
vt 0.846058 0.000000
vt 0.954944 0.000000
vt 0.919900 0.000000
vt 0.953692 0.000000
vt 0.921151 0.000000
vt 0.782228 0.000000
vt 0.922403 0.000000
vt 0.844806 0.000000
vt 0.952441 0.000000
vt 0.923655 0.000000
vt 0.951189 0.000000
vt 0.924906 0.000000
vt 0.783479 0.000000
vt 0.926158 0.000000
vt 0.949937 0.000000
vt 0.843554 0.000000
vt 0.927409 0.000000
vt 0.948686 0.000000
vt 0.928661 0.000000
vt 0.784731 0.000000
vt 0.947434 0.000000
vt 0.929912 0.000000
vt 0.931164 0.000000
vt 0.946183 0.000000
vt 0.932416 0.000000
vt 0.842303 0.000000
vt 0.933667 0.000000
vt 0.944931 0.000000
vt 0.934919 0.000000
vt 0.943680 0.000000
vt 0.936170 0.000000
vt 0.937422 0.000000
vt 0.942428 0.000000
vt 0.938673 0.000000
vt 0.785982 0.000000
vt 0.939925 0.000000
vt 0.941176 0.000000
vt 0.841051 0.000000
vt 0.787234 0.000000
vt 0.788486 0.000000
vt 0.839800 0.000000
vt 0.789737 0.000000
vt 0.838548 0.000000
vt 0.790989 0.000000
vt 0.792240 0.000000
vt 0.837297 0.000000
vt 0.793492 0.000000
vt 0.794743 0.000000
vt 0.795995 0.000000
vt 0.836045 0.000000
vt 0.797247 0.000000
vt 0.798498 0.000000
vt 0.799750 0.000000
vt 0.834794 0.000000
vt 0.801001 0.000000
vt 0.833542 0.000000
vt 0.802253 0.000000
vt 0.803504 0.000000
vt 0.832290 0.000000
vt 0.804756 0.000000
vt 0.831039 0.000000
vt 0.806008 0.000000
vt 0.829787 0.000000
vt 0.807259 0.000000
vt 0.808511 0.000000
vt 0.828536 0.000000
vt 0.809762 0.000000
vt 0.827284 0.000000
vt 0.811014 0.000000
vt 0.812265 0.000000
vt 0.826033 0.000000
vt 0.813517 0.000000
vt 0.824781 0.000000
vt 0.814768 0.000000
vt 0.816020 0.000000
vt 0.823529 0.000000
vt 0.817272 0.000000
vt 0.822278 0.000000
vt 0.818523 0.000000
vt 0.819775 0.000000
vt 0.821026 0.000000
vt 0.081352 0.000000
vt 0.083855 0.000000
vt 0.082603 0.000000
vt 0.080100 0.000000
vt 0.085106 0.000000
vt 0.078849 0.000000
vt 0.077597 0.000000
vt 0.086358 0.000000
vt 0.076345 0.000000
vt 0.075094 0.000000
vt 0.087610 0.000000
vt 0.073842 0.000000
vt 0.072591 0.000000
vt 0.088861 0.000000
vt 0.071339 0.000000
vt 0.070088 0.000000
vt 0.090113 0.000000
vt 0.068836 0.000000
vt 0.067584 0.000000
vt 0.091364 0.000000
vt 0.066333 0.000000
vt 0.092616 0.000000
vt 0.093867 0.000000
vt 0.095119 0.000000
vt 0.096370 0.000000
vt 0.065081 0.000000
vt 0.097622 0.000000
vt 0.098874 0.000000
vt 0.100125 0.000000
vt 0.101377 0.000000
vt 0.102628 0.000000
vt 0.459324 0.000000
vt 0.103880 0.000000
vt 0.458073 0.000000
vt 0.456821 0.000000
vt 0.105131 0.000000
vt 0.455569 0.000000
vt 0.454318 0.000000
vt 0.106383 0.000000
vt 0.453066 0.000000
vt 0.451815 0.000000
vt 0.450563 0.000000
vt 0.449312 0.000000
vt 0.107635 0.000000
vt 0.448060 0.000000
vt 0.446809 0.000000
vt 0.445557 0.000000
vt 0.444305 0.000000
vt 0.443054 0.000000
vt 0.441802 0.000000
vt 0.440551 0.000000
vt 0.439299 0.000000
vt 0.438048 0.000000
vt 0.108886 0.000000
vt 0.436796 0.000000
vt 0.435544 0.000000
vt 0.434293 0.000000
vt 0.433041 0.000000
vt 0.431790 0.000000
vt 0.430538 0.000000
vt 0.110138 0.000000
vt 0.429287 0.000000
vt 0.428035 0.000000
vt 0.111389 0.000000
vt 0.426783 0.000000
vt 0.112641 0.000000
vt 0.425532 0.000000
vt 0.424280 0.000000
vt 0.113892 0.000000
vt 0.423029 0.000000
vt 0.421777 0.000000
vt 0.115144 0.000000
vt 0.420526 0.000000
vt 0.116395 0.000000
vt 0.419274 0.000000
vt 0.117647 0.000000
vt 0.418023 0.000000
vt 0.118899 0.000000
vt 0.416771 0.000000
vt 0.120150 0.000000
vt 0.415519 0.000000
vt 0.121402 0.000000
vt 0.414268 0.000000
vt 0.122653 0.000000
vt 0.413016 0.000000
vt 0.123905 0.000000
vt 0.411765 0.000000
vt 0.125156 0.000000
vt 0.126408 0.000000
vt 0.410513 0.000000
vt 0.127660 0.000000
vt 0.128911 0.000000
vt 0.130163 0.000000
vt 0.131414 0.000000
vt 0.409262 0.000000
vt 0.132666 0.000000
vt 0.133917 0.000000
vt 0.135169 0.000000
vt 0.408010 0.000000
vt 0.136421 0.000000
vt 0.137672 0.000000
vt 0.406758 0.000000
vt 0.138924 0.000000
vt 0.140175 0.000000
vt 0.405507 0.000000
vt 0.141427 0.000000
vt 0.142678 0.000000
vt 0.404255 0.000000
vt 0.367960 0.000000
vt 0.143930 0.000000
vt 0.403004 0.000000
vt 0.401752 0.000000
vt 0.400501 0.000000
vt 0.369212 0.000000
vt 0.366708 0.000000
vt 0.399249 0.000000
vt 0.370463 0.000000
vt 0.397997 0.000000
vt 0.396746 0.000000
vt 0.395494 0.000000
vt 0.371715 0.000000
vt 0.394243 0.000000
vt 0.372966 0.000000
vt 0.374218 0.000000
vt 0.392991 0.000000
vt 0.375469 0.000000
vt 0.391740 0.000000
vt 0.376721 0.000000
vt 0.377972 0.000000
vt 0.390488 0.000000
vt 0.379224 0.000000
vt 0.389237 0.000000
vt 0.380476 0.000000
vt 0.387985 0.000000
vt 0.381727 0.000000
vt 0.382979 0.000000
vt 0.386733 0.000000
vt 0.384230 0.000000
vt 0.385482 0.000000
vt 0.365457 0.000000
vt 0.145181 0.000000
vt 0.364205 0.000000
vt 0.362954 0.000000
vt 0.146433 0.000000
vt 0.624531 0.000000
vt 0.627034 0.000000
vt 0.625782 0.000000
vt 0.623279 0.000000
vt 0.622028 0.000000
vt 0.628285 0.000000
vt 0.620776 0.000000
vt 0.619524 0.000000
vt 0.618273 0.000000
vt 0.629537 0.000000
vt 0.617021 0.000000
vt 0.615770 0.000000
vt 0.361702 0.000000
vt 0.614518 0.000000
vt 0.630789 0.000000
vt 0.613267 0.000000
vt 0.612015 0.000000
vt 0.610763 0.000000
vt 0.632040 0.000000
vt 0.744681 0.000000
vt 0.743429 0.000000
vt 0.742178 0.000000
vt 0.474343 0.000000
vt 0.476846 0.000000
vt 0.475594 0.000000
vt 0.478098 0.000000
vt 0.479349 0.000000
vt 0.473091 0.000000
vt 0.480601 0.000000
vt 0.740926 0.000000
vt 0.360451 0.000000
vt 0.481852 0.000000
vt 0.471840 0.000000
vt 0.483104 0.000000
vt 0.633292 0.000000
vt 0.484355 0.000000
vt 0.485607 0.000000
vt 0.470588 0.000000
vt 0.739675 0.000000
vt 0.486859 0.000000
vt 0.488110 0.000000
vt 0.469337 0.000000
vt 0.738423 0.000000
vt 0.489362 0.000000
vt 0.490613 0.000000
vt 0.468085 0.000000
vt 0.491865 0.000000
vt 0.737171 0.000000
vt 0.735920 0.000000
vt 0.493116 0.000000
vt 0.466834 0.000000
vt 0.634543 0.000000
vt 0.734668 0.000000
vt 0.147685 0.000000
vt 0.494368 0.000000
vt 0.465582 0.000000
vt 0.733417 0.000000
vt 0.495620 0.000000
vt 0.359199 0.000000
vt 0.732165 0.000000
vt 0.464330 0.000000
vt 0.496871 0.000000
vt 0.730914 0.000000
vt 0.729662 0.000000
vt 0.463079 0.000000
vt 0.498123 0.000000
vt 0.635795 0.000000
vt 0.728411 0.000000
vt 0.499374 0.000000
vt 0.461827 0.000000
vt 0.727159 0.000000
vt 0.357947 0.000000
vt 0.725907 0.000000
vt 0.500626 0.000000
vt 0.460576 0.000000
vt 0.724656 0.000000
vt 0.501877 0.000000
vt 0.637046 0.000000
vt 0.723404 0.000000
vt 0.609512 0.000000
vt 0.503129 0.000000
vt 0.722153 0.000000
vt 0.356696 0.000000
vt 0.720901 0.000000
vt 0.504380 0.000000
vt 0.148936 0.000000
vt 0.719650 0.000000
vt 0.505632 0.000000
vt 0.718398 0.000000
vt 0.638298 0.000000
vt 0.355444 0.000000
vt 0.608260 0.000000
vt 0.717146 0.000000
vt 0.506884 0.000000
vt 0.715895 0.000000
vt 0.508135 0.000000
vt 0.354193 0.000000
vt 0.714643 0.000000
vt 0.509387 0.000000
vt 0.607009 0.000000
vt 0.352941 0.000000
vt 0.639549 0.000000
vt 0.510638 0.000000
vt 0.351690 0.000000
vt 0.713392 0.000000
vt 0.150188 0.000000
vt 0.511890 0.000000
vt 0.605757 0.000000
vt 0.513141 0.000000
vt 0.640801 0.000000
vt 0.712140 0.000000
vt 0.514393 0.000000
vt 0.604506 0.000000
vt 0.350438 0.000000
vt 0.515645 0.000000
vt 0.710889 0.000000
vt 0.151439 0.000000
vt 0.516896 0.000000
vt 0.603254 0.000000
vt 0.642053 0.000000
vt 0.518148 0.000000
vt 0.709637 0.000000
vt 0.349186 0.000000
vt 0.602003 0.000000
vt 0.643304 0.000000
vt 0.519399 0.000000
vt 0.152691 0.000000
vt 0.708385 0.000000
vt 0.644556 0.000000
vt 0.600751 0.000000
vt 0.520651 0.000000
vt 0.347935 0.000000
vt 0.521902 0.000000
vt 0.645807 0.000000
vt 0.599499 0.000000
vt 0.707134 0.000000
vt 0.153942 0.000000
vt 0.647059 0.000000
vt 0.346683 0.000000
vt 0.598248 0.000000
vt 0.523154 0.000000
vt 0.705882 0.000000
vt 0.648310 0.000000
vt 0.596996 0.000000
vt 0.155194 0.000000
vt 0.524405 0.000000
vt 0.345432 0.000000
vt 0.649562 0.000000
vt 0.704631 0.000000
vt 0.595745 0.000000
vt 0.650814 0.000000
vt 0.156446 0.000000
vt 0.525657 0.000000
vt 0.344180 0.000000
vt 0.594493 0.000000
vt 0.652065 0.000000
vt 0.703379 0.000000
vt 0.593242 0.000000
vt 0.653317 0.000000
vt 0.157697 0.000000
vt 0.526909 0.000000
vt 0.342929 0.000000
vt 0.591990 0.000000
vt 0.654568 0.000000
vt 0.590738 0.000000
vt 0.702128 0.000000
vt 0.158949 0.000000
vt 0.589487 0.000000
vt 0.528160 0.000000
vt 0.341677 0.000000
vt 0.655820 0.000000
vt 0.588235 0.000000
vt 0.657071 0.000000
vt 0.586984 0.000000
vt 0.340426 0.000000
vt 0.700876 0.000000
vt 0.160200 0.000000
vt 0.529412 0.000000
vt 0.658323 0.000000
vt 0.585732 0.000000
vt 0.339174 0.000000
vt 0.659574 0.000000
vt 0.584481 0.000000
vt 0.530663 0.000000
vt 0.583229 0.000000
vt 0.660826 0.000000
vt 0.161452 0.000000
vt 0.337922 0.000000
vt 0.699625 0.000000
vt 0.581977 0.000000
vt 0.662078 0.000000
vt 0.336671 0.000000
vt 0.580726 0.000000
vt 0.335419 0.000000
vt 0.663329 0.000000
vt 0.531915 0.000000
vt 0.698373 0.000000
vt 0.334168 0.000000
vt 0.162703 0.000000
vt 0.579474 0.000000
vt 0.332916 0.000000
vt 0.664581 0.000000
vt 0.331665 0.000000
vt 0.330413 0.000000
vt 0.578223 0.000000
vt 0.697121 0.000000
vt 0.665832 0.000000
vt 0.329161 0.000000
vt 0.327910 0.000000
vt 0.533166 0.000000
vt 0.326658 0.000000
vt 0.576971 0.000000
vt 0.325407 0.000000
vt 0.667084 0.000000
vt 0.163955 0.000000
vt 0.324155 0.000000
vt 0.322904 0.000000
vt 0.321652 0.000000
vt 0.695870 0.000000
vt 0.668335 0.000000
vt 0.575720 0.000000
vt 0.534418 0.000000
vt 0.320401 0.000000
vt 0.276596 0.000000
vt 0.279099 0.000000
vt 0.277847 0.000000
vt 0.280350 0.000000
vt 0.275344 0.000000
vt 0.281602 0.000000
vt 0.669587 0.000000
vt 0.694618 0.000000
vt 0.282854 0.000000
vt 0.274093 0.000000
vt 0.284105 0.000000
vt 0.574468 0.000000
vt 0.285357 0.000000
vt 0.272841 0.000000
vt 0.286608 0.000000
vt 0.287860 0.000000
vt 0.271589 0.000000
vt 0.289111 0.000000
vt 0.165207 0.000000
vt 0.270338 0.000000
vt 0.290363 0.000000
vt 0.670839 0.000000
vt 0.291615 0.000000
vt 0.269086 0.000000
vt 0.573216 0.000000
vt 0.319149 0.000000
vt 0.292866 0.000000
vt 0.693367 0.000000
vt 0.294118 0.000000
vt 0.267835 0.000000
vt 0.672090 0.000000
vt 0.535670 0.000000
vt 0.266583 0.000000
vt 0.571965 0.000000
vt 0.673342 0.000000
vt 0.317897 0.000000
vt 0.692115 0.000000
vt 0.295369 0.000000
vt 0.265332 0.000000
vt 0.674593 0.000000
vt 0.166458 0.000000
vt 0.570713 0.000000
vt 0.296621 0.000000
vt 0.690864 0.000000
vt 0.675845 0.000000
vt 0.316646 0.000000
vt 0.264080 0.000000
vt 0.677096 0.000000
vt 0.536921 0.000000
vt 0.569462 0.000000
vt 0.297872 0.000000
vt 0.689612 0.000000
vt 0.262829 0.000000
vt 0.678348 0.000000
vt 0.315394 0.000000
vt 0.679600 0.000000
vt 0.688360 0.000000
vt 0.299124 0.000000
vt 0.680851 0.000000
vt 0.568210 0.000000
vt 0.538173 0.000000
vt 0.261577 0.000000
vt 0.682103 0.000000
vt 0.167710 0.000000
vt 0.687109 0.000000
vt 0.314143 0.000000
vt 0.683354 0.000000
vt 0.684606 0.000000
vt 0.685857 0.000000
vt 0.300375 0.000000
vt 0.260325 0.000000
vt 0.566959 0.000000
vt 0.312891 0.000000
vt 0.259074 0.000000
vt 0.301627 0.000000
vt 0.539424 0.000000
vt 0.257822 0.000000
vt 0.302879 0.000000
vt 0.311640 0.000000
vt 0.565707 0.000000
vt 0.304130 0.000000
vt 0.256571 0.000000
vt 0.310388 0.000000
vt 0.540676 0.000000
vt 0.305382 0.000000
vt 0.168961 0.000000
vt 0.309136 0.000000
vt 0.306633 0.000000
vt 0.255319 0.000000
vt 0.307885 0.000000
vt 0.564456 0.000000
vt 0.541927 0.000000
vt 0.254068 0.000000
vt 0.563204 0.000000
vt 0.252816 0.000000
vt 0.543179 0.000000
vt 0.561952 0.000000
vt 0.251564 0.000000
vt 0.560701 0.000000
vt 0.170213 0.000000
vt 0.544431 0.000000
vt 0.250313 0.000000
vt 0.559449 0.000000
vt 0.249061 0.000000
vt 0.545682 0.000000
vt 0.558198 0.000000
vt 0.556946 0.000000
vt 0.247810 0.000000
vt 0.546934 0.000000
vt 0.555695 0.000000
vt 0.548185 0.000000
vt 0.554443 0.000000
vt 0.246558 0.000000
vt 0.553191 0.000000
vt 0.549437 0.000000
vt 0.171464 0.000000
vt 0.551940 0.000000
vt 0.550688 0.000000
vt 0.245307 0.000000
vt 0.172716 0.000000
vt 0.244055 0.000000
vt 0.242803 0.000000
vt 0.173967 0.000000
vt 0.241552 0.000000
vt 0.240300 0.000000
vt 0.175219 0.000000
vt 0.239049 0.000000
vt 0.237797 0.000000
vt 0.176471 0.000000
vt 0.236546 0.000000
vt 0.235294 0.000000
vt 0.234043 0.000000
vt 0.177722 0.000000
vt 0.232791 0.000000
vt 0.231539 0.000000
vt 0.178974 0.000000
vt 0.230288 0.000000
vt 0.180225 0.000000
vt 0.229036 0.000000
vt 0.181477 0.000000
vt 0.227785 0.000000
vt 0.182728 0.000000
vt 0.226533 0.000000
vt 0.183980 0.000000
vt 0.225282 0.000000
vt 0.185232 0.000000
vt 0.224030 0.000000
vt 0.186483 0.000000
vt 0.222778 0.000000
vt 0.187735 0.000000
vt 0.221527 0.000000
vt 0.188986 0.000000
vt 0.190238 0.000000
vt 0.220275 0.000000
vt 0.191489 0.000000
vt 0.219024 0.000000
vt 0.192741 0.000000
vt 0.217772 0.000000
vt 0.193992 0.000000
vt 0.216521 0.000000
vt 0.195244 0.000000
vt 0.215269 0.000000
vt 0.196496 0.000000
vt 0.214018 0.000000
vt 0.212766 0.000000
vt 0.197747 0.000000
vt 0.211514 0.000000
vt 0.210263 0.000000
vt 0.198999 0.000000
vt 0.209011 0.000000
vt 0.200250 0.000000
vt 0.207760 0.000000
vt 0.206508 0.000000
vt 0.201502 0.000000
vt 0.205257 0.000000
vt 0.204005 0.000000
vt 0.202753 0.000000
vt 0.558528 0.000000
vt 0.565217 0.000000
vt 0.561873 0.000000
vt 0.555184 0.000000
vt 0.551839 0.000000
vt 0.548495 0.000000
vt 0.545151 0.000000
vt 0.541806 0.000000
vt 0.538462 0.000000
vt 0.535117 0.000000
vt 0.568562 0.000000
vt 0.531773 0.000000
vt 0.528428 0.000000
vt 0.525084 0.000000
vt 0.521739 0.000000
vt 0.518395 0.000000
vt 0.571906 0.000000
vt 0.515050 0.000000
vt 0.511706 0.000000
vt 0.575251 0.000000
vt 0.508361 0.000000
vt 0.578595 0.000000
vt 0.505017 0.000000
vt 0.501672 0.000000
vt 0.581940 0.000000
vt 0.498328 0.000000
vt 0.585284 0.000000
vt 0.494983 0.000000
vt 0.588629 0.000000
vt 0.491639 0.000000
vt 0.488294 0.000000
vt 0.591973 0.000000
vt 0.484950 0.000000
vt 0.595318 0.000000
vt 0.481605 0.000000
vt 0.598662 0.000000
vt 0.478261 0.000000
vt 0.474916 0.000000
vt 0.471572 0.000000
vt 0.468227 0.000000
vt 0.464883 0.000000
vt 0.461538 0.000000
vt 0.458194 0.000000
vt 0.454850 0.000000
vt 0.451505 0.000000
vt 0.448161 0.000000
vt 0.444816 0.000000
vt 0.602007 0.000000
vt 0.441472 0.000000
vt 0.438127 0.000000
vt 0.434783 0.000000
vt 0.431438 0.000000
vt 0.605351 0.000000
vt 0.428094 0.000000
vt 0.608696 0.000000
vt 0.424749 0.000000
vt 0.612040 0.000000
vt 0.421405 0.000000
vt 0.615385 0.000000
vt 0.618729 0.000000
vt 0.418060 0.000000
vt 0.622074 0.000000
vt 0.414716 0.000000
vt 0.625418 0.000000
vt 0.628763 0.000000
vt 0.411371 0.000000
vt 0.632107 0.000000
vt 0.408027 0.000000
vt 0.635451 0.000000
vt 0.638796 0.000000
vt 0.404682 0.000000
vt 0.642140 0.000000
vt 0.645485 0.000000
vt 0.401338 0.000000
vt 0.648829 0.000000
vt 0.652174 0.000000
vt 0.655518 0.000000
vt 0.397993 0.000000
vt 0.658863 0.000000
vt 0.662207 0.000000
vt 0.394649 0.000000
vt 0.665552 0.000000
vt 0.391304 0.000000
vt 0.668896 0.000000
vt 0.387960 0.000000
vt 0.672241 0.000000
vt 0.384615 0.000000
vt 0.160535 0.000000
vt 0.675585 0.000000
vt 0.381271 0.000000
vt 0.163880 0.000000
vt 0.157191 0.000000
vt 0.167224 0.000000
vt 0.170569 0.000000
vt 0.153846 0.000000
vt 0.173913 0.000000
vt 0.177258 0.000000
vt 0.150502 0.000000
vt 0.180602 0.000000
vt 0.183946 0.000000
vt 0.187291 0.000000
vt 0.147157 0.000000
vt 0.678930 0.000000
vt 0.190635 0.000000
vt 0.193980 0.000000
vt 0.143813 0.000000
vt 0.197324 0.000000
vt 0.377926 0.000000
vt 0.200669 0.000000
vt 0.140468 0.000000
vt 0.204013 0.000000
vt 0.207358 0.000000
vt 0.137124 0.000000
vt 0.210702 0.000000
vt 0.214047 0.000000
vt 0.133779 0.000000
vt 0.374582 0.000000
vt 0.217391 0.000000
vt 0.682274 0.000000
vt 0.130435 0.000000
vt 0.220736 0.000000
vt 0.224080 0.000000
vt 0.127090 0.000000
vt 0.371237 0.000000
vt 0.227425 0.000000
vt 0.123746 0.000000
vt 0.230769 0.000000
vt 0.685619 0.000000
vt 0.367893 0.000000
vt 0.234114 0.000000
vt 0.120401 0.000000
vt 0.237458 0.000000
vt 0.364549 0.000000
vt 0.240803 0.000000
vt 0.117057 0.000000
vt 0.113712 0.000000
vt 0.244147 0.000000
vt 0.110368 0.000000
vt 0.107023 0.000000
vt 0.361204 0.000000
vt 0.247492 0.000000
vt 0.103679 0.000000
vt 0.100334 0.000000
vt 0.357860 0.000000
vt 0.250836 0.000000
vt 0.096990 0.000000
vt 0.254181 0.000000
vt 0.093645 0.000000
vt 0.354515 0.000000
vt 0.090301 0.000000
vt 0.257525 0.000000
vt 0.086957 0.000000
vt 0.260870 0.000000
vt 0.351171 0.000000
vt 0.083612 0.000000
vt 0.264214 0.000000
vt 0.347826 0.000000
vt 0.080268 0.000000
vt 0.267559 0.000000
vt 0.076923 0.000000
vt 0.344482 0.000000
vt 0.270903 0.000000
vt 0.341137 0.000000
vt 0.274247 0.000000
vt 0.337793 0.000000
vt 0.277592 0.000000
vt 0.334448 0.000000
vt 0.280936 0.000000
vt 0.331104 0.000000
vt 0.327759 0.000000
vt 0.284281 0.000000
vt 0.287625 0.000000
vt 0.290970 0.000000
vt 0.294314 0.000000
vt 0.324415 0.000000
vt 0.297659 0.000000
vt 0.301003 0.000000
vt 0.304348 0.000000
vt 0.307692 0.000000
vt 0.321070 0.000000
vt 0.311037 0.000000
vt 0.314381 0.000000
vt 0.317726 0.000000
vt 0.688963 0.000000
vt 0.073579 0.000000
vt 0.692308 0.000000
vt 0.070234 0.000000
vt 0.695652 0.000000
vt 0.066890 0.000000
vt 0.698997 0.000000
vt 0.063545 0.000000
vt 0.702341 0.000000
vt 0.060201 0.000000
vt 0.705686 0.000000
vt 0.056856 0.000000
vt 0.709030 0.000000
vt 0.053512 0.000000
vt 0.050167 0.000000
vt 0.712375 0.000000
vt 0.046823 0.000000
vt 0.715719 0.000000
vt 0.043478 0.000000
vt 0.719064 0.000000
vt 0.040134 0.000000
vt 0.722408 0.000000
vt 0.036789 0.000000
vt 0.725753 0.000000
vt 0.729097 0.000000
vt 0.033445 0.000000
vt 0.732441 0.000000
vt 0.030100 0.000000
vt 0.735786 0.000000
vt 0.026756 0.000000
vt 0.739130 0.000000
vt 0.023411 0.000000
vt 0.020067 0.000000
vt 0.742475 0.000000
vt 0.016722 0.000000
vt 0.013378 0.000000
vt 0.745819 0.000000
vt 0.010033 0.000000
vt 0.006689 0.000000
vt 0.003344 0.000000
vt 0.749164 0.000000
vt 0.996656 0.000000
vt 0.752508 0.000000
vt 0.993311 0.000000
vt 0.989967 0.000000
vt 0.755853 0.000000
vt 0.986622 0.000000
vt 0.983278 0.000000
vt 0.759197 0.000000
vt 0.979933 0.000000
vt 0.762542 0.000000
vt 0.976589 0.000000
vt 0.765886 0.000000
vt 0.973244 0.000000
vt 0.769231 0.000000
vt 0.969900 0.000000
vt 0.772575 0.000000
vt 0.966555 0.000000
vt 0.775920 0.000000
vt 0.779264 0.000000
vt 0.963211 0.000000
vt 0.782609 0.000000
vt 0.959866 0.000000
vt 0.785953 0.000000
vt 0.789298 0.000000
vt 0.792642 0.000000
vt 0.956522 0.000000
vt 0.795987 0.000000
vt 0.799331 0.000000
vt 0.802676 0.000000
vt 0.953177 0.000000
vt 0.806020 0.000000
vt 0.809365 0.000000
vt 0.812709 0.000000
vt 0.816054 0.000000
vt 0.819398 0.000000
vt 0.822742 0.000000
vt 0.826087 0.000000
vt 0.829431 0.000000
vt 0.832776 0.000000
vt 0.836120 0.000000
vt 0.949833 0.000000
vt 0.839465 0.000000
vt 0.842809 0.000000
vt 0.846154 0.000000
vt 0.849498 0.000000
vt 0.852843 0.000000
vt 0.856187 0.000000
vt 0.946488 0.000000
vt 0.859532 0.000000
vt 0.862876 0.000000
vt 0.866221 0.000000
vt 0.943144 0.000000
vt 0.869565 0.000000
vt 0.872910 0.000000
vt 0.939799 0.000000
vt 0.876254 0.000000
vt 0.936455 0.000000
vt 0.879599 0.000000
vt 0.933110 0.000000
vt 0.882943 0.000000
vt 0.929766 0.000000
vt 0.926421 0.000000
vt 0.886288 0.000000
vt 0.889632 0.000000
vt 0.892977 0.000000
vt 0.896321 0.000000
vt 0.899666 0.000000
vt 0.923077 0.000000
vt 0.903010 0.000000
vt 0.906354 0.000000
vt 0.909699 0.000000
vt 0.913043 0.000000
vt 0.916388 0.000000
vt 0.919732 0.000000
vt 0.569721 0.000000
vt 0.577689 0.000000
vt 0.573705 0.000000
vt 0.581673 0.000000
vt 0.585657 0.000000
vt 0.565737 0.000000
vt 0.589641 0.000000
vt 0.593625 0.000000
vt 0.597610 0.000000
vt 0.561753 0.000000
vt 0.601594 0.000000
vt 0.605578 0.000000
vt 0.609562 0.000000
vt 0.557769 0.000000
vt 0.613546 0.000000
vt 0.617530 0.000000
vt 0.553785 0.000000
vt 0.621514 0.000000
vt 0.625498 0.000000
vt 0.549801 0.000000
vt 0.629482 0.000000
vt 0.545817 0.000000
vt 0.633466 0.000000
vt 0.541833 0.000000
vt 0.637450 0.000000
vt 0.641434 0.000000
vt 0.537849 0.000000
vt 0.645418 0.000000
vt 0.533865 0.000000
vt 0.649402 0.000000
vt 0.529880 0.000000
vt 0.653386 0.000000
vt 0.657371 0.000000
vt 0.525896 0.000000
vt 0.661355 0.000000
vt 0.665339 0.000000
vt 0.669323 0.000000
vt 0.673307 0.000000
vt 0.677291 0.000000
vt 0.681275 0.000000
vt 0.996016 0.000000
vt 0.685259 0.000000
vt 0.689243 0.000000
vt 0.693227 0.000000
vt 0.992032 0.000000
vt 0.697211 0.000000
vt 0.701195 0.000000
vt 0.705179 0.000000
vt 0.988048 0.000000
vt 0.709163 0.000000
vt 0.713147 0.000000
vt 0.984064 0.000000
vt 0.717131 0.000000
vt 0.721116 0.000000
vt 0.980080 0.000000
vt 0.725100 0.000000
vt 0.976096 0.000000
vt 0.729084 0.000000
vt 0.733068 0.000000
vt 0.972112 0.000000
vt 0.737052 0.000000
vt 0.968127 0.000000
vt 0.741036 0.000000
vt 0.745020 0.000000
vt 0.964143 0.000000
vt 0.749004 0.000000
vt 0.960159 0.000000
vt 0.752988 0.000000
vt 0.956175 0.000000
vt 0.756972 0.000000
vt 0.760956 0.000000
vt 0.952191 0.000000
vt 0.948207 0.000000
vt 0.944223 0.000000
vt 0.764940 0.000000
vt 0.940239 0.000000
vt 0.936255 0.000000
vt 0.932271 0.000000
vt 0.928287 0.000000
vt 0.768924 0.000000
vt 0.924303 0.000000
vt 0.920319 0.000000
vt 0.916335 0.000000
vt 0.772908 0.000000
vt 0.912351 0.000000
vt 0.908367 0.000000
vt 0.904382 0.000000
vt 0.776892 0.000000
vt 0.900398 0.000000
vt 0.896414 0.000000
vt 0.892430 0.000000
vt 0.780877 0.000000
vt 0.888446 0.000000
vt 0.884462 0.000000
vt 0.880478 0.000000
vt 0.784861 0.000000
vt 0.876494 0.000000
vt 0.872510 0.000000
vt 0.868526 0.000000
vt 0.788845 0.000000
vt 0.864542 0.000000
vt 0.860558 0.000000
vt 0.856574 0.000000
vt 0.792829 0.000000
vt 0.852590 0.000000
vt 0.848606 0.000000
vt 0.796813 0.000000
vt 0.844622 0.000000
vt 0.840637 0.000000
vt 0.800797 0.000000
vt 0.836653 0.000000
vt 0.832669 0.000000
vt 0.804781 0.000000
vt 0.828685 0.000000
vt 0.824701 0.000000
vt 0.808765 0.000000
vt 0.820717 0.000000
vt 0.816733 0.000000
vt 0.812749 0.000000
vt 0.043825 0.000000
vt 0.051793 0.000000
vt 0.047809 0.000000
vt 0.039841 0.000000
vt 0.055777 0.000000
vt 0.035857 0.000000
vt 0.031873 0.000000
vt 0.059761 0.000000
vt 0.027888 0.000000
vt 0.063745 0.000000
vt 0.023904 0.000000
vt 0.019920 0.000000
vt 0.067729 0.000000
vt 0.015936 0.000000
vt 0.071713 0.000000
vt 0.011952 0.000000
vt 0.007968 0.000000
vt 0.075697 0.000000
vt 0.003984 0.000000
vt 0.079681 0.000000
vt 0.521912 0.000000
vt 0.083665 0.000000
vt 0.517928 0.000000
vt 0.513944 0.000000
vt 0.087649 0.000000
vt 0.509960 0.000000
vt 0.091633 0.000000
vt 0.505976 0.000000
vt 0.501992 0.000000
vt 0.095618 0.000000
vt 0.498008 0.000000
vt 0.494024 0.000000
vt 0.099602 0.000000
vt 0.490040 0.000000
vt 0.486056 0.000000
vt 0.482072 0.000000
vt 0.478088 0.000000
vt 0.103586 0.000000
vt 0.474104 0.000000
vt 0.470120 0.000000
vt 0.466135 0.000000
vt 0.462151 0.000000
vt 0.107570 0.000000
vt 0.458167 0.000000
vt 0.454183 0.000000
vt 0.450199 0.000000
vt 0.446215 0.000000
vt 0.111554 0.000000
vt 0.442231 0.000000
vt 0.438247 0.000000
vt 0.434263 0.000000
vt 0.430279 0.000000
vt 0.426295 0.000000
vt 0.115538 0.000000
vt 0.119522 0.000000
vt 0.422311 0.000000
vt 0.123506 0.000000
vt 0.418327 0.000000
vt 0.127490 0.000000
vt 0.131474 0.000000
vt 0.414343 0.000000
vt 0.135458 0.000000
vt 0.410359 0.000000
vt 0.139442 0.000000
vt 0.406375 0.000000
vt 0.143426 0.000000
vt 0.147410 0.000000
vt 0.402390 0.000000
vt 0.151394 0.000000
vt 0.398406 0.000000
vt 0.155378 0.000000
vt 0.159363 0.000000
vt 0.394422 0.000000
vt 0.163347 0.000000
vt 0.390438 0.000000
vt 0.167331 0.000000
vt 0.171315 0.000000
vt 0.386454 0.000000
vt 0.175299 0.000000
vt 0.179283 0.000000
vt 0.183267 0.000000
vt 0.382470 0.000000
vt 0.187251 0.000000
vt 0.191235 0.000000
vt 0.195219 0.000000
vt 0.199203 0.000000
vt 0.378486 0.000000
vt 0.374502 0.000000
vt 0.203187 0.000000
vt 0.370518 0.000000
vt 0.366534 0.000000
vt 0.207171 0.000000
vt 0.362550 0.000000
vt 0.211155 0.000000
vt 0.358566 0.000000
vt 0.354582 0.000000
vt 0.350598 0.000000
vt 0.215139 0.000000
vt 0.346614 0.000000
vt 0.342629 0.000000
vt 0.338645 0.000000
vt 0.219124 0.000000
vt 0.334661 0.000000
vt 0.330677 0.000000
vt 0.223108 0.000000
vt 0.326693 0.000000
vt 0.227092 0.000000
vt 0.322709 0.000000
vt 0.231076 0.000000
vt 0.235060 0.000000
vt 0.318725 0.000000
vt 0.239044 0.000000
vt 0.314741 0.000000
vt 0.243028 0.000000
vt 0.310757 0.000000
vt 0.247012 0.000000
vt 0.250996 0.000000
vt 0.306773 0.000000
vt 0.254980 0.000000
vt 0.302789 0.000000
vt 0.258964 0.000000
vt 0.262948 0.000000
vt 0.298805 0.000000
vt 0.266932 0.000000
vt 0.270916 0.000000
vt 0.294821 0.000000
vt 0.274900 0.000000
vt 0.290837 0.000000
vt 0.278884 0.000000
vt 0.282869 0.000000
vt 0.286853 0.000000
vt 0.008333 1.000000
vt 0.000000 1.000000
vt 0.016667 1.000000
vt 0.008333 0.000000
vt 0.025000 1.000000
vt 0.016667 0.000000
vt 0.033333 1.000000
vt 0.025000 0.000000
vt 0.041667 1.000000
vt 0.033333 0.000000
vt 0.050000 1.000000
vt 0.041667 0.000000
vt 0.058333 1.000000
vt 0.050000 0.000000
vt 0.066667 1.000000
vt 0.058333 0.000000
vt 0.075000 1.000000
vt 0.066667 0.000000
vt 0.083333 1.000000
vt 0.075000 0.000000
vt 0.091667 1.000000
vt 0.083333 0.000000
vt 0.100000 1.000000
vt 0.091667 0.000000
vt 0.108333 1.000000
vt 0.100000 0.000000
vt 0.116667 1.000000
vt 0.108333 0.000000
vt 0.125000 1.000000
vt 0.116667 0.000000
vt 0.133333 1.000000
vt 0.125000 0.000000
vt 0.141667 1.000000
vt 0.133333 0.000000
vt 0.150000 1.000000
vt 0.141667 0.000000
vt 0.158333 1.000000
vt 0.150000 0.000000
vt 0.166667 1.000000
vt 0.158333 0.000000
vt 0.175000 1.000000
vt 0.166667 0.000000
vt 0.183333 1.000000
vt 0.175000 0.000000
vt 0.191667 1.000000
vt 0.183333 0.000000
vt 0.200000 1.000000
vt 0.191667 0.000000
vt 0.208333 1.000000
vt 0.200000 0.000000
vt 0.216667 1.000000
vt 0.208333 0.000000
vt 0.225000 1.000000
vt 0.216667 0.000000
vt 0.233333 1.000000
vt 0.225000 0.000000
vt 0.241667 1.000000
vt 0.233333 0.000000
vt 0.250000 1.000000
vt 0.241667 0.000000
vt 0.258333 1.000000
vt 0.250000 0.000000
vt 0.266667 1.000000
vt 0.258333 0.000000
vt 0.275000 1.000000
vt 0.266667 0.000000
vt 0.283333 1.000000
vt 0.275000 0.000000
vt 0.291667 1.000000
vt 0.283333 0.000000
vt 0.300000 1.000000
vt 0.291667 0.000000
vt 0.308333 1.000000
vt 0.300000 0.000000
vt 0.316667 1.000000
vt 0.308333 0.000000
vt 0.325000 1.000000
vt 0.316667 0.000000
vt 0.333333 1.000000
vt 0.325000 0.000000
vt 0.341667 1.000000
vt 0.333333 0.000000
vt 0.350000 1.000000
vt 0.341667 0.000000
vt 0.358333 1.000000
vt 0.350000 0.000000
vt 0.366667 1.000000
vt 0.358333 0.000000
vt 0.375000 1.000000
vt 0.366667 0.000000
vt 0.383333 1.000000
vt 0.375000 0.000000
vt 0.391667 1.000000
vt 0.383333 0.000000
vt 0.400000 1.000000
vt 0.391667 0.000000
vt 0.408333 1.000000
vt 0.400000 0.000000
vt 0.416667 1.000000
vt 0.408333 0.000000
vt 0.425000 1.000000
vt 0.416667 0.000000
vt 0.433333 1.000000
vt 0.425000 0.000000
vt 0.441667 1.000000
vt 0.433333 0.000000
vt 0.450000 1.000000
vt 0.441667 0.000000
vt 0.458333 1.000000
vt 0.450000 0.000000
vt 0.466667 1.000000
vt 0.458333 0.000000
vt 0.475000 1.000000
vt 0.466667 0.000000
vt 0.483333 1.000000
vt 0.475000 0.000000
vt 0.491667 1.000000
vt 0.483333 0.000000
vt 0.500000 1.000000
vt 0.491667 0.000000
vt 0.508333 1.000000
vt 0.516667 1.000000
vt 0.508333 0.000000
vt 0.525000 1.000000
vt 0.516667 0.000000
vt 0.533333 1.000000
vt 0.525000 0.000000
vt 0.541667 1.000000
vt 0.533333 0.000000
vt 0.550000 1.000000
vt 0.541667 0.000000
vt 0.558333 1.000000
vt 0.550000 0.000000
vt 0.566667 1.000000
vt 0.558333 0.000000
vt 0.575000 1.000000
vt 0.566667 0.000000
vt 0.583333 1.000000
vt 0.575000 0.000000
vt 0.591667 1.000000
vt 0.583333 0.000000
vt 0.600000 1.000000
vt 0.591667 0.000000
vt 0.608333 1.000000
vt 0.600000 0.000000
vt 0.616667 1.000000
vt 0.608333 0.000000
vt 0.625000 1.000000
vt 0.616667 0.000000
vt 0.633333 1.000000
vt 0.625000 0.000000
vt 0.641667 1.000000
vt 0.633333 0.000000
vt 0.650000 1.000000
vt 0.641667 0.000000
vt 0.658333 1.000000
vt 0.650000 0.000000
vt 0.666667 1.000000
vt 0.658333 0.000000
vt 0.675000 1.000000
vt 0.666667 0.000000
vt 0.683333 1.000000
vt 0.675000 0.000000
vt 0.691667 1.000000
vt 0.683333 0.000000
vt 0.700000 1.000000
vt 0.691667 0.000000
vt 0.708333 1.000000
vt 0.700000 0.000000
vt 0.716667 1.000000
vt 0.708333 0.000000
vt 0.725000 1.000000
vt 0.716667 0.000000
vt 0.733333 1.000000
vt 0.725000 0.000000
vt 0.741667 1.000000
vt 0.733333 0.000000
vt 0.750000 1.000000
vt 0.741667 0.000000
vt 0.758333 1.000000
vt 0.750000 0.000000
vt 0.766667 1.000000
vt 0.758333 0.000000
vt 0.775000 1.000000
vt 0.766667 0.000000
vt 0.783333 1.000000
vt 0.775000 0.000000
vt 0.791667 1.000000
vt 0.783333 0.000000
vt 0.800000 1.000000
vt 0.791667 0.000000
vt 0.808333 1.000000
vt 0.800000 0.000000
vt 0.816667 1.000000
vt 0.808333 0.000000
vt 0.825000 1.000000
vt 0.816667 0.000000
vt 0.833333 1.000000
vt 0.825000 0.000000
vt 0.841667 1.000000
vt 0.833333 0.000000
vt 0.850000 1.000000
vt 0.841667 0.000000
vt 0.858333 1.000000
vt 0.850000 0.000000
vt 0.866667 1.000000
vt 0.858333 0.000000
vt 0.875000 1.000000
vt 0.866667 0.000000
vt 0.883333 1.000000
vt 0.875000 0.000000
vt 0.891667 1.000000
vt 0.883333 0.000000
vt 0.900000 1.000000
vt 0.891667 0.000000
vt 0.908333 1.000000
vt 0.900000 0.000000
vt 0.916667 1.000000
vt 0.908333 0.000000
vt 0.925000 1.000000
vt 0.916667 0.000000
vt 0.933333 1.000000
vt 0.925000 0.000000
vt 0.941667 1.000000
vt 0.933333 0.000000
vt 0.950000 1.000000
vt 0.941667 0.000000
vt 0.958333 1.000000
vt 0.950000 0.000000
vt 0.966667 1.000000
vt 0.958333 0.000000
vt 0.975000 1.000000
vt 0.966667 0.000000
vt 0.983333 1.000000
vt 0.975000 0.000000
vt 0.991667 1.000000
vt 0.983333 0.000000
vt 1.000000 1.000000
vt 0.991667 0.000000
vt 0.007576 1.000000
vt 0.015152 1.000000
vt 0.007576 0.000000
vt 0.022727 1.000000
vt 0.015152 0.000000
vt 0.030303 1.000000
vt 0.022727 0.000000
vt 0.037879 1.000000
vt 0.030303 0.000000
vt 0.045455 1.000000
vt 0.037879 0.000000
vt 0.053030 1.000000
vt 0.045455 0.000000
vt 0.060606 1.000000
vt 0.053030 0.000000
vt 0.068182 1.000000
vt 0.060606 0.000000
vt 0.075758 1.000000
vt 0.068182 0.000000
vt 0.075758 0.000000
vt 0.090909 1.000000
vt 0.098485 1.000000
vt 0.090909 0.000000
vt 0.106061 1.000000
vt 0.098485 0.000000
vt 0.113636 1.000000
vt 0.106061 0.000000
vt 0.121212 1.000000
vt 0.113636 0.000000
vt 0.128788 1.000000
vt 0.121212 0.000000
vt 0.136364 1.000000
vt 0.128788 0.000000
vt 0.143939 1.000000
vt 0.136364 0.000000
vt 0.151515 1.000000
vt 0.143939 0.000000
vt 0.159091 1.000000
vt 0.151515 0.000000
vt 0.159091 0.000000
vt 0.174242 1.000000
vt 0.181818 1.000000
vt 0.174242 0.000000
vt 0.189394 1.000000
vt 0.181818 0.000000
vt 0.196970 1.000000
vt 0.189394 0.000000
vt 0.204545 1.000000
vt 0.196970 0.000000
vt 0.212121 1.000000
vt 0.204545 0.000000
vt 0.219697 1.000000
vt 0.212121 0.000000
vt 0.227273 1.000000
vt 0.219697 0.000000
vt 0.234848 1.000000
vt 0.227273 0.000000
vt 0.242424 1.000000
vt 0.234848 0.000000
vt 0.242424 0.000000
vt 0.257576 1.000000
vt 0.265152 1.000000
vt 0.257576 0.000000
vt 0.272727 1.000000
vt 0.265152 0.000000
vt 0.280303 1.000000
vt 0.272727 0.000000
vt 0.287879 1.000000
vt 0.280303 0.000000
vt 0.295455 1.000000
vt 0.287879 0.000000
vt 0.303030 1.000000
vt 0.295455 0.000000
vt 0.310606 1.000000
vt 0.303030 0.000000
vt 0.318182 1.000000
vt 0.310606 0.000000
vt 0.325758 1.000000
vt 0.318182 0.000000
vt 0.325758 0.000000
vt 0.340909 1.000000
vt 0.348485 1.000000
vt 0.340909 0.000000
vt 0.356061 1.000000
vt 0.348485 0.000000
vt 0.363636 1.000000
vt 0.356061 0.000000
vt 0.371212 1.000000
vt 0.363636 0.000000
vt 0.378788 1.000000
vt 0.371212 0.000000
vt 0.386364 1.000000
vt 0.378788 0.000000
vt 0.393939 1.000000
vt 0.386364 0.000000
vt 0.401515 1.000000
vt 0.393939 0.000000
vt 0.409091 1.000000
vt 0.401515 0.000000
vt 0.409091 0.000000
vt 0.424242 1.000000
vt 0.431818 1.000000
vt 0.424242 0.000000
vt 0.439394 1.000000
vt 0.431818 0.000000
vt 0.446970 1.000000
vt 0.439394 0.000000
vt 0.454545 1.000000
vt 0.446970 0.000000
vt 0.462121 1.000000
vt 0.454545 0.000000
vt 0.469697 1.000000
vt 0.462121 0.000000
vt 0.477273 1.000000
vt 0.469697 0.000000
vt 0.484848 1.000000
vt 0.477273 0.000000
vt 0.492424 1.000000
vt 0.484848 0.000000
vt 0.492424 0.000000
vt 0.507576 1.000000
vt 0.515152 1.000000
vt 0.507576 0.000000
vt 0.522727 1.000000
vt 0.515152 0.000000
vt 0.530303 1.000000
vt 0.522727 0.000000
vt 0.537879 1.000000
vt 0.530303 0.000000
vt 0.545455 1.000000
vt 0.537879 0.000000
vt 0.553030 1.000000
vt 0.545455 0.000000
vt 0.560606 1.000000
vt 0.553030 0.000000
vt 0.568182 1.000000
vt 0.560606 0.000000
vt 0.575758 1.000000
vt 0.568182 0.000000
vt 0.575758 0.000000
vt 0.590909 1.000000
vt 0.598485 1.000000
vt 0.590909 0.000000
vt 0.606061 1.000000
vt 0.598485 0.000000
vt 0.613636 1.000000
vt 0.606061 0.000000
vt 0.621212 1.000000
vt 0.613636 0.000000
vt 0.628788 1.000000
vt 0.621212 0.000000
vt 0.636364 1.000000
vt 0.628788 0.000000
vt 0.643939 1.000000
vt 0.636364 0.000000
vt 0.651515 1.000000
vt 0.643939 0.000000
vt 0.659091 1.000000
vt 0.651515 0.000000
vt 0.659091 0.000000
vt 0.674242 1.000000
vt 0.681818 1.000000
vt 0.674242 0.000000
vt 0.689394 1.000000
vt 0.681818 0.000000
vt 0.696970 1.000000
vt 0.689394 0.000000
vt 0.704545 1.000000
vt 0.696970 0.000000
vt 0.712121 1.000000
vt 0.704545 0.000000
vt 0.719697 1.000000
vt 0.712121 0.000000
vt 0.727273 1.000000
vt 0.719697 0.000000
vt 0.734848 1.000000
vt 0.727273 0.000000
vt 0.742424 1.000000
vt 0.734848 0.000000
vt 0.742424 0.000000
vt 0.757576 1.000000
vt 0.765152 1.000000
vt 0.757576 0.000000
vt 0.772727 1.000000
vt 0.765152 0.000000
vt 0.780303 1.000000
vt 0.772727 0.000000
vt 0.787879 1.000000
vt 0.780303 0.000000
vt 0.795455 1.000000
vt 0.787879 0.000000
vt 0.803030 1.000000
vt 0.795455 0.000000
vt 0.810606 1.000000
vt 0.803030 0.000000
vt 0.818182 1.000000
vt 0.810606 0.000000
vt 0.825758 1.000000
vt 0.818182 0.000000
vt 0.825758 0.000000
vt 0.840909 1.000000
vt 0.848485 1.000000
vt 0.840909 0.000000
vt 0.856061 1.000000
vt 0.848485 0.000000
vt 0.863636 1.000000
vt 0.856061 0.000000
vt 0.871212 1.000000
vt 0.863636 0.000000
vt 0.878788 1.000000
vt 0.871212 0.000000
vt 0.886364 1.000000
vt 0.878788 0.000000
vt 0.893939 1.000000
vt 0.886364 0.000000
vt 0.901515 1.000000
vt 0.893939 0.000000
vt 0.909091 1.000000
vt 0.901515 0.000000
vt 0.909091 0.000000
vt 0.924242 1.000000
vt 0.931818 1.000000
vt 0.924242 0.000000
vt 0.939394 1.000000
vt 0.931818 0.000000
vt 0.946970 1.000000
vt 0.939394 0.000000
vt 0.954545 1.000000
vt 0.946970 0.000000
vt 0.962121 1.000000
vt 0.954545 0.000000
vt 0.969697 1.000000
vt 0.962121 0.000000
vt 0.977273 1.000000
vt 0.969697 0.000000
vt 0.984848 1.000000
vt 0.977273 0.000000
vt 0.992424 1.000000
vt 0.984848 0.000000
vt 0.992424 0.000000
vt 0.003333 1.000000
vt 0.006667 1.000000
vt 0.003333 0.000000
vt 0.010000 1.000000
vt 0.006667 0.000000
vt 0.013333 1.000000
vt 0.010000 0.000000
vt 0.013333 0.000000
vt 0.020000 1.000000
vt 0.023333 1.000000
vt 0.020000 0.000000
vt 0.026667 1.000000
vt 0.023333 0.000000
vt 0.030000 1.000000
vt 0.026667 0.000000
vt 0.030000 0.000000
vt 0.036667 1.000000
vt 0.040000 1.000000
vt 0.036667 0.000000
vt 0.043333 1.000000
vt 0.040000 0.000000
vt 0.046667 1.000000
vt 0.043333 0.000000
vt 0.046667 0.000000
vt 0.053333 1.000000
vt 0.056667 1.000000
vt 0.053333 0.000000
vt 0.060000 1.000000
vt 0.056667 0.000000
vt 0.063333 1.000000
vt 0.060000 0.000000
vt 0.063333 0.000000
vt 0.070000 1.000000
vt 0.073333 1.000000
vt 0.070000 0.000000
vt 0.076667 1.000000
vt 0.073333 0.000000
vt 0.080000 1.000000
vt 0.076667 0.000000
vt 0.080000 0.000000
vt 0.086667 1.000000
vt 0.090000 1.000000
vt 0.086667 0.000000
vt 0.093333 1.000000
vt 0.090000 0.000000
vt 0.096667 1.000000
vt 0.093333 0.000000
vt 0.096667 0.000000
vt 0.103333 1.000000
vt 0.106667 1.000000
vt 0.103333 0.000000
vt 0.110000 1.000000
vt 0.106667 0.000000
vt 0.113333 1.000000
vt 0.110000 0.000000
vt 0.113333 0.000000
vt 0.120000 1.000000
vt 0.123333 1.000000
vt 0.120000 0.000000
vt 0.126667 1.000000
vt 0.123333 0.000000
vt 0.130000 1.000000
vt 0.126667 0.000000
vt 0.130000 0.000000
vt 0.136667 1.000000
vt 0.140000 1.000000
vt 0.136667 0.000000
vt 0.143333 1.000000
vt 0.140000 0.000000
vt 0.146667 1.000000
vt 0.143333 0.000000
vt 0.146667 0.000000
vt 0.153333 1.000000
vt 0.156667 1.000000
vt 0.153333 0.000000
vt 0.160000 1.000000
vt 0.156667 0.000000
vt 0.163333 1.000000
vt 0.160000 0.000000
vt 0.163333 0.000000
vt 0.170000 1.000000
vt 0.173333 1.000000
vt 0.170000 0.000000
vt 0.176667 1.000000
vt 0.173333 0.000000
vt 0.180000 1.000000
vt 0.176667 0.000000
vt 0.180000 0.000000
vt 0.186667 1.000000
vt 0.190000 1.000000
vt 0.186667 0.000000
vt 0.193333 1.000000
vt 0.190000 0.000000
vt 0.196667 1.000000
vt 0.193333 0.000000
vt 0.196667 0.000000
vt 0.203333 1.000000
vt 0.206667 1.000000
vt 0.203333 0.000000
vt 0.210000 1.000000
vt 0.206667 0.000000
vt 0.213333 1.000000
vt 0.210000 0.000000
vt 0.213333 0.000000
vt 0.220000 1.000000
vt 0.223333 1.000000
vt 0.220000 0.000000
vt 0.226667 1.000000
vt 0.223333 0.000000
vt 0.230000 1.000000
vt 0.226667 0.000000
vt 0.230000 0.000000
vt 0.236667 1.000000
vt 0.240000 1.000000
vt 0.236667 0.000000
vt 0.243333 1.000000
vt 0.240000 0.000000
vt 0.246667 1.000000
vt 0.243333 0.000000
vt 0.246667 0.000000
vt 0.253333 1.000000
vt 0.256667 1.000000
vt 0.253333 0.000000
vt 0.260000 1.000000
vt 0.256667 0.000000
vt 0.263333 1.000000
vt 0.260000 0.000000
vt 0.263333 0.000000
vt 0.270000 1.000000
vt 0.273333 1.000000
vt 0.270000 0.000000
vt 0.276667 1.000000
vt 0.273333 0.000000
vt 0.280000 1.000000
vt 0.276667 0.000000
vt 0.280000 0.000000
vt 0.286667 1.000000
vt 0.290000 1.000000
vt 0.286667 0.000000
vt 0.293333 1.000000
vt 0.290000 0.000000
vt 0.296667 1.000000
vt 0.293333 0.000000
vt 0.296667 0.000000
vt 0.303333 1.000000
vt 0.306667 1.000000
vt 0.303333 0.000000
vt 0.310000 1.000000
vt 0.306667 0.000000
vt 0.313333 1.000000
vt 0.310000 0.000000
vt 0.313333 0.000000
vt 0.320000 1.000000
vt 0.323333 1.000000
vt 0.320000 0.000000
vt 0.326667 1.000000
vt 0.323333 0.000000
vt 0.330000 1.000000
vt 0.326667 0.000000
vt 0.330000 0.000000
vt 0.336667 1.000000
vt 0.340000 1.000000
vt 0.336667 0.000000
vt 0.343333 1.000000
vt 0.340000 0.000000
vt 0.346667 1.000000
vt 0.343333 0.000000
vt 0.346667 0.000000
vt 0.353333 1.000000
vt 0.356667 1.000000
vt 0.353333 0.000000
vt 0.360000 1.000000
vt 0.356667 0.000000
vt 0.363333 1.000000
vt 0.360000 0.000000
vt 0.363333 0.000000
vt 0.370000 1.000000
vt 0.373333 1.000000
vt 0.370000 0.000000
vt 0.376667 1.000000
vt 0.373333 0.000000
vt 0.380000 1.000000
vt 0.376667 0.000000
vt 0.380000 0.000000
vt 0.386667 1.000000
vt 0.390000 1.000000
vt 0.386667 0.000000
vt 0.393333 1.000000
vt 0.390000 0.000000
vt 0.396667 1.000000
vt 0.393333 0.000000
vt 0.396667 0.000000
vt 0.403333 1.000000
vt 0.406667 1.000000
vt 0.403333 0.000000
vt 0.410000 1.000000
vt 0.406667 0.000000
vt 0.413333 1.000000
vt 0.410000 0.000000
vt 0.413333 0.000000
vt 0.420000 1.000000
vt 0.423333 1.000000
vt 0.420000 0.000000
vt 0.426667 1.000000
vt 0.423333 0.000000
vt 0.430000 1.000000
vt 0.426667 0.000000
vt 0.430000 0.000000
vt 0.436667 1.000000
vt 0.440000 1.000000
vt 0.436667 0.000000
vt 0.443333 1.000000
vt 0.440000 0.000000
vt 0.446667 1.000000
vt 0.443333 0.000000
vt 0.446667 0.000000
vt 0.453333 1.000000
vt 0.456667 1.000000
vt 0.453333 0.000000
vt 0.460000 1.000000
vt 0.456667 0.000000
vt 0.463333 1.000000
vt 0.460000 0.000000
vt 0.463333 0.000000
vt 0.470000 1.000000
vt 0.473333 1.000000
vt 0.470000 0.000000
vt 0.476667 1.000000
vt 0.473333 0.000000
vt 0.480000 1.000000
vt 0.476667 0.000000
vt 0.480000 0.000000
vt 0.486667 1.000000
vt 0.490000 1.000000
vt 0.486667 0.000000
vt 0.493333 1.000000
vt 0.490000 0.000000
vt 0.496667 1.000000
vt 0.493333 0.000000
vt 0.496667 0.000000
vt 0.503333 1.000000
vt 0.506667 1.000000
vt 0.503333 0.000000
vt 0.510000 1.000000
vt 0.506667 0.000000
vt 0.513333 1.000000
vt 0.510000 0.000000
vt 0.513333 0.000000
vt 0.520000 1.000000
vt 0.523333 1.000000
vt 0.520000 0.000000
vt 0.526667 1.000000
vt 0.523333 0.000000
vt 0.530000 1.000000
vt 0.526667 0.000000
vt 0.530000 0.000000
vt 0.536667 1.000000
vt 0.540000 1.000000
vt 0.536667 0.000000
vt 0.543333 1.000000
vt 0.540000 0.000000
vt 0.546667 1.000000
vt 0.543333 0.000000
vt 0.546667 0.000000
vt 0.553333 1.000000
vt 0.556667 1.000000
vt 0.553333 0.000000
vt 0.560000 1.000000
vt 0.556667 0.000000
vt 0.563333 1.000000
vt 0.560000 0.000000
vt 0.563333 0.000000
vt 0.570000 1.000000
vt 0.573333 1.000000
vt 0.570000 0.000000
vt 0.576667 1.000000
vt 0.573333 0.000000
vt 0.580000 1.000000
vt 0.576667 0.000000
vt 0.580000 0.000000
vt 0.586667 1.000000
vt 0.590000 1.000000
vt 0.586667 0.000000
vt 0.593333 1.000000
vt 0.590000 0.000000
vt 0.596667 1.000000
vt 0.593333 0.000000
vt 0.596667 0.000000
vt 0.603333 1.000000
vt 0.606667 1.000000
vt 0.603333 0.000000
vt 0.610000 1.000000
vt 0.606667 0.000000
vt 0.613333 1.000000
vt 0.610000 0.000000
vt 0.613333 0.000000
vt 0.620000 1.000000
vt 0.623333 1.000000
vt 0.620000 0.000000
vt 0.626667 1.000000
vt 0.623333 0.000000
vt 0.630000 1.000000
vt 0.626667 0.000000
vt 0.630000 0.000000
vt 0.636667 1.000000
vt 0.640000 1.000000
vt 0.636667 0.000000
vt 0.643333 1.000000
vt 0.640000 0.000000
vt 0.646667 1.000000
vt 0.643333 0.000000
vt 0.646667 0.000000
vt 0.653333 1.000000
vt 0.656667 1.000000
vt 0.653333 0.000000
vt 0.660000 1.000000
vt 0.656667 0.000000
vt 0.663333 1.000000
vt 0.660000 0.000000
vt 0.663333 0.000000
vt 0.670000 1.000000
vt 0.673333 1.000000
vt 0.670000 0.000000
vt 0.676667 1.000000
vt 0.673333 0.000000
vt 0.680000 1.000000
vt 0.676667 0.000000
vt 0.680000 0.000000
vt 0.686667 1.000000
vt 0.690000 1.000000
vt 0.686667 0.000000
vt 0.693333 1.000000
vt 0.690000 0.000000
vt 0.696667 1.000000
vt 0.693333 0.000000
vt 0.696667 0.000000
vt 0.703333 1.000000
vt 0.706667 1.000000
vt 0.703333 0.000000
vt 0.710000 1.000000
vt 0.706667 0.000000
vt 0.713333 1.000000
vt 0.710000 0.000000
vt 0.713333 0.000000
vt 0.720000 1.000000
vt 0.723333 1.000000
vt 0.720000 0.000000
vt 0.726667 1.000000
vt 0.723333 0.000000
vt 0.730000 1.000000
vt 0.726667 0.000000
vt 0.730000 0.000000
vt 0.736667 1.000000
vt 0.740000 1.000000
vt 0.736667 0.000000
vt 0.743333 1.000000
vt 0.740000 0.000000
vt 0.746667 1.000000
vt 0.743333 0.000000
vt 0.746667 0.000000
vt 0.753333 1.000000
vt 0.756667 1.000000
vt 0.753333 0.000000
vt 0.760000 1.000000
vt 0.756667 0.000000
vt 0.763333 1.000000
vt 0.760000 0.000000
vt 0.763333 0.000000
vt 0.770000 1.000000
vt 0.773333 1.000000
vt 0.770000 0.000000
vt 0.776667 1.000000
vt 0.773333 0.000000
vt 0.780000 1.000000
vt 0.776667 0.000000
vt 0.780000 0.000000
vt 0.786667 1.000000
vt 0.790000 1.000000
vt 0.786667 0.000000
vt 0.793333 1.000000
vt 0.790000 0.000000
vt 0.796667 1.000000
vt 0.793333 0.000000
vt 0.796667 0.000000
vt 0.803333 1.000000
vt 0.806667 1.000000
vt 0.803333 0.000000
vt 0.810000 1.000000
vt 0.806667 0.000000
vt 0.813333 1.000000
vt 0.810000 0.000000
vt 0.813333 0.000000
vt 0.820000 1.000000
vt 0.823333 1.000000
vt 0.820000 0.000000
vt 0.826667 1.000000
vt 0.823333 0.000000
vt 0.830000 1.000000
vt 0.826667 0.000000
vt 0.830000 0.000000
vt 0.836667 1.000000
vt 0.840000 1.000000
vt 0.836667 0.000000
vt 0.843333 1.000000
vt 0.840000 0.000000
vt 0.846667 1.000000
vt 0.843333 0.000000
vt 0.846667 0.000000
vt 0.853333 1.000000
vt 0.856667 1.000000
vt 0.853333 0.000000
vt 0.860000 1.000000
vt 0.856667 0.000000
vt 0.863333 1.000000
vt 0.860000 0.000000
vt 0.863333 0.000000
vt 0.870000 1.000000
vt 0.873333 1.000000
vt 0.870000 0.000000
vt 0.876667 1.000000
vt 0.873333 0.000000
vt 0.880000 1.000000
vt 0.876667 0.000000
vt 0.880000 0.000000
vt 0.886667 1.000000
vt 0.890000 1.000000
vt 0.886667 0.000000
vt 0.893333 1.000000
vt 0.890000 0.000000
vt 0.896667 1.000000
vt 0.893333 0.000000
vt 0.896667 0.000000
vt 0.903333 1.000000
vt 0.906667 1.000000
vt 0.903333 0.000000
vt 0.910000 1.000000
vt 0.906667 0.000000
vt 0.913333 1.000000
vt 0.910000 0.000000
vt 0.913333 0.000000
vt 0.920000 1.000000
vt 0.923333 1.000000
vt 0.920000 0.000000
vt 0.926667 1.000000
vt 0.923333 0.000000
vt 0.930000 1.000000
vt 0.926667 0.000000
vt 0.930000 0.000000
vt 0.936667 1.000000
vt 0.940000 1.000000
vt 0.936667 0.000000
vt 0.943333 1.000000
vt 0.940000 0.000000
vt 0.946667 1.000000
vt 0.943333 0.000000
vt 0.946667 0.000000
vt 0.953333 1.000000
vt 0.956667 1.000000
vt 0.953333 0.000000
vt 0.960000 1.000000
vt 0.956667 0.000000
vt 0.963333 1.000000
vt 0.960000 0.000000
vt 0.963333 0.000000
vt 0.970000 1.000000
vt 0.973333 1.000000
vt 0.970000 0.000000
vt 0.976667 1.000000
vt 0.973333 0.000000
vt 0.980000 1.000000
vt 0.976667 0.000000
vt 0.980000 0.000000
vt 0.986667 1.000000
vt 0.990000 1.000000
vt 0.986667 0.000000
vt 0.993333 1.000000
vt 0.990000 0.000000
vt 0.996667 1.000000
vt 0.993333 0.000000
vt 0.996667 0.000000
vt 0.002717 1.000000
vt 0.005435 1.000000
vt 0.002717 0.000000
vt 0.008152 1.000000
vt 0.005435 0.000000
vt 0.010870 1.000000
vt 0.008152 0.000000
vt 0.013587 1.000000
vt 0.010870 0.000000
vt 0.016304 1.000000
vt 0.013587 0.000000
vt 0.019022 1.000000
vt 0.016304 0.000000
vt 0.021739 1.000000
vt 0.019022 0.000000
vt 0.024457 1.000000
vt 0.021739 0.000000
vt 0.027174 1.000000
vt 0.024457 0.000000
vt 0.029891 1.000000
vt 0.027174 0.000000
vt 0.032609 1.000000
vt 0.029891 0.000000
vt 0.035326 1.000000
vt 0.032609 0.000000
vt 0.038043 1.000000
vt 0.035326 0.000000
vt 0.040761 1.000000
vt 0.038043 0.000000
vt 0.043478 1.000000
vt 0.040761 0.000000
vt 0.046196 1.000000
vt 0.048913 1.000000
vt 0.046196 0.000000
vt 0.051630 1.000000
vt 0.048913 0.000000
vt 0.054348 1.000000
vt 0.051630 0.000000
vt 0.057065 1.000000
vt 0.054348 0.000000
vt 0.059783 1.000000
vt 0.057065 0.000000
vt 0.062500 1.000000
vt 0.059783 0.000000
vt 0.065217 1.000000
vt 0.062500 0.000000
vt 0.067935 1.000000
vt 0.065217 0.000000
vt 0.070652 1.000000
vt 0.067935 0.000000
vt 0.073370 1.000000
vt 0.070652 0.000000
vt 0.076087 1.000000
vt 0.073370 0.000000
vt 0.078804 1.000000
vt 0.076087 0.000000
vt 0.081522 1.000000
vt 0.078804 0.000000
vt 0.084239 1.000000
vt 0.081522 0.000000
vt 0.086957 1.000000
vt 0.084239 0.000000
vt 0.089674 1.000000
vt 0.092391 1.000000
vt 0.089674 0.000000
vt 0.095109 1.000000
vt 0.092391 0.000000
vt 0.097826 1.000000
vt 0.095109 0.000000
vt 0.100543 1.000000
vt 0.097826 0.000000
vt 0.103261 1.000000
vt 0.100543 0.000000
vt 0.105978 1.000000
vt 0.103261 0.000000
vt 0.108696 1.000000
vt 0.105978 0.000000
vt 0.111413 1.000000
vt 0.108696 0.000000
vt 0.114130 1.000000
vt 0.111413 0.000000
vt 0.116848 1.000000
vt 0.114130 0.000000
vt 0.119565 1.000000
vt 0.116848 0.000000
vt 0.122283 1.000000
vt 0.119565 0.000000
vt 0.122283 0.000000
vt 0.127717 1.000000
vt 0.130435 1.000000
vt 0.127717 0.000000
vt 0.133152 1.000000
vt 0.135870 1.000000
vt 0.133152 0.000000
vt 0.138587 1.000000
vt 0.135870 0.000000
vt 0.141304 1.000000
vt 0.138587 0.000000
vt 0.144022 1.000000
vt 0.141304 0.000000
vt 0.146739 1.000000
vt 0.144022 0.000000
vt 0.149457 1.000000
vt 0.146739 0.000000
vt 0.152174 1.000000
vt 0.149457 0.000000
vt 0.154891 1.000000
vt 0.152174 0.000000
vt 0.157609 1.000000
vt 0.154891 0.000000
vt 0.160326 1.000000
vt 0.157609 0.000000
vt 0.163043 1.000000
vt 0.160326 0.000000
vt 0.165761 1.000000
vt 0.163043 0.000000
vt 0.168478 1.000000
vt 0.165761 0.000000
vt 0.171196 1.000000
vt 0.168478 0.000000
vt 0.173913 1.000000
vt 0.171196 0.000000
vt 0.176630 1.000000
vt 0.179348 1.000000
vt 0.176630 0.000000
vt 0.182065 1.000000
vt 0.179348 0.000000
vt 0.184783 1.000000
vt 0.182065 0.000000
vt 0.187500 1.000000
vt 0.184783 0.000000
vt 0.190217 1.000000
vt 0.187500 0.000000
vt 0.192935 1.000000
vt 0.190217 0.000000
vt 0.195652 1.000000
vt 0.192935 0.000000
vt 0.198370 1.000000
vt 0.195652 0.000000
vt 0.201087 1.000000
vt 0.198370 0.000000
vt 0.203804 1.000000
vt 0.201087 0.000000
vt 0.206522 1.000000
vt 0.203804 0.000000
vt 0.209239 1.000000
vt 0.206522 0.000000
vt 0.211957 1.000000
vt 0.209239 0.000000
vt 0.214674 1.000000
vt 0.211957 0.000000
vt 0.217391 1.000000
vt 0.214674 0.000000
vt 0.220109 1.000000
vt 0.222826 1.000000
vt 0.220109 0.000000
vt 0.225543 1.000000
vt 0.222826 0.000000
vt 0.228261 1.000000
vt 0.225543 0.000000
vt 0.230978 1.000000
vt 0.228261 0.000000
vt 0.233696 1.000000
vt 0.230978 0.000000
vt 0.236413 1.000000
vt 0.233696 0.000000
vt 0.239130 1.000000
vt 0.236413 0.000000
vt 0.241848 1.000000
vt 0.239130 0.000000
vt 0.244565 1.000000
vt 0.241848 0.000000
vt 0.247283 1.000000
vt 0.244565 0.000000
vt 0.247283 0.000000
vt 0.252717 1.000000
vt 0.255435 1.000000
vt 0.252717 0.000000
vt 0.258152 1.000000
vt 0.255435 0.000000
vt 0.260870 1.000000
vt 0.258152 0.000000
vt 0.263587 1.000000
vt 0.266304 1.000000
vt 0.263587 0.000000
vt 0.269022 1.000000
vt 0.266304 0.000000
vt 0.271739 1.000000
vt 0.269022 0.000000
vt 0.274457 1.000000
vt 0.271739 0.000000
vt 0.277174 1.000000
vt 0.274457 0.000000
vt 0.279891 1.000000
vt 0.277174 0.000000
vt 0.282609 1.000000
vt 0.279891 0.000000
vt 0.285326 1.000000
vt 0.282609 0.000000
vt 0.288043 1.000000
vt 0.285326 0.000000
vt 0.290761 1.000000
vt 0.288043 0.000000
vt 0.293478 1.000000
vt 0.290761 0.000000
vt 0.296196 1.000000
vt 0.293478 0.000000
vt 0.298913 1.000000
vt 0.296196 0.000000
vt 0.301630 1.000000
vt 0.298913 0.000000
vt 0.304348 1.000000
vt 0.301630 0.000000
vt 0.307065 1.000000
vt 0.309783 1.000000
vt 0.307065 0.000000
vt 0.312500 1.000000
vt 0.309783 0.000000
vt 0.315217 1.000000
vt 0.312500 0.000000
vt 0.317935 1.000000
vt 0.315217 0.000000
vt 0.320652 1.000000
vt 0.317935 0.000000
vt 0.323370 1.000000
vt 0.320652 0.000000
vt 0.326087 1.000000
vt 0.323370 0.000000
vt 0.328804 1.000000
vt 0.326087 0.000000
vt 0.331522 1.000000
vt 0.328804 0.000000
vt 0.334239 1.000000
vt 0.331522 0.000000
vt 0.336957 1.000000
vt 0.334239 0.000000
vt 0.339674 1.000000
vt 0.336957 0.000000
vt 0.342391 1.000000
vt 0.339674 0.000000
vt 0.345109 1.000000
vt 0.342391 0.000000
vt 0.347826 1.000000
vt 0.345109 0.000000
vt 0.350543 1.000000
vt 0.353261 1.000000
vt 0.350543 0.000000
vt 0.355978 1.000000
vt 0.353261 0.000000
vt 0.358696 1.000000
vt 0.355978 0.000000
vt 0.361413 1.000000
vt 0.358696 0.000000
vt 0.364130 1.000000
vt 0.361413 0.000000
vt 0.366848 1.000000
vt 0.364130 0.000000
vt 0.369565 1.000000
vt 0.366848 0.000000
vt 0.372283 1.000000
vt 0.369565 0.000000
vt 0.372283 0.000000
vt 0.377717 1.000000
vt 0.380435 1.000000
vt 0.377717 0.000000
vt 0.383152 1.000000
vt 0.380435 0.000000
vt 0.385870 1.000000
vt 0.383152 0.000000
vt 0.388587 1.000000
vt 0.385870 0.000000
vt 0.391304 1.000000
vt 0.388587 0.000000
vt 0.394022 1.000000
vt 0.396739 1.000000
vt 0.394022 0.000000
vt 0.399457 1.000000
vt 0.396739 0.000000
vt 0.402174 1.000000
vt 0.399457 0.000000
vt 0.404891 1.000000
vt 0.402174 0.000000
vt 0.407609 1.000000
vt 0.404891 0.000000
vt 0.410326 1.000000
vt 0.407609 0.000000
vt 0.413043 1.000000
vt 0.410326 0.000000
vt 0.415761 1.000000
vt 0.413043 0.000000
vt 0.418478 1.000000
vt 0.415761 0.000000
vt 0.421196 1.000000
vt 0.418478 0.000000
vt 0.423913 1.000000
vt 0.421196 0.000000
vt 0.426630 1.000000
vt 0.423913 0.000000
vt 0.429348 1.000000
vt 0.426630 0.000000
vt 0.432065 1.000000
vt 0.429348 0.000000
vt 0.434783 1.000000
vt 0.432065 0.000000
vt 0.437500 1.000000
vt 0.440217 1.000000
vt 0.437500 0.000000
vt 0.442935 1.000000
vt 0.440217 0.000000
vt 0.445652 1.000000
vt 0.442935 0.000000
vt 0.448370 1.000000
vt 0.445652 0.000000
vt 0.451087 1.000000
vt 0.448370 0.000000
vt 0.453804 1.000000
vt 0.451087 0.000000
vt 0.456522 1.000000
vt 0.453804 0.000000
vt 0.459239 1.000000
vt 0.456522 0.000000
vt 0.461957 1.000000
vt 0.459239 0.000000
vt 0.464674 1.000000
vt 0.461957 0.000000
vt 0.467391 1.000000
vt 0.464674 0.000000
vt 0.470109 1.000000
vt 0.467391 0.000000
vt 0.472826 1.000000
vt 0.470109 0.000000
vt 0.475543 1.000000
vt 0.472826 0.000000
vt 0.478261 1.000000
vt 0.475543 0.000000
vt 0.480978 1.000000
vt 0.483696 1.000000
vt 0.480978 0.000000
vt 0.486413 1.000000
vt 0.483696 0.000000
vt 0.489130 1.000000
vt 0.486413 0.000000
vt 0.491848 1.000000
vt 0.489130 0.000000
vt 0.494565 1.000000
vt 0.491848 0.000000
vt 0.497283 1.000000
vt 0.494565 0.000000
vt 0.497283 0.000000
vt 0.502717 1.000000
vt 0.505435 1.000000
vt 0.502717 0.000000
vt 0.508152 1.000000
vt 0.505435 0.000000
vt 0.510870 1.000000
vt 0.508152 0.000000
vt 0.513587 1.000000
vt 0.510870 0.000000
vt 0.516304 1.000000
vt 0.513587 0.000000
vt 0.519022 1.000000
vt 0.516304 0.000000
vt 0.521739 1.000000
vt 0.519022 0.000000
vt 0.524457 1.000000
vt 0.527174 1.000000
vt 0.524457 0.000000
vt 0.529891 1.000000
vt 0.527174 0.000000
vt 0.532609 1.000000
vt 0.529891 0.000000
vt 0.535326 1.000000
vt 0.532609 0.000000
vt 0.538043 1.000000
vt 0.535326 0.000000
vt 0.540761 1.000000
vt 0.538043 0.000000
vt 0.543478 1.000000
vt 0.540761 0.000000
vt 0.546196 1.000000
vt 0.543478 0.000000
vt 0.548913 1.000000
vt 0.546196 0.000000
vt 0.551630 1.000000
vt 0.548913 0.000000
vt 0.554348 1.000000
vt 0.551630 0.000000
vt 0.557065 1.000000
vt 0.554348 0.000000
vt 0.559783 1.000000
vt 0.557065 0.000000
vt 0.562500 1.000000
vt 0.559783 0.000000
vt 0.565217 1.000000
vt 0.562500 0.000000
vt 0.567935 1.000000
vt 0.570652 1.000000
vt 0.567935 0.000000
vt 0.573370 1.000000
vt 0.570652 0.000000
vt 0.576087 1.000000
vt 0.573370 0.000000
vt 0.578804 1.000000
vt 0.576087 0.000000
vt 0.581522 1.000000
vt 0.578804 0.000000
vt 0.584239 1.000000
vt 0.581522 0.000000
vt 0.586957 1.000000
vt 0.584239 0.000000
vt 0.589674 1.000000
vt 0.586957 0.000000
vt 0.592391 1.000000
vt 0.589674 0.000000
vt 0.595109 1.000000
vt 0.592391 0.000000
vt 0.597826 1.000000
vt 0.595109 0.000000
vt 0.600543 1.000000
vt 0.597826 0.000000
vt 0.603261 1.000000
vt 0.600543 0.000000
vt 0.605978 1.000000
vt 0.603261 0.000000
vt 0.608696 1.000000
vt 0.605978 0.000000
vt 0.611413 1.000000
vt 0.614130 1.000000
vt 0.611413 0.000000
vt 0.616848 1.000000
vt 0.614130 0.000000
vt 0.619565 1.000000
vt 0.616848 0.000000
vt 0.622283 1.000000
vt 0.619565 0.000000
vt 0.622283 0.000000
vt 0.627717 1.000000
vt 0.630435 1.000000
vt 0.627717 0.000000
vt 0.633152 1.000000
vt 0.630435 0.000000
vt 0.635870 1.000000
vt 0.633152 0.000000
vt 0.638587 1.000000
vt 0.635870 0.000000
vt 0.641304 1.000000
vt 0.638587 0.000000
vt 0.644022 1.000000
vt 0.641304 0.000000
vt 0.646739 1.000000
vt 0.644022 0.000000
vt 0.649457 1.000000
vt 0.646739 0.000000
vt 0.652174 1.000000
vt 0.649457 0.000000
vt 0.654891 1.000000
vt 0.657609 1.000000
vt 0.654891 0.000000
vt 0.660326 1.000000
vt 0.657609 0.000000
vt 0.663043 1.000000
vt 0.660326 0.000000
vt 0.665761 1.000000
vt 0.663043 0.000000
vt 0.668478 1.000000
vt 0.665761 0.000000
vt 0.671196 1.000000
vt 0.668478 0.000000
vt 0.673913 1.000000
vt 0.671196 0.000000
vt 0.676630 1.000000
vt 0.673913 0.000000
vt 0.679348 1.000000
vt 0.676630 0.000000
vt 0.682065 1.000000
vt 0.679348 0.000000
vt 0.684783 1.000000
vt 0.682065 0.000000
vt 0.687500 1.000000
vt 0.684783 0.000000
vt 0.690217 1.000000
vt 0.687500 0.000000
vt 0.692935 1.000000
vt 0.690217 0.000000
vt 0.695652 1.000000
vt 0.692935 0.000000
vt 0.698370 1.000000
vt 0.701087 1.000000
vt 0.698370 0.000000
vt 0.703804 1.000000
vt 0.701087 0.000000
vt 0.706522 1.000000
vt 0.703804 0.000000
vt 0.709239 1.000000
vt 0.706522 0.000000
vt 0.711957 1.000000
vt 0.709239 0.000000
vt 0.714674 1.000000
vt 0.711957 0.000000
vt 0.717391 1.000000
vt 0.714674 0.000000
vt 0.720109 1.000000
vt 0.717391 0.000000
vt 0.722826 1.000000
vt 0.720109 0.000000
vt 0.725543 1.000000
vt 0.722826 0.000000
vt 0.728261 1.000000
vt 0.725543 0.000000
vt 0.730978 1.000000
vt 0.728261 0.000000
vt 0.733696 1.000000
vt 0.730978 0.000000
vt 0.736413 1.000000
vt 0.733696 0.000000
vt 0.739130 1.000000
vt 0.736413 0.000000
vt 0.741848 1.000000
vt 0.744565 1.000000
vt 0.741848 0.000000
vt 0.747283 1.000000
vt 0.744565 0.000000
vt 0.747283 0.000000
vt 0.752717 1.000000
vt 0.755435 1.000000
vt 0.752717 0.000000
vt 0.758152 1.000000
vt 0.755435 0.000000
vt 0.760870 1.000000
vt 0.758152 0.000000
vt 0.763587 1.000000
vt 0.760870 0.000000
vt 0.766304 1.000000
vt 0.763587 0.000000
vt 0.769022 1.000000
vt 0.766304 0.000000
vt 0.771739 1.000000
vt 0.769022 0.000000
vt 0.774457 1.000000
vt 0.771739 0.000000
vt 0.777174 1.000000
vt 0.774457 0.000000
vt 0.779891 1.000000
vt 0.777174 0.000000
vt 0.782609 1.000000
vt 0.779891 0.000000
vt 0.785326 1.000000
vt 0.788043 1.000000
vt 0.785326 0.000000
vt 0.790761 1.000000
vt 0.788043 0.000000
vt 0.793478 1.000000
vt 0.790761 0.000000
vt 0.796196 1.000000
vt 0.793478 0.000000
vt 0.798913 1.000000
vt 0.796196 0.000000
vt 0.801630 1.000000
vt 0.798913 0.000000
vt 0.804348 1.000000
vt 0.801630 0.000000
vt 0.807065 1.000000
vt 0.804348 0.000000
vt 0.809783 1.000000
vt 0.807065 0.000000
vt 0.812500 1.000000
vt 0.809783 0.000000
vt 0.815217 1.000000
vt 0.812500 0.000000
vt 0.817935 1.000000
vt 0.815217 0.000000
vt 0.820652 1.000000
vt 0.817935 0.000000
vt 0.823370 1.000000
vt 0.820652 0.000000
vt 0.826087 1.000000
vt 0.823370 0.000000
vt 0.828804 1.000000
vt 0.831522 1.000000
vt 0.828804 0.000000
vt 0.834239 1.000000
vt 0.831522 0.000000
vt 0.836957 1.000000
vt 0.834239 0.000000
vt 0.839674 1.000000
vt 0.836957 0.000000
vt 0.842391 1.000000
vt 0.839674 0.000000
vt 0.845109 1.000000
vt 0.842391 0.000000
vt 0.847826 1.000000
vt 0.845109 0.000000
vt 0.850543 1.000000
vt 0.847826 0.000000
vt 0.853261 1.000000
vt 0.850543 0.000000
vt 0.855978 1.000000
vt 0.853261 0.000000
vt 0.858696 1.000000
vt 0.855978 0.000000
vt 0.861413 1.000000
vt 0.858696 0.000000
vt 0.864130 1.000000
vt 0.861413 0.000000
vt 0.866848 1.000000
vt 0.864130 0.000000
vt 0.869565 1.000000
vt 0.866848 0.000000
vt 0.872283 1.000000
vt 0.872283 0.000000
vt 0.877717 1.000000
vt 0.880435 1.000000
vt 0.877717 0.000000
vt 0.883152 1.000000
vt 0.880435 0.000000
vt 0.885870 1.000000
vt 0.883152 0.000000
vt 0.888587 1.000000
vt 0.885870 0.000000
vt 0.891304 1.000000
vt 0.888587 0.000000
vt 0.894022 1.000000
vt 0.891304 0.000000
vt 0.896739 1.000000
vt 0.894022 0.000000
vt 0.899457 1.000000
vt 0.896739 0.000000
vt 0.902174 1.000000
vt 0.899457 0.000000
vt 0.904891 1.000000
vt 0.902174 0.000000
vt 0.907609 1.000000
vt 0.904891 0.000000
vt 0.910326 1.000000
vt 0.907609 0.000000
vt 0.913043 1.000000
vt 0.910326 0.000000
vt 0.915761 1.000000
vt 0.918478 1.000000
vt 0.915761 0.000000
vt 0.921196 1.000000
vt 0.918478 0.000000
vt 0.923913 1.000000
vt 0.921196 0.000000
vt 0.926630 1.000000
vt 0.923913 0.000000
vt 0.929348 1.000000
vt 0.926630 0.000000
vt 0.932065 1.000000
vt 0.929348 0.000000
vt 0.934783 1.000000
vt 0.932065 0.000000
vt 0.937500 1.000000
vt 0.934783 0.000000
vt 0.940217 1.000000
vt 0.937500 0.000000
vt 0.942935 1.000000
vt 0.940217 0.000000
vt 0.945652 1.000000
vt 0.942935 0.000000
vt 0.948370 1.000000
vt 0.945652 0.000000
vt 0.951087 1.000000
vt 0.948370 0.000000
vt 0.953804 1.000000
vt 0.951087 0.000000
vt 0.956522 1.000000
vt 0.953804 0.000000
vt 0.959239 1.000000
vt 0.961957 1.000000
vt 0.959239 0.000000
vt 0.964674 1.000000
vt 0.961957 0.000000
vt 0.967391 1.000000
vt 0.964674 0.000000
vt 0.970109 1.000000
vt 0.967391 0.000000
vt 0.972826 1.000000
vt 0.970109 0.000000
vt 0.975543 1.000000
vt 0.972826 0.000000
vt 0.978261 1.000000
vt 0.975543 0.000000
vt 0.980978 1.000000
vt 0.978261 0.000000
vt 0.983696 1.000000
vt 0.980978 0.000000
vt 0.986413 1.000000
vt 0.983696 0.000000
vt 0.989130 1.000000
vt 0.986413 0.000000
vt 0.991848 1.000000
vt 0.989130 0.000000
vt 0.994565 1.000000
vt 0.991848 0.000000
vt 0.997283 1.000000
vt 0.994565 0.000000
vt 0.997283 0.000000
vt 0.009259 1.000000
vt 0.018519 1.000000
vt 0.009259 0.000000
vt 0.027778 1.000000
vt 0.018519 0.000000
vt 0.037037 1.000000
vt 0.027778 0.000000
vt 0.046296 1.000000
vt 0.037037 0.000000
vt 0.055556 1.000000
vt 0.046296 0.000000
vt 0.064815 1.000000
vt 0.055556 0.000000
vt 0.074074 1.000000
vt 0.064815 0.000000
vt 0.074074 0.000000
vt 0.092593 1.000000
vt 0.101852 1.000000
vt 0.092593 0.000000
vt 0.111111 1.000000
vt 0.101852 0.000000
vt 0.120370 1.000000
vt 0.111111 0.000000
vt 0.129630 1.000000
vt 0.120370 0.000000
vt 0.138889 1.000000
vt 0.129630 0.000000
vt 0.148148 1.000000
vt 0.138889 0.000000
vt 0.157407 1.000000
vt 0.148148 0.000000
vt 0.157407 0.000000
vt 0.175926 1.000000
vt 0.185185 1.000000
vt 0.175926 0.000000
vt 0.194444 1.000000
vt 0.185185 0.000000
vt 0.203704 1.000000
vt 0.194444 0.000000
vt 0.212963 1.000000
vt 0.203704 0.000000
vt 0.222222 1.000000
vt 0.212963 0.000000
vt 0.231481 1.000000
vt 0.222222 0.000000
vt 0.240741 1.000000
vt 0.231481 0.000000
vt 0.240741 0.000000
vt 0.259259 1.000000
vt 0.268519 1.000000
vt 0.259259 0.000000
vt 0.277778 1.000000
vt 0.268519 0.000000
vt 0.287037 1.000000
vt 0.277778 0.000000
vt 0.296296 1.000000
vt 0.287037 0.000000
vt 0.305556 1.000000
vt 0.296296 0.000000
vt 0.314815 1.000000
vt 0.305556 0.000000
vt 0.324074 1.000000
vt 0.314815 0.000000
vt 0.324074 0.000000
vt 0.342593 1.000000
vt 0.351852 1.000000
vt 0.342593 0.000000
vt 0.361111 1.000000
vt 0.351852 0.000000
vt 0.370370 1.000000
vt 0.361111 0.000000
vt 0.379630 1.000000
vt 0.370370 0.000000
vt 0.388889 1.000000
vt 0.379630 0.000000
vt 0.398148 1.000000
vt 0.388889 0.000000
vt 0.407407 1.000000
vt 0.398148 0.000000
vt 0.407407 0.000000
vt 0.425926 1.000000
vt 0.435185 1.000000
vt 0.425926 0.000000
vt 0.444444 1.000000
vt 0.435185 0.000000
vt 0.453704 1.000000
vt 0.444444 0.000000
vt 0.462963 1.000000
vt 0.453704 0.000000
vt 0.472222 1.000000
vt 0.462963 0.000000
vt 0.481481 1.000000
vt 0.472222 0.000000
vt 0.490741 1.000000
vt 0.481481 0.000000
vt 0.490741 0.000000
vt 0.509259 1.000000
vt 0.518519 1.000000
vt 0.509259 0.000000
vt 0.527778 1.000000
vt 0.518519 0.000000
vt 0.537037 1.000000
vt 0.527778 0.000000
vt 0.546296 1.000000
vt 0.537037 0.000000
vt 0.555556 1.000000
vt 0.546296 0.000000
vt 0.564815 1.000000
vt 0.555556 0.000000
vt 0.574074 1.000000
vt 0.564815 0.000000
vt 0.574074 0.000000
vt 0.592593 1.000000
vt 0.601852 1.000000
vt 0.592593 0.000000
vt 0.611111 1.000000
vt 0.601852 0.000000
vt 0.620370 1.000000
vt 0.611111 0.000000
vt 0.629630 1.000000
vt 0.620370 0.000000
vt 0.638889 1.000000
vt 0.629630 0.000000
vt 0.648148 1.000000
vt 0.638889 0.000000
vt 0.657407 1.000000
vt 0.648148 0.000000
vt 0.657407 0.000000
vt 0.675926 1.000000
vt 0.685185 1.000000
vt 0.675926 0.000000
vt 0.694444 1.000000
vt 0.685185 0.000000
vt 0.703704 1.000000
vt 0.694444 0.000000
vt 0.712963 1.000000
vt 0.703704 0.000000
vt 0.722222 1.000000
vt 0.712963 0.000000
vt 0.731481 1.000000
vt 0.722222 0.000000
vt 0.740741 1.000000
vt 0.731481 0.000000
vt 0.740741 0.000000
vt 0.759259 1.000000
vt 0.768519 1.000000
vt 0.759259 0.000000
vt 0.777778 1.000000
vt 0.768519 0.000000
vt 0.787037 1.000000
vt 0.777778 0.000000
vt 0.796296 1.000000
vt 0.787037 0.000000
vt 0.805556 1.000000
vt 0.796296 0.000000
vt 0.814815 1.000000
vt 0.805556 0.000000
vt 0.824074 1.000000
vt 0.814815 0.000000
vt 0.824074 0.000000
vt 0.842593 1.000000
vt 0.851852 1.000000
vt 0.842593 0.000000
vt 0.861111 1.000000
vt 0.851852 0.000000
vt 0.870370 1.000000
vt 0.861111 0.000000
vt 0.879630 1.000000
vt 0.870370 0.000000
vt 0.888889 1.000000
vt 0.879630 0.000000
vt 0.898148 1.000000
vt 0.888889 0.000000
vt 0.907407 1.000000
vt 0.898148 0.000000
vt 0.907407 0.000000
vt 0.925926 1.000000
vt 0.935185 1.000000
vt 0.925926 0.000000
vt 0.944444 1.000000
vt 0.935185 0.000000
vt 0.953704 1.000000
vt 0.944444 0.000000
vt 0.962963 1.000000
vt 0.953704 0.000000
vt 0.972222 1.000000
vt 0.962963 0.000000
vt 0.981481 1.000000
vt 0.972222 0.000000
vt 0.990741 1.000000
vt 0.981481 0.000000
vt 0.990741 0.000000
vt 0.010417 1.000000
vt 0.020833 1.000000
vt 0.010417 0.000000
vt 0.031250 1.000000
vt 0.020833 0.000000
vt 0.031250 0.000000
vt 0.052083 1.000000
vt 0.052083 0.000000
vt 0.072917 1.000000
vt 0.072917 0.000000
vt 0.093750 1.000000
vt 0.104167 1.000000
vt 0.093750 0.000000
vt 0.114583 1.000000
vt 0.104167 0.000000
vt 0.114583 0.000000
vt 0.135417 1.000000
vt 0.145833 1.000000
vt 0.135417 0.000000
vt 0.156250 1.000000
vt 0.145833 0.000000
vt 0.156250 0.000000
vt 0.177083 1.000000
vt 0.177083 0.000000
vt 0.197917 1.000000
vt 0.197917 0.000000
vt 0.218750 1.000000
vt 0.229167 1.000000
vt 0.218750 0.000000
vt 0.239583 1.000000
vt 0.229167 0.000000
vt 0.239583 0.000000
vt 0.260417 1.000000
vt 0.270833 1.000000
vt 0.260417 0.000000
vt 0.281250 1.000000
vt 0.270833 0.000000
vt 0.281250 0.000000
vt 0.302083 1.000000
vt 0.302083 0.000000
vt 0.322917 1.000000
vt 0.322917 0.000000
vt 0.343750 1.000000
vt 0.354167 1.000000
vt 0.343750 0.000000
vt 0.364583 1.000000
vt 0.354167 0.000000
vt 0.364583 0.000000
vt 0.385417 1.000000
vt 0.395833 1.000000
vt 0.385417 0.000000
vt 0.406250 1.000000
vt 0.395833 0.000000
vt 0.406250 0.000000
vt 0.427083 1.000000
vt 0.427083 0.000000
vt 0.447917 1.000000
vt 0.447917 0.000000
vt 0.468750 1.000000
vt 0.479167 1.000000
vt 0.468750 0.000000
vt 0.489583 1.000000
vt 0.479167 0.000000
vt 0.489583 0.000000
vt 0.510417 1.000000
vt 0.520833 1.000000
vt 0.510417 0.000000
vt 0.531250 1.000000
vt 0.520833 0.000000
vt 0.531250 0.000000
vt 0.552083 1.000000
vt 0.552083 0.000000
vt 0.572917 1.000000
vt 0.572917 0.000000
vt 0.593750 1.000000
vt 0.604167 1.000000
vt 0.593750 0.000000
vt 0.614583 1.000000
vt 0.604167 0.000000
vt 0.614583 0.000000
vt 0.635417 1.000000
vt 0.645833 1.000000
vt 0.635417 0.000000
vt 0.656250 1.000000
vt 0.645833 0.000000
vt 0.656250 0.000000
vt 0.677083 1.000000
vt 0.677083 0.000000
vt 0.697917 1.000000
vt 0.697917 0.000000
vt 0.718750 1.000000
vt 0.729167 1.000000
vt 0.718750 0.000000
vt 0.739583 1.000000
vt 0.729167 0.000000
vt 0.739583 0.000000
vt 0.760417 1.000000
vt 0.770833 1.000000
vt 0.760417 0.000000
vt 0.781250 1.000000
vt 0.770833 0.000000
vt 0.781250 0.000000
vt 0.802083 1.000000
vt 0.802083 0.000000
vt 0.822917 1.000000
vt 0.822917 0.000000
vt 0.843750 1.000000
vt 0.854167 1.000000
vt 0.843750 0.000000
vt 0.864583 1.000000
vt 0.854167 0.000000
vt 0.864583 0.000000
vt 0.885417 1.000000
vt 0.895833 1.000000
vt 0.885417 0.000000
vt 0.906250 1.000000
vt 0.895833 0.000000
vt 0.906250 0.000000
vt 0.927083 1.000000
vt 0.927083 0.000000
vt 0.947917 1.000000
vt 0.947917 0.000000
vt 0.968750 1.000000
vt 0.979167 1.000000
vt 0.968750 0.000000
vt 0.989583 1.000000
vt 0.979167 0.000000
vt 0.989583 0.000000
vt 0.006944 1.000000
vt 0.013889 1.000000
vt 0.006944 0.000000
vt 0.013889 0.000000
vt 0.034722 1.000000
vt 0.034722 0.000000
vt 0.048611 1.000000
vt 0.048611 0.000000
vt 0.069444 1.000000
vt 0.076389 1.000000
vt 0.069444 0.000000
vt 0.076389 0.000000
vt 0.090278 1.000000
vt 0.097222 1.000000
vt 0.090278 0.000000
vt 0.097222 0.000000
vt 0.118056 1.000000
vt 0.118056 0.000000
vt 0.131944 1.000000
vt 0.131944 0.000000
vt 0.152778 1.000000
vt 0.159722 1.000000
vt 0.152778 0.000000
vt 0.159722 0.000000
vt 0.173611 1.000000
vt 0.180556 1.000000
vt 0.173611 0.000000
vt 0.180556 0.000000
vt 0.201389 1.000000
vt 0.201389 0.000000
vt 0.215278 1.000000
vt 0.215278 0.000000
vt 0.236111 1.000000
vt 0.243056 1.000000
vt 0.236111 0.000000
vt 0.243056 0.000000
vt 0.256944 1.000000
vt 0.263889 1.000000
vt 0.256944 0.000000
vt 0.263889 0.000000
vt 0.284722 1.000000
vt 0.284722 0.000000
vt 0.298611 1.000000
vt 0.298611 0.000000
vt 0.319444 1.000000
vt 0.326389 1.000000
vt 0.319444 0.000000
vt 0.326389 0.000000
vt 0.340278 1.000000
vt 0.347222 1.000000
vt 0.340278 0.000000
vt 0.347222 0.000000
vt 0.368056 1.000000
vt 0.368056 0.000000
vt 0.381944 1.000000
vt 0.381944 0.000000
vt 0.402778 1.000000
vt 0.409722 1.000000
vt 0.402778 0.000000
vt 0.409722 0.000000
vt 0.423611 1.000000
vt 0.430556 1.000000
vt 0.423611 0.000000
vt 0.430556 0.000000
vt 0.451389 1.000000
vt 0.451389 0.000000
vt 0.465278 1.000000
vt 0.465278 0.000000
vt 0.486111 1.000000
vt 0.493056 1.000000
vt 0.486111 0.000000
vt 0.493056 0.000000
vt 0.506944 1.000000
vt 0.513889 1.000000
vt 0.506944 0.000000
vt 0.513889 0.000000
vt 0.534722 1.000000
vt 0.534722 0.000000
vt 0.548611 1.000000
vt 0.548611 0.000000
vt 0.569444 1.000000
vt 0.576389 1.000000
vt 0.569444 0.000000
vt 0.576389 0.000000
vt 0.590278 1.000000
vt 0.597222 1.000000
vt 0.590278 0.000000
vt 0.597222 0.000000
vt 0.618056 1.000000
vt 0.618056 0.000000
vt 0.631944 1.000000
vt 0.631944 0.000000
vt 0.652778 1.000000
vt 0.659722 1.000000
vt 0.652778 0.000000
vt 0.659722 0.000000
vt 0.673611 1.000000
vt 0.680556 1.000000
vt 0.673611 0.000000
vt 0.680556 0.000000
vt 0.701389 1.000000
vt 0.701389 0.000000
vt 0.715278 1.000000
vt 0.715278 0.000000
vt 0.736111 1.000000
vt 0.743056 1.000000
vt 0.736111 0.000000
vt 0.743056 0.000000
vt 0.756944 1.000000
vt 0.763889 1.000000
vt 0.756944 0.000000
vt 0.763889 0.000000
vt 0.784722 1.000000
vt 0.784722 0.000000
vt 0.798611 1.000000
vt 0.798611 0.000000
vt 0.819444 1.000000
vt 0.826389 1.000000
vt 0.819444 0.000000
vt 0.826389 0.000000
vt 0.840278 1.000000
vt 0.847222 1.000000
vt 0.840278 0.000000
vt 0.847222 0.000000
vt 0.868056 1.000000
vt 0.868056 0.000000
vt 0.881944 1.000000
vt 0.881944 0.000000
vt 0.902778 1.000000
vt 0.909722 1.000000
vt 0.902778 0.000000
vt 0.909722 0.000000
vt 0.923611 1.000000
vt 0.930556 1.000000
vt 0.923611 0.000000
vt 0.930556 0.000000
vt 0.951389 1.000000
vt 0.951389 0.000000
vt 0.965278 1.000000
vt 0.965278 0.000000
vt 0.986111 1.000000
vt 0.993056 1.000000
vt 0.986111 0.000000
vt 0.993056 0.000000
vt 0.003584 1.000000
vt 0.007168 1.000000
vt 0.003584 0.000000
vt 0.010753 1.000000
vt 0.007168 0.000000
vt 0.014337 1.000000
vt 0.010753 0.000000
vt 0.017921 1.000000
vt 0.014337 0.000000
vt 0.021505 1.000000
vt 0.017921 0.000000
vt 0.025090 1.000000
vt 0.021505 0.000000
vt 0.028674 1.000000
vt 0.025090 0.000000
vt 0.032258 1.000000
vt 0.028674 0.000000
vt 0.035842 1.000000
vt 0.032258 0.000000
vt 0.039427 1.000000
vt 0.035842 0.000000
vt 0.043011 1.000000
vt 0.039427 0.000000
vt 0.046595 1.000000
vt 0.043011 0.000000
vt 0.050179 1.000000
vt 0.046595 0.000000
vt 0.053763 1.000000
vt 0.050179 0.000000
vt 0.057348 1.000000
vt 0.053763 0.000000
vt 0.060932 1.000000
vt 0.057348 0.000000
vt 0.064516 1.000000
vt 0.060932 0.000000
vt 0.068100 1.000000
vt 0.064516 0.000000
vt 0.071685 1.000000
vt 0.068100 0.000000
vt 0.075269 1.000000
vt 0.071685 0.000000
vt 0.078853 1.000000
vt 0.075269 0.000000
vt 0.082437 1.000000
vt 0.078853 0.000000
vt 0.086022 1.000000
vt 0.082437 0.000000
vt 0.089606 1.000000
vt 0.086022 0.000000
vt 0.093190 1.000000
vt 0.089606 0.000000
vt 0.096774 1.000000
vt 0.093190 0.000000
vt 0.100358 1.000000
vt 0.096774 0.000000
vt 0.103943 1.000000
vt 0.100358 0.000000
vt 0.107527 1.000000
vt 0.103943 0.000000
vt 0.107527 0.000000
vt 0.114695 1.000000
vt 0.118280 1.000000
vt 0.114695 0.000000
vt 0.121864 1.000000
vt 0.118280 0.000000
vt 0.125448 1.000000
vt 0.121864 0.000000
vt 0.129032 1.000000
vt 0.125448 0.000000
vt 0.132616 1.000000
vt 0.129032 0.000000
vt 0.136201 1.000000
vt 0.132616 0.000000
vt 0.139785 1.000000
vt 0.136201 0.000000
vt 0.143369 1.000000
vt 0.139785 0.000000
vt 0.146953 1.000000
vt 0.143369 0.000000
vt 0.150538 1.000000
vt 0.146953 0.000000
vt 0.154122 1.000000
vt 0.150538 0.000000
vt 0.157706 1.000000
vt 0.154122 0.000000
vt 0.161290 1.000000
vt 0.157706 0.000000
vt 0.164875 1.000000
vt 0.161290 0.000000
vt 0.168459 1.000000
vt 0.164875 0.000000
vt 0.172043 1.000000
vt 0.168459 0.000000
vt 0.175627 1.000000
vt 0.172043 0.000000
vt 0.179211 1.000000
vt 0.175627 0.000000
vt 0.182796 1.000000
vt 0.179211 0.000000
vt 0.186380 1.000000
vt 0.182796 0.000000
vt 0.189964 1.000000
vt 0.186380 0.000000
vt 0.193548 1.000000
vt 0.189964 0.000000
vt 0.197133 1.000000
vt 0.193548 0.000000
vt 0.200717 1.000000
vt 0.197133 0.000000
vt 0.204301 1.000000
vt 0.200717 0.000000
vt 0.207885 1.000000
vt 0.204301 0.000000
vt 0.211470 1.000000
vt 0.207885 0.000000
vt 0.215054 1.000000
vt 0.211470 0.000000
vt 0.218638 1.000000
vt 0.215054 0.000000
vt 0.218638 0.000000
vt 0.225806 1.000000
vt 0.229391 1.000000
vt 0.225806 0.000000
vt 0.232975 1.000000
vt 0.229391 0.000000
vt 0.236559 1.000000
vt 0.232975 0.000000
vt 0.240143 1.000000
vt 0.236559 0.000000
vt 0.243728 1.000000
vt 0.240143 0.000000
vt 0.247312 1.000000
vt 0.243728 0.000000
vt 0.250896 1.000000
vt 0.247312 0.000000
vt 0.254480 1.000000
vt 0.250896 0.000000
vt 0.258065 1.000000
vt 0.254480 0.000000
vt 0.261649 1.000000
vt 0.258065 0.000000
vt 0.265233 1.000000
vt 0.261649 0.000000
vt 0.268817 1.000000
vt 0.265233 0.000000
vt 0.272401 1.000000
vt 0.268817 0.000000
vt 0.275986 1.000000
vt 0.272401 0.000000
vt 0.279570 1.000000
vt 0.275986 0.000000
vt 0.283154 1.000000
vt 0.279570 0.000000
vt 0.286738 1.000000
vt 0.283154 0.000000
vt 0.290323 1.000000
vt 0.286738 0.000000
vt 0.293907 1.000000
vt 0.290323 0.000000
vt 0.297491 1.000000
vt 0.293907 0.000000
vt 0.301075 1.000000
vt 0.297491 0.000000
vt 0.304659 1.000000
vt 0.301075 0.000000
vt 0.308244 1.000000
vt 0.304659 0.000000
vt 0.311828 1.000000
vt 0.308244 0.000000
vt 0.315412 1.000000
vt 0.311828 0.000000
vt 0.318996 1.000000
vt 0.315412 0.000000
vt 0.322581 1.000000
vt 0.318996 0.000000
vt 0.326165 1.000000
vt 0.322581 0.000000
vt 0.329749 1.000000
vt 0.326165 0.000000
vt 0.329749 0.000000
vt 0.336918 1.000000
vt 0.340502 1.000000
vt 0.336918 0.000000
vt 0.344086 1.000000
vt 0.340502 0.000000
vt 0.347670 1.000000
vt 0.344086 0.000000
vt 0.351254 1.000000
vt 0.347670 0.000000
vt 0.354839 1.000000
vt 0.351254 0.000000
vt 0.358423 1.000000
vt 0.354839 0.000000
vt 0.362007 1.000000
vt 0.358423 0.000000
vt 0.365591 1.000000
vt 0.362007 0.000000
vt 0.369176 1.000000
vt 0.365591 0.000000
vt 0.372760 1.000000
vt 0.369176 0.000000
vt 0.376344 1.000000
vt 0.372760 0.000000
vt 0.379928 1.000000
vt 0.376344 0.000000
vt 0.383513 1.000000
vt 0.379928 0.000000
vt 0.387097 1.000000
vt 0.383513 0.000000
vt 0.390681 1.000000
vt 0.387097 0.000000
vt 0.394265 1.000000
vt 0.390681 0.000000
vt 0.397849 1.000000
vt 0.394265 0.000000
vt 0.401434 1.000000
vt 0.397849 0.000000
vt 0.405018 1.000000
vt 0.401434 0.000000
vt 0.408602 1.000000
vt 0.405018 0.000000
vt 0.412186 1.000000
vt 0.408602 0.000000
vt 0.415771 1.000000
vt 0.412186 0.000000
vt 0.419355 1.000000
vt 0.415771 0.000000
vt 0.422939 1.000000
vt 0.419355 0.000000
vt 0.426523 1.000000
vt 0.422939 0.000000
vt 0.430108 1.000000
vt 0.426523 0.000000
vt 0.433692 1.000000
vt 0.430108 0.000000
vt 0.437276 1.000000
vt 0.433692 0.000000
vt 0.440860 1.000000
vt 0.437276 0.000000
vt 0.440860 0.000000
vt 0.448029 1.000000
vt 0.451613 1.000000
vt 0.448029 0.000000
vt 0.455197 1.000000
vt 0.451613 0.000000
vt 0.458781 1.000000
vt 0.455197 0.000000
vt 0.462366 1.000000
vt 0.458781 0.000000
vt 0.465950 1.000000
vt 0.462366 0.000000
vt 0.469534 1.000000
vt 0.465950 0.000000
vt 0.473118 1.000000
vt 0.469534 0.000000
vt 0.476703 1.000000
vt 0.473118 0.000000
vt 0.480287 1.000000
vt 0.476703 0.000000
vt 0.483871 1.000000
vt 0.480287 0.000000
vt 0.487455 1.000000
vt 0.483871 0.000000
vt 0.491039 1.000000
vt 0.487455 0.000000
vt 0.494624 1.000000
vt 0.491039 0.000000
vt 0.498208 1.000000
vt 0.494624 0.000000
vt 0.501792 1.000000
vt 0.498208 0.000000
vt 0.505376 1.000000
vt 0.501792 0.000000
vt 0.508961 1.000000
vt 0.505376 0.000000
vt 0.512545 1.000000
vt 0.508961 0.000000
vt 0.516129 1.000000
vt 0.512545 0.000000
vt 0.519713 1.000000
vt 0.516129 0.000000
vt 0.523297 1.000000
vt 0.519713 0.000000
vt 0.526882 1.000000
vt 0.523297 0.000000
vt 0.530466 1.000000
vt 0.526882 0.000000
vt 0.534050 1.000000
vt 0.530466 0.000000
vt 0.537634 1.000000
vt 0.534050 0.000000
vt 0.541219 1.000000
vt 0.537634 0.000000
vt 0.544803 1.000000
vt 0.541219 0.000000
vt 0.548387 1.000000
vt 0.544803 0.000000
vt 0.551971 1.000000
vt 0.548387 0.000000
vt 0.551971 0.000000
vt 0.559140 1.000000
vt 0.562724 1.000000
vt 0.559140 0.000000
vt 0.566308 1.000000
vt 0.562724 0.000000
vt 0.569892 1.000000
vt 0.566308 0.000000
vt 0.573477 1.000000
vt 0.569892 0.000000
vt 0.577061 1.000000
vt 0.573477 0.000000
vt 0.580645 1.000000
vt 0.577061 0.000000
vt 0.584229 1.000000
vt 0.580645 0.000000
vt 0.587814 1.000000
vt 0.584229 0.000000
vt 0.591398 1.000000
vt 0.587814 0.000000
vt 0.594982 1.000000
vt 0.591398 0.000000
vt 0.598566 1.000000
vt 0.594982 0.000000
vt 0.602151 1.000000
vt 0.598566 0.000000
vt 0.605735 1.000000
vt 0.602151 0.000000
vt 0.609319 1.000000
vt 0.605735 0.000000
vt 0.612903 1.000000
vt 0.609319 0.000000
vt 0.616487 1.000000
vt 0.612903 0.000000
vt 0.620072 1.000000
vt 0.616487 0.000000
vt 0.623656 1.000000
vt 0.620072 0.000000
vt 0.627240 1.000000
vt 0.623656 0.000000
vt 0.630824 1.000000
vt 0.627240 0.000000
vt 0.634409 1.000000
vt 0.630824 0.000000
vt 0.637993 1.000000
vt 0.634409 0.000000
vt 0.641577 1.000000
vt 0.637993 0.000000
vt 0.645161 1.000000
vt 0.641577 0.000000
vt 0.648746 1.000000
vt 0.645161 0.000000
vt 0.652330 1.000000
vt 0.648746 0.000000
vt 0.655914 1.000000
vt 0.652330 0.000000
vt 0.659498 1.000000
vt 0.655914 0.000000
vt 0.663082 1.000000
vt 0.659498 0.000000
vt 0.663082 0.000000
vt 0.670251 1.000000
vt 0.673835 1.000000
vt 0.670251 0.000000
vt 0.677419 1.000000
vt 0.673835 0.000000
vt 0.681004 1.000000
vt 0.677419 0.000000
vt 0.684588 1.000000
vt 0.681004 0.000000
vt 0.688172 1.000000
vt 0.684588 0.000000
vt 0.691756 1.000000
vt 0.688172 0.000000
vt 0.695341 1.000000
vt 0.691756 0.000000
vt 0.698925 1.000000
vt 0.695341 0.000000
vt 0.702509 1.000000
vt 0.698925 0.000000
vt 0.706093 1.000000
vt 0.702509 0.000000
vt 0.709677 1.000000
vt 0.706093 0.000000
vt 0.713262 1.000000
vt 0.709677 0.000000
vt 0.716846 1.000000
vt 0.713262 0.000000
vt 0.720430 1.000000
vt 0.716846 0.000000
vt 0.724014 1.000000
vt 0.720430 0.000000
vt 0.727599 1.000000
vt 0.724014 0.000000
vt 0.731183 1.000000
vt 0.727599 0.000000
vt 0.734767 1.000000
vt 0.731183 0.000000
vt 0.738351 1.000000
vt 0.734767 0.000000
vt 0.741935 1.000000
vt 0.738351 0.000000
vt 0.745520 1.000000
vt 0.741935 0.000000
vt 0.749104 1.000000
vt 0.745520 0.000000
vt 0.752688 1.000000
vt 0.749104 0.000000
vt 0.756272 1.000000
vt 0.752688 0.000000
vt 0.759857 1.000000
vt 0.756272 0.000000
vt 0.763441 1.000000
vt 0.759857 0.000000
vt 0.767025 1.000000
vt 0.763441 0.000000
vt 0.770609 1.000000
vt 0.767025 0.000000
vt 0.774194 1.000000
vt 0.770609 0.000000
vt 0.774194 0.000000
vt 0.781362 1.000000
vt 0.784946 1.000000
vt 0.781362 0.000000
vt 0.788530 1.000000
vt 0.784946 0.000000
vt 0.792115 1.000000
vt 0.788530 0.000000
vt 0.795699 1.000000
vt 0.792115 0.000000
vt 0.799283 1.000000
vt 0.795699 0.000000
vt 0.802867 1.000000
vt 0.799283 0.000000
vt 0.806452 1.000000
vt 0.802867 0.000000
vt 0.810036 1.000000
vt 0.806452 0.000000
vt 0.813620 1.000000
vt 0.810036 0.000000
vt 0.817204 1.000000
vt 0.813620 0.000000
vt 0.820789 1.000000
vt 0.817204 0.000000
vt 0.824373 1.000000
vt 0.820789 0.000000
vt 0.827957 1.000000
vt 0.824373 0.000000
vt 0.831541 1.000000
vt 0.827957 0.000000
vt 0.835125 1.000000
vt 0.831541 0.000000
vt 0.838710 1.000000
vt 0.835125 0.000000
vt 0.842294 1.000000
vt 0.838710 0.000000
vt 0.845878 1.000000
vt 0.842294 0.000000
vt 0.849462 1.000000
vt 0.845878 0.000000
vt 0.853047 1.000000
vt 0.849462 0.000000
vt 0.856631 1.000000
vt 0.853047 0.000000
vt 0.860215 1.000000
vt 0.856631 0.000000
vt 0.863799 1.000000
vt 0.860215 0.000000
vt 0.867384 1.000000
vt 0.863799 0.000000
vt 0.870968 1.000000
vt 0.867384 0.000000
vt 0.874552 1.000000
vt 0.870968 0.000000
vt 0.878136 1.000000
vt 0.874552 0.000000
vt 0.881720 1.000000
vt 0.878136 0.000000
vt 0.885305 1.000000
vt 0.881720 0.000000
vt 0.885305 0.000000
vt 0.892473 1.000000
vt 0.896057 1.000000
vt 0.892473 0.000000
vt 0.899642 1.000000
vt 0.896057 0.000000
vt 0.903226 1.000000
vt 0.899642 0.000000
vt 0.906810 1.000000
vt 0.903226 0.000000
vt 0.910394 1.000000
vt 0.906810 0.000000
vt 0.913979 1.000000
vt 0.910394 0.000000
vt 0.917563 1.000000
vt 0.913979 0.000000
vt 0.921147 1.000000
vt 0.917563 0.000000
vt 0.924731 1.000000
vt 0.921147 0.000000
vt 0.928315 1.000000
vt 0.924731 0.000000
vt 0.931900 1.000000
vt 0.928315 0.000000
vt 0.935484 1.000000
vt 0.931900 0.000000
vt 0.939068 1.000000
vt 0.935484 0.000000
vt 0.942652 1.000000
vt 0.939068 0.000000
vt 0.946237 1.000000
vt 0.942652 0.000000
vt 0.949821 1.000000
vt 0.946237 0.000000
vt 0.953405 1.000000
vt 0.949821 0.000000
vt 0.956989 1.000000
vt 0.953405 0.000000
vt 0.960573 1.000000
vt 0.956989 0.000000
vt 0.964158 1.000000
vt 0.960573 0.000000
vt 0.967742 1.000000
vt 0.964158 0.000000
vt 0.971326 1.000000
vt 0.967742 0.000000
vt 0.974910 1.000000
vt 0.971326 0.000000
vt 0.978495 1.000000
vt 0.974910 0.000000
vt 0.982079 1.000000
vt 0.978495 0.000000
vt 0.985663 1.000000
vt 0.982079 0.000000
vt 0.989247 1.000000
vt 0.985663 0.000000
vt 0.992832 1.000000
vt 0.989247 0.000000
vt 0.996416 1.000000
vt 0.992832 0.000000
vt 0.996416 0.000000
vt 0.002688 1.000000
vt 0.005376 1.000000
vt 0.002688 0.000000
vt 0.008065 1.000000
vt 0.005376 0.000000
vt 0.008065 0.000000
vt 0.013441 1.000000
vt 0.016129 1.000000
vt 0.013441 0.000000
vt 0.018817 1.000000
vt 0.016129 0.000000
vt 0.018817 0.000000
vt 0.024194 1.000000
vt 0.026882 1.000000
vt 0.024194 0.000000
vt 0.029570 1.000000
vt 0.026882 0.000000
vt 0.029570 0.000000
vt 0.034946 1.000000
vt 0.037634 1.000000
vt 0.034946 0.000000
vt 0.040323 1.000000
vt 0.037634 0.000000
vt 0.040323 0.000000
vt 0.045699 1.000000
vt 0.048387 1.000000
vt 0.045699 0.000000
vt 0.051075 1.000000
vt 0.048387 0.000000
vt 0.051075 0.000000
vt 0.056452 1.000000
vt 0.059140 1.000000
vt 0.056452 0.000000
vt 0.061828 1.000000
vt 0.059140 0.000000
vt 0.061828 0.000000
vt 0.067204 1.000000
vt 0.069892 1.000000
vt 0.067204 0.000000
vt 0.072581 1.000000
vt 0.069892 0.000000
vt 0.072581 0.000000
vt 0.077957 1.000000
vt 0.080645 1.000000
vt 0.077957 0.000000
vt 0.080645 0.000000
vt 0.088710 1.000000
vt 0.091398 1.000000
vt 0.088710 0.000000
vt 0.094086 1.000000
vt 0.091398 0.000000
vt 0.094086 0.000000
vt 0.099462 1.000000
vt 0.102151 1.000000
vt 0.099462 0.000000
vt 0.104839 1.000000
vt 0.102151 0.000000
vt 0.104839 0.000000
vt 0.110215 1.000000
vt 0.112903 1.000000
vt 0.110215 0.000000
vt 0.115591 1.000000
vt 0.112903 0.000000
vt 0.115591 0.000000
vt 0.120968 1.000000
vt 0.123656 1.000000
vt 0.120968 0.000000
vt 0.126344 1.000000
vt 0.123656 0.000000
vt 0.126344 0.000000
vt 0.131720 1.000000
vt 0.134409 1.000000
vt 0.131720 0.000000
vt 0.137097 1.000000
vt 0.134409 0.000000
vt 0.137097 0.000000
vt 0.142473 1.000000
vt 0.145161 1.000000
vt 0.142473 0.000000
vt 0.147849 1.000000
vt 0.145161 0.000000
vt 0.147849 0.000000
vt 0.153226 1.000000
vt 0.155914 1.000000
vt 0.153226 0.000000
vt 0.158602 1.000000
vt 0.155914 0.000000
vt 0.158602 0.000000
vt 0.163978 1.000000
vt 0.163978 0.000000
vt 0.169355 1.000000
vt 0.169355 0.000000
vt 0.174731 1.000000
vt 0.177419 1.000000
vt 0.174731 0.000000
vt 0.180108 1.000000
vt 0.177419 0.000000
vt 0.180108 0.000000
vt 0.185484 1.000000
vt 0.188172 1.000000
vt 0.185484 0.000000
vt 0.190860 1.000000
vt 0.188172 0.000000
vt 0.190860 0.000000
vt 0.196237 1.000000
vt 0.198925 1.000000
vt 0.196237 0.000000
vt 0.201613 1.000000
vt 0.198925 0.000000
vt 0.201613 0.000000
vt 0.206989 1.000000
vt 0.209677 1.000000
vt 0.206989 0.000000
vt 0.212366 1.000000
vt 0.209677 0.000000
vt 0.212366 0.000000
vt 0.217742 1.000000
vt 0.220430 1.000000
vt 0.217742 0.000000
vt 0.223118 1.000000
vt 0.220430 0.000000
vt 0.223118 0.000000
vt 0.228495 1.000000
vt 0.231183 1.000000
vt 0.228495 0.000000
vt 0.233871 1.000000
vt 0.231183 0.000000
vt 0.233871 0.000000
vt 0.239247 1.000000
vt 0.241935 1.000000
vt 0.239247 0.000000
vt 0.244624 1.000000
vt 0.241935 0.000000
vt 0.244624 0.000000
vt 0.252688 1.000000
vt 0.255376 1.000000
vt 0.252688 0.000000
vt 0.255376 0.000000
vt 0.260753 1.000000
vt 0.263441 1.000000
vt 0.260753 0.000000
vt 0.266129 1.000000
vt 0.263441 0.000000
vt 0.266129 0.000000
vt 0.271505 1.000000
vt 0.274194 1.000000
vt 0.271505 0.000000
vt 0.276882 1.000000
vt 0.274194 0.000000
vt 0.276882 0.000000
vt 0.282258 1.000000
vt 0.284946 1.000000
vt 0.282258 0.000000
vt 0.287634 1.000000
vt 0.284946 0.000000
vt 0.287634 0.000000
vt 0.293011 1.000000
vt 0.295699 1.000000
vt 0.293011 0.000000
vt 0.298387 1.000000
vt 0.295699 0.000000
vt 0.298387 0.000000
vt 0.303763 1.000000
vt 0.306452 1.000000
vt 0.303763 0.000000
vt 0.309140 1.000000
vt 0.306452 0.000000
vt 0.309140 0.000000
vt 0.314516 1.000000
vt 0.317204 1.000000
vt 0.314516 0.000000
vt 0.319892 1.000000
vt 0.317204 0.000000
vt 0.319892 0.000000
vt 0.325269 1.000000
vt 0.327957 1.000000
vt 0.325269 0.000000
vt 0.330645 1.000000
vt 0.327957 0.000000
vt 0.330645 0.000000
vt 0.336022 1.000000
vt 0.338710 1.000000
vt 0.336022 0.000000
vt 0.341398 1.000000
vt 0.338710 0.000000
vt 0.341398 0.000000
vt 0.346774 1.000000
vt 0.349462 1.000000
vt 0.346774 0.000000
vt 0.352151 1.000000
vt 0.349462 0.000000
vt 0.352151 0.000000
vt 0.357527 1.000000
vt 0.360215 1.000000
vt 0.357527 0.000000
vt 0.362903 1.000000
vt 0.360215 0.000000
vt 0.362903 0.000000
vt 0.368280 1.000000
vt 0.370968 1.000000
vt 0.368280 0.000000
vt 0.373656 1.000000
vt 0.370968 0.000000
vt 0.373656 0.000000
vt 0.379032 1.000000
vt 0.381720 1.000000
vt 0.379032 0.000000
vt 0.384409 1.000000
vt 0.381720 0.000000
vt 0.384409 0.000000
vt 0.389785 1.000000
vt 0.392473 1.000000
vt 0.389785 0.000000
vt 0.395161 1.000000
vt 0.392473 0.000000
vt 0.395161 0.000000
vt 0.400538 1.000000
vt 0.403226 1.000000
vt 0.400538 0.000000
vt 0.405914 1.000000
vt 0.403226 0.000000
vt 0.405914 0.000000
vt 0.411290 1.000000
vt 0.413978 1.000000
vt 0.411290 0.000000
vt 0.413978 0.000000
vt 0.422043 1.000000
vt 0.424731 1.000000
vt 0.422043 0.000000
vt 0.427419 1.000000
vt 0.424731 0.000000
vt 0.427419 0.000000
vt 0.432796 1.000000
vt 0.435484 1.000000
vt 0.432796 0.000000
vt 0.438172 1.000000
vt 0.435484 0.000000
vt 0.438172 0.000000
vt 0.443548 1.000000
vt 0.446237 1.000000
vt 0.443548 0.000000
vt 0.448925 1.000000
vt 0.446237 0.000000
vt 0.448925 0.000000
vt 0.454301 1.000000
vt 0.456989 1.000000
vt 0.454301 0.000000
vt 0.459677 1.000000
vt 0.456989 0.000000
vt 0.459677 0.000000
vt 0.465054 1.000000
vt 0.467742 1.000000
vt 0.465054 0.000000
vt 0.470430 1.000000
vt 0.467742 0.000000
vt 0.470430 0.000000
vt 0.475806 1.000000
vt 0.478495 1.000000
vt 0.475806 0.000000
vt 0.481183 1.000000
vt 0.478495 0.000000
vt 0.481183 0.000000
vt 0.486559 1.000000
vt 0.489247 1.000000
vt 0.486559 0.000000
vt 0.491935 1.000000
vt 0.489247 0.000000
vt 0.491935 0.000000
vt 0.497312 1.000000
vt 0.497312 0.000000
vt 0.502688 1.000000
vt 0.502688 0.000000
vt 0.508065 1.000000
vt 0.510753 1.000000
vt 0.508065 0.000000
vt 0.513441 1.000000
vt 0.510753 0.000000
vt 0.513441 0.000000
vt 0.518817 1.000000
vt 0.521505 1.000000
vt 0.518817 0.000000
vt 0.524194 1.000000
vt 0.521505 0.000000
vt 0.524194 0.000000
vt 0.529570 1.000000
vt 0.532258 1.000000
vt 0.529570 0.000000
vt 0.534946 1.000000
vt 0.532258 0.000000
vt 0.534946 0.000000
vt 0.540323 1.000000
vt 0.543011 1.000000
vt 0.540323 0.000000
vt 0.545699 1.000000
vt 0.543011 0.000000
vt 0.545699 0.000000
vt 0.551075 1.000000
vt 0.553763 1.000000
vt 0.551075 0.000000
vt 0.556452 1.000000
vt 0.553763 0.000000
vt 0.556452 0.000000
vt 0.561828 1.000000
vt 0.564516 1.000000
vt 0.561828 0.000000
vt 0.567204 1.000000
vt 0.564516 0.000000
vt 0.567204 0.000000
vt 0.572581 1.000000
vt 0.575269 1.000000
vt 0.572581 0.000000
vt 0.577957 1.000000
vt 0.575269 0.000000
vt 0.577957 0.000000
vt 0.586021 1.000000
vt 0.588710 1.000000
vt 0.586021 0.000000
vt 0.588710 0.000000
vt 0.594086 1.000000
vt 0.596774 1.000000
vt 0.594086 0.000000
vt 0.599462 1.000000
vt 0.596774 0.000000
vt 0.599462 0.000000
vt 0.604839 1.000000
vt 0.607527 1.000000
vt 0.604839 0.000000
vt 0.610215 1.000000
vt 0.607527 0.000000
vt 0.610215 0.000000
vt 0.615591 1.000000
vt 0.618280 1.000000
vt 0.615591 0.000000
vt 0.620968 1.000000
vt 0.618280 0.000000
vt 0.620968 0.000000
vt 0.626344 1.000000
vt 0.629032 1.000000
vt 0.626344 0.000000
vt 0.631720 1.000000
vt 0.629032 0.000000
vt 0.631720 0.000000
vt 0.637097 1.000000
vt 0.639785 1.000000
vt 0.637097 0.000000
vt 0.642473 1.000000
vt 0.639785 0.000000
vt 0.642473 0.000000
vt 0.647849 1.000000
vt 0.650538 1.000000
vt 0.647849 0.000000
vt 0.653226 1.000000
vt 0.650538 0.000000
vt 0.653226 0.000000
vt 0.658602 1.000000
vt 0.661290 1.000000
vt 0.658602 0.000000
vt 0.663979 1.000000
vt 0.661290 0.000000
vt 0.663979 0.000000
vt 0.669355 1.000000
vt 0.672043 1.000000
vt 0.669355 0.000000
vt 0.674731 1.000000
vt 0.672043 0.000000
vt 0.674731 0.000000
vt 0.680108 1.000000
vt 0.682796 1.000000
vt 0.680108 0.000000
vt 0.685484 1.000000
vt 0.682796 0.000000
vt 0.685484 0.000000
vt 0.690860 1.000000
vt 0.693548 1.000000
vt 0.690860 0.000000
vt 0.696237 1.000000
vt 0.693548 0.000000
vt 0.696237 0.000000
vt 0.701613 1.000000
vt 0.704301 1.000000
vt 0.701613 0.000000
vt 0.706989 1.000000
vt 0.704301 0.000000
vt 0.706989 0.000000
vt 0.712366 1.000000
vt 0.715054 1.000000
vt 0.712366 0.000000
vt 0.717742 1.000000
vt 0.715054 0.000000
vt 0.717742 0.000000
vt 0.723118 1.000000
vt 0.725806 1.000000
vt 0.723118 0.000000
vt 0.728495 1.000000
vt 0.725806 0.000000
vt 0.728495 0.000000
vt 0.733871 1.000000
vt 0.736559 1.000000
vt 0.733871 0.000000
vt 0.739247 1.000000
vt 0.736559 0.000000
vt 0.739247 0.000000
vt 0.744624 1.000000
vt 0.747312 1.000000
vt 0.744624 0.000000
vt 0.747312 0.000000
vt 0.755376 1.000000
vt 0.758065 1.000000
vt 0.755376 0.000000
vt 0.760753 1.000000
vt 0.758065 0.000000
vt 0.760753 0.000000
vt 0.766129 1.000000
vt 0.768817 1.000000
vt 0.766129 0.000000
vt 0.771505 1.000000
vt 0.768817 0.000000
vt 0.771505 0.000000
vt 0.776882 1.000000
vt 0.779570 1.000000
vt 0.776882 0.000000
vt 0.782258 1.000000
vt 0.779570 0.000000
vt 0.782258 0.000000
vt 0.787634 1.000000
vt 0.790323 1.000000
vt 0.787634 0.000000
vt 0.793011 1.000000
vt 0.790323 0.000000
vt 0.793011 0.000000
vt 0.798387 1.000000
vt 0.801075 1.000000
vt 0.798387 0.000000
vt 0.803763 1.000000
vt 0.801075 0.000000
vt 0.803763 0.000000
vt 0.809140 1.000000
vt 0.811828 1.000000
vt 0.809140 0.000000
vt 0.814516 1.000000
vt 0.811828 0.000000
vt 0.814516 0.000000
vt 0.819892 1.000000
vt 0.822581 1.000000
vt 0.819892 0.000000
vt 0.825269 1.000000
vt 0.822581 0.000000
vt 0.825269 0.000000
vt 0.830645 1.000000
vt 0.830645 0.000000
vt 0.836021 1.000000
vt 0.836021 0.000000
vt 0.841398 1.000000
vt 0.844086 1.000000
vt 0.841398 0.000000
vt 0.846774 1.000000
vt 0.844086 0.000000
vt 0.846774 0.000000
vt 0.852151 1.000000
vt 0.854839 1.000000
vt 0.852151 0.000000
vt 0.857527 1.000000
vt 0.854839 0.000000
vt 0.857527 0.000000
vt 0.862903 1.000000
vt 0.865591 1.000000
vt 0.862903 0.000000
vt 0.868280 1.000000
vt 0.865591 0.000000
vt 0.868280 0.000000
vt 0.873656 1.000000
vt 0.876344 1.000000
vt 0.873656 0.000000
vt 0.879032 1.000000
vt 0.876344 0.000000
vt 0.879032 0.000000
vt 0.884409 1.000000
vt 0.887097 1.000000
vt 0.884409 0.000000
vt 0.889785 1.000000
vt 0.887097 0.000000
vt 0.889785 0.000000
vt 0.895161 1.000000
vt 0.897849 1.000000
vt 0.895161 0.000000
vt 0.900538 1.000000
vt 0.897849 0.000000
vt 0.900538 0.000000
vt 0.905914 1.000000
vt 0.908602 1.000000
vt 0.905914 0.000000
vt 0.911290 1.000000
vt 0.908602 0.000000
vt 0.911290 0.000000
vt 0.919355 1.000000
vt 0.922043 1.000000
vt 0.919355 0.000000
vt 0.922043 0.000000
vt 0.927419 1.000000
vt 0.930108 1.000000
vt 0.927419 0.000000
vt 0.932796 1.000000
vt 0.930108 0.000000
vt 0.932796 0.000000
vt 0.938172 1.000000
vt 0.940860 1.000000
vt 0.938172 0.000000
vt 0.943548 1.000000
vt 0.940860 0.000000
vt 0.943548 0.000000
vt 0.948925 1.000000
vt 0.951613 1.000000
vt 0.948925 0.000000
vt 0.954301 1.000000
vt 0.951613 0.000000
vt 0.954301 0.000000
vt 0.959677 1.000000
vt 0.962366 1.000000
vt 0.959677 0.000000
vt 0.965054 1.000000
vt 0.962366 0.000000
vt 0.965054 0.000000
vt 0.970430 1.000000
vt 0.973118 1.000000
vt 0.970430 0.000000
vt 0.975806 1.000000
vt 0.973118 0.000000
vt 0.975806 0.000000
vt 0.981183 1.000000
vt 0.983871 1.000000
vt 0.981183 0.000000
vt 0.986559 1.000000
vt 0.983871 0.000000
vt 0.986559 0.000000
vt 0.991935 1.000000
vt 0.994624 1.000000
vt 0.991935 0.000000
vt 0.997312 1.000000
vt 0.994624 0.000000
vt 0.997312 0.000000
s 0
usemtl マテリアル.001
f 252/1/1 254/2/1 253/3/1
f 251/4/1 254/2/1 252/1/1
f 250/5/1 254/2/1 251/4/1
f 249/6/1 254/2/1 250/5/1
f 248/7/1 254/2/1 249/6/1
f 247/8/1 254/2/1 248/7/1
f 247/8/1 255/9/1 254/2/1
f 246/10/1 255/9/1 247/8/1
f 245/11/1 255/9/1 246/10/1
f 244/12/1 255/9/1 245/11/1
f 243/13/1 255/9/1 244/12/1
f 242/14/1 255/9/1 243/13/1
f 242/14/1 256/15/1 255/9/1
f 241/16/1 256/15/1 242/14/1
f 240/17/1 256/15/1 241/16/1
f 240/17/1 257/18/1 256/15/1
f 240/17/1 258/19/1 257/18/1
f 240/17/1 259/20/1 258/19/1
f 239/21/1 259/20/1 240/17/1
f 239/21/1 260/22/1 259/20/1
f 238/23/1 260/22/1 239/21/1
f 238/23/1 261/24/1 260/22/1
f 238/23/1 262/25/1 261/24/1
f 237/26/1 262/25/1 238/23/1
f 237/26/1 263/27/1 262/25/1
f 236/28/1 263/27/1 237/26/1
f 235/29/1 263/27/1 236/28/1
f 235/29/1 264/30/1 263/27/1
f 234/31/1 264/30/1 235/29/1
f 234/31/1 265/32/1 264/30/1
f 233/33/1 265/32/1 234/31/1
f 232/34/1 265/32/1 233/33/1
f 232/34/1 266/35/1 265/32/1
f 231/36/1 266/35/1 232/34/1
f 230/37/1 266/35/1 231/36/1
f 230/37/1 267/38/1 266/35/1
f 229/39/1 267/38/1 230/37/1
f 228/40/1 267/38/1 229/39/1
f 227/41/1 267/38/1 228/40/1
f 226/42/1 267/38/1 227/41/1
f 225/43/1 267/38/1 226/42/1
f 224/44/1 267/38/1 225/43/1
f 223/45/1 267/38/1 224/44/1
f 222/46/1 267/38/1 223/45/1
f 222/46/1 268/47/1 267/38/1
f 221/48/1 268/47/1 222/46/1
f 220/49/1 268/47/1 221/48/1
f 219/50/1 268/47/1 220/49/1
f 218/51/1 268/47/1 219/50/1
f 217/52/1 268/47/1 218/51/1
f 216/53/1 268/47/1 217/52/1
f 216/53/1 269/54/1 268/47/1
f 215/55/1 269/54/1 216/53/1
f 214/56/1 269/54/1 215/55/1
f 214/56/1 270/57/1 269/54/1
f 213/58/1 270/57/1 214/56/1
f 213/58/1 271/59/1 270/57/1
f 212/60/1 271/59/1 213/58/1
f 212/60/1 272/61/1 271/59/1
f 211/62/1 272/61/1 212/60/1
f 211/62/1 273/63/1 272/61/1
f 210/64/1 273/63/1 211/62/1
f 210/64/1 274/65/1 273/63/1
f 209/66/1 274/65/1 210/64/1
f 208/67/1 274/65/1 209/66/1
f 208/67/1 275/68/1 274/65/1
f 208/67/1 276/69/1 275/68/1
f 207/70/1 276/69/1 208/67/1
f 207/70/1 277/71/1 276/69/1
f 206/72/1 277/71/1 207/70/1
f 206/72/1 278/73/1 277/71/1
f 205/74/1 278/73/1 206/72/1
f 205/74/1 279/75/1 278/73/1
f 204/76/1 279/75/1 205/74/1
f 204/76/1 280/77/1 279/75/1
f 203/78/1 280/77/1 204/76/1
f 202/79/1 280/77/1 203/78/1
f 202/79/1 281/80/1 280/77/1
f 201/81/1 281/80/1 202/79/1
f 200/82/1 281/80/1 201/81/1
f 199/83/1 281/80/1 200/82/1
f 199/83/1 282/84/1 281/80/1
f 198/85/1 282/84/1 199/83/1
f 197/86/1 282/84/1 198/85/1
f 197/86/1 283/87/1 282/84/1
f 196/88/1 283/87/1 197/86/1
f 195/89/1 283/87/1 196/88/1
f 194/90/1 283/87/1 195/89/1
f 194/90/1 284/91/1 283/87/1
f 193/92/1 284/91/1 194/90/1
f 192/93/1 133/94/1 193/92/1
f 133/94/1 284/91/1 193/92/1
f 192/93/1 134/95/1 133/94/1
f 132/96/1 284/91/1 133/94/1
f 192/93/1 135/97/1 134/95/1
f 131/98/1 284/91/1 132/96/1
f 192/93/1 136/99/1 135/97/1
f 192/93/1 137/100/1 136/99/1
f 130/101/1 284/91/1 131/98/1
f 192/93/1 138/102/1 137/100/1
f 192/93/1 139/103/1 138/102/1
f 129/104/1 284/91/1 130/101/1
f 192/93/1 140/105/1 139/103/1
f 192/93/1 141/106/1 140/105/1
f 129/104/1 285/107/1 284/91/1
f 128/108/1 285/107/1 129/104/1
f 192/93/1 142/109/1 141/106/1
f 192/93/1 143/110/1 142/109/1
f 127/111/1 285/107/1 128/108/1
f 192/93/1 144/112/1 143/110/1
f 192/93/1 145/113/1 144/112/1
f 126/114/1 285/107/1 127/111/1
f 191/115/1 145/113/1 192/93/1
f 191/115/1 146/116/1 145/113/1
f 125/117/1 285/107/1 126/114/1
f 191/115/1 147/118/1 146/116/1
f 124/119/1 285/107/1 125/117/1
f 191/115/1 148/120/1 147/118/1
f 123/121/1 285/107/1 124/119/1
f 191/115/1 149/122/1 148/120/1
f 122/123/1 285/107/1 123/121/1
f 190/124/1 149/122/1 191/115/1
f 190/124/1 150/125/1 149/122/1
f 121/126/1 285/107/1 122/123/1
f 190/124/1 151/127/1 150/125/1
f 121/126/1 286/128/1 285/107/1
f 120/129/1 286/128/1 121/126/1
f 190/124/1 152/130/1 151/127/1
f 119/131/1 286/128/1 120/129/1
f 189/132/1 152/130/1 190/124/1
f 189/132/1 153/133/1 152/130/1
f 118/134/1 286/128/1 119/131/1
f 189/132/1 154/135/1 153/133/1
f 117/136/1 286/128/1 118/134/1
f 188/137/1 154/135/1 189/132/1
f 188/137/1 155/138/1 154/135/1
f 116/139/1 286/128/1 117/136/1
f 116/139/1 287/140/1 286/128/1
f 187/141/1 155/138/1 188/137/1
f 187/141/1 156/142/1 155/138/1
f 115/143/1 287/140/1 116/139/1
f 187/141/1 157/144/1 156/142/1
f 186/145/1 157/144/1 187/141/1
f 114/146/1 287/140/1 115/143/1
f 186/145/1 158/147/1 157/144/1
f 185/148/1 158/147/1 186/145/1
f 185/148/1 159/149/1 158/147/1
f 113/150/1 287/140/1 114/146/1
f 185/148/1 160/151/1 159/149/1
f 185/148/1 161/152/1 160/151/1
f 185/148/1 162/153/1 161/152/1
f 185/148/1 163/154/1 162/153/1
f 113/150/1 288/155/1 287/140/1
f 184/156/1 163/154/1 185/148/1
f 184/156/1 164/157/1 163/154/1
f 184/156/1 165/158/1 164/157/1
f 184/156/1 166/159/1 165/158/1
f 112/160/1 288/155/1 113/150/1
f 184/156/1 167/161/1 166/159/1
f 183/162/1 167/161/1 184/156/1
f 183/162/1 168/163/1 167/161/1
f 183/162/1 169/164/1 168/163/1
f 183/162/1 170/165/1 169/164/1
f 183/162/1 171/166/1 170/165/1
f 182/167/1 171/166/1 183/162/1
f 182/167/1 172/168/1 171/166/1
f 182/167/1 173/169/1 172/168/1
f 182/167/1 174/170/1 173/169/1
f 182/167/1 175/171/1 174/170/1
f 182/167/1 176/172/1 175/171/1
f 181/173/1 176/172/1 182/167/1
f 181/173/1 177/174/1 176/172/1
f 181/173/1 178/175/1 177/174/1
f 181/173/1 179/176/1 178/175/1
f 181/173/1 180/177/1 179/176/1
f 111/178/1 288/155/1 112/160/1
f 110/179/1 288/155/1 111/178/1
f 110/179/1 289/180/1 288/155/1
f 109/181/1 289/180/1 110/179/1
f 108/182/1 289/180/1 109/181/1
f 108/182/1 290/183/1 289/180/1
f 107/184/1 290/183/1 108/182/1
f 107/184/1 291/185/1 290/183/1
f 107/184/1 292/186/1 291/185/1
f 106/187/1 292/186/1 107/184/1
f 106/187/1 293/188/1 292/186/1
f 105/189/1 293/188/1 106/187/1
f 105/189/1 294/190/1 293/188/1
f 104/191/1 294/190/1 105/189/1
f 104/191/1 295/192/1 294/190/1
f 103/193/1 295/192/1 104/191/1
f 103/193/1 296/194/1 295/192/1
f 102/195/1 296/194/1 103/193/1
f 102/195/1 297/196/1 296/194/1
f 101/197/1 297/196/1 102/195/1
f 101/197/1 298/198/1 297/196/1
f 100/199/1 298/198/1 101/197/1
f 100/199/1 299/200/1 298/198/1
f 99/201/1 299/200/1 100/199/1
f 99/201/1 300/202/1 299/200/1
f 99/201/1 301/203/1 300/202/1
f 98/204/1 301/203/1 99/201/1
f 98/204/1 302/205/1 301/203/1
f 97/206/1 302/205/1 98/204/1
f 97/206/1 303/207/1 302/205/1
f 96/208/1 303/207/1 97/206/1
f 96/208/1 304/209/1 303/207/1
f 95/210/1 304/209/1 96/208/1
f 95/210/1 305/211/1 304/209/1
f 94/212/1 13/213/1 95/210/1
f 13/213/1 305/211/1 95/210/1
f 13/213/1 306/214/1 305/211/1
f 94/212/1 14/215/1 13/213/1
f 12/216/1 306/214/1 13/213/1
f 12/216/1 307/217/1 306/214/1
f 93/218/1 14/215/1 94/212/1
f 11/219/1 307/217/1 12/216/1
f 93/218/1 15/220/1 14/215/1
f 11/219/1 308/221/1 307/217/1
f 92/222/1 15/220/1 93/218/1
f 10/223/1 308/221/1 11/219/1
f 10/223/1 309/224/1 308/221/1
f 92/222/1 16/225/1 15/220/1
f 91/226/1 16/225/1 92/222/1
f 9/227/1 309/224/1 10/223/1
f 9/227/1 310/228/1 309/224/1
f 90/229/1 16/225/1 91/226/1
f 90/229/1 17/230/1 16/225/1
f 9/227/1 311/231/1 310/228/1
f 8/232/1 311/231/1 9/227/1
f 89/233/1 17/230/1 90/229/1
f 8/232/1 312/234/1 311/231/1
f 89/233/1 18/235/1 17/230/1
f 7/236/1 312/234/1 8/232/1
f 88/237/1 18/235/1 89/233/1
f 7/236/1 313/238/1 312/234/1
f 88/237/1 19/239/1 18/235/1
f 6/240/1 313/238/1 7/236/1
f 87/241/1 19/239/1 88/237/1
f 6/240/1 314/242/1 313/238/1
f 6/240/1 315/243/1 314/242/1
f 86/244/1 19/239/1 87/241/1
f 5/245/1 315/243/1 6/240/1
f 86/244/1 20/246/1 19/239/1
f 5/245/1 316/247/1 315/243/1
f 5/245/1 317/248/1 316/247/1
f 85/249/1 20/246/1 86/244/1
f 5/245/1 318/250/1 317/248/1
f 4/251/1 318/250/1 5/245/1
f 85/249/1 21/252/1 20/246/1
f 4/251/1 319/253/1 318/250/1
f 84/254/1 21/252/1 85/249/1
f 4/251/1 320/255/1 319/253/1
f 83/256/1 21/252/1 84/254/1
f 82/257/1 21/252/1 83/256/1
f 4/251/1 321/258/1 320/255/1
f 81/259/1 21/252/1 82/257/1
f 3/260/1 321/258/1 4/251/1
f 81/259/1 22/261/1 21/252/1
f 80/262/1 22/261/1 81/259/1
f 79/263/1 22/261/1 80/262/1
f 3/260/1 322/264/1 321/258/1
f 78/265/1 22/261/1 79/263/1
f 77/266/1 22/261/1 78/265/1
f 76/267/1 22/261/1 77/266/1
f 3/260/1 323/268/1 322/264/1
f 75/269/1 22/261/1 76/267/1
f 74/270/1 22/261/1 75/269/1
f 73/271/1 22/261/1 74/270/1
f 72/272/1 22/261/1 73/271/1
f 3/260/1 324/273/1 323/268/1
f 71/274/1 22/261/1 72/272/1
f 71/274/1 23/275/1 22/261/1
f 2/276/1 324/273/1 3/260/1
f 70/277/1 23/275/1 71/274/1
f 2/276/1 325/278/1 324/273/1
f 69/279/1 23/275/1 70/277/1
f 68/280/1 23/275/1 69/279/1
f 2/276/1 326/281/1 325/278/1
f 67/282/1 23/275/1 68/280/1
f 2/276/1 327/283/1 326/281/1
f 66/284/1 23/275/1 67/282/1
f 66/284/1 24/285/1 23/275/1
f 2/276/1 328/286/1 327/283/1
f 65/287/1 24/285/1 66/284/1
f 1/288/1 328/286/1 2/276/1
f 64/289/1 24/285/1 65/287/1
f 1/288/1 329/290/1 328/286/1
f 63/291/1 24/285/1 64/289/1
f 1/288/1 330/292/1 329/290/1
f 62/293/1 24/285/1 63/291/1
f 1/288/1 331/294/1 330/292/1
f 61/295/1 24/285/1 62/293/1
f 61/295/1 25/296/1 24/285/1
f 1/288/1 332/297/1 331/294/1
f 60/298/1 25/296/1 61/295/1
f 1/288/1 333/299/1 332/297/1
f 59/300/1 25/296/1 60/298/1
f 372/301/1 333/299/1 1/288/1
f 58/302/1 25/296/1 59/300/1
f 371/303/1 333/299/1 372/301/1
f 371/303/1 334/304/1 333/299/1
f 57/305/1 25/296/1 58/302/1
f 370/306/1 334/304/1 371/303/1
f 56/307/1 25/296/1 57/305/1
f 370/306/1 335/308/1 334/304/1
f 369/309/1 335/308/1 370/306/1
f 55/310/1 25/296/1 56/307/1
f 368/311/1 335/308/1 369/309/1
f 54/312/1 25/296/1 55/310/1
f 54/312/1 26/313/1 25/296/1
f 368/311/1 336/314/1 335/308/1
f 367/315/1 336/314/1 368/311/1
f 53/316/1 26/313/1 54/312/1
f 366/317/1 336/314/1 367/315/1
f 52/318/1 26/313/1 53/316/1
f 366/317/1 337/319/1 336/314/1
f 365/320/1 337/319/1 366/317/1
f 364/321/1 337/319/1 365/320/1
f 52/318/1 27/322/1 26/313/1
f 51/323/1 27/322/1 52/318/1
f 363/324/1 337/319/1 364/321/1
f 363/324/1 338/325/1 337/319/1
f 362/326/1 338/325/1 363/324/1
f 50/327/1 27/322/1 51/323/1
f 361/328/1 338/325/1 362/326/1
f 360/329/1 338/325/1 361/328/1
f 49/330/1 27/322/1 50/327/1
f 360/329/1 339/331/1 338/325/1
f 49/330/1 28/332/1 27/322/1
f 359/333/1 339/331/1 360/329/1
f 48/334/1 28/332/1 49/330/1
f 359/333/1 340/335/1 339/331/1
f 358/336/1 340/335/1 359/333/1
f 48/334/1 29/337/1 28/332/1
f 47/338/1 29/337/1 48/334/1
f 358/336/1 341/339/1 340/335/1
f 357/340/1 341/339/1 358/336/1
f 357/340/1 342/341/1 341/339/1
f 46/342/1 29/337/1 47/338/1
f 356/343/1 342/341/1 357/340/1
f 46/342/1 30/344/1 29/337/1
f 356/343/1 343/345/1 342/341/1
f 355/346/1 343/345/1 356/343/1
f 45/347/1 30/344/1 46/342/1
f 355/346/1 344/348/1 343/345/1
f 354/349/1 344/348/1 355/346/1
f 45/347/1 31/350/1 30/344/1
f 354/349/1 345/351/1 344/348/1
f 353/352/1 345/351/1 354/349/1
f 44/353/1 31/350/1 45/347/1
f 353/352/1 346/354/1 345/351/1
f 352/355/1 346/354/1 353/352/1
f 352/355/1 347/356/1 346/354/1
f 351/357/1 347/356/1 352/355/1
f 44/353/1 32/358/1 31/350/1
f 351/357/1 348/359/1 347/356/1
f 350/360/1 348/359/1 351/357/1
f 43/361/1 32/358/1 44/353/1
f 350/360/1 349/362/1 348/359/1
f 43/361/1 33/363/1 32/358/1
f 42/364/1 33/363/1 43/361/1
f 41/365/1 33/363/1 42/364/1
f 41/365/1 34/366/1 33/363/1
f 40/367/1 34/366/1 41/365/1
f 40/367/1 35/368/1 34/366/1
f 39/369/1 35/368/1 40/367/1
f 39/369/1 36/370/1 35/368/1
f 38/371/1 36/370/1 39/369/1
f 38/371/1 37/372/1 36/370/1
f 639/373/1 641/374/1 640/375/1
f 639/373/1 642/376/1 641/374/1
f 639/373/1 643/377/1 642/376/1
f 638/378/1 643/377/1 639/373/1
f 638/378/1 644/379/1 643/377/1
f 638/378/1 645/380/1 644/379/1
f 638/378/1 646/381/1 645/380/1
f 637/382/1 646/381/1 638/378/1
f 637/382/1 647/383/1 646/381/1
f 637/382/1 648/384/1 647/383/1
f 636/385/1 648/384/1 637/382/1
f 636/385/1 649/386/1 648/384/1
f 636/385/1 650/387/1 649/386/1
f 636/385/1 651/301/1 650/387/1
f 635/388/1 651/301/1 636/385/1
f 635/388/1 373/288/1 651/301/1
f 635/388/1 374/389/1 373/288/1
f 634/390/1 374/389/1 635/388/1
f 634/390/1 375/391/1 374/389/1
f 633/392/1 375/391/1 634/390/1
f 633/392/1 376/393/1 375/391/1
f 633/392/1 377/394/1 376/393/1
f 632/395/1 377/394/1 633/392/1
f 632/395/1 378/396/1 377/394/1
f 631/397/1 378/396/1 632/395/1
f 631/397/1 379/398/1 378/396/1
f 631/397/1 380/399/1 379/398/1
f 630/400/1 380/399/1 631/397/1
f 630/400/1 381/401/1 380/399/1
f 629/402/1 381/401/1 630/400/1
f 629/402/1 382/403/1 381/401/1
f 629/402/1 383/404/1 382/403/1
f 628/405/1 383/404/1 629/402/1
f 628/405/1 384/406/1 383/404/1
f 386/407/1 388/408/1 387/409/1
f 627/410/1 384/406/1 628/405/1
f 385/411/1 388/408/1 386/407/1
f 385/411/1 389/412/1 388/408/1
f 627/410/1 385/411/1 384/406/1
f 385/411/1 390/413/1 389/412/1
f 626/414/1 385/411/1 627/410/1
f 626/414/1 390/413/1 385/411/1
f 626/414/1 391/415/1 390/413/1
f 625/416/1 391/415/1 626/414/1
f 625/416/1 392/417/1 391/415/1
f 624/418/1 392/417/1 625/416/1
f 624/418/1 393/419/1 392/417/1
f 623/420/1 393/419/1 624/418/1
f 623/420/1 394/421/1 393/419/1
f 622/422/1 394/421/1 623/420/1
f 622/422/1 395/423/1 394/421/1
f 621/424/1 395/423/1 622/422/1
f 620/425/1 395/423/1 621/424/1
f 620/425/1 396/426/1 395/423/1
f 619/427/1 396/426/1 620/425/1
f 619/427/1 397/428/1 396/426/1
f 618/429/1 397/428/1 619/427/1
f 617/430/1 397/428/1 618/429/1
f 617/430/1 398/431/1 397/428/1
f 616/432/1 398/431/1 617/430/1
f 615/433/1 398/431/1 616/432/1
f 615/433/1 399/434/1 398/431/1
f 615/433/1 400/435/1 399/434/1
f 614/436/1 400/435/1 615/433/1
f 614/436/1 401/437/1 400/435/1
f 614/436/1 529/438/1 401/437/1
f 529/438/1 528/439/1 401/437/1
f 528/439/1 402/440/1 401/437/1
f 613/441/1 531/442/1 614/436/1
f 531/442/1 529/438/1 614/436/1
f 531/442/1 530/443/1 529/438/1
f 613/441/1 532/444/1 531/442/1
f 527/445/1 402/440/1 528/439/1
f 526/446/1 402/440/1 527/445/1
f 525/447/1 402/440/1 526/446/1
f 524/448/1 402/440/1 525/447/1
f 523/449/1 402/440/1 524/448/1
f 522/450/1 402/440/1 523/449/1
f 521/451/1 402/440/1 522/450/1
f 520/452/1 402/440/1 521/451/1
f 519/453/1 402/440/1 520/452/1
f 519/453/1 403/454/1 402/440/1
f 518/455/1 403/454/1 519/453/1
f 613/441/1 533/456/1 532/444/1
f 517/457/1 403/454/1 518/455/1
f 516/458/1 403/454/1 517/457/1
f 612/459/1 533/456/1 613/441/1
f 515/460/1 403/454/1 516/458/1
f 514/461/1 403/454/1 515/460/1
f 514/461/1 404/462/1 403/454/1
f 513/463/1 404/462/1 514/461/1
f 512/464/1 404/462/1 513/463/1
f 611/465/1 533/456/1 612/459/1
f 611/465/1 534/466/1 533/456/1
f 512/464/1 405/467/1 404/462/1
f 511/468/1 405/467/1 512/464/1
f 510/469/1 405/467/1 511/468/1
f 509/470/1 405/467/1 510/469/1
f 509/470/1 406/471/1 405/467/1
f 610/472/1 534/466/1 611/465/1
f 508/473/1 406/471/1 509/470/1
f 610/472/1 535/474/1 534/466/1
f 507/475/1 406/471/1 508/473/1
f 507/475/1 407/476/1 406/471/1
f 609/477/1 535/474/1 610/472/1
f 506/478/1 407/476/1 507/475/1
f 609/477/1 536/479/1 535/474/1
f 506/478/1 408/480/1 407/476/1
f 608/481/1 536/479/1 609/477/1
f 505/482/1 408/480/1 506/478/1
f 607/483/1 536/479/1 608/481/1
f 505/482/1 409/484/1 408/480/1
f 607/483/1 537/485/1 536/479/1
f 606/486/1 537/485/1 607/483/1
f 504/487/1 409/484/1 505/482/1
f 504/487/1 410/488/1 409/484/1
f 606/486/1 538/489/1 537/485/1
f 605/490/1 538/489/1 606/486/1
f 504/487/1 411/491/1 410/488/1
f 604/492/1 538/489/1 605/490/1
f 604/492/1 539/493/1 538/489/1
f 503/494/1 411/491/1 504/487/1
f 603/495/1 539/493/1 604/492/1
f 602/496/1 539/493/1 603/495/1
f 601/497/1 539/493/1 602/496/1
f 601/497/1 540/498/1 539/493/1
f 600/499/1 540/498/1 601/497/1
f 599/500/1 540/498/1 600/499/1
f 598/501/1 540/498/1 599/500/1
f 597/502/1 540/498/1 598/501/1
f 502/503/1 411/491/1 503/494/1
f 596/504/1 540/498/1 597/502/1
f 595/505/1 540/498/1 596/504/1
f 594/506/1 540/498/1 595/505/1
f 593/507/1 540/498/1 594/506/1
f 593/507/1 541/508/1 540/498/1
f 592/509/1 541/508/1 593/507/1
f 591/510/1 541/508/1 592/509/1
f 590/511/1 541/508/1 591/510/1
f 502/503/1 412/512/1 411/491/1
f 589/513/1 541/508/1 590/511/1
f 588/514/1 541/508/1 589/513/1
f 587/515/1 541/508/1 588/514/1
f 587/515/1 542/516/1 541/508/1
f 586/517/1 542/516/1 587/515/1
f 501/518/1 412/512/1 502/503/1
f 585/519/1 542/516/1 586/517/1
f 584/520/1 542/516/1 585/519/1
f 583/521/1 542/516/1 584/520/1
f 582/522/1 542/516/1 583/521/1
f 582/522/1 543/523/1 542/516/1
f 581/524/1 543/523/1 582/522/1
f 580/525/1 543/523/1 581/524/1
f 579/526/1 543/523/1 580/525/1
f 578/527/1 543/523/1 579/526/1
f 577/528/1 543/523/1 578/527/1
f 500/529/1 412/512/1 501/518/1
f 576/530/1 543/523/1 577/528/1
f 576/530/1 544/531/1 543/523/1
f 575/532/1 544/531/1 576/530/1
f 500/529/1 413/533/1 412/512/1
f 574/534/1 544/531/1 575/532/1
f 573/535/1 544/531/1 574/534/1
f 572/536/1 544/531/1 573/535/1
f 571/537/1 544/531/1 572/536/1
f 570/538/1 544/531/1 571/537/1
f 569/539/1 544/531/1 570/538/1
f 569/539/1 545/540/1 544/531/1
f 568/541/1 545/540/1 569/539/1
f 568/541/1 546/542/1 545/540/1
f 567/543/1 546/542/1 568/541/1
f 567/543/1 547/544/1 546/542/1
f 499/545/1 413/533/1 500/529/1
f 566/546/1 547/544/1 567/543/1
f 566/546/1 548/547/1 547/544/1
f 565/548/1 548/547/1 566/546/1
f 565/548/1 549/549/1 548/547/1
f 564/550/1 549/549/1 565/548/1
f 564/550/1 550/551/1 549/549/1
f 563/552/1 550/551/1 564/550/1
f 562/553/1 550/551/1 563/552/1
f 562/553/1 551/554/1 550/551/1
f 561/555/1 551/554/1 562/553/1
f 561/555/1 552/556/1 551/554/1
f 560/557/1 552/556/1 561/555/1
f 560/557/1 553/558/1 552/556/1
f 559/559/1 553/558/1 560/557/1
f 559/559/1 554/560/1 553/558/1
f 558/561/1 554/560/1 559/559/1
f 558/561/1 555/562/1 554/560/1
f 557/563/1 555/562/1 558/561/1
f 557/563/1 556/564/1 555/562/1
f 499/545/1 414/565/1 413/533/1
f 498/566/1 414/565/1 499/545/1
f 497/567/1 414/565/1 498/566/1
f 497/567/1 415/568/1 414/565/1
f 496/569/1 415/568/1 497/567/1
f 495/570/1 415/568/1 496/569/1
f 495/570/1 416/571/1 415/568/1
f 494/572/1 416/571/1 495/570/1
f 494/572/1 417/573/1 416/571/1
f 493/574/1 417/573/1 494/572/1
f 492/575/1 417/573/1 493/574/1
f 491/576/1 417/573/1 492/575/1
f 491/576/1 418/577/1 417/573/1
f 490/578/1 418/577/1 491/576/1
f 489/579/1 418/577/1 490/578/1
f 489/579/1 419/580/1 418/577/1
f 488/581/1 419/580/1 489/579/1
f 487/582/1 419/580/1 488/581/1
f 487/582/1 420/583/1 419/580/1
f 486/584/1 420/583/1 487/582/1
f 485/585/1 420/583/1 486/584/1
f 484/586/1 420/583/1 485/585/1
f 484/586/1 421/587/1 420/583/1
f 483/588/1 421/587/1 484/586/1
f 482/589/1 421/587/1 483/588/1
f 482/589/1 422/590/1 421/587/1
f 481/591/1 422/590/1 482/589/1
f 480/592/1 422/590/1 481/591/1
f 479/593/1 422/590/1 480/592/1
f 478/594/1 422/590/1 479/593/1
f 477/595/1 422/590/1 478/594/1
f 476/596/1 422/590/1 477/595/1
f 475/597/1 422/590/1 476/596/1
f 474/598/1 422/590/1 475/597/1
f 473/599/1 422/590/1 474/598/1
f 472/600/1 422/590/1 473/599/1
f 471/601/1 422/590/1 472/600/1
f 470/602/1 422/590/1 471/601/1
f 469/603/1 422/590/1 470/602/1
f 468/604/1 422/590/1 469/603/1
f 468/604/1 423/605/1 422/590/1
f 467/606/1 423/605/1 468/604/1
f 466/607/1 423/605/1 467/606/1
f 465/608/1 423/605/1 466/607/1
f 464/609/1 423/605/1 465/608/1
f 464/609/1 424/610/1 423/605/1
f 463/611/1 424/610/1 464/609/1
f 462/612/1 424/610/1 463/611/1
f 461/613/1 424/610/1 462/612/1
f 460/614/1 424/610/1 461/613/1
f 460/614/1 425/615/1 424/610/1
f 459/616/1 425/615/1 460/614/1
f 458/617/1 425/615/1 459/616/1
f 457/618/1 425/615/1 458/617/1
f 457/618/1 426/619/1 425/615/1
f 456/620/1 426/619/1 457/618/1
f 455/621/1 426/619/1 456/620/1
f 454/622/1 426/619/1 455/621/1
f 453/623/1 426/619/1 454/622/1
f 452/624/1 426/619/1 453/623/1
f 452/624/1 427/625/1 426/619/1
f 451/626/1 427/625/1 452/624/1
f 450/627/1 427/625/1 451/626/1
f 449/628/1 427/625/1 450/627/1
f 449/628/1 428/629/1 427/625/1
f 448/630/1 428/629/1 449/628/1
f 447/631/1 428/629/1 448/630/1
f 446/632/1 428/629/1 447/631/1
f 445/633/1 428/629/1 446/632/1
f 445/633/1 429/634/1 428/629/1
f 444/635/1 429/634/1 445/633/1
f 443/636/1 429/634/1 444/635/1
f 443/636/1 430/637/1 429/634/1
f 442/638/1 430/637/1 443/636/1
f 441/639/1 430/637/1 442/638/1
f 441/639/1 431/640/1 430/637/1
f 440/641/1 431/640/1 441/639/1
f 439/642/1 431/640/1 440/641/1
f 439/642/1 432/643/1 431/640/1
f 438/644/1 432/643/1 439/642/1
f 437/645/1 432/643/1 438/644/1
f 437/645/1 433/646/1 432/643/1
f 436/647/1 433/646/1 437/645/1
f 435/648/1 433/646/1 436/647/1
f 435/648/1 434/649/1 433/646/1
f 927/69/1 929/73/1 928/71/1
f 926/68/1 929/73/1 927/69/1
f 925/65/1 929/73/1 926/68/1
f 925/65/1 930/75/1 929/73/1
f 924/63/1 930/75/1 925/65/1
f 923/61/1 930/75/1 924/63/1
f 923/61/1 931/77/1 930/75/1
f 922/59/1 931/77/1 923/61/1
f 921/57/1 931/77/1 922/59/1
f 920/54/1 931/77/1 921/57/1
f 920/54/1 932/80/1 931/77/1
f 919/47/1 932/80/1 920/54/1
f 918/38/1 932/80/1 919/47/1
f 918/38/1 933/84/1 932/80/1
f 917/35/1 933/84/1 918/38/1
f 916/32/1 933/84/1 917/35/1
f 1023/301/1 933/84/1 916/32/1
f 1023/301/1 934/87/1 933/84/1
f 1022/303/1 934/87/1 1023/301/1
f 1021/306/1 934/87/1 1022/303/1
f 1020/309/1 934/87/1 1021/306/1
f 1019/311/1 934/87/1 1020/309/1
f 1019/311/1 935/91/1 934/87/1
f 1018/315/1 935/91/1 1019/311/1
f 1017/317/1 935/91/1 1018/315/1
f 1016/320/1 935/91/1 1017/317/1
f 1015/321/1 935/91/1 1016/320/1
f 1015/321/1 936/107/1 935/91/1
f 1014/324/1 936/107/1 1015/321/1
f 1013/326/1 936/107/1 1014/324/1
f 1012/328/1 936/107/1 1013/326/1
f 1011/329/1 936/107/1 1012/328/1
f 1011/329/1 937/128/1 936/107/1
f 1010/333/1 937/128/1 1011/329/1
f 1009/336/1 937/128/1 1010/333/1
f 1008/340/1 937/128/1 1009/336/1
f 1008/340/1 938/140/1 937/128/1
f 1007/343/1 938/140/1 1008/340/1
f 1006/346/1 938/140/1 1007/343/1
f 1005/349/1 938/140/1 1006/346/1
f 1005/349/1 939/155/1 938/140/1
f 1004/352/1 939/155/1 1005/349/1
f 1003/355/1 939/155/1 1004/352/1
f 1002/357/1 939/155/1 1003/355/1
f 1001/360/1 939/155/1 1002/357/1
f 1001/360/1 940/180/1 939/155/1
f 1000/362/1 940/180/1 1001/360/1
f 999/359/1 940/180/1 1000/362/1
f 998/356/1 940/180/1 999/359/1
f 998/356/1 941/183/1 940/180/1
f 997/354/1 941/183/1 998/356/1
f 997/354/1 942/185/1 941/183/1
f 996/351/1 942/185/1 997/354/1
f 996/351/1 943/186/1 942/185/1
f 995/348/1 943/186/1 996/351/1
f 995/348/1 944/188/1 943/186/1
f 995/348/1 945/190/1 944/188/1
f 994/345/1 945/190/1 995/348/1
f 994/345/1 946/192/1 945/190/1
f 993/341/1 946/192/1 994/345/1
f 993/341/1 947/194/1 946/192/1
f 992/339/1 947/194/1 993/341/1
f 992/339/1 948/196/1 947/194/1
f 991/335/1 948/196/1 992/339/1
f 991/335/1 949/198/1 948/196/1
f 991/335/1 950/200/1 949/198/1
f 990/331/1 950/200/1 991/335/1
f 990/331/1 951/202/1 950/200/1
f 990/331/1 952/203/1 951/202/1
f 989/325/1 952/203/1 990/331/1
f 989/325/1 953/205/1 952/203/1
f 989/325/1 954/207/1 953/205/1
f 988/319/1 954/207/1 989/325/1
f 988/319/1 955/209/1 954/207/1
f 988/319/1 956/211/1 955/209/1
f 987/314/1 956/211/1 988/319/1
f 987/314/1 957/214/1 956/211/1
f 986/308/1 957/214/1 987/314/1
f 986/308/1 958/217/1 957/214/1
f 986/308/1 959/221/1 958/217/1
f 985/304/1 959/221/1 986/308/1
f 985/304/1 960/224/1 959/221/1
f 985/304/1 961/228/1 960/224/1
f 984/299/1 961/228/1 985/304/1
f 984/299/1 962/231/1 961/228/1
f 983/297/1 962/231/1 984/299/1
f 983/297/1 963/234/1 962/231/1
f 983/297/1 964/238/1 963/234/1
f 982/294/1 964/238/1 983/297/1
f 982/294/1 965/242/1 964/238/1
f 981/292/1 965/242/1 982/294/1
f 981/292/1 966/243/1 965/242/1
f 981/292/1 967/247/1 966/243/1
f 980/290/1 967/247/1 981/292/1
f 980/290/1 968/248/1 967/247/1
f 980/290/1 969/250/1 968/248/1
f 979/286/1 969/250/1 980/290/1
f 979/286/1 970/253/1 969/250/1
f 979/286/1 971/255/1 970/253/1
f 978/283/1 971/255/1 979/286/1
f 978/283/1 972/258/1 971/255/1
f 978/283/1 973/264/1 972/258/1
f 977/281/1 973/264/1 978/283/1
f 977/281/1 974/268/1 973/264/1
f 977/281/1 975/273/1 974/268/1
f 976/278/1 975/273/1 977/281/1
f 663/216/1 665/215/1 664/213/1
f 662/219/1 665/215/1 663/216/1
f 662/219/1 666/220/1 665/215/1
f 661/223/1 666/220/1 662/219/1
f 660/227/1 666/220/1 661/223/1
f 660/227/1 667/225/1 666/220/1
f 659/232/1 667/225/1 660/227/1
f 658/236/1 667/225/1 659/232/1
f 658/236/1 668/230/1 667/225/1
f 657/240/1 668/230/1 658/236/1
f 656/245/1 668/230/1 657/240/1
f 656/245/1 669/235/1 668/230/1
f 655/251/1 669/235/1 656/245/1
f 654/260/1 669/235/1 655/251/1
f 654/260/1 670/239/1 669/235/1
f 653/276/1 670/239/1 654/260/1
f 652/288/1 670/239/1 653/276/1
f 652/288/1 671/246/1 670/239/1
f 771/129/1 671/246/1 652/288/1
f 770/131/1 671/246/1 771/129/1
f 770/131/1 672/252/1 671/246/1
f 769/134/1 672/252/1 770/131/1
f 769/134/1 673/261/1 672/252/1
f 768/136/1 673/261/1 769/134/1
f 768/136/1 674/275/1 673/261/1
f 767/139/1 674/275/1 768/136/1
f 767/139/1 675/285/1 674/275/1
f 766/143/1 675/285/1 767/139/1
f 765/146/1 675/285/1 766/143/1
f 765/146/1 676/296/1 675/285/1
f 764/150/1 676/296/1 765/146/1
f 764/150/1 677/313/1 676/296/1
f 763/160/1 677/313/1 764/150/1
f 783/96/1 785/95/1 784/94/1
f 783/96/1 786/97/1 785/95/1
f 783/96/1 787/99/1 786/97/1
f 782/98/1 787/99/1 783/96/1
f 782/98/1 788/100/1 787/99/1
f 782/98/1 789/102/1 788/100/1
f 781/101/1 789/102/1 782/98/1
f 781/101/1 790/103/1 789/102/1
f 781/101/1 791/105/1 790/103/1
f 762/178/1 677/313/1 763/160/1
f 781/101/1 792/106/1 791/105/1
f 780/104/1 792/106/1 781/101/1
f 780/104/1 793/109/1 792/106/1
f 780/104/1 794/110/1 793/109/1
f 761/179/1 677/313/1 762/178/1
f 779/108/1 794/110/1 780/104/1
f 779/108/1 795/112/1 794/110/1
f 761/179/1 678/322/1 677/313/1
f 779/108/1 796/113/1 795/112/1
f 760/181/1 678/322/1 761/179/1
f 779/108/1 797/116/1 796/113/1
f 778/111/1 797/116/1 779/108/1
f 778/111/1 798/118/1 797/116/1
f 759/182/1 678/322/1 760/181/1
f 777/114/1 798/118/1 778/111/1
f 758/184/1 678/322/1 759/182/1
f 777/114/1 799/120/1 798/118/1
f 758/184/1 679/332/1 678/322/1
f 757/187/1 679/332/1 758/184/1
f 777/114/1 800/122/1 799/120/1
f 776/117/1 800/122/1 777/114/1
f 756/189/1 679/332/1 757/187/1
f 755/191/1 679/332/1 756/189/1
f 776/117/1 801/125/1 800/122/1
f 754/193/1 679/332/1 755/191/1
f 775/119/1 801/125/1 776/117/1
f 775/119/1 802/127/1 801/125/1
f 754/193/1 680/337/1 679/332/1
f 753/195/1 680/337/1 754/193/1
f 752/197/1 680/337/1 753/195/1
f 775/119/1 803/130/1 802/127/1
f 774/121/1 803/130/1 775/119/1
f 751/199/1 680/337/1 752/197/1
f 750/201/1 680/337/1 751/199/1
f 774/121/1 804/133/1 803/130/1
f 750/201/1 681/344/1 680/337/1
f 749/204/1 681/344/1 750/201/1
f 773/123/1 804/133/1 774/121/1
f 773/123/1 805/135/1 804/133/1
f 748/206/1 681/344/1 749/204/1
f 747/208/1 681/344/1 748/206/1
f 773/123/1 806/138/1 805/135/1
f 747/208/1 682/350/1 681/344/1
f 772/126/1 806/138/1 773/123/1
f 772/126/1 807/142/1 806/138/1
f 746/210/1 682/350/1 747/208/1
f 772/126/1 808/144/1 807/142/1
f 746/210/1 683/358/1 682/350/1
f 915/30/1 808/144/1 772/126/1
f 915/30/1 809/147/1 808/144/1
f 745/212/1 683/358/1 746/210/1
f 915/30/1 810/149/1 809/147/1
f 745/212/1 684/363/1 683/358/1
f 744/218/1 684/363/1 745/212/1
f 915/30/1 811/151/1 810/149/1
f 744/218/1 685/366/1 684/363/1
f 915/30/1 812/152/1 811/151/1
f 743/222/1 685/366/1 744/218/1
f 914/27/1 812/152/1 915/30/1
f 743/222/1 686/368/1 685/366/1
f 914/27/1 813/153/1 812/152/1
f 742/226/1 686/368/1 743/222/1
f 914/27/1 814/154/1 813/153/1
f 742/226/1 687/370/1 686/368/1
f 741/229/1 687/370/1 742/226/1
f 914/27/1 815/157/1 814/154/1
f 741/229/1 688/372/1 687/370/1
f 740/233/1 688/372/1 741/229/1
f 913/25/1 815/157/1 914/27/1
f 913/25/1 816/158/1 815/157/1
f 740/233/1 689/371/1 688/372/1
f 740/233/1 690/369/1 689/371/1
f 739/237/1 690/369/1 740/233/1
f 739/237/1 691/367/1 690/369/1
f 913/25/1 817/159/1 816/158/1
f 739/237/1 692/365/1 691/367/1
f 739/237/1 693/364/1 692/365/1
f 738/241/1 693/364/1 739/237/1
f 738/241/1 694/361/1 693/364/1
f 913/25/1 818/161/1 817/159/1
f 738/241/1 695/353/1 694/361/1
f 912/24/1 818/161/1 913/25/1
f 738/241/1 696/347/1 695/353/1
f 737/244/1 696/347/1 738/241/1
f 737/244/1 697/342/1 696/347/1
f 737/244/1 698/338/1 697/342/1
f 912/24/1 819/163/1 818/161/1
f 737/244/1 699/334/1 698/338/1
f 737/244/1 700/330/1 699/334/1
f 736/249/1 700/330/1 737/244/1
f 736/249/1 701/327/1 700/330/1
f 912/24/1 820/164/1 819/163/1
f 736/249/1 702/323/1 701/327/1
f 911/22/1 820/164/1 912/24/1
f 735/254/1 702/323/1 736/249/1
f 735/254/1 703/318/1 702/323/1
f 735/254/1 704/316/1 703/318/1
f 911/22/1 821/165/1 820/164/1
f 734/256/1 704/316/1 735/254/1
f 734/256/1 705/312/1 704/316/1
f 733/257/1 705/312/1 734/256/1
f 733/257/1 706/310/1 705/312/1
f 733/257/1 707/307/1 706/310/1
f 910/20/1 821/165/1 911/22/1
f 732/259/1 707/307/1 733/257/1
f 732/259/1 708/305/1 707/307/1
f 731/262/1 708/305/1 732/259/1
f 731/262/1 709/302/1 708/305/1
f 731/262/1 710/300/1 709/302/1
f 730/263/1 710/300/1 731/262/1
f 730/263/1 711/298/1 710/300/1
f 729/265/1 711/298/1 730/263/1
f 729/265/1 712/295/1 711/298/1
f 728/266/1 712/295/1 729/265/1
f 728/266/1 713/293/1 712/295/1
f 728/266/1 714/291/1 713/293/1
f 727/267/1 714/291/1 728/266/1
f 727/267/1 715/289/1 714/291/1
f 727/267/1 716/287/1 715/289/1
f 727/267/1 717/284/1 716/287/1
f 909/19/1 821/165/1 910/20/1
f 726/269/1 717/284/1 727/267/1
f 726/269/1 718/282/1 717/284/1
f 726/269/1 719/280/1 718/282/1
f 725/270/1 719/280/1 726/269/1
f 725/270/1 720/279/1 719/280/1
f 909/19/1 822/166/1 821/165/1
f 725/270/1 721/277/1 720/279/1
f 725/270/1 722/274/1 721/277/1
f 724/271/1 722/274/1 725/270/1
f 724/271/1 723/272/1 722/274/1
f 908/18/1 822/166/1 909/19/1
f 908/18/1 823/168/1 822/166/1
f 907/15/1 823/168/1 908/18/1
f 906/9/1 823/168/1 907/15/1
f 906/9/1 824/169/1 823/168/1
f 905/2/1 824/169/1 906/9/1
f 904/3/1 824/169/1 905/2/1
f 904/3/1 825/170/1 824/169/1
f 903/1/1 825/170/1 904/3/1
f 902/4/1 825/170/1 903/1/1
f 902/4/1 826/171/1 825/170/1
f 901/5/1 826/171/1 902/4/1
f 900/6/1 826/171/1 901/5/1
f 900/6/1 827/172/1 826/171/1
f 899/7/1 827/172/1 900/6/1
f 898/8/1 827/172/1 899/7/1
f 897/10/1 827/172/1 898/8/1
f 897/10/1 828/174/1 827/172/1
f 896/11/1 828/174/1 897/10/1
f 895/12/1 828/174/1 896/11/1
f 894/13/1 828/174/1 895/12/1
f 894/13/1 829/175/1 828/174/1
f 893/14/1 829/175/1 894/13/1
f 892/16/1 829/175/1 893/14/1
f 891/17/1 829/175/1 892/16/1
f 891/17/1 830/176/1 829/175/1
f 890/21/1 830/176/1 891/17/1
f 889/23/1 830/176/1 890/21/1
f 888/26/1 830/176/1 889/23/1
f 887/28/1 830/176/1 888/26/1
f 886/29/1 830/176/1 887/28/1
f 885/31/1 830/176/1 886/29/1
f 884/33/1 830/176/1 885/31/1
f 883/34/1 830/176/1 884/33/1
f 882/36/1 830/176/1 883/34/1
f 882/36/1 831/177/1 830/176/1
f 881/37/1 831/177/1 882/36/1
f 880/39/1 831/177/1 881/37/1
f 879/40/1 831/177/1 880/39/1
f 878/41/1 831/177/1 879/40/1
f 877/42/1 831/177/1 878/41/1
f 876/43/1 831/177/1 877/42/1
f 875/44/1 831/177/1 876/43/1
f 874/45/1 831/177/1 875/44/1
f 873/46/1 831/177/1 874/45/1
f 872/48/1 831/177/1 873/46/1
f 871/49/1 831/177/1 872/48/1
f 871/49/1 832/173/1 831/177/1
f 870/50/1 832/173/1 871/49/1
f 869/51/1 832/173/1 870/50/1
f 868/52/1 832/173/1 869/51/1
f 867/53/1 832/173/1 868/52/1
f 866/55/1 832/173/1 867/53/1
f 865/56/1 832/173/1 866/55/1
f 864/58/1 832/173/1 865/56/1
f 863/60/1 832/173/1 864/58/1
f 862/62/1 832/173/1 863/60/1
f 862/62/1 833/167/1 832/173/1
f 861/64/1 833/167/1 862/62/1
f 860/66/1 833/167/1 861/64/1
f 859/67/1 833/167/1 860/66/1
f 859/67/1 834/162/1 833/167/1
f 858/70/1 834/162/1 859/67/1
f 857/72/1 834/162/1 858/70/1
f 857/72/1 835/156/1 834/162/1
f 856/74/1 835/156/1 857/72/1
f 855/76/1 835/156/1 856/74/1
f 855/76/1 836/148/1 835/156/1
f 854/78/1 836/148/1 855/76/1
f 854/78/1 837/145/1 836/148/1
f 853/79/1 837/145/1 854/78/1
f 852/81/1 837/145/1 853/79/1
f 852/81/1 838/141/1 837/145/1
f 851/82/1 838/141/1 852/81/1
f 851/82/1 839/137/1 838/141/1
f 850/83/1 839/137/1 851/82/1
f 850/83/1 840/132/1 839/137/1
f 849/85/1 840/132/1 850/83/1
f 849/85/1 841/124/1 840/132/1
f 848/86/1 841/124/1 849/85/1
f 847/88/1 841/124/1 848/86/1
f 847/88/1 842/115/1 841/124/1
f 846/89/1 842/115/1 847/88/1
f 846/89/1 843/93/1 842/115/1
f 845/90/1 843/93/1 846/89/1
f 845/90/1 844/92/1 843/93/1
f 1727/650/1 1729/651/1 1728/652/1
f 1726/653/1 1729/651/1 1727/650/1
f 1725/654/1 1729/651/1 1726/653/1
f 1725/654/1 1730/655/1 1729/651/1
f 1724/656/1 1730/655/1 1725/654/1
f 1723/657/1 1730/655/1 1724/656/1
f 1723/657/1 1731/658/1 1730/655/1
f 1722/659/1 1731/658/1 1723/657/1
f 1721/660/1 1731/658/1 1722/659/1
f 1720/661/1 1731/658/1 1721/660/1
f 1720/661/1 1732/662/1 1731/658/1
f 1719/663/1 1732/662/1 1720/661/1
f 1718/664/1 1732/662/1 1719/663/1
f 1718/664/1 1733/665/1 1732/662/1
f 1717/666/1 1733/665/1 1718/664/1
f 1716/667/1 1733/665/1 1717/666/1
f 1716/667/1 1734/668/1 1733/665/1
f 1823/301/1 1734/668/1 1716/667/1
f 1822/669/1 1734/668/1 1823/301/1
f 1821/670/1 1734/668/1 1822/669/1
f 1821/670/1 1735/671/1 1734/668/1
f 1820/672/1 1735/671/1 1821/670/1
f 1819/673/1 1735/671/1 1820/672/1
f 1818/674/1 1735/671/1 1819/673/1
f 1818/674/1 1736/675/1 1735/671/1
f 1817/676/1 1736/675/1 1818/674/1
f 1816/677/1 1736/675/1 1817/676/1
f 1815/678/1 1736/675/1 1816/677/1
f 1815/678/1 1737/679/1 1736/675/1
f 1814/680/1 1737/679/1 1815/678/1
f 1813/681/1 1737/679/1 1814/680/1
f 1812/682/1 1737/679/1 1813/681/1
f 1812/682/1 1738/683/1 1737/679/1
f 1811/684/1 1738/683/1 1812/682/1
f 1810/685/1 1738/683/1 1811/684/1
f 1809/686/1 1738/683/1 1810/685/1
f 1809/686/1 1739/687/1 1738/683/1
f 1808/688/1 1739/687/1 1809/686/1
f 1807/689/1 1739/687/1 1808/688/1
f 1806/690/1 1739/687/1 1807/689/1
f 1806/690/1 1740/691/1 1739/687/1
f 1805/692/1 1740/691/1 1806/690/1
f 1804/693/1 1740/691/1 1805/692/1
f 1803/694/1 1740/691/1 1804/693/1
f 1803/694/1 1741/695/1 1740/691/1
f 1802/696/1 1741/695/1 1803/694/1
f 1801/697/1 1741/695/1 1802/696/1
f 1800/698/1 1741/695/1 1801/697/1
f 1800/698/1 1742/699/1 1741/695/1
f 1799/700/1 1742/699/1 1800/698/1
f 1631/701/1 1633/702/1 1632/703/1
f 1630/704/1 1633/702/1 1631/701/1
f 1630/704/1 1634/705/1 1633/702/1
f 1629/706/1 1634/705/1 1630/704/1
f 1629/706/1 1635/707/1 1634/705/1
f 1628/708/1 1635/707/1 1629/706/1
f 1799/700/1 1743/709/1 1742/699/1
f 1627/710/1 1635/707/1 1628/708/1
f 1627/710/1 1636/711/1 1635/707/1
f 1798/712/1 1743/709/1 1799/700/1
f 1626/713/1 1636/711/1 1627/710/1
f 1626/713/1 1637/714/1 1636/711/1
f 1625/715/1 1637/714/1 1626/713/1
f 1798/712/1 1744/716/1 1743/709/1
f 1624/717/1 1637/714/1 1625/715/1
f 1624/717/1 1638/718/1 1637/714/1
f 1797/719/1 1744/716/1 1798/712/1
f 1623/720/1 1638/718/1 1624/717/1
f 1049/721/1 1051/722/1 1050/723/1
f 1048/724/1 1051/722/1 1049/721/1
f 1048/724/1 1052/725/1 1051/722/1
f 1047/726/1 1052/725/1 1048/724/1
f 1623/720/1 1639/727/1 1638/718/1
f 1047/726/1 1053/728/1 1052/725/1
f 1046/729/1 1053/728/1 1047/726/1
f 1046/729/1 1054/730/1 1053/728/1
f 1797/719/1 1745/731/1 1744/716/1
f 1045/732/1 1054/730/1 1046/729/1
f 1622/733/1 1639/727/1 1623/720/1
f 1044/734/1 1054/730/1 1045/732/1
f 1044/734/1 1055/735/1 1054/730/1
f 1043/736/1 1055/735/1 1044/734/1
f 1796/737/1 1745/731/1 1797/719/1
f 1043/736/1 1056/738/1 1055/735/1
f 1622/733/1 1640/739/1 1639/727/1
f 1042/740/1 1056/738/1 1043/736/1
f 1621/741/1 1640/739/1 1622/733/1
f 1042/740/1 1057/742/1 1056/738/1
f 1041/743/1 1057/742/1 1042/740/1
f 1796/737/1 1746/744/1 1745/731/1
f 1040/745/1 1057/742/1 1041/743/1
f 1040/745/1 1058/746/1 1057/742/1
f 1620/747/1 1640/739/1 1621/741/1
f 1620/747/1 1641/748/1 1640/739/1
f 1795/749/1 1746/744/1 1796/737/1
f 1039/750/1 1058/746/1 1040/745/1
f 1039/750/1 1059/751/1 1058/746/1
f 1038/752/1 1059/751/1 1039/750/1
f 1795/749/1 1747/753/1 1746/744/1
f 1715/754/1 1641/748/1 1620/747/1
f 1038/752/1 1060/755/1 1059/751/1
f 1037/756/1 1060/755/1 1038/752/1
f 1714/757/1 1641/748/1 1715/754/1
f 1714/757/1 1642/758/1 1641/748/1
f 1794/759/1 1747/753/1 1795/749/1
f 1036/760/1 1060/755/1 1037/756/1
f 1713/761/1 1642/758/1 1714/757/1
f 1036/760/1 1061/762/1 1060/755/1
f 1794/759/1 1748/763/1 1747/753/1
f 1712/764/1 1642/758/1 1713/761/1
f 1035/765/1 1061/762/1 1036/760/1
f 1035/765/1 1062/766/1 1061/762/1
f 1711/767/1 1642/758/1 1712/764/1
f 1711/767/1 1643/768/1 1642/758/1
f 1793/769/1 1748/763/1 1794/759/1
f 1034/770/1 1062/766/1 1035/765/1
f 1793/769/1 1749/771/1 1748/763/1
f 1710/772/1 1643/768/1 1711/767/1
f 1033/773/1 1062/766/1 1034/770/1
f 1033/773/1 1063/774/1 1062/766/1
f 1709/775/1 1643/768/1 1710/772/1
f 1033/773/1 1064/776/1 1063/774/1
f 1032/777/1 1064/776/1 1033/773/1
f 1792/778/1 1749/771/1 1793/769/1
f 1792/778/1 1750/779/1 1749/771/1
f 1708/780/1 1643/768/1 1709/775/1
f 1708/780/1 1644/781/1 1643/768/1
f 1032/777/1 1065/782/1 1064/776/1
f 1707/783/1 1644/781/1 1708/780/1
f 1031/784/1 1065/782/1 1032/777/1
f 1031/784/1 1066/785/1 1065/782/1
f 1706/786/1 1644/781/1 1707/783/1
f 1031/784/1 1067/787/1 1066/785/1
f 1792/778/1 1751/788/1 1750/779/1
f 1030/789/1 1067/787/1 1031/784/1
f 1791/790/1 1751/788/1 1792/778/1
f 1705/791/1 1644/781/1 1706/786/1
f 1030/789/1 1068/792/1 1067/787/1
f 1029/793/1 1068/792/1 1030/789/1
f 1705/791/1 1645/794/1 1644/781/1
f 1704/795/1 1645/794/1 1705/791/1
f 1029/793/1 1069/796/1 1068/792/1
f 1791/790/1 1752/797/1 1751/788/1
f 1703/798/1 1645/794/1 1704/795/1
f 1029/793/1 1070/799/1 1069/796/1
f 1028/800/1 1070/799/1 1029/793/1
f 1790/801/1 1752/797/1 1791/790/1
f 1028/800/1 1071/802/1 1070/799/1
f 1790/801/1 1753/803/1 1752/797/1
f 1027/804/1 1071/802/1 1028/800/1
f 1703/798/1 1646/805/1 1645/794/1
f 1027/804/1 1072/806/1 1071/802/1
f 1702/807/1 1646/805/1 1703/798/1
f 1790/801/1 1754/808/1 1753/803/1
f 1027/804/1 1073/809/1 1072/806/1
f 1789/810/1 1754/808/1 1790/801/1
f 1026/811/1 1073/809/1 1027/804/1
f 1026/811/1 1074/812/1 1073/809/1
f 1789/810/1 1755/813/1 1754/808/1
f 1702/807/1 1647/814/1 1646/805/1
f 1025/815/1 1074/812/1 1026/811/1
f 1025/815/1 1075/816/1 1074/812/1
f 1789/810/1 1756/817/1 1755/813/1
f 1701/818/1 1647/814/1 1702/807/1
f 1788/819/1 1756/817/1 1789/810/1
f 1788/819/1 1757/820/1 1756/817/1
f 1701/818/1 1648/821/1 1647/814/1
f 1788/819/1 1758/822/1 1757/820/1
f 1700/823/1 1648/821/1 1701/818/1
f 1787/824/1 1758/822/1 1788/819/1
f 1787/824/1 1759/825/1 1758/822/1
f 1786/826/1 1759/825/1 1787/824/1
f 1786/826/1 1760/827/1 1759/825/1
f 1700/823/1 1649/828/1 1648/821/1
f 1786/826/1 1761/829/1 1760/827/1
f 1699/830/1 1649/828/1 1700/823/1
f 1785/831/1 1761/829/1 1786/826/1
f 1785/831/1 1762/832/1 1761/829/1
f 1784/833/1 1762/832/1 1785/831/1
f 1784/833/1 1763/834/1 1762/832/1
f 1699/830/1 1650/835/1 1649/828/1
f 1784/833/1 1764/836/1 1763/834/1
f 1783/837/1 1764/836/1 1784/833/1
f 1698/838/1 1650/835/1 1699/830/1
f 1783/837/1 1765/839/1 1764/836/1
f 1782/840/1 1765/839/1 1783/837/1
f 1782/840/1 1766/841/1 1765/839/1
f 1698/838/1 1651/842/1 1650/835/1
f 1781/843/1 1766/841/1 1782/840/1
f 1781/843/1 1767/844/1 1766/841/1
f 1781/843/1 1768/845/1 1767/844/1
f 1780/846/1 1768/845/1 1781/843/1
f 1780/846/1 1769/847/1 1768/845/1
f 1697/848/1 1651/842/1 1698/838/1
f 1780/846/1 1770/849/1 1769/847/1
f 1779/850/1 1770/849/1 1780/846/1
f 1779/850/1 1771/851/1 1770/849/1
f 1778/852/1 1771/851/1 1779/850/1
f 1778/852/1 1772/853/1 1771/851/1
f 1778/852/1 1773/854/1 1772/853/1
f 1777/855/1 1773/854/1 1778/852/1
f 1777/855/1 1774/856/1 1773/854/1
f 1697/848/1 1652/857/1 1651/842/1
f 1777/855/1 1775/858/1 1774/856/1
f 1776/859/1 1775/858/1 1777/855/1
f 1696/860/1 1652/857/1 1697/848/1
f 1696/860/1 1653/861/1 1652/857/1
f 1696/860/1 1654/862/1 1653/861/1
f 1695/863/1 1654/862/1 1696/860/1
f 1695/863/1 1655/864/1 1654/862/1
f 1694/865/1 1655/864/1 1695/863/1
f 1694/865/1 1656/866/1 1655/864/1
f 1694/865/1 1657/867/1 1656/866/1
f 1693/868/1 1657/867/1 1694/865/1
f 1693/868/1 1658/869/1 1657/867/1
f 1693/868/1 1659/870/1 1658/869/1
f 1693/868/1 1660/871/1 1659/870/1
f 1692/872/1 1660/871/1 1693/868/1
f 1692/872/1 1661/873/1 1660/871/1
f 1692/872/1 1662/874/1 1661/873/1
f 1692/872/1 1663/875/1 1662/874/1
f 1691/876/1 1663/875/1 1692/872/1
f 1691/876/1 1664/877/1 1663/875/1
f 1690/878/1 1664/877/1 1691/876/1
f 1690/878/1 1665/879/1 1664/877/1
f 1690/878/1 1666/880/1 1665/879/1
f 1689/881/1 1666/880/1 1690/878/1
f 1689/881/1 1667/882/1 1666/880/1
f 1688/883/1 1667/882/1 1689/881/1
f 1688/883/1 1668/884/1 1667/882/1
f 1687/885/1 1668/884/1 1688/883/1
f 1687/885/1 1669/886/1 1668/884/1
f 1687/885/1 1670/887/1 1669/886/1
f 1686/888/1 1670/887/1 1687/885/1
f 1686/888/1 1671/889/1 1670/887/1
f 1685/890/1 1671/889/1 1686/888/1
f 1685/890/1 1672/891/1 1671/889/1
f 1685/890/1 1673/892/1 1672/891/1
f 1684/893/1 1673/892/1 1685/890/1
f 1684/893/1 1674/894/1 1673/892/1
f 1683/895/1 1674/894/1 1684/893/1
f 1683/895/1 1675/896/1 1674/894/1
f 1683/895/1 1676/897/1 1675/896/1
f 1682/898/1 1676/897/1 1683/895/1
f 1682/898/1 1677/899/1 1676/897/1
f 1681/900/1 1677/899/1 1682/898/1
f 1681/900/1 1678/901/1 1677/899/1
f 1681/900/1 1679/902/1 1678/901/1
f 1680/903/1 1679/902/1 1681/900/1
f 1089/904/1 1091/905/1 1090/906/1
f 1088/907/1 1091/905/1 1089/904/1
f 1088/907/1 1092/908/1 1091/905/1
f 1087/909/1 1092/908/1 1088/907/1
f 1086/910/1 1092/908/1 1087/909/1
f 1086/910/1 1093/911/1 1092/908/1
f 1085/912/1 1093/911/1 1086/910/1
f 1084/913/1 1093/911/1 1085/912/1
f 1084/913/1 1094/914/1 1093/911/1
f 1083/915/1 1094/914/1 1084/913/1
f 1082/916/1 1094/914/1 1083/915/1
f 1082/916/1 1095/917/1 1094/914/1
f 1081/918/1 1095/917/1 1082/916/1
f 1080/919/1 1095/917/1 1081/918/1
f 1080/919/1 1096/920/1 1095/917/1
f 1079/921/1 1096/920/1 1080/919/1
f 1078/922/1 1096/920/1 1079/921/1
f 1078/922/1 1097/923/1 1096/920/1
f 1077/924/1 1097/923/1 1078/922/1
f 1077/924/1 1098/925/1 1097/923/1
f 1077/924/1 1099/926/1 1098/925/1
f 1077/924/1 1100/927/1 1099/926/1
f 1077/924/1 1101/928/1 1100/927/1
f 1076/929/1 1101/928/1 1077/924/1
f 1076/929/1 1102/930/1 1101/928/1
f 1076/929/1 1103/931/1 1102/930/1
f 1075/816/1 1103/931/1 1076/929/1
f 1025/815/1 1103/931/1 1075/816/1
f 1025/815/1 1104/932/1 1103/931/1
f 1025/815/1 1105/933/1 1104/932/1
f 1025/815/1 1106/934/1 1105/933/1
f 1024/288/1 1106/934/1 1025/815/1
f 1391/935/1 1106/934/1 1024/288/1
f 1391/935/1 1107/936/1 1106/934/1
f 1390/937/1 1107/936/1 1391/935/1
f 1389/938/1 1107/936/1 1390/937/1
f 1389/938/1 1108/939/1 1107/936/1
f 1388/940/1 1108/939/1 1389/938/1
f 1387/941/1 1108/939/1 1388/940/1
f 1387/941/1 1109/942/1 1108/939/1
f 1386/943/1 1109/942/1 1387/941/1
f 1385/944/1 1109/942/1 1386/943/1
f 1384/945/1 1109/942/1 1385/944/1
f 1383/946/1 1109/942/1 1384/945/1
f 1383/946/1 1110/947/1 1109/942/1
f 1382/948/1 1110/947/1 1383/946/1
f 1381/949/1 1110/947/1 1382/948/1
f 1380/950/1 1110/947/1 1381/949/1
f 1379/951/1 1110/947/1 1380/950/1
f 1378/952/1 1110/947/1 1379/951/1
f 1377/953/1 1110/947/1 1378/952/1
f 1376/954/1 1110/947/1 1377/953/1
f 1375/955/1 1110/947/1 1376/954/1
f 1374/956/1 1110/947/1 1375/955/1
f 1374/956/1 1111/957/1 1110/947/1
f 1373/958/1 1111/957/1 1374/956/1
f 1372/959/1 1111/957/1 1373/958/1
f 1371/960/1 1111/957/1 1372/959/1
f 1370/961/1 1111/957/1 1371/960/1
f 1369/962/1 1111/957/1 1370/961/1
f 1368/963/1 1111/957/1 1369/962/1
f 1368/963/1 1112/964/1 1111/957/1
f 1367/965/1 1112/964/1 1368/963/1
f 1366/966/1 1112/964/1 1367/965/1
f 1366/966/1 1113/967/1 1112/964/1
f 1365/968/1 1113/967/1 1366/966/1
f 1365/968/1 1114/969/1 1113/967/1
f 1364/970/1 1114/969/1 1365/968/1
f 1363/971/1 1114/969/1 1364/970/1
f 1363/971/1 1115/972/1 1114/969/1
f 1362/973/1 1115/972/1 1363/971/1
f 1361/974/1 1115/972/1 1362/973/1
f 1361/974/1 1116/975/1 1115/972/1
f 1360/976/1 1116/975/1 1361/974/1
f 1360/976/1 1117/977/1 1116/975/1
f 1359/978/1 1117/977/1 1360/976/1
f 1359/978/1 1118/979/1 1117/977/1
f 1358/980/1 1118/979/1 1359/978/1
f 1358/980/1 1119/981/1 1118/979/1
f 1357/982/1 1119/981/1 1358/980/1
f 1357/982/1 1120/983/1 1119/981/1
f 1356/984/1 1120/983/1 1357/982/1
f 1356/984/1 1121/985/1 1120/983/1
f 1355/986/1 1121/985/1 1356/984/1
f 1355/986/1 1122/987/1 1121/985/1
f 1354/988/1 1122/987/1 1355/986/1
f 1354/988/1 1123/989/1 1122/987/1
f 1353/990/1 1123/989/1 1354/988/1
f 1353/990/1 1124/991/1 1123/989/1
f 1353/990/1 1125/992/1 1124/991/1
f 1352/993/1 1125/992/1 1353/990/1
f 1352/993/1 1126/994/1 1125/992/1
f 1352/993/1 1127/995/1 1126/994/1
f 1352/993/1 1128/996/1 1127/995/1
f 1352/993/1 1129/997/1 1128/996/1
f 1351/998/1 1129/997/1 1352/993/1
f 1351/998/1 1130/999/1 1129/997/1
f 1351/998/1 1131/1000/1 1130/999/1
f 1351/998/1 1132/1001/1 1131/1000/1
f 1350/1002/1 1132/1001/1 1351/998/1
f 1350/1002/1 1133/1003/1 1132/1001/1
f 1350/1002/1 1134/1004/1 1133/1003/1
f 1349/1005/1 1134/1004/1 1350/1002/1
f 1349/1005/1 1135/1006/1 1134/1004/1
f 1349/1005/1 1136/1007/1 1135/1006/1
f 1348/1008/1 1136/1007/1 1349/1005/1
f 1348/1008/1 1137/1009/1 1136/1007/1
f 1348/1008/1 1138/1010/1 1137/1009/1
f 1347/1011/1 1138/1010/1 1348/1008/1
f 1347/1011/1 1318/1012/1 1138/1010/1
f 1318/1012/1 1139/1013/1 1138/1010/1
f 1346/1014/1 1318/1012/1 1347/1011/1
f 1345/1015/1 1318/1012/1 1346/1014/1
f 1344/1016/1 1318/1012/1 1345/1015/1
f 1344/1016/1 1319/1017/1 1318/1012/1
f 1317/1018/1 1139/1013/1 1318/1012/1
f 1343/1019/1 1319/1017/1 1344/1016/1
f 1343/1019/1 1320/1020/1 1319/1017/1
f 1342/1021/1 1320/1020/1 1343/1019/1
f 1341/1022/1 1320/1020/1 1342/1021/1
f 1340/1023/1 1320/1020/1 1341/1022/1
f 1340/1023/1 1321/1024/1 1320/1020/1
f 1339/1025/1 1321/1024/1 1340/1023/1
f 1339/1025/1 1322/1026/1 1321/1024/1
f 1339/1025/1 1323/1027/1 1322/1026/1
f 1338/1028/1 1323/1027/1 1339/1025/1
f 1338/1028/1 1324/1029/1 1323/1027/1
f 1337/1030/1 1324/1029/1 1338/1028/1
f 1337/1030/1 1325/1031/1 1324/1029/1
f 1337/1030/1 1326/1032/1 1325/1031/1
f 1336/1033/1 1326/1032/1 1337/1030/1
f 1336/1033/1 1327/1034/1 1326/1032/1
f 1335/1035/1 1327/1034/1 1336/1033/1
f 1335/1035/1 1328/1036/1 1327/1034/1
f 1334/1037/1 1328/1036/1 1335/1035/1
f 1334/1037/1 1329/1038/1 1328/1036/1
f 1334/1037/1 1330/1039/1 1329/1038/1
f 1333/1040/1 1330/1039/1 1334/1037/1
f 1333/1040/1 1331/1041/1 1330/1039/1
f 1332/1042/1 1331/1041/1 1333/1040/1
f 1316/1043/1 1139/1013/1 1317/1018/1
f 1316/1043/1 1140/1044/1 1139/1013/1
f 1315/1045/1 1140/1044/1 1316/1043/1
f 1314/1046/1 1140/1044/1 1315/1045/1
f 1314/1046/1 1141/1047/1 1140/1044/1
f 1523/1048/1 1525/1049/1 1524/1050/1
f 1522/1051/1 1525/1049/1 1523/1048/1
f 1521/1052/1 1525/1049/1 1522/1051/1
f 1521/1052/1 1526/1053/1 1525/1049/1
f 1520/1054/1 1526/1053/1 1521/1052/1
f 1519/1055/1 1526/1053/1 1520/1054/1
f 1518/1056/1 1526/1053/1 1519/1055/1
f 1518/1056/1 1527/1057/1 1526/1053/1
f 1517/1058/1 1527/1057/1 1518/1056/1
f 1516/1059/1 1527/1057/1 1517/1058/1
f 1313/1060/1 1141/1047/1 1314/1046/1
f 1515/1061/1 1527/1057/1 1516/1059/1
f 1515/1061/1 1528/1062/1 1527/1057/1
f 1514/1063/1 1528/1062/1 1515/1061/1
f 1513/1064/1 1528/1062/1 1514/1063/1
f 1512/1065/1 1528/1062/1 1513/1064/1
f 1512/1065/1 1529/1066/1 1528/1062/1
f 1619/1067/1 1529/1066/1 1512/1065/1
f 1618/1068/1 1529/1066/1 1619/1067/1
f 1617/1069/1 1529/1066/1 1618/1068/1
f 1403/1070/1 1405/1071/1 1404/1072/1
f 1403/1070/1 1406/1073/1 1405/1071/1
f 1403/1070/1 1407/1074/1 1406/1073/1
f 1402/1075/1 1407/1074/1 1403/1070/1
f 1402/1075/1 1408/1076/1 1407/1074/1
f 1616/1077/1 1529/1066/1 1617/1069/1
f 1312/1078/1 1141/1047/1 1313/1060/1
f 1402/1075/1 1409/1079/1 1408/1076/1
f 1401/1080/1 1409/1079/1 1402/1075/1
f 1401/1080/1 1410/1081/1 1409/1079/1
f 1616/1077/1 1530/1082/1 1529/1066/1
f 1401/1080/1 1411/1083/1 1410/1081/1
f 1401/1080/1 1412/1084/1 1411/1083/1
f 1400/1085/1 1412/1084/1 1401/1080/1
f 1615/1086/1 1530/1082/1 1616/1077/1
f 1400/1085/1 1413/1087/1 1412/1084/1
f 1400/1085/1 1414/1088/1 1413/1087/1
f 1399/1089/1 1414/1088/1 1400/1085/1
f 1614/1090/1 1530/1082/1 1615/1086/1
f 1399/1089/1 1415/1091/1 1414/1088/1
f 1399/1089/1 1416/1092/1 1415/1091/1
f 1398/1093/1 1416/1092/1 1399/1089/1
f 1398/1093/1 1417/1094/1 1416/1092/1
f 1613/1095/1 1530/1082/1 1614/1090/1
f 1612/1096/1 1530/1082/1 1613/1095/1
f 1398/1093/1 1418/1097/1 1417/1094/1
f 1397/1098/1 1418/1097/1 1398/1093/1
f 1612/1096/1 1531/1099/1 1530/1082/1
f 1611/1100/1 1531/1099/1 1612/1096/1
f 1312/1078/1 1142/1101/1 1141/1047/1
f 1397/1098/1 1419/1102/1 1418/1097/1
f 1396/1103/1 1419/1102/1 1397/1098/1
f 1610/1104/1 1531/1099/1 1611/1100/1
f 1396/1103/1 1420/1105/1 1419/1102/1
f 1311/1106/1 1142/1101/1 1312/1078/1
f 1609/1107/1 1531/1099/1 1610/1104/1
f 1395/1108/1 1420/1105/1 1396/1103/1
f 1395/1108/1 1421/1109/1 1420/1105/1
f 1608/1110/1 1531/1099/1 1609/1107/1
f 1607/1111/1 1531/1099/1 1608/1110/1
f 1394/1112/1 1421/1109/1 1395/1108/1
f 1394/1112/1 1422/1113/1 1421/1109/1
f 1607/1111/1 1532/1114/1 1531/1099/1
f 1606/1115/1 1532/1114/1 1607/1111/1
f 1394/1112/1 1423/1116/1 1422/1113/1
f 1393/1117/1 1423/1116/1 1394/1112/1
f 1605/1118/1 1532/1114/1 1606/1115/1
f 1310/1119/1 1142/1101/1 1311/1106/1
f 1604/1120/1 1532/1114/1 1605/1118/1
f 1393/1117/1 1424/1121/1 1423/1116/1
f 1392/1122/1 1424/1121/1 1393/1117/1
f 1603/1123/1 1532/1114/1 1604/1120/1
f 1392/1122/1 1425/1124/1 1424/1121/1
f 1603/1123/1 1533/1125/1 1532/1114/1
f 1602/1126/1 1533/1125/1 1603/1123/1
f 1511/1127/1 1425/1124/1 1392/1122/1
f 1511/1127/1 1426/1128/1 1425/1124/1
f 1601/1129/1 1533/1125/1 1602/1126/1
f 1309/1130/1 1142/1101/1 1310/1119/1
f 1600/1131/1 1533/1125/1 1601/1129/1
f 1511/1127/1 1427/1132/1 1426/1128/1
f 1309/1130/1 1143/1133/1 1142/1101/1
f 1599/1134/1 1533/1125/1 1600/1131/1
f 1511/1127/1 1428/1135/1 1427/1132/1
f 1598/1136/1 1533/1125/1 1599/1134/1
f 1598/1136/1 1534/1137/1 1533/1125/1
f 1308/1138/1 1143/1133/1 1309/1130/1
f 1510/1139/1 1428/1135/1 1511/1127/1
f 1597/1140/1 1534/1137/1 1598/1136/1
f 1510/1139/1 1429/1141/1 1428/1135/1
f 1596/1142/1 1534/1137/1 1597/1140/1
f 1510/1139/1 1430/1143/1 1429/1141/1
f 1307/1144/1 1143/1133/1 1308/1138/1
f 1595/1145/1 1534/1137/1 1596/1142/1
f 1510/1139/1 1431/1146/1 1430/1143/1
f 1509/1147/1 1431/1146/1 1510/1139/1
f 1306/1148/1 1143/1133/1 1307/1144/1
f 1595/1145/1 1535/1149/1 1534/1137/1
f 1509/1147/1 1432/1150/1 1431/1146/1
f 1305/1151/1 1143/1133/1 1306/1148/1
f 1594/1152/1 1535/1149/1 1595/1145/1
f 1305/1151/1 1144/1153/1 1143/1133/1
f 1509/1147/1 1433/1154/1 1432/1150/1
f 1508/1155/1 1433/1154/1 1509/1147/1
f 1508/1155/1 1434/1156/1 1433/1154/1
f 1594/1152/1 1536/1157/1 1535/1149/1
f 1593/1158/1 1536/1157/1 1594/1152/1
f 1508/1155/1 1435/1159/1 1434/1156/1
f 1507/1160/1 1435/1159/1 1508/1155/1
f 1304/1161/1 1144/1153/1 1305/1151/1
f 1507/1160/1 1436/1162/1 1435/1159/1
f 1592/1163/1 1536/1157/1 1593/1158/1
f 1304/1161/1 1145/1164/1 1144/1153/1
f 1507/1160/1 1437/1165/1 1436/1162/1
f 1506/1166/1 1437/1165/1 1507/1160/1
f 1592/1163/1 1537/1167/1 1536/1157/1
f 1506/1166/1 1438/1168/1 1437/1165/1
f 1591/1169/1 1537/1167/1 1592/1163/1
f 1303/1170/1 1145/1164/1 1304/1161/1
f 1505/1171/1 1438/1168/1 1506/1166/1
f 1591/1169/1 1538/1172/1 1537/1167/1
f 1505/1171/1 1439/1173/1 1438/1168/1
f 1303/1170/1 1146/1174/1 1145/1164/1
f 1590/1175/1 1538/1172/1 1591/1169/1
f 1590/1175/1 1539/1176/1 1538/1172/1
f 1504/1177/1 1439/1173/1 1505/1171/1
f 1504/1177/1 1440/1178/1 1439/1173/1
f 1302/1179/1 1146/1174/1 1303/1170/1
f 1504/1177/1 1441/1180/1 1440/1178/1
f 1590/1175/1 1540/1181/1 1539/1176/1
f 1503/1182/1 1441/1180/1 1504/1177/1
f 1589/1183/1 1540/1181/1 1590/1175/1
f 1302/1179/1 1147/1184/1 1146/1174/1
f 1589/1183/1 1541/1185/1 1540/1181/1
f 1301/1186/1 1147/1184/1 1302/1179/1
f 1502/1187/1 1441/1180/1 1503/1182/1
f 1502/1187/1 1442/1188/1 1441/1180/1
f 1588/1189/1 1541/1185/1 1589/1183/1
f 1588/1189/1 1542/1190/1 1541/1185/1
f 1501/1191/1 1442/1188/1 1502/1187/1
f 1301/1186/1 1148/1192/1 1147/1184/1
f 1501/1191/1 1443/1193/1 1442/1188/1
f 1300/1194/1 1148/1192/1 1301/1186/1
f 1588/1189/1 1543/1195/1 1542/1190/1
f 1587/1196/1 1543/1195/1 1588/1189/1
f 1500/1197/1 1443/1193/1 1501/1191/1
f 1587/1196/1 1544/1198/1 1543/1195/1
f 1300/1194/1 1149/1199/1 1148/1192/1
f 1500/1197/1 1444/1200/1 1443/1193/1
f 1299/1201/1 1149/1199/1 1300/1194/1
f 1499/1202/1 1444/1200/1 1500/1197/1
f 1587/1196/1 1545/1203/1 1544/1198/1
f 1586/1204/1 1545/1203/1 1587/1196/1
f 1498/1205/1 1444/1200/1 1499/1202/1
f 1586/1204/1 1546/1206/1 1545/1203/1
f 1299/1201/1 1150/1207/1 1149/1199/1
f 1498/1205/1 1445/1208/1 1444/1200/1
f 1298/1209/1 1150/1207/1 1299/1201/1
f 1497/1210/1 1445/1208/1 1498/1205/1
f 1586/1204/1 1547/1211/1 1546/1206/1
f 1496/1212/1 1445/1208/1 1497/1210/1
f 1585/1213/1 1547/1211/1 1586/1204/1
f 1298/1209/1 1151/1214/1 1150/1207/1
f 1495/1215/1 1445/1208/1 1496/1212/1
f 1495/1215/1 1446/1216/1 1445/1208/1
f 1297/1217/1 1151/1214/1 1298/1209/1
f 1585/1213/1 1548/1218/1 1547/1211/1
f 1494/1219/1 1446/1216/1 1495/1215/1
f 1585/1213/1 1549/1220/1 1548/1218/1
f 1493/1221/1 1446/1216/1 1494/1219/1
f 1296/1222/1 1151/1214/1 1297/1217/1
f 1584/1223/1 1549/1220/1 1585/1213/1
f 1296/1222/1 1152/1224/1 1151/1214/1
f 1493/1221/1 1447/1225/1 1446/1216/1
f 1584/1223/1 1550/1226/1 1549/1220/1
f 1492/1227/1 1447/1225/1 1493/1221/1
f 1295/1228/1 1152/1224/1 1296/1222/1
f 1584/1223/1 1551/1229/1 1550/1226/1
f 1491/1230/1 1447/1225/1 1492/1227/1
f 1491/1230/1 1448/1231/1 1447/1225/1
f 1490/1232/1 1448/1231/1 1491/1230/1
f 1584/1223/1 1552/1233/1 1551/1229/1
f 1295/1228/1 1153/1234/1 1152/1224/1
f 1294/1235/1 1153/1234/1 1295/1228/1
f 1583/1236/1 1552/1233/1 1584/1223/1
f 1489/1237/1 1448/1231/1 1490/1232/1
f 1583/1236/1 1553/1238/1 1552/1233/1
f 1293/1239/1 1153/1234/1 1294/1235/1
f 1488/1240/1 1448/1231/1 1489/1237/1
f 1292/1241/1 1153/1234/1 1293/1239/1
f 1583/1236/1 1554/1242/1 1553/1238/1
f 1488/1240/1 1449/1243/1 1448/1231/1
f 1582/1244/1 1554/1242/1 1583/1236/1
f 1291/1245/1 1153/1234/1 1292/1241/1
f 1291/1245/1 1154/1246/1 1153/1234/1
f 1487/1247/1 1449/1243/1 1488/1240/1
f 1290/1248/1 1154/1246/1 1291/1245/1
f 1582/1244/1 1555/1249/1 1554/1242/1
f 1289/1250/1 1154/1246/1 1290/1248/1
f 1288/1251/1 1154/1246/1 1289/1250/1
f 1486/1252/1 1449/1243/1 1487/1247/1
f 1581/1253/1 1555/1249/1 1582/1244/1
f 1581/1253/1 1556/1254/1 1555/1249/1
f 1287/1255/1 1154/1246/1 1288/1251/1
f 1286/1256/1 1154/1246/1 1287/1255/1
f 1486/1252/1 1450/1257/1 1449/1243/1
f 1285/1258/1 1154/1246/1 1286/1256/1
f 1485/1259/1 1450/1257/1 1486/1252/1
f 1284/1260/1 1154/1246/1 1285/1258/1
f 1581/1253/1 1557/1261/1 1556/1254/1
f 1284/1260/1 1155/1262/1 1154/1246/1
f 1283/1263/1 1155/1262/1 1284/1260/1
f 1282/1264/1 1155/1262/1 1283/1263/1
f 1281/1265/1 1155/1262/1 1282/1264/1
f 1580/1266/1 1557/1261/1 1581/1253/1
f 1580/1266/1 1558/1267/1 1557/1261/1
f 1484/1268/1 1450/1257/1 1485/1259/1
f 1484/1268/1 1451/1269/1 1450/1257/1
f 1280/1270/1 1155/1262/1 1281/1265/1
f 1245/1271/1 1247/1272/1 1246/1273/1
f 1245/1271/1 1248/1274/1 1247/1272/1
f 1244/1275/1 1248/1274/1 1245/1271/1
f 1244/1275/1 1249/1276/1 1248/1274/1
f 1580/1266/1 1559/1277/1 1558/1267/1
f 1579/1278/1 1559/1277/1 1580/1266/1
f 1244/1275/1 1250/1279/1 1249/1276/1
f 1243/1280/1 1250/1279/1 1244/1275/1
f 1243/1280/1 1251/1281/1 1250/1279/1
f 1483/1282/1 1451/1269/1 1484/1268/1
f 1243/1280/1 1252/1283/1 1251/1281/1
f 1242/1284/1 1252/1283/1 1243/1280/1
f 1242/1284/1 1253/1285/1 1252/1283/1
f 1242/1284/1 1254/1286/1 1253/1285/1
f 1241/1287/1 1254/1286/1 1242/1284/1
f 1241/1287/1 1255/1288/1 1254/1286/1
f 1280/1270/1 1156/1289/1 1155/1262/1
f 1240/1290/1 1255/1288/1 1241/1287/1
f 1240/1290/1 1256/1291/1 1255/1288/1
f 1579/1278/1 1560/1292/1 1559/1277/1
f 1240/1290/1 1257/1293/1 1256/1291/1
f 1239/1294/1 1257/1293/1 1240/1290/1
f 1482/1295/1 1451/1269/1 1483/1282/1
f 1279/1296/1 1156/1289/1 1280/1270/1
f 1239/1294/1 1258/1297/1 1257/1293/1
f 1578/1298/1 1560/1292/1 1579/1278/1
f 1239/1294/1 1259/1299/1 1258/1297/1
f 1238/1300/1 1259/1299/1 1239/1294/1
f 1578/1298/1 1561/1301/1 1560/1292/1
f 1482/1295/1 1452/1302/1 1451/1269/1
f 1237/1303/1 1259/1299/1 1238/1300/1
f 1481/1304/1 1452/1302/1 1482/1295/1
f 1578/1298/1 1562/1305/1 1561/1301/1
f 1278/1306/1 1156/1289/1 1279/1296/1
f 1577/1307/1 1562/1305/1 1578/1298/1
f 1237/1303/1 1260/1308/1 1259/1299/1
f 1236/1309/1 1260/1308/1 1237/1303/1
f 1577/1307/1 1563/1310/1 1562/1305/1
f 1278/1306/1 1157/1311/1 1156/1289/1
f 1480/1312/1 1452/1302/1 1481/1304/1
f 1236/1309/1 1261/1313/1 1260/1308/1
f 1576/1314/1 1563/1310/1 1577/1307/1
f 1576/1314/1 1564/1315/1 1563/1310/1
f 1277/1316/1 1157/1311/1 1278/1306/1
f 1235/1317/1 1261/1313/1 1236/1309/1
f 1576/1314/1 1565/1318/1 1564/1315/1
f 1480/1312/1 1453/1319/1 1452/1302/1
f 1479/1320/1 1453/1319/1 1480/1312/1
f 1235/1317/1 1262/1321/1 1261/1313/1
f 1575/1322/1 1565/1318/1 1576/1314/1
f 1234/1323/1 1262/1321/1 1235/1317/1
f 1575/1322/1 1566/1324/1 1565/1318/1
f 1276/1325/1 1157/1311/1 1277/1316/1
f 1575/1322/1 1567/1326/1 1566/1324/1
f 1574/1327/1 1567/1326/1 1575/1322/1
f 1234/1323/1 1263/1328/1 1262/1321/1
f 1574/1327/1 1568/1329/1 1567/1326/1
f 1478/1330/1 1453/1319/1 1479/1320/1
f 1478/1330/1 1454/1331/1 1453/1319/1
f 1233/1332/1 1263/1328/1 1234/1323/1
f 1574/1327/1 1569/1333/1 1568/1329/1
f 1276/1325/1 1158/1334/1 1157/1311/1
f 1573/1335/1 1569/1333/1 1574/1327/1
f 1275/1336/1 1158/1334/1 1276/1325/1
f 1573/1335/1 1570/1337/1 1569/1333/1
f 1573/1335/1 1571/1338/1 1570/1337/1
f 1572/1339/1 1571/1338/1 1573/1335/1
f 1233/1332/1 1264/1340/1 1263/1328/1
f 1232/1341/1 1264/1340/1 1233/1332/1
f 1477/1342/1 1454/1331/1 1478/1330/1
f 1274/1343/1 1158/1334/1 1275/1336/1
f 1231/1344/1 1264/1340/1 1232/1341/1
f 1231/1344/1 1265/1345/1 1264/1340/1
f 1477/1342/1 1455/1346/1 1454/1331/1
f 1230/1347/1 1265/1345/1 1231/1344/1
f 1230/1347/1 1266/1348/1 1265/1345/1
f 1273/1349/1 1158/1334/1 1274/1343/1
f 1476/1350/1 1455/1346/1 1477/1342/1
f 1230/1347/1 1267/1351/1 1266/1348/1
f 1229/1352/1 1267/1351/1 1230/1347/1
f 1272/1353/1 1158/1334/1 1273/1349/1
f 1476/1350/1 1456/1354/1 1455/1346/1
f 1229/1352/1 1268/1355/1 1267/1351/1
f 1272/1353/1 1159/1356/1 1158/1334/1
f 1271/1357/1 1159/1356/1 1272/1353/1
f 1229/1352/1 1269/1358/1 1268/1355/1
f 1228/1359/1 1269/1358/1 1229/1352/1
f 1270/1360/1 1159/1356/1 1271/1357/1
f 1228/1359/1 1270/1360/1 1269/1358/1
f 1475/1361/1 1456/1354/1 1476/1350/1
f 1228/1359/1 1159/1356/1 1270/1360/1
f 1475/1361/1 1457/1362/1 1456/1354/1
f 1227/1363/1 1159/1356/1 1228/1359/1
f 1474/1364/1 1457/1362/1 1475/1361/1
f 1226/1365/1 1159/1356/1 1227/1363/1
f 1474/1364/1 1458/1366/1 1457/1362/1
f 1473/1367/1 1458/1366/1 1474/1364/1
f 1225/1368/1 1159/1356/1 1226/1365/1
f 1472/1369/1 1458/1366/1 1473/1367/1
f 1225/1368/1 1160/1370/1 1159/1356/1
f 1472/1369/1 1459/1371/1 1458/1366/1
f 1224/1372/1 1160/1370/1 1225/1368/1
f 1471/1373/1 1459/1371/1 1472/1369/1
f 1223/1374/1 1160/1370/1 1224/1372/1
f 1471/1373/1 1460/1375/1 1459/1371/1
f 1470/1376/1 1460/1375/1 1471/1373/1
f 1469/1377/1 1460/1375/1 1470/1376/1
f 1222/1378/1 1160/1370/1 1223/1374/1
f 1469/1377/1 1461/1379/1 1460/1375/1
f 1468/1380/1 1461/1379/1 1469/1377/1
f 1468/1380/1 1462/1381/1 1461/1379/1
f 1467/1382/1 1462/1381/1 1468/1380/1
f 1221/1383/1 1160/1370/1 1222/1378/1
f 1466/1384/1 1462/1381/1 1467/1382/1
f 1466/1384/1 1463/1385/1 1462/1381/1
f 1221/1383/1 1161/1386/1 1160/1370/1
f 1465/1387/1 1463/1385/1 1466/1384/1
f 1465/1387/1 1464/1388/1 1463/1385/1
f 1220/1389/1 1161/1386/1 1221/1383/1
f 1220/1389/1 1162/1390/1 1161/1386/1
f 1219/1391/1 1162/1390/1 1220/1389/1
f 1218/1392/1 1162/1390/1 1219/1391/1
f 1218/1392/1 1163/1393/1 1162/1390/1
f 1217/1394/1 1163/1393/1 1218/1392/1
f 1216/1395/1 1163/1393/1 1217/1394/1
f 1216/1395/1 1164/1396/1 1163/1393/1
f 1215/1397/1 1164/1396/1 1216/1395/1
f 1214/1398/1 1164/1396/1 1215/1397/1
f 1214/1398/1 1165/1399/1 1164/1396/1
f 1213/1400/1 1165/1399/1 1214/1398/1
f 1212/1401/1 1165/1399/1 1213/1400/1
f 1211/1402/1 1165/1399/1 1212/1401/1
f 1211/1402/1 1166/1403/1 1165/1399/1
f 1210/1404/1 1166/1403/1 1211/1402/1
f 1209/1405/1 1166/1403/1 1210/1404/1
f 1209/1405/1 1167/1406/1 1166/1403/1
f 1208/1407/1 1167/1406/1 1209/1405/1
f 1208/1407/1 1168/1408/1 1167/1406/1
f 1207/1409/1 1168/1408/1 1208/1407/1
f 1207/1409/1 1169/1410/1 1168/1408/1
f 1206/1411/1 1169/1410/1 1207/1409/1
f 1206/1411/1 1170/1412/1 1169/1410/1
f 1205/1413/1 1170/1412/1 1206/1411/1
f 1205/1413/1 1171/1414/1 1170/1412/1
f 1204/1415/1 1171/1414/1 1205/1413/1
f 1204/1415/1 1172/1416/1 1171/1414/1
f 1203/1417/1 1172/1416/1 1204/1415/1
f 1203/1417/1 1173/1418/1 1172/1416/1
f 1202/1419/1 1173/1418/1 1203/1417/1
f 1202/1419/1 1174/1420/1 1173/1418/1
f 1201/1421/1 1174/1420/1 1202/1419/1
f 1201/1421/1 1175/1422/1 1174/1420/1
f 1201/1421/1 1176/1423/1 1175/1422/1
f 1200/1424/1 1176/1423/1 1201/1421/1
f 1200/1424/1 1177/1425/1 1176/1423/1
f 1199/1426/1 1177/1425/1 1200/1424/1
f 1199/1426/1 1178/1427/1 1177/1425/1
f 1198/1428/1 1178/1427/1 1199/1426/1
f 1198/1428/1 1179/1429/1 1178/1427/1
f 1197/1430/1 1179/1429/1 1198/1428/1
f 1197/1430/1 1180/1431/1 1179/1429/1
f 1196/1432/1 1180/1431/1 1197/1430/1
f 1196/1432/1 1181/1433/1 1180/1431/1
f 1195/1434/1 1181/1433/1 1196/1432/1
f 1194/1435/1 1181/1433/1 1195/1434/1
f 1194/1435/1 1182/1436/1 1181/1433/1
f 1193/1437/1 1182/1436/1 1194/1435/1
f 1192/1438/1 1182/1436/1 1193/1437/1
f 1192/1438/1 1183/1439/1 1182/1436/1
f 1191/1440/1 1183/1439/1 1192/1438/1
f 1191/1440/1 1184/1441/1 1183/1439/1
f 1190/1442/1 1184/1441/1 1191/1440/1
f 1189/1443/1 1184/1441/1 1190/1442/1
f 1189/1443/1 1185/1444/1 1184/1441/1
f 1188/1445/1 1185/1444/1 1189/1443/1
f 1187/1446/1 1185/1444/1 1188/1445/1
f 1187/1446/1 1186/1447/1 1185/1444/1
f 1991/1448/1 1993/1449/1 1992/1450/1
f 1990/1451/1 1993/1449/1 1991/1448/1
f 1989/1452/1 1993/1449/1 1990/1451/1
f 1988/1453/1 1993/1449/1 1989/1452/1
f 1987/1454/1 1993/1449/1 1988/1453/1
f 1986/1455/1 1993/1449/1 1987/1454/1
f 1985/1456/1 1993/1449/1 1986/1455/1
f 1984/1457/1 1993/1449/1 1985/1456/1
f 1984/1457/1 1994/1458/1 1993/1449/1
f 1983/1459/1 1994/1458/1 1984/1457/1
f 1982/1460/1 1994/1458/1 1983/1459/1
f 1981/1461/1 1994/1458/1 1982/1460/1
f 1980/1462/1 1994/1458/1 1981/1461/1
f 1979/1463/1 1994/1458/1 1980/1462/1
f 1979/1463/1 1995/1464/1 1994/1458/1
f 1978/1465/1 1995/1464/1 1979/1463/1
f 1977/1466/1 1995/1464/1 1978/1465/1
f 1977/1466/1 1996/1467/1 1995/1464/1
f 1976/1468/1 1996/1467/1 1977/1466/1
f 1976/1468/1 1997/1469/1 1996/1467/1
f 1975/1470/1 1997/1469/1 1976/1468/1
f 1974/1471/1 1997/1469/1 1975/1470/1
f 1974/1471/1 1998/1472/1 1997/1469/1
f 1973/1473/1 1998/1472/1 1974/1471/1
f 1973/1473/1 1999/1474/1 1998/1472/1
f 1972/1475/1 1999/1474/1 1973/1473/1
f 1972/1475/1 2000/1476/1 1999/1474/1
f 1971/1477/1 2000/1476/1 1972/1475/1
f 1970/1478/1 2000/1476/1 1971/1477/1
f 1970/1478/1 2001/1479/1 2000/1476/1
f 1969/1480/1 2001/1479/1 1970/1478/1
f 1969/1480/1 2002/1481/1 2001/1479/1
f 1968/1482/1 2002/1481/1 1969/1480/1
f 1968/1482/1 2003/1483/1 2002/1481/1
f 1967/1484/1 2003/1483/1 1968/1482/1
f 1966/1485/1 2003/1483/1 1967/1484/1
f 1965/1486/1 2003/1483/1 1966/1485/1
f 1964/1487/1 2003/1483/1 1965/1486/1
f 1963/1488/1 2003/1483/1 1964/1487/1
f 1962/1489/1 2003/1483/1 1963/1488/1
f 1961/1490/1 2003/1483/1 1962/1489/1
f 1960/1491/1 2003/1483/1 1961/1490/1
f 1959/1492/1 2003/1483/1 1960/1491/1
f 1958/1493/1 2003/1483/1 1959/1492/1
f 1957/1494/1 2003/1483/1 1958/1493/1
f 1957/1494/1 2004/1495/1 2003/1483/1
f 1956/1496/1 2004/1495/1 1957/1494/1
f 1955/1497/1 2004/1495/1 1956/1496/1
f 1954/1498/1 2004/1495/1 1955/1497/1
f 1953/1499/1 2004/1495/1 1954/1498/1
f 1953/1499/1 2005/1500/1 2004/1495/1
f 1952/1501/1 2005/1500/1 1953/1499/1
f 1952/1501/1 2006/1502/1 2005/1500/1
f 1951/1503/1 2006/1502/1 1952/1501/1
f 1951/1503/1 2007/1504/1 2006/1502/1
f 1950/1505/1 2007/1504/1 1951/1503/1
f 1950/1505/1 2008/1506/1 2007/1504/1
f 1950/1505/1 2009/1507/1 2008/1506/1
f 1949/1508/1 2009/1507/1 1950/1505/1
f 1949/1508/1 2010/1509/1 2009/1507/1
f 1948/1510/1 2010/1509/1 1949/1508/1
f 1948/1510/1 2011/1511/1 2010/1509/1
f 1948/1510/1 2012/1512/1 2011/1511/1
f 1947/1513/1 2012/1512/1 1948/1510/1
f 1947/1513/1 2013/1514/1 2012/1512/1
f 1946/1515/1 2013/1514/1 1947/1513/1
f 1946/1515/1 2014/1516/1 2013/1514/1
f 1946/1515/1 2015/1517/1 2014/1516/1
f 1945/1518/1 2015/1517/1 1946/1515/1
f 1945/1518/1 2016/1519/1 2015/1517/1
f 1945/1518/1 2017/1520/1 2016/1519/1
f 1944/1521/1 2017/1520/1 1945/1518/1
f 1944/1521/1 2018/1522/1 2017/1520/1
f 1944/1521/1 2019/1523/1 2018/1522/1
f 1944/1521/1 2020/1524/1 2019/1523/1
f 1943/1525/1 2020/1524/1 1944/1521/1
f 1943/1525/1 2021/1526/1 2020/1524/1
f 1943/1525/1 2022/1527/1 2021/1526/1
f 1942/1528/1 2022/1527/1 1943/1525/1
f 1942/1528/1 2023/1529/1 2022/1527/1
f 1941/1530/1 2023/1529/1 1942/1528/1
f 1941/1530/1 2024/1531/1 2023/1529/1
f 1940/1532/1 2024/1531/1 1941/1530/1
f 1940/1532/1 2025/1533/1 2024/1531/1
f 1939/1534/1 2025/1533/1 1940/1532/1
f 1939/1534/1 1872/1535/1 2025/1533/1
f 1872/1535/1 2026/1536/1 2025/1533/1
f 1938/1537/1 1872/1535/1 1939/1534/1
f 1938/1537/1 1873/1538/1 1872/1535/1
f 1871/1539/1 2026/1536/1 1872/1535/1
f 1938/1537/1 1874/1540/1 1873/1538/1
f 1938/1537/1 1875/1541/1 1874/1540/1
f 1870/1542/1 2026/1536/1 1871/1539/1
f 1938/1537/1 1876/1543/1 1875/1541/1
f 1938/1537/1 1877/1544/1 1876/1543/1
f 1869/1545/1 2026/1536/1 1870/1542/1
f 1938/1537/1 1878/1546/1 1877/1544/1
f 1938/1537/1 1879/1547/1 1878/1546/1
f 1938/1537/1 1880/1548/1 1879/1547/1
f 1868/1549/1 2026/1536/1 1869/1545/1
f 1868/1549/1 2027/1550/1 2026/1536/1
f 1938/1537/1 1881/1551/1 1880/1548/1
f 1938/1537/1 1882/1552/1 1881/1551/1
f 1867/1553/1 2027/1550/1 1868/1549/1
f 1938/1537/1 1883/1554/1 1882/1552/1
f 1937/1555/1 1883/1554/1 1938/1537/1
f 1937/1555/1 1884/1556/1 1883/1554/1
f 1866/1557/1 2027/1550/1 1867/1553/1
f 1937/1555/1 1885/1558/1 1884/1556/1
f 1937/1555/1 1886/1559/1 1885/1558/1
f 1865/1560/1 2027/1550/1 1866/1557/1
f 1937/1555/1 1887/1561/1 1886/1559/1
f 1937/1555/1 1888/1562/1 1887/1561/1
f 1864/1563/1 2027/1550/1 1865/1560/1
f 1936/1564/1 1888/1562/1 1937/1555/1
f 1936/1564/1 1889/1565/1 1888/1562/1
f 1864/1563/1 2028/1566/1 2027/1550/1
f 1863/1567/1 2028/1566/1 1864/1563/1
f 1936/1564/1 1890/1568/1 1889/1565/1
f 1936/1564/1 1891/1569/1 1890/1568/1
f 1862/1570/1 2028/1566/1 1863/1567/1
f 1935/1571/1 1891/1569/1 1936/1564/1
f 1935/1571/1 1892/1572/1 1891/1569/1
f 1861/1573/1 2028/1566/1 1862/1570/1
f 1935/1571/1 1893/1574/1 1892/1572/1
f 1861/1573/1 2029/1575/1 2028/1566/1
f 1934/1576/1 1893/1574/1 1935/1571/1
f 1934/1576/1 1894/1577/1 1893/1574/1
f 1860/1578/1 2029/1575/1 1861/1573/1
f 1934/1576/1 1895/1579/1 1894/1577/1
f 1933/1580/1 1895/1579/1 1934/1576/1
f 1933/1580/1 1896/1581/1 1895/1579/1
f 1859/1582/1 2029/1575/1 1860/1578/1
f 1858/1583/1 2029/1575/1 1859/1582/1
f 1933/1580/1 1897/1584/1 1896/1581/1
f 1857/1585/1 2029/1575/1 1858/1583/1
f 1856/1586/1 2029/1575/1 1857/1585/1
f 1932/1587/1 1897/1584/1 1933/1580/1
f 1932/1587/1 1898/1588/1 1897/1584/1
f 1855/1589/1 2029/1575/1 1856/1586/1
f 1854/1590/1 2029/1575/1 1855/1589/1
f 1931/1591/1 1898/1588/1 1932/1587/1
f 1931/1591/1 1899/1592/1 1898/1588/1
f 1853/1593/1 2029/1575/1 1854/1590/1
f 1931/1591/1 1900/1594/1 1899/1592/1
f 1852/1595/1 2029/1575/1 1853/1593/1
f 1930/1596/1 1900/1594/1 1931/1591/1
f 1851/1597/1 2029/1575/1 1852/1595/1
f 1930/1596/1 1901/1598/1 1900/1594/1
f 1850/1599/1 2029/1575/1 1851/1597/1
f 1930/1596/1 1902/1600/1 1901/1598/1
f 1929/1601/1 1902/1600/1 1930/1596/1
f 1849/1602/1 2029/1575/1 1850/1599/1
f 1929/1601/1 1903/1603/1 1902/1600/1
f 1928/1604/1 1903/1603/1 1929/1601/1
f 1848/1605/1 2029/1575/1 1849/1602/1
f 1928/1604/1 1904/1606/1 1903/1603/1
f 1847/1607/1 2029/1575/1 1848/1605/1
f 1927/1608/1 1904/1606/1 1928/1604/1
f 1927/1608/1 1905/1609/1 1904/1606/1
f 1926/1610/1 1905/1609/1 1927/1608/1
f 1926/1610/1 1906/1611/1 1905/1609/1
f 1925/1612/1 1906/1611/1 1926/1610/1
f 1925/1612/1 1907/1613/1 1906/1611/1
f 1924/1614/1 1907/1613/1 1925/1612/1
f 1924/1614/1 1908/1615/1 1907/1613/1
f 1923/1616/1 1908/1615/1 1924/1614/1
f 1922/1617/1 1908/1615/1 1923/1616/1
f 1922/1617/1 1909/1618/1 1908/1615/1
f 1922/1617/1 1910/1619/1 1909/1618/1
f 1922/1617/1 1911/1620/1 1910/1619/1
f 1922/1617/1 1912/1621/1 1911/1620/1
f 1921/1622/1 1912/1621/1 1922/1617/1
f 1921/1622/1 1913/1623/1 1912/1621/1
f 1921/1622/1 1914/1624/1 1913/1623/1
f 1921/1622/1 1915/1625/1 1914/1624/1
f 1921/1622/1 1916/1626/1 1915/1625/1
f 1920/1627/1 1916/1626/1 1921/1622/1
f 1920/1627/1 1917/1628/1 1916/1626/1
f 1920/1627/1 1918/1629/1 1917/1628/1
f 1920/1627/1 1919/1630/1 1918/1629/1
f 1847/1607/1 2030/1631/1 2029/1575/1
f 1846/1632/1 2030/1631/1 1847/1607/1
f 1846/1632/1 2031/1633/1 2030/1631/1
f 1845/1634/1 2031/1633/1 1846/1632/1
f 1845/1634/1 2032/1635/1 2031/1633/1
f 1844/1636/1 2032/1635/1 1845/1634/1
f 1844/1636/1 2033/1637/1 2032/1635/1
f 1843/1638/1 2033/1637/1 1844/1636/1
f 1843/1638/1 2034/1639/1 2033/1637/1
f 1842/1640/1 2034/1639/1 1843/1638/1
f 1842/1640/1 2035/1641/1 2034/1639/1
f 1841/1642/1 2035/1641/1 1842/1640/1
f 1841/1642/1 2036/1643/1 2035/1641/1
f 1840/1644/1 2036/1643/1 1841/1642/1
f 1839/1645/1 2036/1643/1 1840/1644/1
f 1839/1645/1 2037/1646/1 2036/1643/1
f 1838/1647/1 2037/1646/1 1839/1645/1
f 1838/1647/1 2038/1648/1 2037/1646/1
f 1837/1649/1 2038/1648/1 1838/1647/1
f 1837/1649/1 2039/1650/1 2038/1648/1
f 1836/1651/1 2039/1650/1 1837/1649/1
f 1836/1651/1 2040/1652/1 2039/1650/1
f 1835/1653/1 2040/1652/1 1836/1651/1
f 1835/1653/1 2041/1654/1 2040/1652/1
f 1835/1653/1 2042/1655/1 2041/1654/1
f 1834/1656/1 2042/1655/1 1835/1653/1
f 1834/1656/1 2043/1657/1 2042/1655/1
f 1833/1658/1 2043/1657/1 1834/1656/1
f 1833/1658/1 2044/1659/1 2043/1657/1
f 1832/1660/1 2044/1659/1 1833/1658/1
f 1832/1660/1 2045/1661/1 2044/1659/1
f 1831/1662/1 2045/1661/1 1832/1660/1
f 1830/1663/1 2045/1661/1 1831/1662/1
f 1830/1663/1 2046/1664/1 2045/1661/1
f 1829/1665/1 2046/1664/1 1830/1663/1
f 1828/1666/1 2046/1664/1 1829/1665/1
f 1828/1666/1 2047/1667/1 2046/1664/1
f 1827/1668/1 2047/1667/1 1828/1666/1
f 1826/1669/1 2047/1667/1 1827/1668/1
f 1825/1670/1 2047/1667/1 1826/1669/1
f 1825/1670/1 2048/1671/1 2047/1667/1
f 1824/288/1 2048/1671/1 1825/1670/1
f 2123/301/1 2048/1671/1 1824/288/1
f 2122/1672/1 2048/1671/1 2123/301/1
f 2122/1672/1 2049/1673/1 2048/1671/1
f 2121/1674/1 2049/1673/1 2122/1672/1
f 2120/1675/1 2049/1673/1 2121/1674/1
f 2120/1675/1 2050/1676/1 2049/1673/1
f 2119/1677/1 2050/1676/1 2120/1675/1
f 2118/1678/1 2050/1676/1 2119/1677/1
f 2118/1678/1 2051/1679/1 2050/1676/1
f 2117/1680/1 2051/1679/1 2118/1678/1
f 2117/1680/1 2052/1681/1 2051/1679/1
f 2116/1682/1 2052/1681/1 2117/1680/1
f 2116/1682/1 2053/1683/1 2052/1681/1
f 2115/1684/1 2053/1683/1 2116/1682/1
f 2115/1684/1 2054/1685/1 2053/1683/1
f 2114/1686/1 2054/1685/1 2115/1684/1
f 2114/1686/1 2055/1687/1 2054/1685/1
f 2113/1688/1 2055/1687/1 2114/1686/1
f 2113/1688/1 2056/1689/1 2055/1687/1
f 2113/1688/1 2057/1690/1 2056/1689/1
f 2112/1691/1 2057/1690/1 2113/1688/1
f 2112/1691/1 2058/1692/1 2057/1690/1
f 2111/1693/1 2058/1692/1 2112/1691/1
f 2111/1693/1 2059/1694/1 2058/1692/1
f 2111/1693/1 2060/1695/1 2059/1694/1
f 2111/1693/1 2061/1696/1 2060/1695/1
f 2110/1697/1 2061/1696/1 2111/1693/1
f 2110/1697/1 2062/1698/1 2061/1696/1
f 2110/1697/1 2063/1699/1 2062/1698/1
f 2110/1697/1 2064/1700/1 2063/1699/1
f 2109/1701/1 2064/1700/1 2110/1697/1
f 2109/1701/1 2065/1702/1 2064/1700/1
f 2109/1701/1 2066/1703/1 2065/1702/1
f 2109/1701/1 2067/1704/1 2066/1703/1
f 2109/1701/1 2068/1705/1 2067/1704/1
f 2109/1701/1 2069/1706/1 2068/1705/1
f 2109/1701/1 2070/1707/1 2069/1706/1
f 2109/1701/1 2071/1708/1 2070/1707/1
f 2109/1701/1 2072/1709/1 2071/1708/1
f 2109/1701/1 2073/1710/1 2072/1709/1
f 2109/1701/1 2074/1711/1 2073/1710/1
f 2108/1712/1 2074/1711/1 2109/1701/1
f 2108/1712/1 2075/1713/1 2074/1711/1
f 2108/1712/1 2076/1714/1 2075/1713/1
f 2108/1712/1 2077/1715/1 2076/1714/1
f 2108/1712/1 2078/1716/1 2077/1715/1
f 2108/1712/1 2079/1717/1 2078/1716/1
f 2108/1712/1 2080/1718/1 2079/1717/1
f 2107/1719/1 2080/1718/1 2108/1712/1
f 2107/1719/1 2081/1720/1 2080/1718/1
f 2107/1719/1 2082/1721/1 2081/1720/1
f 2107/1719/1 2083/1722/1 2082/1721/1
f 2106/1723/1 2083/1722/1 2107/1719/1
f 2106/1723/1 2084/1724/1 2083/1722/1
f 2106/1723/1 2085/1725/1 2084/1724/1
f 2105/1726/1 2085/1725/1 2106/1723/1
f 2105/1726/1 2086/1727/1 2085/1725/1
f 2104/1728/1 2086/1727/1 2105/1726/1
f 2104/1728/1 2087/1729/1 2086/1727/1
f 2103/1730/1 2087/1729/1 2104/1728/1
f 2103/1730/1 2088/1731/1 2087/1729/1
f 2102/1732/1 2088/1731/1 2103/1730/1
f 2101/1733/1 2088/1731/1 2102/1732/1
f 2101/1733/1 2089/1734/1 2088/1731/1
f 2101/1733/1 2090/1735/1 2089/1734/1
f 2101/1733/1 2091/1736/1 2090/1735/1
f 2101/1733/1 2092/1737/1 2091/1736/1
f 2101/1733/1 2093/1738/1 2092/1737/1
f 2100/1739/1 2093/1738/1 2101/1733/1
f 2100/1739/1 2094/1740/1 2093/1738/1
f 2100/1739/1 2095/1741/1 2094/1740/1
f 2100/1739/1 2096/1742/1 2095/1741/1
f 2100/1739/1 2097/1743/1 2096/1742/1
f 2100/1739/1 2098/1744/1 2097/1743/1
f 2100/1739/1 2099/1745/1 2098/1744/1
f 2267/1746/1 2269/1747/1 2268/1748/1
f 2267/1746/1 2270/1749/1 2269/1747/1
f 2267/1746/1 2271/1750/1 2270/1749/1
f 2266/1751/1 2271/1750/1 2267/1746/1
f 2266/1751/1 2272/1752/1 2271/1750/1
f 2266/1751/1 2273/1753/1 2272/1752/1
f 2266/1751/1 2274/1754/1 2273/1753/1
f 2265/1755/1 2274/1754/1 2266/1751/1
f 2265/1755/1 2275/1756/1 2274/1754/1
f 2265/1755/1 2276/1757/1 2275/1756/1
f 2265/1755/1 2277/1758/1 2276/1757/1
f 2264/1759/1 2277/1758/1 2265/1755/1
f 2264/1759/1 2278/1760/1 2277/1758/1
f 2264/1759/1 2279/1761/1 2278/1760/1
f 2263/1762/1 2279/1761/1 2264/1759/1
f 2263/1762/1 2280/1763/1 2279/1761/1
f 2263/1762/1 2281/1764/1 2280/1763/1
f 2262/1765/1 2281/1764/1 2263/1762/1
f 2262/1765/1 2282/1766/1 2281/1764/1
f 2261/1767/1 2282/1766/1 2262/1765/1
f 2261/1767/1 2283/1768/1 2282/1766/1
f 2260/1769/1 2283/1768/1 2261/1767/1
f 2260/1769/1 2284/1770/1 2283/1768/1
f 2260/1769/1 2285/1771/1 2284/1770/1
f 2259/1772/1 2285/1771/1 2260/1769/1
f 2259/1772/1 2286/1773/1 2285/1771/1
f 2258/1774/1 2286/1773/1 2259/1772/1
f 2258/1774/1 2287/1775/1 2286/1773/1
f 2257/1776/1 2287/1775/1 2258/1774/1
f 2257/1776/1 2288/1777/1 2287/1775/1
f 2257/1776/1 2289/1778/1 2288/1777/1
f 2256/1779/1 2289/1778/1 2257/1776/1
f 2256/1779/1 2290/1780/1 2289/1778/1
f 2375/301/1 2290/1780/1 2256/1779/1
f 2375/301/1 2291/1781/1 2290/1780/1
f 2375/301/1 2292/1782/1 2291/1781/1
f 2375/301/1 2293/1783/1 2292/1782/1
f 2375/301/1 2294/1784/1 2293/1783/1
f 2375/301/1 2295/1785/1 2294/1784/1
f 2374/1786/1 2295/1785/1 2375/301/1
f 2374/1786/1 2296/1787/1 2295/1785/1
f 2374/1786/1 2297/1788/1 2296/1787/1
f 2374/1786/1 2298/1789/1 2297/1788/1
f 2373/1790/1 2298/1789/1 2374/1786/1
f 2373/1790/1 2299/1791/1 2298/1789/1
f 2373/1790/1 2300/1792/1 2299/1791/1
f 2373/1790/1 2301/1793/1 2300/1792/1
f 2372/1794/1 2301/1793/1 2373/1790/1
f 2372/1794/1 2302/1795/1 2301/1793/1
f 2372/1794/1 2303/1796/1 2302/1795/1
f 2371/1797/1 2303/1796/1 2372/1794/1
f 2371/1797/1 2304/1798/1 2303/1796/1
f 2371/1797/1 2305/1799/1 2304/1798/1
f 2370/1800/1 2305/1799/1 2371/1797/1
f 2370/1800/1 2306/1801/1 2305/1799/1
f 2369/1802/1 2306/1801/1 2370/1800/1
f 2369/1802/1 2307/1803/1 2306/1801/1
f 2369/1802/1 2308/1804/1 2307/1803/1
f 2368/1805/1 2308/1804/1 2369/1802/1
f 2368/1805/1 2309/1806/1 2308/1804/1
f 2367/1807/1 2309/1806/1 2368/1805/1
f 2367/1807/1 2310/1808/1 2309/1806/1
f 2367/1807/1 2311/1809/1 2310/1808/1
f 2366/1810/1 2311/1809/1 2367/1807/1
f 2366/1810/1 2312/1811/1 2311/1809/1
f 2365/1812/1 2312/1811/1 2366/1810/1
f 2365/1812/1 2313/1813/1 2312/1811/1
f 2364/1814/1 2313/1813/1 2365/1812/1
f 2364/1814/1 2314/1815/1 2313/1813/1
f 2364/1814/1 2315/1816/1 2314/1815/1
f 2363/1817/1 2315/1816/1 2364/1814/1
f 2362/1818/1 2315/1816/1 2363/1817/1
f 2361/1819/1 2315/1816/1 2362/1818/1
f 2361/1819/1 2316/1820/1 2315/1816/1
f 2360/1821/1 2316/1820/1 2361/1819/1
f 2359/1822/1 2316/1820/1 2360/1821/1
f 2358/1823/1 2316/1820/1 2359/1822/1
f 2357/1824/1 2316/1820/1 2358/1823/1
f 2357/1824/1 2317/1825/1 2316/1820/1
f 2356/1826/1 2317/1825/1 2357/1824/1
f 2355/1827/1 2317/1825/1 2356/1826/1
f 2354/1828/1 2317/1825/1 2355/1827/1
f 2354/1828/1 2318/1829/1 2317/1825/1
f 2353/1830/1 2318/1829/1 2354/1828/1
f 2352/1831/1 2318/1829/1 2353/1830/1
f 2351/1832/1 2318/1829/1 2352/1831/1
f 2351/1832/1 2319/1833/1 2318/1829/1
f 2350/1834/1 2319/1833/1 2351/1832/1
f 2349/1835/1 2319/1833/1 2350/1834/1
f 2348/1836/1 2319/1833/1 2349/1835/1
f 2348/1836/1 2320/1837/1 2319/1833/1
f 2347/1838/1 2320/1837/1 2348/1836/1
f 2346/1839/1 2320/1837/1 2347/1838/1
f 2345/1840/1 2320/1837/1 2346/1839/1
f 2345/1840/1 2321/1841/1 2320/1837/1
f 2344/1842/1 2321/1841/1 2345/1840/1
f 2343/1843/1 2321/1841/1 2344/1842/1
f 2342/1844/1 2321/1841/1 2343/1843/1
f 2342/1844/1 2322/1845/1 2321/1841/1
f 2341/1846/1 2322/1845/1 2342/1844/1
f 2340/1847/1 2322/1845/1 2341/1846/1
f 2339/1848/1 2322/1845/1 2340/1847/1
f 2339/1848/1 2323/1849/1 2322/1845/1
f 2338/1850/1 2323/1849/1 2339/1848/1
f 2337/1851/1 2323/1849/1 2338/1850/1
f 2337/1851/1 2324/1852/1 2323/1849/1
f 2336/1853/1 2324/1852/1 2337/1851/1
f 2335/1854/1 2324/1852/1 2336/1853/1
f 2335/1854/1 2325/1855/1 2324/1852/1
f 2334/1856/1 2325/1855/1 2335/1854/1
f 2333/1857/1 2325/1855/1 2334/1856/1
f 2333/1857/1 2326/1858/1 2325/1855/1
f 2332/1859/1 2326/1858/1 2333/1857/1
f 2331/1860/1 2326/1858/1 2332/1859/1
f 2331/1860/1 2327/1861/1 2326/1858/1
f 2330/1862/1 2327/1861/1 2331/1860/1
f 2329/1863/1 2327/1861/1 2330/1862/1
f 2329/1863/1 2328/1864/1 2327/1861/1
f 2135/1865/1 2137/1866/1 2136/1867/1
f 2134/1868/1 2137/1866/1 2135/1865/1
f 2134/1868/1 2138/1869/1 2137/1866/1
f 2133/1870/1 2138/1869/1 2134/1868/1
f 2132/1871/1 2138/1869/1 2133/1870/1
f 2132/1871/1 2139/1872/1 2138/1869/1
f 2131/1873/1 2139/1872/1 2132/1871/1
f 2131/1873/1 2140/1874/1 2139/1872/1
f 2130/1875/1 2140/1874/1 2131/1873/1
f 2129/1876/1 2140/1874/1 2130/1875/1
f 2129/1876/1 2141/1877/1 2140/1874/1
f 2128/1878/1 2141/1877/1 2129/1876/1
f 2128/1878/1 2142/1879/1 2141/1877/1
f 2127/1880/1 2142/1879/1 2128/1878/1
f 2126/1881/1 2142/1879/1 2127/1880/1
f 2126/1881/1 2143/1882/1 2142/1879/1
f 2125/1883/1 2143/1882/1 2126/1881/1
f 2125/1883/1 2144/1884/1 2143/1882/1
f 2124/288/1 2144/1884/1 2125/1883/1
f 2255/1885/1 2144/1884/1 2124/288/1
f 2255/1885/1 2145/1886/1 2144/1884/1
f 2254/1887/1 2145/1886/1 2255/1885/1
f 2253/1888/1 2145/1886/1 2254/1887/1
f 2253/1888/1 2146/1889/1 2145/1886/1
f 2252/1890/1 2146/1889/1 2253/1888/1
f 2252/1890/1 2147/1891/1 2146/1889/1
f 2251/1892/1 2147/1891/1 2252/1890/1
f 2250/1893/1 2147/1891/1 2251/1892/1
f 2250/1893/1 2148/1894/1 2147/1891/1
f 2249/1895/1 2148/1894/1 2250/1893/1
f 2248/1896/1 2148/1894/1 2249/1895/1
f 2248/1896/1 2149/1897/1 2148/1894/1
f 2247/1898/1 2149/1897/1 2248/1896/1
f 2246/1899/1 2149/1897/1 2247/1898/1
f 2245/1900/1 2149/1897/1 2246/1899/1
f 2244/1901/1 2149/1897/1 2245/1900/1
f 2244/1901/1 2150/1902/1 2149/1897/1
f 2243/1903/1 2150/1902/1 2244/1901/1
f 2242/1904/1 2150/1902/1 2243/1903/1
f 2241/1905/1 2150/1902/1 2242/1904/1
f 2240/1906/1 2150/1902/1 2241/1905/1
f 2240/1906/1 2151/1907/1 2150/1902/1
f 2239/1908/1 2151/1907/1 2240/1906/1
f 2238/1909/1 2151/1907/1 2239/1908/1
f 2237/1910/1 2151/1907/1 2238/1909/1
f 2236/1911/1 2151/1907/1 2237/1910/1
f 2236/1911/1 2152/1912/1 2151/1907/1
f 2235/1913/1 2152/1912/1 2236/1911/1
f 2234/1914/1 2152/1912/1 2235/1913/1
f 2233/1915/1 2152/1912/1 2234/1914/1
f 2232/1916/1 2152/1912/1 2233/1915/1
f 2231/1917/1 2152/1912/1 2232/1916/1
f 2231/1917/1 2153/1918/1 2152/1912/1
f 2231/1917/1 2154/1919/1 2153/1918/1
f 2230/1920/1 2154/1919/1 2231/1917/1
f 2230/1920/1 2155/1921/1 2154/1919/1
f 2229/1922/1 2155/1921/1 2230/1920/1
f 2229/1922/1 2156/1923/1 2155/1921/1
f 2229/1922/1 2157/1924/1 2156/1923/1
f 2228/1925/1 2157/1924/1 2229/1922/1
f 2228/1925/1 2158/1926/1 2157/1924/1
f 2227/1927/1 2158/1926/1 2228/1925/1
f 2227/1927/1 2159/1928/1 2158/1926/1
f 2226/1929/1 2159/1928/1 2227/1927/1
f 2226/1929/1 2160/1930/1 2159/1928/1
f 2226/1929/1 2161/1931/1 2160/1930/1
f 2225/1932/1 2161/1931/1 2226/1929/1
f 2225/1932/1 2162/1933/1 2161/1931/1
f 2224/1934/1 2162/1933/1 2225/1932/1
f 2224/1934/1 2163/1935/1 2162/1933/1
f 2224/1934/1 2164/1936/1 2163/1935/1
f 2223/1937/1 2164/1936/1 2224/1934/1
f 2223/1937/1 2165/1938/1 2164/1936/1
f 2222/1939/1 2165/1938/1 2223/1937/1
f 2222/1939/1 2166/1940/1 2165/1938/1
f 2222/1939/1 2167/1941/1 2166/1940/1
f 2221/1942/1 2167/1941/1 2222/1939/1
f 2221/1942/1 2168/1943/1 2167/1941/1
f 2221/1942/1 2169/1944/1 2168/1943/1
f 2221/1942/1 2170/1945/1 2169/1944/1
f 2220/1946/1 2170/1945/1 2221/1942/1
f 2220/1946/1 2171/1947/1 2170/1945/1
f 2220/1946/1 2172/1948/1 2171/1947/1
f 2220/1946/1 2173/1949/1 2172/1948/1
f 2220/1946/1 2174/1950/1 2173/1949/1
f 2219/1951/1 2174/1950/1 2220/1946/1
f 2218/1952/1 2174/1950/1 2219/1951/1
f 2218/1952/1 2175/1953/1 2174/1950/1
f 2217/1954/1 2175/1953/1 2218/1952/1
f 2216/1955/1 2175/1953/1 2217/1954/1
f 2216/1955/1 2176/1956/1 2175/1953/1
f 2215/1957/1 2176/1956/1 2216/1955/1
f 2215/1957/1 2177/1958/1 2176/1956/1
f 2214/1959/1 2177/1958/1 2215/1957/1
f 2213/1960/1 2177/1958/1 2214/1959/1
f 2212/1961/1 2177/1958/1 2213/1960/1
f 2212/1961/1 2178/1962/1 2177/1958/1
f 2211/1963/1 2178/1962/1 2212/1961/1
f 2210/1964/1 2178/1962/1 2211/1963/1
f 2209/1965/1 2178/1962/1 2210/1964/1
f 2209/1965/1 2179/1966/1 2178/1962/1
f 2208/1967/1 2179/1966/1 2209/1965/1
f 2207/1968/1 2179/1966/1 2208/1967/1
f 2207/1968/1 2180/1969/1 2179/1966/1
f 2206/1970/1 2180/1969/1 2207/1968/1
f 2206/1970/1 2181/1971/1 2180/1969/1
f 2205/1972/1 2181/1971/1 2206/1970/1
f 2205/1972/1 2182/1973/1 2181/1971/1
f 2205/1972/1 2183/1974/1 2182/1973/1
f 2204/1975/1 2183/1974/1 2205/1972/1
f 2204/1975/1 2184/1976/1 2183/1974/1
f 2203/1977/1 2184/1976/1 2204/1975/1
f 2203/1977/1 2185/1978/1 2184/1976/1
f 2202/1979/1 2185/1978/1 2203/1977/1
f 2202/1979/1 2186/1980/1 2185/1978/1
f 2202/1979/1 2187/1981/1 2186/1980/1
f 2201/1982/1 2187/1981/1 2202/1979/1
f 2201/1982/1 2188/1983/1 2187/1981/1
f 2200/1984/1 2188/1983/1 2201/1982/1
f 2200/1984/1 2189/1985/1 2188/1983/1
f 2200/1984/1 2190/1986/1 2189/1985/1
f 2199/1987/1 2190/1986/1 2200/1984/1
f 2199/1987/1 2191/1988/1 2190/1986/1
f 2199/1987/1 2192/1989/1 2191/1988/1
f 2198/1990/1 2192/1989/1 2199/1987/1
f 2198/1990/1 2193/1991/1 2192/1989/1
f 2197/1992/1 2193/1991/1 2198/1990/1
f 2197/1992/1 2194/1993/1 2193/1991/1
f 2197/1992/1 2195/1994/1 2194/1993/1
f 2196/1995/1 2195/1994/1 2197/1992/1
f 2627/1/2 2628/3/2 2629/2/2
f 2626/4/2 2627/1/2 2629/2/2
f 2625/5/2 2626/4/2 2629/2/2
f 2624/6/2 2625/5/2 2629/2/2
f 2623/7/2 2624/6/2 2629/2/2
f 2622/8/2 2623/7/2 2629/2/2
f 2622/8/2 2629/2/2 2630/9/2
f 2621/10/2 2622/8/2 2630/9/2
f 2620/11/2 2621/10/2 2630/9/2
f 2619/12/2 2620/11/2 2630/9/2
f 2618/13/2 2619/12/2 2630/9/2
f 2617/14/2 2618/13/2 2630/9/2
f 2617/14/2 2630/9/2 2631/15/2
f 2616/16/2 2617/14/2 2631/15/2
f 2615/17/2 2616/16/2 2631/15/2
f 2615/17/2 2631/15/2 2632/18/2
f 2615/17/2 2632/18/2 2633/19/2
f 2615/17/2 2633/19/2 2634/20/2
f 2614/21/2 2615/17/2 2634/20/2
f 2614/21/2 2634/20/2 2635/22/2
f 2613/23/2 2614/21/2 2635/22/2
f 2613/23/2 2635/22/2 2636/24/2
f 2613/23/2 2636/24/2 2637/25/2
f 2612/26/2 2613/23/2 2637/25/2
f 2612/26/2 2637/25/2 2638/27/2
f 2611/28/2 2612/26/2 2638/27/2
f 2610/29/2 2611/28/2 2638/27/2
f 2610/29/2 2638/27/2 2639/30/2
f 2609/31/2 2610/29/2 2639/30/2
f 2609/31/2 2639/30/2 2640/32/2
f 2608/33/2 2609/31/2 2640/32/2
f 2607/34/2 2608/33/2 2640/32/2
f 2607/34/2 2640/32/2 2641/35/2
f 2606/36/2 2607/34/2 2641/35/2
f 2605/37/2 2606/36/2 2641/35/2
f 2605/37/2 2641/35/2 2642/38/2
f 2604/39/2 2605/37/2 2642/38/2
f 2603/40/2 2604/39/2 2642/38/2
f 2602/41/2 2603/40/2 2642/38/2
f 2601/42/2 2602/41/2 2642/38/2
f 2600/43/2 2601/42/2 2642/38/2
f 2599/44/2 2600/43/2 2642/38/2
f 2598/45/2 2599/44/2 2642/38/2
f 2597/46/2 2598/45/2 2642/38/2
f 2597/46/2 2642/38/2 2643/47/2
f 2596/48/2 2597/46/2 2643/47/2
f 2595/49/2 2596/48/2 2643/47/2
f 2594/50/2 2595/49/2 2643/47/2
f 2593/51/2 2594/50/2 2643/47/2
f 2592/52/2 2593/51/2 2643/47/2
f 2591/53/2 2592/52/2 2643/47/2
f 2591/53/2 2643/47/2 2644/54/2
f 2590/55/2 2591/53/2 2644/54/2
f 2589/56/2 2590/55/2 2644/54/2
f 2589/56/2 2644/54/2 2645/57/2
f 2588/58/2 2589/56/2 2645/57/2
f 2588/58/2 2645/57/2 2646/59/2
f 2587/60/2 2588/58/2 2646/59/2
f 2587/60/2 2646/59/2 2647/61/2
f 2586/62/2 2587/60/2 2647/61/2
f 2586/62/2 2647/61/2 2648/63/2
f 2585/64/2 2586/62/2 2648/63/2
f 2585/64/2 2648/63/2 2649/65/2
f 2584/66/2 2585/64/2 2649/65/2
f 2583/67/2 2584/66/2 2649/65/2
f 2583/67/2 2649/65/2 2650/68/2
f 2583/67/2 2650/68/2 2651/69/2
f 2582/70/2 2583/67/2 2651/69/2
f 2582/70/2 2651/69/2 2652/71/2
f 2581/72/2 2582/70/2 2652/71/2
f 2581/72/2 2652/71/2 2653/73/2
f 2580/74/2 2581/72/2 2653/73/2
f 2580/74/2 2653/73/2 2654/75/2
f 2579/76/2 2580/74/2 2654/75/2
f 2579/76/2 2654/75/2 2655/77/2
f 2578/78/2 2579/76/2 2655/77/2
f 2577/79/2 2578/78/2 2655/77/2
f 2577/79/2 2655/77/2 2656/80/2
f 2576/81/2 2577/79/2 2656/80/2
f 2575/82/2 2576/81/2 2656/80/2
f 2574/83/2 2575/82/2 2656/80/2
f 2574/83/2 2656/80/2 2657/84/2
f 2573/85/2 2574/83/2 2657/84/2
f 2572/86/2 2573/85/2 2657/84/2
f 2572/86/2 2657/84/2 2658/87/2
f 2571/88/2 2572/86/2 2658/87/2
f 2570/89/2 2571/88/2 2658/87/2
f 2569/90/2 2570/89/2 2658/87/2
f 2569/90/2 2658/87/2 2659/91/2
f 2568/92/2 2569/90/2 2659/91/2
f 2567/93/2 2568/92/2 2508/94/2
f 2508/94/2 2568/92/2 2659/91/2
f 2567/93/2 2508/94/2 2509/95/2
f 2507/96/2 2508/94/2 2659/91/2
f 2567/93/2 2509/95/2 2510/97/2
f 2506/98/2 2507/96/2 2659/91/2
f 2567/93/2 2510/97/2 2511/99/2
f 2567/93/2 2511/99/2 2512/100/2
f 2505/101/2 2506/98/2 2659/91/2
f 2567/93/2 2512/100/2 2513/102/2
f 2567/93/2 2513/102/2 2514/103/2
f 2504/104/2 2505/101/2 2659/91/2
f 2567/93/2 2514/103/2 2515/105/2
f 2567/93/2 2515/105/2 2516/106/2
f 2504/104/2 2659/91/2 2660/107/2
f 2503/108/2 2504/104/2 2660/107/2
f 2567/93/2 2516/106/2 2517/109/2
f 2567/93/2 2517/109/2 2518/110/2
f 2502/111/2 2503/108/2 2660/107/2
f 2567/93/2 2518/110/2 2519/112/2
f 2567/93/2 2519/112/2 2520/113/2
f 2501/114/2 2502/111/2 2660/107/2
f 2566/115/2 2567/93/2 2520/113/2
f 2566/115/2 2520/113/2 2521/116/2
f 2500/117/2 2501/114/2 2660/107/2
f 2566/115/2 2521/116/2 2522/118/2
f 2499/119/2 2500/117/2 2660/107/2
f 2566/115/2 2522/118/2 2523/120/2
f 2498/121/2 2499/119/2 2660/107/2
f 2566/115/2 2523/120/2 2524/122/2
f 2497/123/2 2498/121/2 2660/107/2
f 2565/124/2 2566/115/2 2524/122/2
f 2565/124/2 2524/122/2 2525/125/2
f 2496/126/2 2497/123/2 2660/107/2
f 2565/124/2 2525/125/2 2526/127/2
f 2496/126/2 2660/107/2 2661/128/2
f 2495/129/2 2496/126/2 2661/128/2
f 2565/124/2 2526/127/2 2527/130/2
f 2494/131/2 2495/129/2 2661/128/2
f 2564/132/2 2565/124/2 2527/130/2
f 2564/132/2 2527/130/2 2528/133/2
f 2493/134/2 2494/131/2 2661/128/2
f 2564/132/2 2528/133/2 2529/135/2
f 2492/136/2 2493/134/2 2661/128/2
f 2563/137/2 2564/132/2 2529/135/2
f 2563/137/2 2529/135/2 2530/138/2
f 2491/139/2 2492/136/2 2661/128/2
f 2491/139/2 2661/128/2 2662/140/2
f 2562/141/2 2563/137/2 2530/138/2
f 2562/141/2 2530/138/2 2531/142/2
f 2490/143/2 2491/139/2 2662/140/2
f 2562/141/2 2531/142/2 2532/144/2
f 2561/145/2 2562/141/2 2532/144/2
f 2489/146/2 2490/143/2 2662/140/2
f 2561/145/2 2532/144/2 2533/147/2
f 2560/148/2 2561/145/2 2533/147/2
f 2560/148/2 2533/147/2 2534/149/2
f 2488/150/2 2489/146/2 2662/140/2
f 2560/148/2 2534/149/2 2535/151/2
f 2560/148/2 2535/151/2 2536/152/2
f 2560/148/2 2536/152/2 2537/153/2
f 2560/148/2 2537/153/2 2538/154/2
f 2488/150/2 2662/140/2 2663/155/2
f 2559/156/2 2560/148/2 2538/154/2
f 2559/156/2 2538/154/2 2539/157/2
f 2559/156/2 2539/157/2 2540/158/2
f 2559/156/2 2540/158/2 2541/159/2
f 2487/160/2 2488/150/2 2663/155/2
f 2559/156/2 2541/159/2 2542/161/2
f 2558/162/2 2559/156/2 2542/161/2
f 2558/162/2 2542/161/2 2543/163/2
f 2558/162/2 2543/163/2 2544/164/2
f 2558/162/2 2544/164/2 2545/165/2
f 2558/162/2 2545/165/2 2546/166/2
f 2557/167/2 2558/162/2 2546/166/2
f 2557/167/2 2546/166/2 2547/168/2
f 2557/167/2 2547/168/2 2548/169/2
f 2557/167/2 2548/169/2 2549/170/2
f 2557/167/2 2549/170/2 2550/171/2
f 2557/167/2 2550/171/2 2551/172/2
f 2556/173/2 2557/167/2 2551/172/2
f 2556/173/2 2551/172/2 2552/174/2
f 2556/173/2 2552/174/2 2553/175/2
f 2556/173/2 2553/175/2 2554/176/2
f 2556/173/2 2554/176/2 2555/177/2
f 2486/178/2 2487/160/2 2663/155/2
f 2485/179/2 2486/178/2 2663/155/2
f 2485/179/2 2663/155/2 2664/180/2
f 2484/181/2 2485/179/2 2664/180/2
f 2483/182/2 2484/181/2 2664/180/2
f 2483/182/2 2664/180/2 2665/183/2
f 2482/184/2 2483/182/2 2665/183/2
f 2482/184/2 2665/183/2 2666/185/2
f 2482/184/2 2666/185/2 2667/186/2
f 2481/187/2 2482/184/2 2667/186/2
f 2481/187/2 2667/186/2 2668/188/2
f 2480/189/2 2481/187/2 2668/188/2
f 2480/189/2 2668/188/2 2669/190/2
f 2479/191/2 2480/189/2 2669/190/2
f 2479/191/2 2669/190/2 2670/192/2
f 2478/193/2 2479/191/2 2670/192/2
f 2478/193/2 2670/192/2 2671/194/2
f 2477/195/2 2478/193/2 2671/194/2
f 2477/195/2 2671/194/2 2672/196/2
f 2476/197/2 2477/195/2 2672/196/2
f 2476/197/2 2672/196/2 2673/198/2
f 2475/199/2 2476/197/2 2673/198/2
f 2475/199/2 2673/198/2 2674/200/2
f 2474/201/2 2475/199/2 2674/200/2
f 2474/201/2 2674/200/2 2675/202/2
f 2474/201/2 2675/202/2 2676/203/2
f 2473/204/2 2474/201/2 2676/203/2
f 2473/204/2 2676/203/2 2677/205/2
f 2472/206/2 2473/204/2 2677/205/2
f 2472/206/2 2677/205/2 2678/207/2
f 2471/208/2 2472/206/2 2678/207/2
f 2471/208/2 2678/207/2 2679/209/2
f 2470/210/2 2471/208/2 2679/209/2
f 2470/210/2 2679/209/2 2680/211/2
f 2469/212/2 2470/210/2 2388/213/2
f 2388/213/2 2470/210/2 2680/211/2
f 2388/213/2 2680/211/2 2681/214/2
f 2469/212/2 2388/213/2 2389/215/2
f 2387/216/2 2388/213/2 2681/214/2
f 2387/216/2 2681/214/2 2682/217/2
f 2468/218/2 2469/212/2 2389/215/2
f 2386/219/2 2387/216/2 2682/217/2
f 2468/218/2 2389/215/2 2390/220/2
f 2386/219/2 2682/217/2 2683/221/2
f 2467/222/2 2468/218/2 2390/220/2
f 2385/223/2 2386/219/2 2683/221/2
f 2385/223/2 2683/221/2 2684/224/2
f 2467/222/2 2390/220/2 2391/225/2
f 2466/226/2 2467/222/2 2391/225/2
f 2384/227/2 2385/223/2 2684/224/2
f 2384/227/2 2684/224/2 2685/228/2
f 2465/229/2 2466/226/2 2391/225/2
f 2465/229/2 2391/225/2 2392/230/2
f 2384/227/2 2685/228/2 2686/231/2
f 2383/232/2 2384/227/2 2686/231/2
f 2464/233/2 2465/229/2 2392/230/2
f 2383/232/2 2686/231/2 2687/234/2
f 2464/233/2 2392/230/2 2393/235/2
f 2382/236/2 2383/232/2 2687/234/2
f 2463/237/2 2464/233/2 2393/235/2
f 2382/236/2 2687/234/2 2688/238/2
f 2463/237/2 2393/235/2 2394/239/2
f 2381/240/2 2382/236/2 2688/238/2
f 2462/241/2 2463/237/2 2394/239/2
f 2381/240/2 2688/238/2 2689/242/2
f 2381/240/2 2689/242/2 2690/243/2
f 2461/244/2 2462/241/2 2394/239/2
f 2380/245/2 2381/240/2 2690/243/2
f 2461/244/2 2394/239/2 2395/246/2
f 2380/245/2 2690/243/2 2691/247/2
f 2380/245/2 2691/247/2 2692/248/2
f 2460/249/2 2461/244/2 2395/246/2
f 2380/245/2 2692/248/2 2693/250/2
f 2379/251/2 2380/245/2 2693/250/2
f 2460/249/2 2395/246/2 2396/252/2
f 2379/251/2 2693/250/2 2694/253/2
f 2459/254/2 2460/249/2 2396/252/2
f 2379/251/2 2694/253/2 2695/255/2
f 2458/256/2 2459/254/2 2396/252/2
f 2457/257/2 2458/256/2 2396/252/2
f 2379/251/2 2695/255/2 2696/258/2
f 2456/259/2 2457/257/2 2396/252/2
f 2378/260/2 2379/251/2 2696/258/2
f 2456/259/2 2396/252/2 2397/261/2
f 2455/262/2 2456/259/2 2397/261/2
f 2454/263/2 2455/262/2 2397/261/2
f 2378/260/2 2696/258/2 2697/264/2
f 2453/265/2 2454/263/2 2397/261/2
f 2452/266/2 2453/265/2 2397/261/2
f 2451/267/2 2452/266/2 2397/261/2
f 2378/260/2 2697/264/2 2698/268/2
f 2450/269/2 2451/267/2 2397/261/2
f 2449/270/2 2450/269/2 2397/261/2
f 2448/271/2 2449/270/2 2397/261/2
f 2447/272/2 2448/271/2 2397/261/2
f 2378/260/2 2698/268/2 2699/273/2
f 2446/274/2 2447/272/2 2397/261/2
f 2446/274/2 2397/261/2 2398/275/2
f 2377/276/2 2378/260/2 2699/273/2
f 2445/277/2 2446/274/2 2398/275/2
f 2377/276/2 2699/273/2 2700/278/2
f 2444/279/2 2445/277/2 2398/275/2
f 2443/280/2 2444/279/2 2398/275/2
f 2377/276/2 2700/278/2 2701/281/2
f 2442/282/2 2443/280/2 2398/275/2
f 2377/276/2 2701/281/2 2702/283/2
f 2441/284/2 2442/282/2 2398/275/2
f 2441/284/2 2398/275/2 2399/285/2
f 2377/276/2 2702/283/2 2703/286/2
f 2440/287/2 2441/284/2 2399/285/2
f 2376/288/2 2377/276/2 2703/286/2
f 2439/289/2 2440/287/2 2399/285/2
f 2376/288/2 2703/286/2 2704/290/2
f 2438/291/2 2439/289/2 2399/285/2
f 2376/288/2 2704/290/2 2705/292/2
f 2437/293/2 2438/291/2 2399/285/2
f 2376/288/2 2705/292/2 2706/294/2
f 2436/295/2 2437/293/2 2399/285/2
f 2436/295/2 2399/285/2 2400/296/2
f 2376/288/2 2706/294/2 2707/297/2
f 2435/298/2 2436/295/2 2400/296/2
f 2376/288/2 2707/297/2 2708/299/2
f 2434/300/2 2435/298/2 2400/296/2
f 2747/301/2 2376/288/2 2708/299/2
f 2433/302/2 2434/300/2 2400/296/2
f 2746/303/2 2747/301/2 2708/299/2
f 2746/303/2 2708/299/2 2709/304/2
f 2432/305/2 2433/302/2 2400/296/2
f 2745/306/2 2746/303/2 2709/304/2
f 2431/307/2 2432/305/2 2400/296/2
f 2745/306/2 2709/304/2 2710/308/2
f 2744/309/2 2745/306/2 2710/308/2
f 2430/310/2 2431/307/2 2400/296/2
f 2743/311/2 2744/309/2 2710/308/2
f 2429/312/2 2430/310/2 2400/296/2
f 2429/312/2 2400/296/2 2401/313/2
f 2743/311/2 2710/308/2 2711/314/2
f 2742/315/2 2743/311/2 2711/314/2
f 2428/316/2 2429/312/2 2401/313/2
f 2741/317/2 2742/315/2 2711/314/2
f 2427/318/2 2428/316/2 2401/313/2
f 2741/317/2 2711/314/2 2712/319/2
f 2740/320/2 2741/317/2 2712/319/2
f 2739/321/2 2740/320/2 2712/319/2
f 2427/318/2 2401/313/2 2402/322/2
f 2426/323/2 2427/318/2 2402/322/2
f 2738/324/2 2739/321/2 2712/319/2
f 2738/324/2 2712/319/2 2713/325/2
f 2737/326/2 2738/324/2 2713/325/2
f 2425/327/2 2426/323/2 2402/322/2
f 2736/328/2 2737/326/2 2713/325/2
f 2735/329/2 2736/328/2 2713/325/2
f 2424/330/2 2425/327/2 2402/322/2
f 2735/329/2 2713/325/2 2714/331/2
f 2424/330/2 2402/322/2 2403/332/2
f 2734/333/2 2735/329/2 2714/331/2
f 2423/334/2 2424/330/2 2403/332/2
f 2734/333/2 2714/331/2 2715/335/2
f 2733/336/2 2734/333/2 2715/335/2
f 2423/334/2 2403/332/2 2404/337/2
f 2422/338/2 2423/334/2 2404/337/2
f 2733/336/2 2715/335/2 2716/339/2
f 2732/340/2 2733/336/2 2716/339/2
f 2732/340/2 2716/339/2 2717/341/2
f 2421/342/2 2422/338/2 2404/337/2
f 2731/343/2 2732/340/2 2717/341/2
f 2421/342/2 2404/337/2 2405/344/2
f 2731/343/2 2717/341/2 2718/345/2
f 2730/346/2 2731/343/2 2718/345/2
f 2420/347/2 2421/342/2 2405/344/2
f 2730/346/2 2718/345/2 2719/348/2
f 2729/349/2 2730/346/2 2719/348/2
f 2420/347/2 2405/344/2 2406/350/2
f 2729/349/2 2719/348/2 2720/351/2
f 2728/352/2 2729/349/2 2720/351/2
f 2419/353/2 2420/347/2 2406/350/2
f 2728/352/2 2720/351/2 2721/354/2
f 2727/355/2 2728/352/2 2721/354/2
f 2727/355/2 2721/354/2 2722/356/2
f 2726/357/2 2727/355/2 2722/356/2
f 2419/353/2 2406/350/2 2407/358/2
f 2726/357/2 2722/356/2 2723/359/2
f 2725/360/2 2726/357/2 2723/359/2
f 2418/361/2 2419/353/2 2407/358/2
f 2725/360/2 2723/359/2 2724/362/2
f 2418/361/2 2407/358/2 2408/363/2
f 2417/364/2 2418/361/2 2408/363/2
f 2416/365/2 2417/364/2 2408/363/2
f 2416/365/2 2408/363/2 2409/366/2
f 2415/367/2 2416/365/2 2409/366/2
f 2415/367/2 2409/366/2 2410/368/2
f 2414/369/2 2415/367/2 2410/368/2
f 2414/369/2 2410/368/2 2411/370/2
f 2413/371/2 2414/369/2 2411/370/2
f 2413/371/2 2411/370/2 2412/372/2
f 3014/373/2 3015/375/2 3016/374/2
f 3014/373/2 3016/374/2 3017/376/2
f 3014/373/2 3017/376/2 3018/377/2
f 3013/378/2 3014/373/2 3018/377/2
f 3013/378/2 3018/377/2 3019/379/2
f 3013/378/2 3019/379/2 3020/380/2
f 3013/378/2 3020/380/2 3021/381/2
f 3012/382/2 3013/378/2 3021/381/2
f 3012/382/2 3021/381/2 3022/383/2
f 3012/382/2 3022/383/2 3023/384/2
f 3011/385/2 3012/382/2 3023/384/2
f 3011/385/2 3023/384/2 3024/386/2
f 3011/385/2 3024/386/2 3025/387/2
f 3011/385/2 3025/387/2 3026/301/2
f 3010/388/2 3011/385/2 3026/301/2
f 3010/388/2 3026/301/2 2748/288/2
f 3010/388/2 2748/288/2 2749/389/2
f 3009/390/2 3010/388/2 2749/389/2
f 3009/390/2 2749/389/2 2750/391/2
f 3008/392/2 3009/390/2 2750/391/2
f 3008/392/2 2750/391/2 2751/393/2
f 3008/392/2 2751/393/2 2752/394/2
f 3007/395/2 3008/392/2 2752/394/2
f 3007/395/2 2752/394/2 2753/396/2
f 3006/397/2 3007/395/2 2753/396/2
f 3006/397/2 2753/396/2 2754/398/2
f 3006/397/2 2754/398/2 2755/399/2
f 3005/400/2 3006/397/2 2755/399/2
f 3005/400/2 2755/399/2 2756/401/2
f 3004/402/2 3005/400/2 2756/401/2
f 3004/402/2 2756/401/2 2757/403/2
f 3004/402/2 2757/403/2 2758/404/2
f 3003/405/2 3004/402/2 2758/404/2
f 3003/405/2 2758/404/2 2759/406/2
f 2761/407/2 2762/409/2 2763/408/2
f 3002/410/2 3003/405/2 2759/406/2
f 2760/411/2 2761/407/2 2763/408/2
f 2760/411/2 2763/408/2 2764/412/2
f 3002/410/2 2759/406/2 2760/411/2
f 2760/411/2 2764/412/2 2765/413/2
f 3001/414/2 3002/410/2 2760/411/2
f 3001/414/2 2760/411/2 2765/413/2
f 3001/414/2 2765/413/2 2766/415/2
f 3000/416/2 3001/414/2 2766/415/2
f 3000/416/2 2766/415/2 2767/417/2
f 2999/418/2 3000/416/2 2767/417/2
f 2999/418/2 2767/417/2 2768/419/2
f 2998/420/2 2999/418/2 2768/419/2
f 2998/420/2 2768/419/2 2769/421/2
f 2997/422/2 2998/420/2 2769/421/2
f 2997/422/2 2769/421/2 2770/423/2
f 2996/424/2 2997/422/2 2770/423/2
f 2995/425/2 2996/424/2 2770/423/2
f 2995/425/2 2770/423/2 2771/426/2
f 2994/427/2 2995/425/2 2771/426/2
f 2994/427/2 2771/426/2 2772/428/2
f 2993/429/2 2994/427/2 2772/428/2
f 2992/430/2 2993/429/2 2772/428/2
f 2992/430/2 2772/428/2 2773/431/2
f 2991/432/2 2992/430/2 2773/431/2
f 2990/433/2 2991/432/2 2773/431/2
f 2990/433/2 2773/431/2 2774/434/2
f 2990/433/2 2774/434/2 2775/435/2
f 2989/436/2 2990/433/2 2775/435/2
f 2989/436/2 2775/435/2 2776/437/2
f 2989/436/2 2776/437/2 2904/438/2
f 2904/438/2 2776/437/2 2903/439/2
f 2903/439/2 2776/437/2 2777/440/2
f 2988/441/2 2989/436/2 2906/442/2
f 2906/442/2 2989/436/2 2904/438/2
f 2906/442/2 2904/438/2 2905/443/2
f 2988/441/2 2906/442/2 2907/444/2
f 2902/445/2 2903/439/2 2777/440/2
f 2901/446/2 2902/445/2 2777/440/2
f 2900/447/2 2901/446/2 2777/440/2
f 2899/448/2 2900/447/2 2777/440/2
f 2898/449/2 2899/448/2 2777/440/2
f 2897/450/2 2898/449/2 2777/440/2
f 2896/451/2 2897/450/2 2777/440/2
f 2895/452/2 2896/451/2 2777/440/2
f 2894/453/2 2895/452/2 2777/440/2
f 2894/453/2 2777/440/2 2778/454/2
f 2893/455/2 2894/453/2 2778/454/2
f 2988/441/2 2907/444/2 2908/456/2
f 2892/457/2 2893/455/2 2778/454/2
f 2891/458/2 2892/457/2 2778/454/2
f 2987/459/2 2988/441/2 2908/456/2
f 2890/460/2 2891/458/2 2778/454/2
f 2889/461/2 2890/460/2 2778/454/2
f 2889/461/2 2778/454/2 2779/462/2
f 2888/463/2 2889/461/2 2779/462/2
f 2887/464/2 2888/463/2 2779/462/2
f 2986/465/2 2987/459/2 2908/456/2
f 2986/465/2 2908/456/2 2909/466/2
f 2887/464/2 2779/462/2 2780/467/2
f 2886/468/2 2887/464/2 2780/467/2
f 2885/469/2 2886/468/2 2780/467/2
f 2884/470/2 2885/469/2 2780/467/2
f 2884/470/2 2780/467/2 2781/471/2
f 2985/472/2 2986/465/2 2909/466/2
f 2883/473/2 2884/470/2 2781/471/2
f 2985/472/2 2909/466/2 2910/474/2
f 2882/475/2 2883/473/2 2781/471/2
f 2882/475/2 2781/471/2 2782/476/2
f 2984/477/2 2985/472/2 2910/474/2
f 2881/478/2 2882/475/2 2782/476/2
f 2984/477/2 2910/474/2 2911/479/2
f 2881/478/2 2782/476/2 2783/480/2
f 2983/481/2 2984/477/2 2911/479/2
f 2880/482/2 2881/478/2 2783/480/2
f 2982/483/2 2983/481/2 2911/479/2
f 2880/482/2 2783/480/2 2784/484/2
f 2982/483/2 2911/479/2 2912/485/2
f 2981/486/2 2982/483/2 2912/485/2
f 2879/487/2 2880/482/2 2784/484/2
f 2879/487/2 2784/484/2 2785/488/2
f 2981/486/2 2912/485/2 2913/489/2
f 2980/490/2 2981/486/2 2913/489/2
f 2879/487/2 2785/488/2 2786/491/2
f 2979/492/2 2980/490/2 2913/489/2
f 2979/492/2 2913/489/2 2914/493/2
f 2878/494/2 2879/487/2 2786/491/2
f 2978/495/2 2979/492/2 2914/493/2
f 2977/496/2 2978/495/2 2914/493/2
f 2976/497/2 2977/496/2 2914/493/2
f 2976/497/2 2914/493/2 2915/498/2
f 2975/499/2 2976/497/2 2915/498/2
f 2974/500/2 2975/499/2 2915/498/2
f 2973/501/2 2974/500/2 2915/498/2
f 2972/502/2 2973/501/2 2915/498/2
f 2877/503/2 2878/494/2 2786/491/2
f 2971/504/2 2972/502/2 2915/498/2
f 2970/505/2 2971/504/2 2915/498/2
f 2969/506/2 2970/505/2 2915/498/2
f 2968/507/2 2969/506/2 2915/498/2
f 2968/507/2 2915/498/2 2916/508/2
f 2967/509/2 2968/507/2 2916/508/2
f 2966/510/2 2967/509/2 2916/508/2
f 2965/511/2 2966/510/2 2916/508/2
f 2877/503/2 2786/491/2 2787/512/2
f 2964/513/2 2965/511/2 2916/508/2
f 2963/514/2 2964/513/2 2916/508/2
f 2962/515/2 2963/514/2 2916/508/2
f 2962/515/2 2916/508/2 2917/516/2
f 2961/517/2 2962/515/2 2917/516/2
f 2876/518/2 2877/503/2 2787/512/2
f 2960/519/2 2961/517/2 2917/516/2
f 2959/520/2 2960/519/2 2917/516/2
f 2958/521/2 2959/520/2 2917/516/2
f 2957/522/2 2958/521/2 2917/516/2
f 2957/522/2 2917/516/2 2918/523/2
f 2956/524/2 2957/522/2 2918/523/2
f 2955/525/2 2956/524/2 2918/523/2
f 2954/526/2 2955/525/2 2918/523/2
f 2953/527/2 2954/526/2 2918/523/2
f 2952/528/2 2953/527/2 2918/523/2
f 2875/529/2 2876/518/2 2787/512/2
f 2951/530/2 2952/528/2 2918/523/2
f 2951/530/2 2918/523/2 2919/531/2
f 2950/532/2 2951/530/2 2919/531/2
f 2875/529/2 2787/512/2 2788/533/2
f 2949/534/2 2950/532/2 2919/531/2
f 2948/535/2 2949/534/2 2919/531/2
f 2947/536/2 2948/535/2 2919/531/2
f 2946/537/2 2947/536/2 2919/531/2
f 2945/538/2 2946/537/2 2919/531/2
f 2944/539/2 2945/538/2 2919/531/2
f 2944/539/2 2919/531/2 2920/540/2
f 2943/541/2 2944/539/2 2920/540/2
f 2943/541/2 2920/540/2 2921/542/2
f 2942/543/2 2943/541/2 2921/542/2
f 2942/543/2 2921/542/2 2922/544/2
f 2874/545/2 2875/529/2 2788/533/2
f 2941/546/2 2942/543/2 2922/544/2
f 2941/546/2 2922/544/2 2923/547/2
f 2940/548/2 2941/546/2 2923/547/2
f 2940/548/2 2923/547/2 2924/549/2
f 2939/550/2 2940/548/2 2924/549/2
f 2939/550/2 2924/549/2 2925/551/2
f 2938/552/2 2939/550/2 2925/551/2
f 2937/553/2 2938/552/2 2925/551/2
f 2937/553/2 2925/551/2 2926/554/2
f 2936/555/2 2937/553/2 2926/554/2
f 2936/555/2 2926/554/2 2927/556/2
f 2935/557/2 2936/555/2 2927/556/2
f 2935/557/2 2927/556/2 2928/558/2
f 2934/559/2 2935/557/2 2928/558/2
f 2934/559/2 2928/558/2 2929/560/2
f 2933/561/2 2934/559/2 2929/560/2
f 2933/561/2 2929/560/2 2930/562/2
f 2932/563/2 2933/561/2 2930/562/2
f 2932/563/2 2930/562/2 2931/564/2
f 2874/545/2 2788/533/2 2789/565/2
f 2873/566/2 2874/545/2 2789/565/2
f 2872/567/2 2873/566/2 2789/565/2
f 2872/567/2 2789/565/2 2790/568/2
f 2871/569/2 2872/567/2 2790/568/2
f 2870/570/2 2871/569/2 2790/568/2
f 2870/570/2 2790/568/2 2791/571/2
f 2869/572/2 2870/570/2 2791/571/2
f 2869/572/2 2791/571/2 2792/573/2
f 2868/574/2 2869/572/2 2792/573/2
f 2867/575/2 2868/574/2 2792/573/2
f 2866/576/2 2867/575/2 2792/573/2
f 2866/576/2 2792/573/2 2793/577/2
f 2865/578/2 2866/576/2 2793/577/2
f 2864/579/2 2865/578/2 2793/577/2
f 2864/579/2 2793/577/2 2794/580/2
f 2863/581/2 2864/579/2 2794/580/2
f 2862/582/2 2863/581/2 2794/580/2
f 2862/582/2 2794/580/2 2795/583/2
f 2861/584/2 2862/582/2 2795/583/2
f 2860/585/2 2861/584/2 2795/583/2
f 2859/586/2 2860/585/2 2795/583/2
f 2859/586/2 2795/583/2 2796/587/2
f 2858/588/2 2859/586/2 2796/587/2
f 2857/589/2 2858/588/2 2796/587/2
f 2857/589/2 2796/587/2 2797/590/2
f 2856/591/2 2857/589/2 2797/590/2
f 2855/592/2 2856/591/2 2797/590/2
f 2854/593/2 2855/592/2 2797/590/2
f 2853/594/2 2854/593/2 2797/590/2
f 2852/595/2 2853/594/2 2797/590/2
f 2851/596/2 2852/595/2 2797/590/2
f 2850/597/2 2851/596/2 2797/590/2
f 2849/598/2 2850/597/2 2797/590/2
f 2848/599/2 2849/598/2 2797/590/2
f 2847/600/2 2848/599/2 2797/590/2
f 2846/601/2 2847/600/2 2797/590/2
f 2845/602/2 2846/601/2 2797/590/2
f 2844/603/2 2845/602/2 2797/590/2
f 2843/604/2 2844/603/2 2797/590/2
f 2843/604/2 2797/590/2 2798/605/2
f 2842/606/2 2843/604/2 2798/605/2
f 2841/607/2 2842/606/2 2798/605/2
f 2840/608/2 2841/607/2 2798/605/2
f 2839/609/2 2840/608/2 2798/605/2
f 2839/609/2 2798/605/2 2799/610/2
f 2838/611/2 2839/609/2 2799/610/2
f 2837/612/2 2838/611/2 2799/610/2
f 2836/613/2 2837/612/2 2799/610/2
f 2835/614/2 2836/613/2 2799/610/2
f 2835/614/2 2799/610/2 2800/615/2
f 2834/616/2 2835/614/2 2800/615/2
f 2833/617/2 2834/616/2 2800/615/2
f 2832/618/2 2833/617/2 2800/615/2
f 2832/618/2 2800/615/2 2801/619/2
f 2831/620/2 2832/618/2 2801/619/2
f 2830/621/2 2831/620/2 2801/619/2
f 2829/622/2 2830/621/2 2801/619/2
f 2828/623/2 2829/622/2 2801/619/2
f 2827/624/2 2828/623/2 2801/619/2
f 2827/624/2 2801/619/2 2802/625/2
f 2826/626/2 2827/624/2 2802/625/2
f 2825/627/2 2826/626/2 2802/625/2
f 2824/628/2 2825/627/2 2802/625/2
f 2824/628/2 2802/625/2 2803/629/2
f 2823/630/2 2824/628/2 2803/629/2
f 2822/631/2 2823/630/2 2803/629/2
f 2821/632/2 2822/631/2 2803/629/2
f 2820/633/2 2821/632/2 2803/629/2
f 2820/633/2 2803/629/2 2804/634/2
f 2819/635/2 2820/633/2 2804/634/2
f 2818/636/2 2819/635/2 2804/634/2
f 2818/636/2 2804/634/2 2805/637/2
f 2817/638/2 2818/636/2 2805/637/2
f 2816/639/2 2817/638/2 2805/637/2
f 2816/639/2 2805/637/2 2806/640/2
f 2815/641/2 2816/639/2 2806/640/2
f 2814/642/2 2815/641/2 2806/640/2
f 2814/642/2 2806/640/2 2807/643/2
f 2813/644/2 2814/642/2 2807/643/2
f 2812/645/2 2813/644/2 2807/643/2
f 2812/645/2 2807/643/2 2808/646/2
f 2811/647/2 2812/645/2 2808/646/2
f 2810/648/2 2811/647/2 2808/646/2
f 2810/648/2 2808/646/2 2809/649/2
f 3302/69/2 3303/71/2 3304/73/2
f 3301/68/2 3302/69/2 3304/73/2
f 3300/65/2 3301/68/2 3304/73/2
f 3300/65/2 3304/73/2 3305/75/2
f 3299/63/2 3300/65/2 3305/75/2
f 3298/61/2 3299/63/2 3305/75/2
f 3298/61/2 3305/75/2 3306/77/2
f 3297/59/2 3298/61/2 3306/77/2
f 3296/57/2 3297/59/2 3306/77/2
f 3295/54/2 3296/57/2 3306/77/2
f 3295/54/2 3306/77/2 3307/80/2
f 3294/47/2 3295/54/2 3307/80/2
f 3293/38/2 3294/47/2 3307/80/2
f 3293/38/2 3307/80/2 3308/84/2
f 3292/35/2 3293/38/2 3308/84/2
f 3291/32/2 3292/35/2 3308/84/2
f 3398/301/2 3291/32/2 3308/84/2
f 3398/301/2 3308/84/2 3309/87/2
f 3397/303/2 3398/301/2 3309/87/2
f 3396/306/2 3397/303/2 3309/87/2
f 3395/309/2 3396/306/2 3309/87/2
f 3394/311/2 3395/309/2 3309/87/2
f 3394/311/2 3309/87/2 3310/91/2
f 3393/315/2 3394/311/2 3310/91/2
f 3392/317/2 3393/315/2 3310/91/2
f 3391/320/2 3392/317/2 3310/91/2
f 3390/321/2 3391/320/2 3310/91/2
f 3390/321/2 3310/91/2 3311/107/2
f 3389/324/2 3390/321/2 3311/107/2
f 3388/326/2 3389/324/2 3311/107/2
f 3387/328/2 3388/326/2 3311/107/2
f 3386/329/2 3387/328/2 3311/107/2
f 3386/329/2 3311/107/2 3312/128/2
f 3385/333/2 3386/329/2 3312/128/2
f 3384/336/2 3385/333/2 3312/128/2
f 3383/340/2 3384/336/2 3312/128/2
f 3383/340/2 3312/128/2 3313/140/2
f 3382/343/2 3383/340/2 3313/140/2
f 3381/346/2 3382/343/2 3313/140/2
f 3380/349/2 3381/346/2 3313/140/2
f 3380/349/2 3313/140/2 3314/155/2
f 3379/352/2 3380/349/2 3314/155/2
f 3378/355/2 3379/352/2 3314/155/2
f 3377/357/2 3378/355/2 3314/155/2
f 3376/360/2 3377/357/2 3314/155/2
f 3376/360/2 3314/155/2 3315/180/2
f 3375/362/2 3376/360/2 3315/180/2
f 3374/359/2 3375/362/2 3315/180/2
f 3373/356/2 3374/359/2 3315/180/2
f 3373/356/2 3315/180/2 3316/183/2
f 3372/354/2 3373/356/2 3316/183/2
f 3372/354/2 3316/183/2 3317/185/2
f 3371/351/2 3372/354/2 3317/185/2
f 3371/351/2 3317/185/2 3318/186/2
f 3370/348/2 3371/351/2 3318/186/2
f 3370/348/2 3318/186/2 3319/188/2
f 3370/348/2 3319/188/2 3320/190/2
f 3369/345/2 3370/348/2 3320/190/2
f 3369/345/2 3320/190/2 3321/192/2
f 3368/341/2 3369/345/2 3321/192/2
f 3368/341/2 3321/192/2 3322/194/2
f 3367/339/2 3368/341/2 3322/194/2
f 3367/339/2 3322/194/2 3323/196/2
f 3366/335/2 3367/339/2 3323/196/2
f 3366/335/2 3323/196/2 3324/198/2
f 3366/335/2 3324/198/2 3325/200/2
f 3365/331/2 3366/335/2 3325/200/2
f 3365/331/2 3325/200/2 3326/202/2
f 3365/331/2 3326/202/2 3327/203/2
f 3364/325/2 3365/331/2 3327/203/2
f 3364/325/2 3327/203/2 3328/205/2
f 3364/325/2 3328/205/2 3329/207/2
f 3363/319/2 3364/325/2 3329/207/2
f 3363/319/2 3329/207/2 3330/209/2
f 3363/319/2 3330/209/2 3331/211/2
f 3362/314/2 3363/319/2 3331/211/2
f 3362/314/2 3331/211/2 3332/214/2
f 3361/308/2 3362/314/2 3332/214/2
f 3361/308/2 3332/214/2 3333/217/2
f 3361/308/2 3333/217/2 3334/221/2
f 3360/304/2 3361/308/2 3334/221/2
f 3360/304/2 3334/221/2 3335/224/2
f 3360/304/2 3335/224/2 3336/228/2
f 3359/299/2 3360/304/2 3336/228/2
f 3359/299/2 3336/228/2 3337/231/2
f 3358/297/2 3359/299/2 3337/231/2
f 3358/297/2 3337/231/2 3338/234/2
f 3358/297/2 3338/234/2 3339/238/2
f 3357/294/2 3358/297/2 3339/238/2
f 3357/294/2 3339/238/2 3340/242/2
f 3356/292/2 3357/294/2 3340/242/2
f 3356/292/2 3340/242/2 3341/243/2
f 3356/292/2 3341/243/2 3342/247/2
f 3355/290/2 3356/292/2 3342/247/2
f 3355/290/2 3342/247/2 3343/248/2
f 3355/290/2 3343/248/2 3344/250/2
f 3354/286/2 3355/290/2 3344/250/2
f 3354/286/2 3344/250/2 3345/253/2
f 3354/286/2 3345/253/2 3346/255/2
f 3353/283/2 3354/286/2 3346/255/2
f 3353/283/2 3346/255/2 3347/258/2
f 3353/283/2 3347/258/2 3348/264/2
f 3352/281/2 3353/283/2 3348/264/2
f 3352/281/2 3348/264/2 3349/268/2
f 3352/281/2 3349/268/2 3350/273/2
f 3351/278/2 3352/281/2 3350/273/2
f 3038/216/2 3039/213/2 3040/215/2
f 3037/219/2 3038/216/2 3040/215/2
f 3037/219/2 3040/215/2 3041/220/2
f 3036/223/2 3037/219/2 3041/220/2
f 3035/227/2 3036/223/2 3041/220/2
f 3035/227/2 3041/220/2 3042/225/2
f 3034/232/2 3035/227/2 3042/225/2
f 3033/236/2 3034/232/2 3042/225/2
f 3033/236/2 3042/225/2 3043/230/2
f 3032/240/2 3033/236/2 3043/230/2
f 3031/245/2 3032/240/2 3043/230/2
f 3031/245/2 3043/230/2 3044/235/2
f 3030/251/2 3031/245/2 3044/235/2
f 3029/260/2 3030/251/2 3044/235/2
f 3029/260/2 3044/235/2 3045/239/2
f 3028/276/2 3029/260/2 3045/239/2
f 3027/288/2 3028/276/2 3045/239/2
f 3027/288/2 3045/239/2 3046/246/2
f 3146/129/2 3027/288/2 3046/246/2
f 3145/131/2 3146/129/2 3046/246/2
f 3145/131/2 3046/246/2 3047/252/2
f 3144/134/2 3145/131/2 3047/252/2
f 3144/134/2 3047/252/2 3048/261/2
f 3143/136/2 3144/134/2 3048/261/2
f 3143/136/2 3048/261/2 3049/275/2
f 3142/139/2 3143/136/2 3049/275/2
f 3142/139/2 3049/275/2 3050/285/2
f 3141/143/2 3142/139/2 3050/285/2
f 3140/146/2 3141/143/2 3050/285/2
f 3140/146/2 3050/285/2 3051/296/2
f 3139/150/2 3140/146/2 3051/296/2
f 3139/150/2 3051/296/2 3052/313/2
f 3138/160/2 3139/150/2 3052/313/2
f 3158/96/2 3159/94/2 3160/95/2
f 3158/96/2 3160/95/2 3161/97/2
f 3158/96/2 3161/97/2 3162/99/2
f 3157/98/2 3158/96/2 3162/99/2
f 3157/98/2 3162/99/2 3163/100/2
f 3157/98/2 3163/100/2 3164/102/2
f 3156/101/2 3157/98/2 3164/102/2
f 3156/101/2 3164/102/2 3165/103/2
f 3156/101/2 3165/103/2 3166/105/2
f 3137/178/2 3138/160/2 3052/313/2
f 3156/101/2 3166/105/2 3167/106/2
f 3155/104/2 3156/101/2 3167/106/2
f 3155/104/2 3167/106/2 3168/109/2
f 3155/104/2 3168/109/2 3169/110/2
f 3136/179/2 3137/178/2 3052/313/2
f 3154/108/2 3155/104/2 3169/110/2
f 3154/108/2 3169/110/2 3170/112/2
f 3136/179/2 3052/313/2 3053/322/2
f 3154/108/2 3170/112/2 3171/113/2
f 3135/181/2 3136/179/2 3053/322/2
f 3154/108/2 3171/113/2 3172/116/2
f 3153/111/2 3154/108/2 3172/116/2
f 3153/111/2 3172/116/2 3173/118/2
f 3134/182/2 3135/181/2 3053/322/2
f 3152/114/2 3153/111/2 3173/118/2
f 3133/184/2 3134/182/2 3053/322/2
f 3152/114/2 3173/118/2 3174/120/2
f 3133/184/2 3053/322/2 3054/332/2
f 3132/187/2 3133/184/2 3054/332/2
f 3152/114/2 3174/120/2 3175/122/2
f 3151/117/2 3152/114/2 3175/122/2
f 3131/189/2 3132/187/2 3054/332/2
f 3130/191/2 3131/189/2 3054/332/2
f 3151/117/2 3175/122/2 3176/125/2
f 3129/193/2 3130/191/2 3054/332/2
f 3150/119/2 3151/117/2 3176/125/2
f 3150/119/2 3176/125/2 3177/127/2
f 3129/193/2 3054/332/2 3055/337/2
f 3128/195/2 3129/193/2 3055/337/2
f 3127/197/2 3128/195/2 3055/337/2
f 3150/119/2 3177/127/2 3178/130/2
f 3149/121/2 3150/119/2 3178/130/2
f 3126/199/2 3127/197/2 3055/337/2
f 3125/201/2 3126/199/2 3055/337/2
f 3149/121/2 3178/130/2 3179/133/2
f 3125/201/2 3055/337/2 3056/344/2
f 3124/204/2 3125/201/2 3056/344/2
f 3148/123/2 3149/121/2 3179/133/2
f 3148/123/2 3179/133/2 3180/135/2
f 3123/206/2 3124/204/2 3056/344/2
f 3122/208/2 3123/206/2 3056/344/2
f 3148/123/2 3180/135/2 3181/138/2
f 3122/208/2 3056/344/2 3057/350/2
f 3147/126/2 3148/123/2 3181/138/2
f 3147/126/2 3181/138/2 3182/142/2
f 3121/210/2 3122/208/2 3057/350/2
f 3147/126/2 3182/142/2 3183/144/2
f 3121/210/2 3057/350/2 3058/358/2
f 3290/30/2 3147/126/2 3183/144/2
f 3290/30/2 3183/144/2 3184/147/2
f 3120/212/2 3121/210/2 3058/358/2
f 3290/30/2 3184/147/2 3185/149/2
f 3120/212/2 3058/358/2 3059/363/2
f 3119/218/2 3120/212/2 3059/363/2
f 3290/30/2 3185/149/2 3186/151/2
f 3119/218/2 3059/363/2 3060/366/2
f 3290/30/2 3186/151/2 3187/152/2
f 3118/222/2 3119/218/2 3060/366/2
f 3289/27/2 3290/30/2 3187/152/2
f 3118/222/2 3060/366/2 3061/368/2
f 3289/27/2 3187/152/2 3188/153/2
f 3117/226/2 3118/222/2 3061/368/2
f 3289/27/2 3188/153/2 3189/154/2
f 3117/226/2 3061/368/2 3062/370/2
f 3116/229/2 3117/226/2 3062/370/2
f 3289/27/2 3189/154/2 3190/157/2
f 3116/229/2 3062/370/2 3063/372/2
f 3115/233/2 3116/229/2 3063/372/2
f 3288/25/2 3289/27/2 3190/157/2
f 3288/25/2 3190/157/2 3191/158/2
f 3115/233/2 3063/372/2 3064/371/2
f 3115/233/2 3064/371/2 3065/369/2
f 3114/237/2 3115/233/2 3065/369/2
f 3114/237/2 3065/369/2 3066/367/2
f 3288/25/2 3191/158/2 3192/159/2
f 3114/237/2 3066/367/2 3067/365/2
f 3114/237/2 3067/365/2 3068/364/2
f 3113/241/2 3114/237/2 3068/364/2
f 3113/241/2 3068/364/2 3069/361/2
f 3288/25/2 3192/159/2 3193/161/2
f 3113/241/2 3069/361/2 3070/353/2
f 3287/24/2 3288/25/2 3193/161/2
f 3113/241/2 3070/353/2 3071/347/2
f 3112/244/2 3113/241/2 3071/347/2
f 3112/244/2 3071/347/2 3072/342/2
f 3112/244/2 3072/342/2 3073/338/2
f 3287/24/2 3193/161/2 3194/163/2
f 3112/244/2 3073/338/2 3074/334/2
f 3112/244/2 3074/334/2 3075/330/2
f 3111/249/2 3112/244/2 3075/330/2
f 3111/249/2 3075/330/2 3076/327/2
f 3287/24/2 3194/163/2 3195/164/2
f 3111/249/2 3076/327/2 3077/323/2
f 3286/22/2 3287/24/2 3195/164/2
f 3110/254/2 3111/249/2 3077/323/2
f 3110/254/2 3077/323/2 3078/318/2
f 3110/254/2 3078/318/2 3079/316/2
f 3286/22/2 3195/164/2 3196/165/2
f 3109/256/2 3110/254/2 3079/316/2
f 3109/256/2 3079/316/2 3080/312/2
f 3108/257/2 3109/256/2 3080/312/2
f 3108/257/2 3080/312/2 3081/310/2
f 3108/257/2 3081/310/2 3082/307/2
f 3285/20/2 3286/22/2 3196/165/2
f 3107/259/2 3108/257/2 3082/307/2
f 3107/259/2 3082/307/2 3083/305/2
f 3106/262/2 3107/259/2 3083/305/2
f 3106/262/2 3083/305/2 3084/302/2
f 3106/262/2 3084/302/2 3085/300/2
f 3105/263/2 3106/262/2 3085/300/2
f 3105/263/2 3085/300/2 3086/298/2
f 3104/265/2 3105/263/2 3086/298/2
f 3104/265/2 3086/298/2 3087/295/2
f 3103/266/2 3104/265/2 3087/295/2
f 3103/266/2 3087/295/2 3088/293/2
f 3103/266/2 3088/293/2 3089/291/2
f 3102/267/2 3103/266/2 3089/291/2
f 3102/267/2 3089/291/2 3090/289/2
f 3102/267/2 3090/289/2 3091/287/2
f 3102/267/2 3091/287/2 3092/284/2
f 3284/19/2 3285/20/2 3196/165/2
f 3101/269/2 3102/267/2 3092/284/2
f 3101/269/2 3092/284/2 3093/282/2
f 3101/269/2 3093/282/2 3094/280/2
f 3100/270/2 3101/269/2 3094/280/2
f 3100/270/2 3094/280/2 3095/279/2
f 3284/19/2 3196/165/2 3197/166/2
f 3100/270/2 3095/279/2 3096/277/2
f 3100/270/2 3096/277/2 3097/274/2
f 3099/271/2 3100/270/2 3097/274/2
f 3099/271/2 3097/274/2 3098/272/2
f 3283/18/2 3284/19/2 3197/166/2
f 3283/18/2 3197/166/2 3198/168/2
f 3282/15/2 3283/18/2 3198/168/2
f 3281/9/2 3282/15/2 3198/168/2
f 3281/9/2 3198/168/2 3199/169/2
f 3280/2/2 3281/9/2 3199/169/2
f 3279/3/2 3280/2/2 3199/169/2
f 3279/3/2 3199/169/2 3200/170/2
f 3278/1/2 3279/3/2 3200/170/2
f 3277/4/2 3278/1/2 3200/170/2
f 3277/4/2 3200/170/2 3201/171/2
f 3276/5/2 3277/4/2 3201/171/2
f 3275/6/2 3276/5/2 3201/171/2
f 3275/6/2 3201/171/2 3202/172/2
f 3274/7/2 3275/6/2 3202/172/2
f 3273/8/2 3274/7/2 3202/172/2
f 3272/10/2 3273/8/2 3202/172/2
f 3272/10/2 3202/172/2 3203/174/2
f 3271/11/2 3272/10/2 3203/174/2
f 3270/12/2 3271/11/2 3203/174/2
f 3269/13/2 3270/12/2 3203/174/2
f 3269/13/2 3203/174/2 3204/175/2
f 3268/14/2 3269/13/2 3204/175/2
f 3267/16/2 3268/14/2 3204/175/2
f 3266/17/2 3267/16/2 3204/175/2
f 3266/17/2 3204/175/2 3205/176/2
f 3265/21/2 3266/17/2 3205/176/2
f 3264/23/2 3265/21/2 3205/176/2
f 3263/26/2 3264/23/2 3205/176/2
f 3262/28/2 3263/26/2 3205/176/2
f 3261/29/2 3262/28/2 3205/176/2
f 3260/31/2 3261/29/2 3205/176/2
f 3259/33/2 3260/31/2 3205/176/2
f 3258/34/2 3259/33/2 3205/176/2
f 3257/36/2 3258/34/2 3205/176/2
f 3257/36/2 3205/176/2 3206/177/2
f 3256/37/2 3257/36/2 3206/177/2
f 3255/39/2 3256/37/2 3206/177/2
f 3254/40/2 3255/39/2 3206/177/2
f 3253/41/2 3254/40/2 3206/177/2
f 3252/42/2 3253/41/2 3206/177/2
f 3251/43/2 3252/42/2 3206/177/2
f 3250/44/2 3251/43/2 3206/177/2
f 3249/45/2 3250/44/2 3206/177/2
f 3248/46/2 3249/45/2 3206/177/2
f 3247/48/2 3248/46/2 3206/177/2
f 3246/49/2 3247/48/2 3206/177/2
f 3246/49/2 3206/177/2 3207/173/2
f 3245/50/2 3246/49/2 3207/173/2
f 3244/51/2 3245/50/2 3207/173/2
f 3243/52/2 3244/51/2 3207/173/2
f 3242/53/2 3243/52/2 3207/173/2
f 3241/55/2 3242/53/2 3207/173/2
f 3240/56/2 3241/55/2 3207/173/2
f 3239/58/2 3240/56/2 3207/173/2
f 3238/60/2 3239/58/2 3207/173/2
f 3237/62/2 3238/60/2 3207/173/2
f 3237/62/2 3207/173/2 3208/167/2
f 3236/64/2 3237/62/2 3208/167/2
f 3235/66/2 3236/64/2 3208/167/2
f 3234/67/2 3235/66/2 3208/167/2
f 3234/67/2 3208/167/2 3209/162/2
f 3233/70/2 3234/67/2 3209/162/2
f 3232/72/2 3233/70/2 3209/162/2
f 3232/72/2 3209/162/2 3210/156/2
f 3231/74/2 3232/72/2 3210/156/2
f 3230/76/2 3231/74/2 3210/156/2
f 3230/76/2 3210/156/2 3211/148/2
f 3229/78/2 3230/76/2 3211/148/2
f 3229/78/2 3211/148/2 3212/145/2
f 3228/79/2 3229/78/2 3212/145/2
f 3227/81/2 3228/79/2 3212/145/2
f 3227/81/2 3212/145/2 3213/141/2
f 3226/82/2 3227/81/2 3213/141/2
f 3226/82/2 3213/141/2 3214/137/2
f 3225/83/2 3226/82/2 3214/137/2
f 3225/83/2 3214/137/2 3215/132/2
f 3224/85/2 3225/83/2 3215/132/2
f 3224/85/2 3215/132/2 3216/124/2
f 3223/86/2 3224/85/2 3216/124/2
f 3222/88/2 3223/86/2 3216/124/2
f 3222/88/2 3216/124/2 3217/115/2
f 3221/89/2 3222/88/2 3217/115/2
f 3221/89/2 3217/115/2 3218/93/2
f 3220/90/2 3221/89/2 3218/93/2
f 3220/90/2 3218/93/2 3219/92/2
f 4102/650/2 4103/652/2 4104/651/2
f 4101/653/2 4102/650/2 4104/651/2
f 4100/654/2 4101/653/2 4104/651/2
f 4100/654/2 4104/651/2 4105/655/2
f 4099/656/2 4100/654/2 4105/655/2
f 4098/657/2 4099/656/2 4105/655/2
f 4098/657/2 4105/655/2 4106/658/2
f 4097/659/2 4098/657/2 4106/658/2
f 4096/660/2 4097/659/2 4106/658/2
f 4095/661/2 4096/660/2 4106/658/2
f 4095/661/2 4106/658/2 4107/662/2
f 4094/663/2 4095/661/2 4107/662/2
f 4093/664/2 4094/663/2 4107/662/2
f 4093/664/2 4107/662/2 4108/665/2
f 4092/666/2 4093/664/2 4108/665/2
f 4091/667/2 4092/666/2 4108/665/2
f 4091/667/2 4108/665/2 4109/668/2
f 4198/301/2 4091/667/2 4109/668/2
f 4197/669/2 4198/301/2 4109/668/2
f 4196/670/2 4197/669/2 4109/668/2
f 4196/670/2 4109/668/2 4110/671/2
f 4195/672/2 4196/670/2 4110/671/2
f 4194/673/2 4195/672/2 4110/671/2
f 4193/674/2 4194/673/2 4110/671/2
f 4193/674/2 4110/671/2 4111/675/2
f 4192/676/2 4193/674/2 4111/675/2
f 4191/677/2 4192/676/2 4111/675/2
f 4190/678/2 4191/677/2 4111/675/2
f 4190/678/2 4111/675/2 4112/679/2
f 4189/680/2 4190/678/2 4112/679/2
f 4188/681/2 4189/680/2 4112/679/2
f 4187/682/2 4188/681/2 4112/679/2
f 4187/682/2 4112/679/2 4113/683/2
f 4186/684/2 4187/682/2 4113/683/2
f 4185/685/2 4186/684/2 4113/683/2
f 4184/686/2 4185/685/2 4113/683/2
f 4184/686/2 4113/683/2 4114/687/2
f 4183/688/2 4184/686/2 4114/687/2
f 4182/689/2 4183/688/2 4114/687/2
f 4181/690/2 4182/689/2 4114/687/2
f 4181/690/2 4114/687/2 4115/691/2
f 4180/692/2 4181/690/2 4115/691/2
f 4179/693/2 4180/692/2 4115/691/2
f 4178/694/2 4179/693/2 4115/691/2
f 4178/694/2 4115/691/2 4116/695/2
f 4177/696/2 4178/694/2 4116/695/2
f 4176/697/2 4177/696/2 4116/695/2
f 4175/698/2 4176/697/2 4116/695/2
f 4175/698/2 4116/695/2 4117/699/2
f 4174/700/2 4175/698/2 4117/699/2
f 4006/701/2 4007/703/2 4008/702/2
f 4005/704/2 4006/701/2 4008/702/2
f 4005/704/2 4008/702/2 4009/705/2
f 4004/706/2 4005/704/2 4009/705/2
f 4004/706/2 4009/705/2 4010/707/2
f 4003/708/2 4004/706/2 4010/707/2
f 4174/700/2 4117/699/2 4118/709/2
f 4002/710/2 4003/708/2 4010/707/2
f 4002/710/2 4010/707/2 4011/711/2
f 4173/712/2 4174/700/2 4118/709/2
f 4001/713/2 4002/710/2 4011/711/2
f 4001/713/2 4011/711/2 4012/714/2
f 4000/715/2 4001/713/2 4012/714/2
f 4173/712/2 4118/709/2 4119/716/2
f 3999/717/2 4000/715/2 4012/714/2
f 3999/717/2 4012/714/2 4013/718/2
f 4172/719/2 4173/712/2 4119/716/2
f 3998/720/2 3999/717/2 4013/718/2
f 3424/721/2 3425/723/2 3426/722/2
f 3423/724/2 3424/721/2 3426/722/2
f 3423/724/2 3426/722/2 3427/725/2
f 3422/726/2 3423/724/2 3427/725/2
f 3998/720/2 4013/718/2 4014/727/2
f 3422/726/2 3427/725/2 3428/728/2
f 3421/729/2 3422/726/2 3428/728/2
f 3421/729/2 3428/728/2 3429/730/2
f 4172/719/2 4119/716/2 4120/731/2
f 3420/732/2 3421/729/2 3429/730/2
f 3997/733/2 3998/720/2 4014/727/2
f 3419/734/2 3420/732/2 3429/730/2
f 3419/734/2 3429/730/2 3430/735/2
f 3418/736/2 3419/734/2 3430/735/2
f 4171/737/2 4172/719/2 4120/731/2
f 3418/736/2 3430/735/2 3431/738/2
f 3997/733/2 4014/727/2 4015/739/2
f 3417/740/2 3418/736/2 3431/738/2
f 3996/741/2 3997/733/2 4015/739/2
f 3417/740/2 3431/738/2 3432/742/2
f 3416/743/2 3417/740/2 3432/742/2
f 4171/737/2 4120/731/2 4121/744/2
f 3415/745/2 3416/743/2 3432/742/2
f 3415/745/2 3432/742/2 3433/746/2
f 3995/747/2 3996/741/2 4015/739/2
f 3995/747/2 4015/739/2 4016/748/2
f 4170/749/2 4171/737/2 4121/744/2
f 3414/750/2 3415/745/2 3433/746/2
f 3414/750/2 3433/746/2 3434/751/2
f 3413/752/2 3414/750/2 3434/751/2
f 4170/749/2 4121/744/2 4122/753/2
f 4090/754/2 3995/747/2 4016/748/2
f 3413/752/2 3434/751/2 3435/755/2
f 3412/756/2 3413/752/2 3435/755/2
f 4089/757/2 4090/754/2 4016/748/2
f 4089/757/2 4016/748/2 4017/758/2
f 4169/759/2 4170/749/2 4122/753/2
f 3411/760/2 3412/756/2 3435/755/2
f 4088/761/2 4089/757/2 4017/758/2
f 3411/760/2 3435/755/2 3436/762/2
f 4169/759/2 4122/753/2 4123/763/2
f 4087/764/2 4088/761/2 4017/758/2
f 3410/765/2 3411/760/2 3436/762/2
f 3410/765/2 3436/762/2 3437/766/2
f 4086/767/2 4087/764/2 4017/758/2
f 4086/767/2 4017/758/2 4018/768/2
f 4168/769/2 4169/759/2 4123/763/2
f 3409/770/2 3410/765/2 3437/766/2
f 4168/769/2 4123/763/2 4124/771/2
f 4085/772/2 4086/767/2 4018/768/2
f 3408/773/2 3409/770/2 3437/766/2
f 3408/773/2 3437/766/2 3438/774/2
f 4084/775/2 4085/772/2 4018/768/2
f 3408/773/2 3438/774/2 3439/776/2
f 3407/777/2 3408/773/2 3439/776/2
f 4167/778/2 4168/769/2 4124/771/2
f 4167/778/2 4124/771/2 4125/779/2
f 4083/780/2 4084/775/2 4018/768/2
f 4083/780/2 4018/768/2 4019/781/2
f 3407/777/2 3439/776/2 3440/782/2
f 4082/783/2 4083/780/2 4019/781/2
f 3406/784/2 3407/777/2 3440/782/2
f 3406/784/2 3440/782/2 3441/785/2
f 4081/786/2 4082/783/2 4019/781/2
f 3406/784/2 3441/785/2 3442/787/2
f 4167/778/2 4125/779/2 4126/788/2
f 3405/789/2 3406/784/2 3442/787/2
f 4166/790/2 4167/778/2 4126/788/2
f 4080/791/2 4081/786/2 4019/781/2
f 3405/789/2 3442/787/2 3443/792/2
f 3404/793/2 3405/789/2 3443/792/2
f 4080/791/2 4019/781/2 4020/794/2
f 4079/795/2 4080/791/2 4020/794/2
f 3404/793/2 3443/792/2 3444/796/2
f 4166/790/2 4126/788/2 4127/797/2
f 4078/798/2 4079/795/2 4020/794/2
f 3404/793/2 3444/796/2 3445/799/2
f 3403/800/2 3404/793/2 3445/799/2
f 4165/801/2 4166/790/2 4127/797/2
f 3403/800/2 3445/799/2 3446/802/2
f 4165/801/2 4127/797/2 4128/803/2
f 3402/804/2 3403/800/2 3446/802/2
f 4078/798/2 4020/794/2 4021/805/2
f 3402/804/2 3446/802/2 3447/806/2
f 4077/807/2 4078/798/2 4021/805/2
f 4165/801/2 4128/803/2 4129/808/2
f 3402/804/2 3447/806/2 3448/809/2
f 4164/810/2 4165/801/2 4129/808/2
f 3401/811/2 3402/804/2 3448/809/2
f 3401/811/2 3448/809/2 3449/812/2
f 4164/810/2 4129/808/2 4130/813/2
f 4077/807/2 4021/805/2 4022/814/2
f 3400/815/2 3401/811/2 3449/812/2
f 3400/815/2 3449/812/2 3450/816/2
f 4164/810/2 4130/813/2 4131/817/2
f 4076/818/2 4077/807/2 4022/814/2
f 4163/819/2 4164/810/2 4131/817/2
f 4163/819/2 4131/817/2 4132/820/2
f 4076/818/2 4022/814/2 4023/821/2
f 4163/819/2 4132/820/2 4133/822/2
f 4075/823/2 4076/818/2 4023/821/2
f 4162/824/2 4163/819/2 4133/822/2
f 4162/824/2 4133/822/2 4134/825/2
f 4161/826/2 4162/824/2 4134/825/2
f 4161/826/2 4134/825/2 4135/827/2
f 4075/823/2 4023/821/2 4024/828/2
f 4161/826/2 4135/827/2 4136/829/2
f 4074/830/2 4075/823/2 4024/828/2
f 4160/831/2 4161/826/2 4136/829/2
f 4160/831/2 4136/829/2 4137/832/2
f 4159/833/2 4160/831/2 4137/832/2
f 4159/833/2 4137/832/2 4138/834/2
f 4074/830/2 4024/828/2 4025/835/2
f 4159/833/2 4138/834/2 4139/836/2
f 4158/837/2 4159/833/2 4139/836/2
f 4073/838/2 4074/830/2 4025/835/2
f 4158/837/2 4139/836/2 4140/839/2
f 4157/840/2 4158/837/2 4140/839/2
f 4157/840/2 4140/839/2 4141/841/2
f 4073/838/2 4025/835/2 4026/842/2
f 4156/843/2 4157/840/2 4141/841/2
f 4156/843/2 4141/841/2 4142/844/2
f 4156/843/2 4142/844/2 4143/845/2
f 4155/846/2 4156/843/2 4143/845/2
f 4155/846/2 4143/845/2 4144/847/2
f 4072/848/2 4073/838/2 4026/842/2
f 4155/846/2 4144/847/2 4145/849/2
f 4154/850/2 4155/846/2 4145/849/2
f 4154/850/2 4145/849/2 4146/851/2
f 4153/852/2 4154/850/2 4146/851/2
f 4153/852/2 4146/851/2 4147/853/2
f 4153/852/2 4147/853/2 4148/854/2
f 4152/855/2 4153/852/2 4148/854/2
f 4152/855/2 4148/854/2 4149/856/2
f 4072/848/2 4026/842/2 4027/857/2
f 4152/855/2 4149/856/2 4150/858/2
f 4151/859/2 4152/855/2 4150/858/2
f 4071/860/2 4072/848/2 4027/857/2
f 4071/860/2 4027/857/2 4028/861/2
f 4071/860/2 4028/861/2 4029/862/2
f 4070/863/2 4071/860/2 4029/862/2
f 4070/863/2 4029/862/2 4030/864/2
f 4069/865/2 4070/863/2 4030/864/2
f 4069/865/2 4030/864/2 4031/866/2
f 4069/865/2 4031/866/2 4032/867/2
f 4068/868/2 4069/865/2 4032/867/2
f 4068/868/2 4032/867/2 4033/869/2
f 4068/868/2 4033/869/2 4034/870/2
f 4068/868/2 4034/870/2 4035/871/2
f 4067/872/2 4068/868/2 4035/871/2
f 4067/872/2 4035/871/2 4036/873/2
f 4067/872/2 4036/873/2 4037/874/2
f 4067/872/2 4037/874/2 4038/875/2
f 4066/876/2 4067/872/2 4038/875/2
f 4066/876/2 4038/875/2 4039/877/2
f 4065/878/2 4066/876/2 4039/877/2
f 4065/878/2 4039/877/2 4040/879/2
f 4065/878/2 4040/879/2 4041/880/2
f 4064/881/2 4065/878/2 4041/880/2
f 4064/881/2 4041/880/2 4042/882/2
f 4063/883/2 4064/881/2 4042/882/2
f 4063/883/2 4042/882/2 4043/884/2
f 4062/885/2 4063/883/2 4043/884/2
f 4062/885/2 4043/884/2 4044/886/2
f 4062/885/2 4044/886/2 4045/887/2
f 4061/888/2 4062/885/2 4045/887/2
f 4061/888/2 4045/887/2 4046/889/2
f 4060/890/2 4061/888/2 4046/889/2
f 4060/890/2 4046/889/2 4047/891/2
f 4060/890/2 4047/891/2 4048/892/2
f 4059/893/2 4060/890/2 4048/892/2
f 4059/893/2 4048/892/2 4049/894/2
f 4058/895/2 4059/893/2 4049/894/2
f 4058/895/2 4049/894/2 4050/896/2
f 4058/895/2 4050/896/2 4051/897/2
f 4057/898/2 4058/895/2 4051/897/2
f 4057/898/2 4051/897/2 4052/899/2
f 4056/900/2 4057/898/2 4052/899/2
f 4056/900/2 4052/899/2 4053/901/2
f 4056/900/2 4053/901/2 4054/902/2
f 4055/903/2 4056/900/2 4054/902/2
f 3464/904/2 3465/906/2 3466/905/2
f 3463/907/2 3464/904/2 3466/905/2
f 3463/907/2 3466/905/2 3467/908/2
f 3462/909/2 3463/907/2 3467/908/2
f 3461/910/2 3462/909/2 3467/908/2
f 3461/910/2 3467/908/2 3468/911/2
f 3460/912/2 3461/910/2 3468/911/2
f 3459/913/2 3460/912/2 3468/911/2
f 3459/913/2 3468/911/2 3469/914/2
f 3458/915/2 3459/913/2 3469/914/2
f 3457/916/2 3458/915/2 3469/914/2
f 3457/916/2 3469/914/2 3470/917/2
f 3456/918/2 3457/916/2 3470/917/2
f 3455/919/2 3456/918/2 3470/917/2
f 3455/919/2 3470/917/2 3471/920/2
f 3454/921/2 3455/919/2 3471/920/2
f 3453/922/2 3454/921/2 3471/920/2
f 3453/922/2 3471/920/2 3472/923/2
f 3452/924/2 3453/922/2 3472/923/2
f 3452/924/2 3472/923/2 3473/925/2
f 3452/924/2 3473/925/2 3474/926/2
f 3452/924/2 3474/926/2 3475/927/2
f 3452/924/2 3475/927/2 3476/928/2
f 3451/929/2 3452/924/2 3476/928/2
f 3451/929/2 3476/928/2 3477/930/2
f 3451/929/2 3477/930/2 3478/931/2
f 3450/816/2 3451/929/2 3478/931/2
f 3400/815/2 3450/816/2 3478/931/2
f 3400/815/2 3478/931/2 3479/932/2
f 3400/815/2 3479/932/2 3480/933/2
f 3400/815/2 3480/933/2 3481/934/2
f 3399/288/2 3400/815/2 3481/934/2
f 3766/935/2 3399/288/2 3481/934/2
f 3766/935/2 3481/934/2 3482/936/2
f 3765/937/2 3766/935/2 3482/936/2
f 3764/938/2 3765/937/2 3482/936/2
f 3764/938/2 3482/936/2 3483/939/2
f 3763/940/2 3764/938/2 3483/939/2
f 3762/941/2 3763/940/2 3483/939/2
f 3762/941/2 3483/939/2 3484/942/2
f 3761/943/2 3762/941/2 3484/942/2
f 3760/944/2 3761/943/2 3484/942/2
f 3759/945/2 3760/944/2 3484/942/2
f 3758/946/2 3759/945/2 3484/942/2
f 3758/946/2 3484/942/2 3485/947/2
f 3757/948/2 3758/946/2 3485/947/2
f 3756/949/2 3757/948/2 3485/947/2
f 3755/950/2 3756/949/2 3485/947/2
f 3754/951/2 3755/950/2 3485/947/2
f 3753/952/2 3754/951/2 3485/947/2
f 3752/953/2 3753/952/2 3485/947/2
f 3751/954/2 3752/953/2 3485/947/2
f 3750/955/2 3751/954/2 3485/947/2
f 3749/956/2 3750/955/2 3485/947/2
f 3749/956/2 3485/947/2 3486/957/2
f 3748/958/2 3749/956/2 3486/957/2
f 3747/959/2 3748/958/2 3486/957/2
f 3746/960/2 3747/959/2 3486/957/2
f 3745/961/2 3746/960/2 3486/957/2
f 3744/962/2 3745/961/2 3486/957/2
f 3743/963/2 3744/962/2 3486/957/2
f 3743/963/2 3486/957/2 3487/964/2
f 3742/965/2 3743/963/2 3487/964/2
f 3741/966/2 3742/965/2 3487/964/2
f 3741/966/2 3487/964/2 3488/967/2
f 3740/968/2 3741/966/2 3488/967/2
f 3740/968/2 3488/967/2 3489/969/2
f 3739/970/2 3740/968/2 3489/969/2
f 3738/971/2 3739/970/2 3489/969/2
f 3738/971/2 3489/969/2 3490/972/2
f 3737/973/2 3738/971/2 3490/972/2
f 3736/974/2 3737/973/2 3490/972/2
f 3736/974/2 3490/972/2 3491/975/2
f 3735/976/2 3736/974/2 3491/975/2
f 3735/976/2 3491/975/2 3492/977/2
f 3734/978/2 3735/976/2 3492/977/2
f 3734/978/2 3492/977/2 3493/979/2
f 3733/980/2 3734/978/2 3493/979/2
f 3733/980/2 3493/979/2 3494/981/2
f 3732/982/2 3733/980/2 3494/981/2
f 3732/982/2 3494/981/2 3495/983/2
f 3731/984/2 3732/982/2 3495/983/2
f 3731/984/2 3495/983/2 3496/985/2
f 3730/986/2 3731/984/2 3496/985/2
f 3730/986/2 3496/985/2 3497/987/2
f 3729/988/2 3730/986/2 3497/987/2
f 3729/988/2 3497/987/2 3498/989/2
f 3728/990/2 3729/988/2 3498/989/2
f 3728/990/2 3498/989/2 3499/991/2
f 3728/990/2 3499/991/2 3500/992/2
f 3727/993/2 3728/990/2 3500/992/2
f 3727/993/2 3500/992/2 3501/994/2
f 3727/993/2 3501/994/2 3502/995/2
f 3727/993/2 3502/995/2 3503/996/2
f 3727/993/2 3503/996/2 3504/997/2
f 3726/998/2 3727/993/2 3504/997/2
f 3726/998/2 3504/997/2 3505/999/2
f 3726/998/2 3505/999/2 3506/1000/2
f 3726/998/2 3506/1000/2 3507/1001/2
f 3725/1002/2 3726/998/2 3507/1001/2
f 3725/1002/2 3507/1001/2 3508/1003/2
f 3725/1002/2 3508/1003/2 3509/1004/2
f 3724/1005/2 3725/1002/2 3509/1004/2
f 3724/1005/2 3509/1004/2 3510/1006/2
f 3724/1005/2 3510/1006/2 3511/1007/2
f 3723/1008/2 3724/1005/2 3511/1007/2
f 3723/1008/2 3511/1007/2 3512/1009/2
f 3723/1008/2 3512/1009/2 3513/1010/2
f 3722/1011/2 3723/1008/2 3513/1010/2
f 3722/1011/2 3513/1010/2 3693/1012/2
f 3693/1012/2 3513/1010/2 3514/1013/2
f 3721/1014/2 3722/1011/2 3693/1012/2
f 3720/1015/2 3721/1014/2 3693/1012/2
f 3719/1016/2 3720/1015/2 3693/1012/2
f 3719/1016/2 3693/1012/2 3694/1017/2
f 3692/1018/2 3693/1012/2 3514/1013/2
f 3718/1019/2 3719/1016/2 3694/1017/2
f 3718/1019/2 3694/1017/2 3695/1020/2
f 3717/1021/2 3718/1019/2 3695/1020/2
f 3716/1022/2 3717/1021/2 3695/1020/2
f 3715/1023/2 3716/1022/2 3695/1020/2
f 3715/1023/2 3695/1020/2 3696/1024/2
f 3714/1025/2 3715/1023/2 3696/1024/2
f 3714/1025/2 3696/1024/2 3697/1026/2
f 3714/1025/2 3697/1026/2 3698/1027/2
f 3713/1028/2 3714/1025/2 3698/1027/2
f 3713/1028/2 3698/1027/2 3699/1029/2
f 3712/1030/2 3713/1028/2 3699/1029/2
f 3712/1030/2 3699/1029/2 3700/1031/2
f 3712/1030/2 3700/1031/2 3701/1032/2
f 3711/1033/2 3712/1030/2 3701/1032/2
f 3711/1033/2 3701/1032/2 3702/1034/2
f 3710/1035/2 3711/1033/2 3702/1034/2
f 3710/1035/2 3702/1034/2 3703/1036/2
f 3709/1037/2 3710/1035/2 3703/1036/2
f 3709/1037/2 3703/1036/2 3704/1038/2
f 3709/1037/2 3704/1038/2 3705/1039/2
f 3708/1040/2 3709/1037/2 3705/1039/2
f 3708/1040/2 3705/1039/2 3706/1041/2
f 3707/1042/2 3708/1040/2 3706/1041/2
f 3691/1043/2 3692/1018/2 3514/1013/2
f 3691/1043/2 3514/1013/2 3515/1044/2
f 3690/1045/2 3691/1043/2 3515/1044/2
f 3689/1046/2 3690/1045/2 3515/1044/2
f 3689/1046/2 3515/1044/2 3516/1047/2
f 3898/1048/2 3899/1050/2 3900/1049/2
f 3897/1051/2 3898/1048/2 3900/1049/2
f 3896/1052/2 3897/1051/2 3900/1049/2
f 3896/1052/2 3900/1049/2 3901/1053/2
f 3895/1054/2 3896/1052/2 3901/1053/2
f 3894/1055/2 3895/1054/2 3901/1053/2
f 3893/1056/2 3894/1055/2 3901/1053/2
f 3893/1056/2 3901/1053/2 3902/1057/2
f 3892/1058/2 3893/1056/2 3902/1057/2
f 3891/1059/2 3892/1058/2 3902/1057/2
f 3688/1060/2 3689/1046/2 3516/1047/2
f 3890/1061/2 3891/1059/2 3902/1057/2
f 3890/1061/2 3902/1057/2 3903/1062/2
f 3889/1063/2 3890/1061/2 3903/1062/2
f 3888/1064/2 3889/1063/2 3903/1062/2
f 3887/1065/2 3888/1064/2 3903/1062/2
f 3887/1065/2 3903/1062/2 3904/1066/2
f 3994/1067/2 3887/1065/2 3904/1066/2
f 3993/1068/2 3994/1067/2 3904/1066/2
f 3992/1069/2 3993/1068/2 3904/1066/2
f 3778/1070/2 3779/1072/2 3780/1071/2
f 3778/1070/2 3780/1071/2 3781/1073/2
f 3778/1070/2 3781/1073/2 3782/1074/2
f 3777/1075/2 3778/1070/2 3782/1074/2
f 3777/1075/2 3782/1074/2 3783/1076/2
f 3991/1077/2 3992/1069/2 3904/1066/2
f 3687/1078/2 3688/1060/2 3516/1047/2
f 3777/1075/2 3783/1076/2 3784/1079/2
f 3776/1080/2 3777/1075/2 3784/1079/2
f 3776/1080/2 3784/1079/2 3785/1081/2
f 3991/1077/2 3904/1066/2 3905/1082/2
f 3776/1080/2 3785/1081/2 3786/1083/2
f 3776/1080/2 3786/1083/2 3787/1084/2
f 3775/1085/2 3776/1080/2 3787/1084/2
f 3990/1086/2 3991/1077/2 3905/1082/2
f 3775/1085/2 3787/1084/2 3788/1087/2
f 3775/1085/2 3788/1087/2 3789/1088/2
f 3774/1089/2 3775/1085/2 3789/1088/2
f 3989/1090/2 3990/1086/2 3905/1082/2
f 3774/1089/2 3789/1088/2 3790/1091/2
f 3774/1089/2 3790/1091/2 3791/1092/2
f 3773/1093/2 3774/1089/2 3791/1092/2
f 3773/1093/2 3791/1092/2 3792/1094/2
f 3988/1095/2 3989/1090/2 3905/1082/2
f 3987/1096/2 3988/1095/2 3905/1082/2
f 3773/1093/2 3792/1094/2 3793/1097/2
f 3772/1098/2 3773/1093/2 3793/1097/2
f 3987/1096/2 3905/1082/2 3906/1099/2
f 3986/1100/2 3987/1096/2 3906/1099/2
f 3687/1078/2 3516/1047/2 3517/1101/2
f 3772/1098/2 3793/1097/2 3794/1102/2
f 3771/1103/2 3772/1098/2 3794/1102/2
f 3985/1104/2 3986/1100/2 3906/1099/2
f 3771/1103/2 3794/1102/2 3795/1105/2
f 3686/1106/2 3687/1078/2 3517/1101/2
f 3984/1107/2 3985/1104/2 3906/1099/2
f 3770/1108/2 3771/1103/2 3795/1105/2
f 3770/1108/2 3795/1105/2 3796/1109/2
f 3983/1110/2 3984/1107/2 3906/1099/2
f 3982/1111/2 3983/1110/2 3906/1099/2
f 3769/1112/2 3770/1108/2 3796/1109/2
f 3769/1112/2 3796/1109/2 3797/1113/2
f 3982/1111/2 3906/1099/2 3907/1114/2
f 3981/1115/2 3982/1111/2 3907/1114/2
f 3769/1112/2 3797/1113/2 3798/1116/2
f 3768/1117/2 3769/1112/2 3798/1116/2
f 3980/1118/2 3981/1115/2 3907/1114/2
f 3685/1119/2 3686/1106/2 3517/1101/2
f 3979/1120/2 3980/1118/2 3907/1114/2
f 3768/1117/2 3798/1116/2 3799/1121/2
f 3767/1122/2 3768/1117/2 3799/1121/2
f 3978/1123/2 3979/1120/2 3907/1114/2
f 3767/1122/2 3799/1121/2 3800/1124/2
f 3978/1123/2 3907/1114/2 3908/1125/2
f 3977/1126/2 3978/1123/2 3908/1125/2
f 3886/1127/2 3767/1122/2 3800/1124/2
f 3886/1127/2 3800/1124/2 3801/1128/2
f 3976/1129/2 3977/1126/2 3908/1125/2
f 3684/1130/2 3685/1119/2 3517/1101/2
f 3975/1131/2 3976/1129/2 3908/1125/2
f 3886/1127/2 3801/1128/2 3802/1132/2
f 3684/1130/2 3517/1101/2 3518/1133/2
f 3974/1134/2 3975/1131/2 3908/1125/2
f 3886/1127/2 3802/1132/2 3803/1135/2
f 3973/1136/2 3974/1134/2 3908/1125/2
f 3973/1136/2 3908/1125/2 3909/1137/2
f 3683/1138/2 3684/1130/2 3518/1133/2
f 3885/1139/2 3886/1127/2 3803/1135/2
f 3972/1140/2 3973/1136/2 3909/1137/2
f 3885/1139/2 3803/1135/2 3804/1141/2
f 3971/1142/2 3972/1140/2 3909/1137/2
f 3885/1139/2 3804/1141/2 3805/1143/2
f 3682/1144/2 3683/1138/2 3518/1133/2
f 3970/1145/2 3971/1142/2 3909/1137/2
f 3885/1139/2 3805/1143/2 3806/1146/2
f 3884/1147/2 3885/1139/2 3806/1146/2
f 3681/1148/2 3682/1144/2 3518/1133/2
f 3970/1145/2 3909/1137/2 3910/1149/2
f 3884/1147/2 3806/1146/2 3807/1150/2
f 3680/1151/2 3681/1148/2 3518/1133/2
f 3969/1152/2 3970/1145/2 3910/1149/2
f 3680/1151/2 3518/1133/2 3519/1153/2
f 3884/1147/2 3807/1150/2 3808/1154/2
f 3883/1155/2 3884/1147/2 3808/1154/2
f 3883/1155/2 3808/1154/2 3809/1156/2
f 3969/1152/2 3910/1149/2 3911/1157/2
f 3968/1158/2 3969/1152/2 3911/1157/2
f 3883/1155/2 3809/1156/2 3810/1159/2
f 3882/1160/2 3883/1155/2 3810/1159/2
f 3679/1161/2 3680/1151/2 3519/1153/2
f 3882/1160/2 3810/1159/2 3811/1162/2
f 3967/1163/2 3968/1158/2 3911/1157/2
f 3679/1161/2 3519/1153/2 3520/1164/2
f 3882/1160/2 3811/1162/2 3812/1165/2
f 3881/1166/2 3882/1160/2 3812/1165/2
f 3967/1163/2 3911/1157/2 3912/1167/2
f 3881/1166/2 3812/1165/2 3813/1168/2
f 3966/1169/2 3967/1163/2 3912/1167/2
f 3678/1170/2 3679/1161/2 3520/1164/2
f 3880/1171/2 3881/1166/2 3813/1168/2
f 3966/1169/2 3912/1167/2 3913/1172/2
f 3880/1171/2 3813/1168/2 3814/1173/2
f 3678/1170/2 3520/1164/2 3521/1174/2
f 3965/1175/2 3966/1169/2 3913/1172/2
f 3965/1175/2 3913/1172/2 3914/1176/2
f 3879/1177/2 3880/1171/2 3814/1173/2
f 3879/1177/2 3814/1173/2 3815/1178/2
f 3677/1179/2 3678/1170/2 3521/1174/2
f 3879/1177/2 3815/1178/2 3816/1180/2
f 3965/1175/2 3914/1176/2 3915/1181/2
f 3878/1182/2 3879/1177/2 3816/1180/2
f 3964/1183/2 3965/1175/2 3915/1181/2
f 3677/1179/2 3521/1174/2 3522/1184/2
f 3964/1183/2 3915/1181/2 3916/1185/2
f 3676/1186/2 3677/1179/2 3522/1184/2
f 3877/1187/2 3878/1182/2 3816/1180/2
f 3877/1187/2 3816/1180/2 3817/1188/2
f 3963/1189/2 3964/1183/2 3916/1185/2
f 3963/1189/2 3916/1185/2 3917/1190/2
f 3876/1191/2 3877/1187/2 3817/1188/2
f 3676/1186/2 3522/1184/2 3523/1192/2
f 3876/1191/2 3817/1188/2 3818/1193/2
f 3675/1194/2 3676/1186/2 3523/1192/2
f 3963/1189/2 3917/1190/2 3918/1195/2
f 3962/1196/2 3963/1189/2 3918/1195/2
f 3875/1197/2 3876/1191/2 3818/1193/2
f 3962/1196/2 3918/1195/2 3919/1198/2
f 3675/1194/2 3523/1192/2 3524/1199/2
f 3875/1197/2 3818/1193/2 3819/1200/2
f 3674/1201/2 3675/1194/2 3524/1199/2
f 3874/1202/2 3875/1197/2 3819/1200/2
f 3962/1196/2 3919/1198/2 3920/1203/2
f 3961/1204/2 3962/1196/2 3920/1203/2
f 3873/1205/2 3874/1202/2 3819/1200/2
f 3961/1204/2 3920/1203/2 3921/1206/2
f 3674/1201/2 3524/1199/2 3525/1207/2
f 3873/1205/2 3819/1200/2 3820/1208/2
f 3673/1209/2 3674/1201/2 3525/1207/2
f 3872/1210/2 3873/1205/2 3820/1208/2
f 3961/1204/2 3921/1206/2 3922/1211/2
f 3871/1212/2 3872/1210/2 3820/1208/2
f 3960/1213/2 3961/1204/2 3922/1211/2
f 3673/1209/2 3525/1207/2 3526/1214/2
f 3870/1215/2 3871/1212/2 3820/1208/2
f 3870/1215/2 3820/1208/2 3821/1216/2
f 3672/1217/2 3673/1209/2 3526/1214/2
f 3960/1213/2 3922/1211/2 3923/1218/2
f 3869/1219/2 3870/1215/2 3821/1216/2
f 3960/1213/2 3923/1218/2 3924/1220/2
f 3868/1221/2 3869/1219/2 3821/1216/2
f 3671/1222/2 3672/1217/2 3526/1214/2
f 3959/1223/2 3960/1213/2 3924/1220/2
f 3671/1222/2 3526/1214/2 3527/1224/2
f 3868/1221/2 3821/1216/2 3822/1225/2
f 3959/1223/2 3924/1220/2 3925/1226/2
f 3867/1227/2 3868/1221/2 3822/1225/2
f 3670/1228/2 3671/1222/2 3527/1224/2
f 3959/1223/2 3925/1226/2 3926/1229/2
f 3866/1230/2 3867/1227/2 3822/1225/2
f 3866/1230/2 3822/1225/2 3823/1231/2
f 3865/1232/2 3866/1230/2 3823/1231/2
f 3959/1223/2 3926/1229/2 3927/1233/2
f 3670/1228/2 3527/1224/2 3528/1234/2
f 3669/1235/2 3670/1228/2 3528/1234/2
f 3958/1236/2 3959/1223/2 3927/1233/2
f 3864/1237/2 3865/1232/2 3823/1231/2
f 3958/1236/2 3927/1233/2 3928/1238/2
f 3668/1239/2 3669/1235/2 3528/1234/2
f 3863/1240/2 3864/1237/2 3823/1231/2
f 3667/1241/2 3668/1239/2 3528/1234/2
f 3958/1236/2 3928/1238/2 3929/1242/2
f 3863/1240/2 3823/1231/2 3824/1243/2
f 3957/1244/2 3958/1236/2 3929/1242/2
f 3666/1245/2 3667/1241/2 3528/1234/2
f 3666/1245/2 3528/1234/2 3529/1246/2
f 3862/1247/2 3863/1240/2 3824/1243/2
f 3665/1248/2 3666/1245/2 3529/1246/2
f 3957/1244/2 3929/1242/2 3930/1249/2
f 3664/1250/2 3665/1248/2 3529/1246/2
f 3663/1251/2 3664/1250/2 3529/1246/2
f 3861/1252/2 3862/1247/2 3824/1243/2
f 3956/1253/2 3957/1244/2 3930/1249/2
f 3956/1253/2 3930/1249/2 3931/1254/2
f 3662/1255/2 3663/1251/2 3529/1246/2
f 3661/1256/2 3662/1255/2 3529/1246/2
f 3861/1252/2 3824/1243/2 3825/1257/2
f 3660/1258/2 3661/1256/2 3529/1246/2
f 3860/1259/2 3861/1252/2 3825/1257/2
f 3659/1260/2 3660/1258/2 3529/1246/2
f 3956/1253/2 3931/1254/2 3932/1261/2
f 3659/1260/2 3529/1246/2 3530/1262/2
f 3658/1263/2 3659/1260/2 3530/1262/2
f 3657/1264/2 3658/1263/2 3530/1262/2
f 3656/1265/2 3657/1264/2 3530/1262/2
f 3955/1266/2 3956/1253/2 3932/1261/2
f 3955/1266/2 3932/1261/2 3933/1267/2
f 3859/1268/2 3860/1259/2 3825/1257/2
f 3859/1268/2 3825/1257/2 3826/1269/2
f 3655/1270/2 3656/1265/2 3530/1262/2
f 3620/1271/2 3621/1273/2 3622/1272/2
f 3620/1271/2 3622/1272/2 3623/1274/2
f 3619/1275/2 3620/1271/2 3623/1274/2
f 3619/1275/2 3623/1274/2 3624/1276/2
f 3955/1266/2 3933/1267/2 3934/1277/2
f 3954/1278/2 3955/1266/2 3934/1277/2
f 3619/1275/2 3624/1276/2 3625/1279/2
f 3618/1280/2 3619/1275/2 3625/1279/2
f 3618/1280/2 3625/1279/2 3626/1281/2
f 3858/1282/2 3859/1268/2 3826/1269/2
f 3618/1280/2 3626/1281/2 3627/1283/2
f 3617/1284/2 3618/1280/2 3627/1283/2
f 3617/1284/2 3627/1283/2 3628/1285/2
f 3617/1284/2 3628/1285/2 3629/1286/2
f 3616/1287/2 3617/1284/2 3629/1286/2
f 3616/1287/2 3629/1286/2 3630/1288/2
f 3655/1270/2 3530/1262/2 3531/1289/2
f 3615/1290/2 3616/1287/2 3630/1288/2
f 3615/1290/2 3630/1288/2 3631/1291/2
f 3954/1278/2 3934/1277/2 3935/1292/2
f 3615/1290/2 3631/1291/2 3632/1293/2
f 3614/1294/2 3615/1290/2 3632/1293/2
f 3857/1295/2 3858/1282/2 3826/1269/2
f 3654/1296/2 3655/1270/2 3531/1289/2
f 3614/1294/2 3632/1293/2 3633/1297/2
f 3953/1298/2 3954/1278/2 3935/1292/2
f 3614/1294/2 3633/1297/2 3634/1299/2
f 3613/1300/2 3614/1294/2 3634/1299/2
f 3953/1298/2 3935/1292/2 3936/1301/2
f 3857/1295/2 3826/1269/2 3827/1302/2
f 3612/1303/2 3613/1300/2 3634/1299/2
f 3856/1304/2 3857/1295/2 3827/1302/2
f 3953/1298/2 3936/1301/2 3937/1305/2
f 3653/1306/2 3654/1296/2 3531/1289/2
f 3952/1307/2 3953/1298/2 3937/1305/2
f 3612/1303/2 3634/1299/2 3635/1308/2
f 3611/1309/2 3612/1303/2 3635/1308/2
f 3952/1307/2 3937/1305/2 3938/1310/2
f 3653/1306/2 3531/1289/2 3532/1311/2
f 3855/1312/2 3856/1304/2 3827/1302/2
f 3611/1309/2 3635/1308/2 3636/1313/2
f 3951/1314/2 3952/1307/2 3938/1310/2
f 3951/1314/2 3938/1310/2 3939/1315/2
f 3652/1316/2 3653/1306/2 3532/1311/2
f 3610/1317/2 3611/1309/2 3636/1313/2
f 3951/1314/2 3939/1315/2 3940/1318/2
f 3855/1312/2 3827/1302/2 3828/1319/2
f 3854/1320/2 3855/1312/2 3828/1319/2
f 3610/1317/2 3636/1313/2 3637/1321/2
f 3950/1322/2 3951/1314/2 3940/1318/2
f 3609/1323/2 3610/1317/2 3637/1321/2
f 3950/1322/2 3940/1318/2 3941/1324/2
f 3651/1325/2 3652/1316/2 3532/1311/2
f 3950/1322/2 3941/1324/2 3942/1326/2
f 3949/1327/2 3950/1322/2 3942/1326/2
f 3609/1323/2 3637/1321/2 3638/1328/2
f 3949/1327/2 3942/1326/2 3943/1329/2
f 3853/1330/2 3854/1320/2 3828/1319/2
f 3853/1330/2 3828/1319/2 3829/1331/2
f 3608/1332/2 3609/1323/2 3638/1328/2
f 3949/1327/2 3943/1329/2 3944/1333/2
f 3651/1325/2 3532/1311/2 3533/1334/2
f 3948/1335/2 3949/1327/2 3944/1333/2
f 3650/1336/2 3651/1325/2 3533/1334/2
f 3948/1335/2 3944/1333/2 3945/1337/2
f 3948/1335/2 3945/1337/2 3946/1338/2
f 3947/1339/2 3948/1335/2 3946/1338/2
f 3608/1332/2 3638/1328/2 3639/1340/2
f 3607/1341/2 3608/1332/2 3639/1340/2
f 3852/1342/2 3853/1330/2 3829/1331/2
f 3649/1343/2 3650/1336/2 3533/1334/2
f 3606/1344/2 3607/1341/2 3639/1340/2
f 3606/1344/2 3639/1340/2 3640/1345/2
f 3852/1342/2 3829/1331/2 3830/1346/2
f 3605/1347/2 3606/1344/2 3640/1345/2
f 3605/1347/2 3640/1345/2 3641/1348/2
f 3648/1349/2 3649/1343/2 3533/1334/2
f 3851/1350/2 3852/1342/2 3830/1346/2
f 3605/1347/2 3641/1348/2 3642/1351/2
f 3604/1352/2 3605/1347/2 3642/1351/2
f 3647/1353/2 3648/1349/2 3533/1334/2
f 3851/1350/2 3830/1346/2 3831/1354/2
f 3604/1352/2 3642/1351/2 3643/1355/2
f 3647/1353/2 3533/1334/2 3534/1356/2
f 3646/1357/2 3647/1353/2 3534/1356/2
f 3604/1352/2 3643/1355/2 3644/1358/2
f 3603/1359/2 3604/1352/2 3644/1358/2
f 3645/1360/2 3646/1357/2 3534/1356/2
f 3603/1359/2 3644/1358/2 3645/1360/2
f 3850/1361/2 3851/1350/2 3831/1354/2
f 3603/1359/2 3645/1360/2 3534/1356/2
f 3850/1361/2 3831/1354/2 3832/1362/2
f 3602/1363/2 3603/1359/2 3534/1356/2
f 3849/1364/2 3850/1361/2 3832/1362/2
f 3601/1365/2 3602/1363/2 3534/1356/2
f 3849/1364/2 3832/1362/2 3833/1366/2
f 3848/1367/2 3849/1364/2 3833/1366/2
f 3600/1368/2 3601/1365/2 3534/1356/2
f 3847/1369/2 3848/1367/2 3833/1366/2
f 3600/1368/2 3534/1356/2 3535/1370/2
f 3847/1369/2 3833/1366/2 3834/1371/2
f 3599/1372/2 3600/1368/2 3535/1370/2
f 3846/1373/2 3847/1369/2 3834/1371/2
f 3598/1374/2 3599/1372/2 3535/1370/2
f 3846/1373/2 3834/1371/2 3835/1375/2
f 3845/1376/2 3846/1373/2 3835/1375/2
f 3844/1377/2 3845/1376/2 3835/1375/2
f 3597/1378/2 3598/1374/2 3535/1370/2
f 3844/1377/2 3835/1375/2 3836/1379/2
f 3843/1380/2 3844/1377/2 3836/1379/2
f 3843/1380/2 3836/1379/2 3837/1381/2
f 3842/1382/2 3843/1380/2 3837/1381/2
f 3596/1383/2 3597/1378/2 3535/1370/2
f 3841/1384/2 3842/1382/2 3837/1381/2
f 3841/1384/2 3837/1381/2 3838/1385/2
f 3596/1383/2 3535/1370/2 3536/1386/2
f 3840/1387/2 3841/1384/2 3838/1385/2
f 3840/1387/2 3838/1385/2 3839/1388/2
f 3595/1389/2 3596/1383/2 3536/1386/2
f 3595/1389/2 3536/1386/2 3537/1390/2
f 3594/1391/2 3595/1389/2 3537/1390/2
f 3593/1392/2 3594/1391/2 3537/1390/2
f 3593/1392/2 3537/1390/2 3538/1393/2
f 3592/1394/2 3593/1392/2 3538/1393/2
f 3591/1395/2 3592/1394/2 3538/1393/2
f 3591/1395/2 3538/1393/2 3539/1396/2
f 3590/1397/2 3591/1395/2 3539/1396/2
f 3589/1398/2 3590/1397/2 3539/1396/2
f 3589/1398/2 3539/1396/2 3540/1399/2
f 3588/1400/2 3589/1398/2 3540/1399/2
f 3587/1401/2 3588/1400/2 3540/1399/2
f 3586/1402/2 3587/1401/2 3540/1399/2
f 3586/1402/2 3540/1399/2 3541/1403/2
f 3585/1404/2 3586/1402/2 3541/1403/2
f 3584/1405/2 3585/1404/2 3541/1403/2
f 3584/1405/2 3541/1403/2 3542/1406/2
f 3583/1407/2 3584/1405/2 3542/1406/2
f 3583/1407/2 3542/1406/2 3543/1408/2
f 3582/1409/2 3583/1407/2 3543/1408/2
f 3582/1409/2 3543/1408/2 3544/1410/2
f 3581/1411/2 3582/1409/2 3544/1410/2
f 3581/1411/2 3544/1410/2 3545/1412/2
f 3580/1413/2 3581/1411/2 3545/1412/2
f 3580/1413/2 3545/1412/2 3546/1414/2
f 3579/1415/2 3580/1413/2 3546/1414/2
f 3579/1415/2 3546/1414/2 3547/1416/2
f 3578/1417/2 3579/1415/2 3547/1416/2
f 3578/1417/2 3547/1416/2 3548/1418/2
f 3577/1419/2 3578/1417/2 3548/1418/2
f 3577/1419/2 3548/1418/2 3549/1420/2
f 3576/1421/2 3577/1419/2 3549/1420/2
f 3576/1421/2 3549/1420/2 3550/1422/2
f 3576/1421/2 3550/1422/2 3551/1423/2
f 3575/1424/2 3576/1421/2 3551/1423/2
f 3575/1424/2 3551/1423/2 3552/1425/2
f 3574/1426/2 3575/1424/2 3552/1425/2
f 3574/1426/2 3552/1425/2 3553/1427/2
f 3573/1428/2 3574/1426/2 3553/1427/2
f 3573/1428/2 3553/1427/2 3554/1429/2
f 3572/1430/2 3573/1428/2 3554/1429/2
f 3572/1430/2 3554/1429/2 3555/1431/2
f 3571/1432/2 3572/1430/2 3555/1431/2
f 3571/1432/2 3555/1431/2 3556/1433/2
f 3570/1434/2 3571/1432/2 3556/1433/2
f 3569/1435/2 3570/1434/2 3556/1433/2
f 3569/1435/2 3556/1433/2 3557/1436/2
f 3568/1437/2 3569/1435/2 3557/1436/2
f 3567/1438/2 3568/1437/2 3557/1436/2
f 3567/1438/2 3557/1436/2 3558/1439/2
f 3566/1440/2 3567/1438/2 3558/1439/2
f 3566/1440/2 3558/1439/2 3559/1441/2
f 3565/1442/2 3566/1440/2 3559/1441/2
f 3564/1443/2 3565/1442/2 3559/1441/2
f 3564/1443/2 3559/1441/2 3560/1444/2
f 3563/1445/2 3564/1443/2 3560/1444/2
f 3562/1446/2 3563/1445/2 3560/1444/2
f 3562/1446/2 3560/1444/2 3561/1447/2
f 4366/1448/2 4367/1450/2 4368/1449/2
f 4365/1451/2 4366/1448/2 4368/1449/2
f 4364/1452/2 4365/1451/2 4368/1449/2
f 4363/1453/2 4364/1452/2 4368/1449/2
f 4362/1454/2 4363/1453/2 4368/1449/2
f 4361/1455/2 4362/1454/2 4368/1449/2
f 4360/1456/2 4361/1455/2 4368/1449/2
f 4359/1457/2 4360/1456/2 4368/1449/2
f 4359/1457/2 4368/1449/2 4369/1458/2
f 4358/1459/2 4359/1457/2 4369/1458/2
f 4357/1460/2 4358/1459/2 4369/1458/2
f 4356/1461/2 4357/1460/2 4369/1458/2
f 4355/1462/2 4356/1461/2 4369/1458/2
f 4354/1463/2 4355/1462/2 4369/1458/2
f 4354/1463/2 4369/1458/2 4370/1464/2
f 4353/1465/2 4354/1463/2 4370/1464/2
f 4352/1466/2 4353/1465/2 4370/1464/2
f 4352/1466/2 4370/1464/2 4371/1467/2
f 4351/1468/2 4352/1466/2 4371/1467/2
f 4351/1468/2 4371/1467/2 4372/1469/2
f 4350/1470/2 4351/1468/2 4372/1469/2
f 4349/1471/2 4350/1470/2 4372/1469/2
f 4349/1471/2 4372/1469/2 4373/1472/2
f 4348/1473/2 4349/1471/2 4373/1472/2
f 4348/1473/2 4373/1472/2 4374/1474/2
f 4347/1475/2 4348/1473/2 4374/1474/2
f 4347/1475/2 4374/1474/2 4375/1476/2
f 4346/1477/2 4347/1475/2 4375/1476/2
f 4345/1478/2 4346/1477/2 4375/1476/2
f 4345/1478/2 4375/1476/2 4376/1479/2
f 4344/1480/2 4345/1478/2 4376/1479/2
f 4344/1480/2 4376/1479/2 4377/1481/2
f 4343/1482/2 4344/1480/2 4377/1481/2
f 4343/1482/2 4377/1481/2 4378/1483/2
f 4342/1484/2 4343/1482/2 4378/1483/2
f 4341/1485/2 4342/1484/2 4378/1483/2
f 4340/1486/2 4341/1485/2 4378/1483/2
f 4339/1487/2 4340/1486/2 4378/1483/2
f 4338/1488/2 4339/1487/2 4378/1483/2
f 4337/1489/2 4338/1488/2 4378/1483/2
f 4336/1490/2 4337/1489/2 4378/1483/2
f 4335/1491/2 4336/1490/2 4378/1483/2
f 4334/1492/2 4335/1491/2 4378/1483/2
f 4333/1493/2 4334/1492/2 4378/1483/2
f 4332/1494/2 4333/1493/2 4378/1483/2
f 4332/1494/2 4378/1483/2 4379/1495/2
f 4331/1496/2 4332/1494/2 4379/1495/2
f 4330/1497/2 4331/1496/2 4379/1495/2
f 4329/1498/2 4330/1497/2 4379/1495/2
f 4328/1499/2 4329/1498/2 4379/1495/2
f 4328/1499/2 4379/1495/2 4380/1500/2
f 4327/1501/2 4328/1499/2 4380/1500/2
f 4327/1501/2 4380/1500/2 4381/1502/2
f 4326/1503/2 4327/1501/2 4381/1502/2
f 4326/1503/2 4381/1502/2 4382/1504/2
f 4325/1505/2 4326/1503/2 4382/1504/2
f 4325/1505/2 4382/1504/2 4383/1506/2
f 4325/1505/2 4383/1506/2 4384/1507/2
f 4324/1508/2 4325/1505/2 4384/1507/2
f 4324/1508/2 4384/1507/2 4385/1509/2
f 4323/1510/2 4324/1508/2 4385/1509/2
f 4323/1510/2 4385/1509/2 4386/1511/2
f 4323/1510/2 4386/1511/2 4387/1512/2
f 4322/1513/2 4323/1510/2 4387/1512/2
f 4322/1513/2 4387/1512/2 4388/1514/2
f 4321/1515/2 4322/1513/2 4388/1514/2
f 4321/1515/2 4388/1514/2 4389/1516/2
f 4321/1515/2 4389/1516/2 4390/1517/2
f 4320/1518/2 4321/1515/2 4390/1517/2
f 4320/1518/2 4390/1517/2 4391/1519/2
f 4320/1518/2 4391/1519/2 4392/1520/2
f 4319/1521/2 4320/1518/2 4392/1520/2
f 4319/1521/2 4392/1520/2 4393/1522/2
f 4319/1521/2 4393/1522/2 4394/1523/2
f 4319/1521/2 4394/1523/2 4395/1524/2
f 4318/1525/2 4319/1521/2 4395/1524/2
f 4318/1525/2 4395/1524/2 4396/1526/2
f 4318/1525/2 4396/1526/2 4397/1527/2
f 4317/1528/2 4318/1525/2 4397/1527/2
f 4317/1528/2 4397/1527/2 4398/1529/2
f 4316/1530/2 4317/1528/2 4398/1529/2
f 4316/1530/2 4398/1529/2 4399/1531/2
f 4315/1532/2 4316/1530/2 4399/1531/2
f 4315/1532/2 4399/1531/2 4400/1533/2
f 4314/1534/2 4315/1532/2 4400/1533/2
f 4314/1534/2 4400/1533/2 4247/1535/2
f 4247/1535/2 4400/1533/2 4401/1536/2
f 4313/1537/2 4314/1534/2 4247/1535/2
f 4313/1537/2 4247/1535/2 4248/1538/2
f 4246/1539/2 4247/1535/2 4401/1536/2
f 4313/1537/2 4248/1538/2 4249/1540/2
f 4313/1537/2 4249/1540/2 4250/1541/2
f 4245/1542/2 4246/1539/2 4401/1536/2
f 4313/1537/2 4250/1541/2 4251/1543/2
f 4313/1537/2 4251/1543/2 4252/1544/2
f 4244/1545/2 4245/1542/2 4401/1536/2
f 4313/1537/2 4252/1544/2 4253/1546/2
f 4313/1537/2 4253/1546/2 4254/1547/2
f 4313/1537/2 4254/1547/2 4255/1548/2
f 4243/1549/2 4244/1545/2 4401/1536/2
f 4243/1549/2 4401/1536/2 4402/1550/2
f 4313/1537/2 4255/1548/2 4256/1551/2
f 4313/1537/2 4256/1551/2 4257/1552/2
f 4242/1553/2 4243/1549/2 4402/1550/2
f 4313/1537/2 4257/1552/2 4258/1554/2
f 4312/1555/2 4313/1537/2 4258/1554/2
f 4312/1555/2 4258/1554/2 4259/1556/2
f 4241/1557/2 4242/1553/2 4402/1550/2
f 4312/1555/2 4259/1556/2 4260/1558/2
f 4312/1555/2 4260/1558/2 4261/1559/2
f 4240/1560/2 4241/1557/2 4402/1550/2
f 4312/1555/2 4261/1559/2 4262/1561/2
f 4312/1555/2 4262/1561/2 4263/1562/2
f 4239/1563/2 4240/1560/2 4402/1550/2
f 4311/1564/2 4312/1555/2 4263/1562/2
f 4311/1564/2 4263/1562/2 4264/1565/2
f 4239/1563/2 4402/1550/2 4403/1566/2
f 4238/1567/2 4239/1563/2 4403/1566/2
f 4311/1564/2 4264/1565/2 4265/1568/2
f 4311/1564/2 4265/1568/2 4266/1569/2
f 4237/1570/2 4238/1567/2 4403/1566/2
f 4310/1571/2 4311/1564/2 4266/1569/2
f 4310/1571/2 4266/1569/2 4267/1572/2
f 4236/1573/2 4237/1570/2 4403/1566/2
f 4310/1571/2 4267/1572/2 4268/1574/2
f 4236/1573/2 4403/1566/2 4404/1575/2
f 4309/1576/2 4310/1571/2 4268/1574/2
f 4309/1576/2 4268/1574/2 4269/1577/2
f 4235/1578/2 4236/1573/2 4404/1575/2
f 4309/1576/2 4269/1577/2 4270/1579/2
f 4308/1580/2 4309/1576/2 4270/1579/2
f 4308/1580/2 4270/1579/2 4271/1581/2
f 4234/1582/2 4235/1578/2 4404/1575/2
f 4233/1583/2 4234/1582/2 4404/1575/2
f 4308/1580/2 4271/1581/2 4272/1584/2
f 4232/1585/2 4233/1583/2 4404/1575/2
f 4231/1586/2 4232/1585/2 4404/1575/2
f 4307/1587/2 4308/1580/2 4272/1584/2
f 4307/1587/2 4272/1584/2 4273/1588/2
f 4230/1589/2 4231/1586/2 4404/1575/2
f 4229/1590/2 4230/1589/2 4404/1575/2
f 4306/1591/2 4307/1587/2 4273/1588/2
f 4306/1591/2 4273/1588/2 4274/1592/2
f 4228/1593/2 4229/1590/2 4404/1575/2
f 4306/1591/2 4274/1592/2 4275/1594/2
f 4227/1595/2 4228/1593/2 4404/1575/2
f 4305/1596/2 4306/1591/2 4275/1594/2
f 4226/1597/2 4227/1595/2 4404/1575/2
f 4305/1596/2 4275/1594/2 4276/1598/2
f 4225/1599/2 4226/1597/2 4404/1575/2
f 4305/1596/2 4276/1598/2 4277/1600/2
f 4304/1601/2 4305/1596/2 4277/1600/2
f 4224/1602/2 4225/1599/2 4404/1575/2
f 4304/1601/2 4277/1600/2 4278/1603/2
f 4303/1604/2 4304/1601/2 4278/1603/2
f 4223/1605/2 4224/1602/2 4404/1575/2
f 4303/1604/2 4278/1603/2 4279/1606/2
f 4222/1607/2 4223/1605/2 4404/1575/2
f 4302/1608/2 4303/1604/2 4279/1606/2
f 4302/1608/2 4279/1606/2 4280/1609/2
f 4301/1610/2 4302/1608/2 4280/1609/2
f 4301/1610/2 4280/1609/2 4281/1611/2
f 4300/1612/2 4301/1610/2 4281/1611/2
f 4300/1612/2 4281/1611/2 4282/1613/2
f 4299/1614/2 4300/1612/2 4282/1613/2
f 4299/1614/2 4282/1613/2 4283/1615/2
f 4298/1616/2 4299/1614/2 4283/1615/2
f 4297/1617/2 4298/1616/2 4283/1615/2
f 4297/1617/2 4283/1615/2 4284/1618/2
f 4297/1617/2 4284/1618/2 4285/1619/2
f 4297/1617/2 4285/1619/2 4286/1620/2
f 4297/1617/2 4286/1620/2 4287/1621/2
f 4296/1622/2 4297/1617/2 4287/1621/2
f 4296/1622/2 4287/1621/2 4288/1623/2
f 4296/1622/2 4288/1623/2 4289/1624/2
f 4296/1622/2 4289/1624/2 4290/1625/2
f 4296/1622/2 4290/1625/2 4291/1626/2
f 4295/1627/2 4296/1622/2 4291/1626/2
f 4295/1627/2 4291/1626/2 4292/1628/2
f 4295/1627/2 4292/1628/2 4293/1629/2
f 4295/1627/2 4293/1629/2 4294/1630/2
f 4222/1607/2 4404/1575/2 4405/1631/2
f 4221/1632/2 4222/1607/2 4405/1631/2
f 4221/1632/2 4405/1631/2 4406/1633/2
f 4220/1634/2 4221/1632/2 4406/1633/2
f 4220/1634/2 4406/1633/2 4407/1635/2
f 4219/1636/2 4220/1634/2 4407/1635/2
f 4219/1636/2 4407/1635/2 4408/1637/2
f 4218/1638/2 4219/1636/2 4408/1637/2
f 4218/1638/2 4408/1637/2 4409/1639/2
f 4217/1640/2 4218/1638/2 4409/1639/2
f 4217/1640/2 4409/1639/2 4410/1641/2
f 4216/1642/2 4217/1640/2 4410/1641/2
f 4216/1642/2 4410/1641/2 4411/1643/2
f 4215/1644/2 4216/1642/2 4411/1643/2
f 4214/1645/2 4215/1644/2 4411/1643/2
f 4214/1645/2 4411/1643/2 4412/1646/2
f 4213/1647/2 4214/1645/2 4412/1646/2
f 4213/1647/2 4412/1646/2 4413/1648/2
f 4212/1649/2 4213/1647/2 4413/1648/2
f 4212/1649/2 4413/1648/2 4414/1650/2
f 4211/1651/2 4212/1649/2 4414/1650/2
f 4211/1651/2 4414/1650/2 4415/1652/2
f 4210/1653/2 4211/1651/2 4415/1652/2
f 4210/1653/2 4415/1652/2 4416/1654/2
f 4210/1653/2 4416/1654/2 4417/1655/2
f 4209/1656/2 4210/1653/2 4417/1655/2
f 4209/1656/2 4417/1655/2 4418/1657/2
f 4208/1658/2 4209/1656/2 4418/1657/2
f 4208/1658/2 4418/1657/2 4419/1659/2
f 4207/1660/2 4208/1658/2 4419/1659/2
f 4207/1660/2 4419/1659/2 4420/1661/2
f 4206/1662/2 4207/1660/2 4420/1661/2
f 4205/1663/2 4206/1662/2 4420/1661/2
f 4205/1663/2 4420/1661/2 4421/1664/2
f 4204/1665/2 4205/1663/2 4421/1664/2
f 4203/1666/2 4204/1665/2 4421/1664/2
f 4203/1666/2 4421/1664/2 4422/1667/2
f 4202/1668/2 4203/1666/2 4422/1667/2
f 4201/1669/2 4202/1668/2 4422/1667/2
f 4200/1670/2 4201/1669/2 4422/1667/2
f 4200/1670/2 4422/1667/2 4423/1671/2
f 4199/288/2 4200/1670/2 4423/1671/2
f 4498/301/2 4199/288/2 4423/1671/2
f 4497/1672/2 4498/301/2 4423/1671/2
f 4497/1672/2 4423/1671/2 4424/1673/2
f 4496/1674/2 4497/1672/2 4424/1673/2
f 4495/1675/2 4496/1674/2 4424/1673/2
f 4495/1675/2 4424/1673/2 4425/1676/2
f 4494/1677/2 4495/1675/2 4425/1676/2
f 4493/1678/2 4494/1677/2 4425/1676/2
f 4493/1678/2 4425/1676/2 4426/1679/2
f 4492/1680/2 4493/1678/2 4426/1679/2
f 4492/1680/2 4426/1679/2 4427/1681/2
f 4491/1682/2 4492/1680/2 4427/1681/2
f 4491/1682/2 4427/1681/2 4428/1683/2
f 4490/1684/2 4491/1682/2 4428/1683/2
f 4490/1684/2 4428/1683/2 4429/1685/2
f 4489/1686/2 4490/1684/2 4429/1685/2
f 4489/1686/2 4429/1685/2 4430/1687/2
f 4488/1688/2 4489/1686/2 4430/1687/2
f 4488/1688/2 4430/1687/2 4431/1689/2
f 4488/1688/2 4431/1689/2 4432/1690/2
f 4487/1691/2 4488/1688/2 4432/1690/2
f 4487/1691/2 4432/1690/2 4433/1692/2
f 4486/1693/2 4487/1691/2 4433/1692/2
f 4486/1693/2 4433/1692/2 4434/1694/2
f 4486/1693/2 4434/1694/2 4435/1695/2
f 4486/1693/2 4435/1695/2 4436/1696/2
f 4485/1697/2 4486/1693/2 4436/1696/2
f 4485/1697/2 4436/1696/2 4437/1698/2
f 4485/1697/2 4437/1698/2 4438/1699/2
f 4485/1697/2 4438/1699/2 4439/1700/2
f 4484/1701/2 4485/1697/2 4439/1700/2
f 4484/1701/2 4439/1700/2 4440/1702/2
f 4484/1701/2 4440/1702/2 4441/1703/2
f 4484/1701/2 4441/1703/2 4442/1704/2
f 4484/1701/2 4442/1704/2 4443/1705/2
f 4484/1701/2 4443/1705/2 4444/1706/2
f 4484/1701/2 4444/1706/2 4445/1707/2
f 4484/1701/2 4445/1707/2 4446/1708/2
f 4484/1701/2 4446/1708/2 4447/1709/2
f 4484/1701/2 4447/1709/2 4448/1710/2
f 4484/1701/2 4448/1710/2 4449/1711/2
f 4483/1712/2 4484/1701/2 4449/1711/2
f 4483/1712/2 4449/1711/2 4450/1713/2
f 4483/1712/2 4450/1713/2 4451/1714/2
f 4483/1712/2 4451/1714/2 4452/1715/2
f 4483/1712/2 4452/1715/2 4453/1716/2
f 4483/1712/2 4453/1716/2 4454/1717/2
f 4483/1712/2 4454/1717/2 4455/1718/2
f 4482/1719/2 4483/1712/2 4455/1718/2
f 4482/1719/2 4455/1718/2 4456/1720/2
f 4482/1719/2 4456/1720/2 4457/1721/2
f 4482/1719/2 4457/1721/2 4458/1722/2
f 4481/1723/2 4482/1719/2 4458/1722/2
f 4481/1723/2 4458/1722/2 4459/1724/2
f 4481/1723/2 4459/1724/2 4460/1725/2
f 4480/1726/2 4481/1723/2 4460/1725/2
f 4480/1726/2 4460/1725/2 4461/1727/2
f 4479/1728/2 4480/1726/2 4461/1727/2
f 4479/1728/2 4461/1727/2 4462/1729/2
f 4478/1730/2 4479/1728/2 4462/1729/2
f 4478/1730/2 4462/1729/2 4463/1731/2
f 4477/1732/2 4478/1730/2 4463/1731/2
f 4476/1733/2 4477/1732/2 4463/1731/2
f 4476/1733/2 4463/1731/2 4464/1734/2
f 4476/1733/2 4464/1734/2 4465/1735/2
f 4476/1733/2 4465/1735/2 4466/1736/2
f 4476/1733/2 4466/1736/2 4467/1737/2
f 4476/1733/2 4467/1737/2 4468/1738/2
f 4475/1739/2 4476/1733/2 4468/1738/2
f 4475/1739/2 4468/1738/2 4469/1740/2
f 4475/1739/2 4469/1740/2 4470/1741/2
f 4475/1739/2 4470/1741/2 4471/1742/2
f 4475/1739/2 4471/1742/2 4472/1743/2
f 4475/1739/2 4472/1743/2 4473/1744/2
f 4475/1739/2 4473/1744/2 4474/1745/2
f 4642/1746/2 4643/1748/2 4644/1747/2
f 4642/1746/2 4644/1747/2 4645/1749/2
f 4642/1746/2 4645/1749/2 4646/1750/2
f 4641/1751/2 4642/1746/2 4646/1750/2
f 4641/1751/2 4646/1750/2 4647/1752/2
f 4641/1751/2 4647/1752/2 4648/1753/2
f 4641/1751/2 4648/1753/2 4649/1754/2
f 4640/1755/2 4641/1751/2 4649/1754/2
f 4640/1755/2 4649/1754/2 4650/1756/2
f 4640/1755/2 4650/1756/2 4651/1757/2
f 4640/1755/2 4651/1757/2 4652/1758/2
f 4639/1759/2 4640/1755/2 4652/1758/2
f 4639/1759/2 4652/1758/2 4653/1760/2
f 4639/1759/2 4653/1760/2 4654/1761/2
f 4638/1762/2 4639/1759/2 4654/1761/2
f 4638/1762/2 4654/1761/2 4655/1763/2
f 4638/1762/2 4655/1763/2 4656/1764/2
f 4637/1765/2 4638/1762/2 4656/1764/2
f 4637/1765/2 4656/1764/2 4657/1766/2
f 4636/1767/2 4637/1765/2 4657/1766/2
f 4636/1767/2 4657/1766/2 4658/1768/2
f 4635/1769/2 4636/1767/2 4658/1768/2
f 4635/1769/2 4658/1768/2 4659/1770/2
f 4635/1769/2 4659/1770/2 4660/1771/2
f 4634/1772/2 4635/1769/2 4660/1771/2
f 4634/1772/2 4660/1771/2 4661/1773/2
f 4633/1774/2 4634/1772/2 4661/1773/2
f 4633/1774/2 4661/1773/2 4662/1775/2
f 4632/1776/2 4633/1774/2 4662/1775/2
f 4632/1776/2 4662/1775/2 4663/1777/2
f 4632/1776/2 4663/1777/2 4664/1778/2
f 4631/1779/2 4632/1776/2 4664/1778/2
f 4631/1779/2 4664/1778/2 4665/1780/2
f 4750/301/2 4631/1779/2 4665/1780/2
f 4750/301/2 4665/1780/2 4666/1781/2
f 4750/301/2 4666/1781/2 4667/1782/2
f 4750/301/2 4667/1782/2 4668/1783/2
f 4750/301/2 4668/1783/2 4669/1784/2
f 4750/301/2 4669/1784/2 4670/1785/2
f 4749/1786/2 4750/301/2 4670/1785/2
f 4749/1786/2 4670/1785/2 4671/1787/2
f 4749/1786/2 4671/1787/2 4672/1788/2
f 4749/1786/2 4672/1788/2 4673/1789/2
f 4748/1790/2 4749/1786/2 4673/1789/2
f 4748/1790/2 4673/1789/2 4674/1791/2
f 4748/1790/2 4674/1791/2 4675/1792/2
f 4748/1790/2 4675/1792/2 4676/1793/2
f 4747/1794/2 4748/1790/2 4676/1793/2
f 4747/1794/2 4676/1793/2 4677/1795/2
f 4747/1794/2 4677/1795/2 4678/1796/2
f 4746/1797/2 4747/1794/2 4678/1796/2
f 4746/1797/2 4678/1796/2 4679/1798/2
f 4746/1797/2 4679/1798/2 4680/1799/2
f 4745/1800/2 4746/1797/2 4680/1799/2
f 4745/1800/2 4680/1799/2 4681/1801/2
f 4744/1802/2 4745/1800/2 4681/1801/2
f 4744/1802/2 4681/1801/2 4682/1803/2
f 4744/1802/2 4682/1803/2 4683/1804/2
f 4743/1805/2 4744/1802/2 4683/1804/2
f 4743/1805/2 4683/1804/2 4684/1806/2
f 4742/1807/2 4743/1805/2 4684/1806/2
f 4742/1807/2 4684/1806/2 4685/1808/2
f 4742/1807/2 4685/1808/2 4686/1809/2
f 4741/1810/2 4742/1807/2 4686/1809/2
f 4741/1810/2 4686/1809/2 4687/1811/2
f 4740/1812/2 4741/1810/2 4687/1811/2
f 4740/1812/2 4687/1811/2 4688/1813/2
f 4739/1814/2 4740/1812/2 4688/1813/2
f 4739/1814/2 4688/1813/2 4689/1815/2
f 4739/1814/2 4689/1815/2 4690/1816/2
f 4738/1817/2 4739/1814/2 4690/1816/2
f 4737/1818/2 4738/1817/2 4690/1816/2
f 4736/1819/2 4737/1818/2 4690/1816/2
f 4736/1819/2 4690/1816/2 4691/1820/2
f 4735/1821/2 4736/1819/2 4691/1820/2
f 4734/1822/2 4735/1821/2 4691/1820/2
f 4733/1823/2 4734/1822/2 4691/1820/2
f 4732/1824/2 4733/1823/2 4691/1820/2
f 4732/1824/2 4691/1820/2 4692/1825/2
f 4731/1826/2 4732/1824/2 4692/1825/2
f 4730/1827/2 4731/1826/2 4692/1825/2
f 4729/1828/2 4730/1827/2 4692/1825/2
f 4729/1828/2 4692/1825/2 4693/1829/2
f 4728/1830/2 4729/1828/2 4693/1829/2
f 4727/1831/2 4728/1830/2 4693/1829/2
f 4726/1832/2 4727/1831/2 4693/1829/2
f 4726/1832/2 4693/1829/2 4694/1833/2
f 4725/1834/2 4726/1832/2 4694/1833/2
f 4724/1835/2 4725/1834/2 4694/1833/2
f 4723/1836/2 4724/1835/2 4694/1833/2
f 4723/1836/2 4694/1833/2 4695/1837/2
f 4722/1838/2 4723/1836/2 4695/1837/2
f 4721/1839/2 4722/1838/2 4695/1837/2
f 4720/1840/2 4721/1839/2 4695/1837/2
f 4720/1840/2 4695/1837/2 4696/1841/2
f 4719/1842/2 4720/1840/2 4696/1841/2
f 4718/1843/2 4719/1842/2 4696/1841/2
f 4717/1844/2 4718/1843/2 4696/1841/2
f 4717/1844/2 4696/1841/2 4697/1845/2
f 4716/1846/2 4717/1844/2 4697/1845/2
f 4715/1847/2 4716/1846/2 4697/1845/2
f 4714/1848/2 4715/1847/2 4697/1845/2
f 4714/1848/2 4697/1845/2 4698/1849/2
f 4713/1850/2 4714/1848/2 4698/1849/2
f 4712/1851/2 4713/1850/2 4698/1849/2
f 4712/1851/2 4698/1849/2 4699/1852/2
f 4711/1853/2 4712/1851/2 4699/1852/2
f 4710/1854/2 4711/1853/2 4699/1852/2
f 4710/1854/2 4699/1852/2 4700/1855/2
f 4709/1856/2 4710/1854/2 4700/1855/2
f 4708/1857/2 4709/1856/2 4700/1855/2
f 4708/1857/2 4700/1855/2 4701/1858/2
f 4707/1859/2 4708/1857/2 4701/1858/2
f 4706/1860/2 4707/1859/2 4701/1858/2
f 4706/1860/2 4701/1858/2 4702/1861/2
f 4705/1862/2 4706/1860/2 4702/1861/2
f 4704/1863/2 4705/1862/2 4702/1861/2
f 4704/1863/2 4702/1861/2 4703/1864/2
f 4510/1865/2 4511/1867/2 4512/1866/2
f 4509/1868/2 4510/1865/2 4512/1866/2
f 4509/1868/2 4512/1866/2 4513/1869/2
f 4508/1870/2 4509/1868/2 4513/1869/2
f 4507/1871/2 4508/1870/2 4513/1869/2
f 4507/1871/2 4513/1869/2 4514/1872/2
f 4506/1873/2 4507/1871/2 4514/1872/2
f 4506/1873/2 4514/1872/2 4515/1874/2
f 4505/1875/2 4506/1873/2 4515/1874/2
f 4504/1876/2 4505/1875/2 4515/1874/2
f 4504/1876/2 4515/1874/2 4516/1877/2
f 4503/1878/2 4504/1876/2 4516/1877/2
f 4503/1878/2 4516/1877/2 4517/1879/2
f 4502/1880/2 4503/1878/2 4517/1879/2
f 4501/1881/2 4502/1880/2 4517/1879/2
f 4501/1881/2 4517/1879/2 4518/1882/2
f 4500/1883/2 4501/1881/2 4518/1882/2
f 4500/1883/2 4518/1882/2 4519/1884/2
f 4499/288/2 4500/1883/2 4519/1884/2
f 4630/1885/2 4499/288/2 4519/1884/2
f 4630/1885/2 4519/1884/2 4520/1886/2
f 4629/1887/2 4630/1885/2 4520/1886/2
f 4628/1888/2 4629/1887/2 4520/1886/2
f 4628/1888/2 4520/1886/2 4521/1889/2
f 4627/1890/2 4628/1888/2 4521/1889/2
f 4627/1890/2 4521/1889/2 4522/1891/2
f 4626/1892/2 4627/1890/2 4522/1891/2
f 4625/1893/2 4626/1892/2 4522/1891/2
f 4625/1893/2 4522/1891/2 4523/1894/2
f 4624/1895/2 4625/1893/2 4523/1894/2
f 4623/1896/2 4624/1895/2 4523/1894/2
f 4623/1896/2 4523/1894/2 4524/1897/2
f 4622/1898/2 4623/1896/2 4524/1897/2
f 4621/1899/2 4622/1898/2 4524/1897/2
f 4620/1900/2 4621/1899/2 4524/1897/2
f 4619/1901/2 4620/1900/2 4524/1897/2
f 4619/1901/2 4524/1897/2 4525/1902/2
f 4618/1903/2 4619/1901/2 4525/1902/2
f 4617/1904/2 4618/1903/2 4525/1902/2
f 4616/1905/2 4617/1904/2 4525/1902/2
f 4615/1906/2 4616/1905/2 4525/1902/2
f 4615/1906/2 4525/1902/2 4526/1907/2
f 4614/1908/2 4615/1906/2 4526/1907/2
f 4613/1909/2 4614/1908/2 4526/1907/2
f 4612/1910/2 4613/1909/2 4526/1907/2
f 4611/1911/2 4612/1910/2 4526/1907/2
f 4611/1911/2 4526/1907/2 4527/1912/2
f 4610/1913/2 4611/1911/2 4527/1912/2
f 4609/1914/2 4610/1913/2 4527/1912/2
f 4608/1915/2 4609/1914/2 4527/1912/2
f 4607/1916/2 4608/1915/2 4527/1912/2
f 4606/1917/2 4607/1916/2 4527/1912/2
f 4606/1917/2 4527/1912/2 4528/1918/2
f 4606/1917/2 4528/1918/2 4529/1919/2
f 4605/1920/2 4606/1917/2 4529/1919/2
f 4605/1920/2 4529/1919/2 4530/1921/2
f 4604/1922/2 4605/1920/2 4530/1921/2
f 4604/1922/2 4530/1921/2 4531/1923/2
f 4604/1922/2 4531/1923/2 4532/1924/2
f 4603/1925/2 4604/1922/2 4532/1924/2
f 4603/1925/2 4532/1924/2 4533/1926/2
f 4602/1927/2 4603/1925/2 4533/1926/2
f 4602/1927/2 4533/1926/2 4534/1928/2
f 4601/1929/2 4602/1927/2 4534/1928/2
f 4601/1929/2 4534/1928/2 4535/1930/2
f 4601/1929/2 4535/1930/2 4536/1931/2
f 4600/1932/2 4601/1929/2 4536/1931/2
f 4600/1932/2 4536/1931/2 4537/1933/2
f 4599/1934/2 4600/1932/2 4537/1933/2
f 4599/1934/2 4537/1933/2 4538/1935/2
f 4599/1934/2 4538/1935/2 4539/1936/2
f 4598/1937/2 4599/1934/2 4539/1936/2
f 4598/1937/2 4539/1936/2 4540/1938/2
f 4597/1939/2 4598/1937/2 4540/1938/2
f 4597/1939/2 4540/1938/2 4541/1940/2
f 4597/1939/2 4541/1940/2 4542/1941/2
f 4596/1942/2 4597/1939/2 4542/1941/2
f 4596/1942/2 4542/1941/2 4543/1943/2
f 4596/1942/2 4543/1943/2 4544/1944/2
f 4596/1942/2 4544/1944/2 4545/1945/2
f 4595/1946/2 4596/1942/2 4545/1945/2
f 4595/1946/2 4545/1945/2 4546/1947/2
f 4595/1946/2 4546/1947/2 4547/1948/2
f 4595/1946/2 4547/1948/2 4548/1949/2
f 4595/1946/2 4548/1949/2 4549/1950/2
f 4594/1951/2 4595/1946/2 4549/1950/2
f 4593/1952/2 4594/1951/2 4549/1950/2
f 4593/1952/2 4549/1950/2 4550/1953/2
f 4592/1954/2 4593/1952/2 4550/1953/2
f 4591/1955/2 4592/1954/2 4550/1953/2
f 4591/1955/2 4550/1953/2 4551/1956/2
f 4590/1957/2 4591/1955/2 4551/1956/2
f 4590/1957/2 4551/1956/2 4552/1958/2
f 4589/1959/2 4590/1957/2 4552/1958/2
f 4588/1960/2 4589/1959/2 4552/1958/2
f 4587/1961/2 4588/1960/2 4552/1958/2
f 4587/1961/2 4552/1958/2 4553/1962/2
f 4586/1963/2 4587/1961/2 4553/1962/2
f 4585/1964/2 4586/1963/2 4553/1962/2
f 4584/1965/2 4585/1964/2 4553/1962/2
f 4584/1965/2 4553/1962/2 4554/1966/2
f 4583/1967/2 4584/1965/2 4554/1966/2
f 4582/1968/2 4583/1967/2 4554/1966/2
f 4582/1968/2 4554/1966/2 4555/1969/2
f 4581/1970/2 4582/1968/2 4555/1969/2
f 4581/1970/2 4555/1969/2 4556/1971/2
f 4580/1972/2 4581/1970/2 4556/1971/2
f 4580/1972/2 4556/1971/2 4557/1973/2
f 4580/1972/2 4557/1973/2 4558/1974/2
f 4579/1975/2 4580/1972/2 4558/1974/2
f 4579/1975/2 4558/1974/2 4559/1976/2
f 4578/1977/2 4579/1975/2 4559/1976/2
f 4578/1977/2 4559/1976/2 4560/1978/2
f 4577/1979/2 4578/1977/2 4560/1978/2
f 4577/1979/2 4560/1978/2 4561/1980/2
f 4577/1979/2 4561/1980/2 4562/1981/2
f 4576/1982/2 4577/1979/2 4562/1981/2
f 4576/1982/2 4562/1981/2 4563/1983/2
f 4575/1984/2 4576/1982/2 4563/1983/2
f 4575/1984/2 4563/1983/2 4564/1985/2
f 4575/1984/2 4564/1985/2 4565/1986/2
f 4574/1987/2 4575/1984/2 4565/1986/2
f 4574/1987/2 4565/1986/2 4566/1988/2
f 4574/1987/2 4566/1988/2 4567/1989/2
f 4573/1990/2 4574/1987/2 4567/1989/2
f 4573/1990/2 4567/1989/2 4568/1991/2
f 4572/1992/2 4573/1990/2 4568/1991/2
f 4572/1992/2 4568/1991/2 4569/1993/2
f 4572/1992/2 4569/1993/2 4570/1994/2
f 4571/1995/2 4572/1992/2 4570/1994/2
s 1
f 4754/1996/3 4751/288/4 4752/1997/4
f 4756/1998/5 4753/1999/3 4754/1996/3
f 4758/2000/6 4755/2001/5 4756/1998/5
f 4760/2002/7 4757/2003/6 4758/2000/6
f 4762/2004/8 4759/2005/7 4760/2002/7
f 4764/2006/9 4761/2007/8 4762/2004/8
f 4766/2008/10 4763/2009/9 4764/2006/9
f 4768/2010/11 4765/2011/10 4766/2008/10
f 4770/2012/12 4767/2013/13 4768/2010/11
f 4772/2014/14 4769/2015/15 4770/2012/12
f 4774/2016/16 4771/2017/14 4772/2014/14
f 4776/2018/17 4773/2019/16 4774/2016/16
f 4778/2020/18 4775/2021/17 4776/2018/17
f 4780/2022/19 4777/2023/18 4778/2020/18
f 4782/2024/20 4779/2025/19 4780/2022/19
f 4784/2026/21 4781/2027/20 4782/2024/20
f 4786/2028/22 4783/2029/23 4784/2026/21
f 4788/2030/24 4785/2031/22 4786/2028/22
f 4790/2032/25 4787/2033/24 4788/2030/24
f 4792/2034/26 4789/2035/25 4790/2032/25
f 4794/2036/27 4791/2037/28 4792/2034/26
f 4796/2038/29 4793/2039/30 4794/2036/27
f 4798/2040/31 4795/2041/29 4796/2038/29
f 4800/2042/32 4797/2043/33 4798/2040/31
f 4802/2044/34 4799/2045/35 4800/2042/32
f 4804/2046/36 4801/2047/34 4802/2044/34
f 4806/2048/37 4803/2049/36 4804/2046/36
f 4808/2050/38 4805/2051/37 4806/2048/37
f 4810/2052/39 4807/2053/38 4808/2050/38
f 4812/2054/40 4809/2055/41 4810/2052/39
f 4814/2056/42 4811/2057/43 4812/2054/40
f 4816/2058/44 4813/2059/45 4814/2056/42
f 4818/2060/46 4815/2061/44 4816/2058/44
f 4820/2062/47 4817/2063/48 4818/2060/46
f 4822/2064/49 4819/2065/50 4820/2062/47
f 4824/2066/51 4821/2067/52 4822/2064/49
f 4826/2068/53 4823/2069/54 4824/2066/51
f 4828/2070/55 4825/2071/53 4826/2068/53
f 4830/2072/56 4827/2073/55 4828/2070/55
f 4832/2074/57 4829/2075/56 4830/2072/56
f 4834/2076/58 4831/2077/57 4832/2074/57
f 4836/2078/59 4833/2079/58 4834/2076/58
f 4838/2080/60 4835/2081/59 4836/2078/59
f 4840/2082/61 4837/2083/60 4838/2080/60
f 4842/2084/62 4839/2085/61 4840/2082/61
f 4844/2086/63 4841/2087/62 4842/2084/62
f 4846/2088/64 4843/2089/63 4844/2086/63
f 4848/2090/65 4845/2091/64 4846/2088/64
f 4850/2092/66 4847/2093/65 4848/2090/65
f 4852/2094/67 4849/2095/66 4850/2092/66
f 4854/2096/68 4851/2097/67 4852/2094/67
f 4856/2098/69 4853/2099/68 4854/2096/68
f 4858/2100/70 4855/2101/69 4856/2098/69
f 4860/2102/71 4857/2103/70 4858/2100/70
f 4862/2104/72 4859/2105/71 4860/2102/71
f 4864/2106/73 4861/2107/72 4862/2104/72
f 4866/2108/74 4863/2109/73 4864/2106/73
f 4868/2110/75 4865/2111/74 4866/2108/74
f 4870/2112/76 4867/2113/75 4868/2110/75
f 4872/2114/77 4869/2115/76 4870/2112/76
f 4874/2116/78 4871/464/77 4872/2114/77
f 4876/2117/79 4873/2118/78 4874/2116/78
f 4878/2119/80 4875/2120/79 4876/2117/79
f 4880/2121/81 4877/2122/80 4878/2119/80
f 4882/2123/82 4879/2124/81 4880/2121/81
f 4884/2125/83 4881/2126/82 4882/2123/82
f 4886/2127/84 4883/2128/83 4884/2125/83
f 4888/2129/85 4885/2130/84 4886/2127/84
f 4890/2131/86 4887/2132/87 4888/2129/85
f 4892/2133/88 4889/2134/86 4890/2131/86
f 4894/2135/89 4891/2136/88 4892/2133/88
f 4896/2137/90 4893/2138/89 4894/2135/89
f 4898/2139/91 4895/2140/90 4896/2137/90
f 4900/2141/92 4897/2142/91 4898/2139/91
f 4902/2143/93 4899/2144/92 4900/2141/92
f 4904/2145/94 4901/2146/95 4902/2143/93
f 4906/2147/96 4903/2148/94 4904/2145/94
f 4908/2149/97 4905/2150/98 4906/2147/96
f 4910/2151/99 4907/2152/100 4908/2149/97
f 4912/2153/101 4909/2154/102 4910/2151/99
f 4914/2155/103 4911/2156/101 4912/2153/101
f 4916/2157/104 4913/2158/103 4914/2155/103
f 4918/2159/105 4915/2160/106 4916/2157/104
f 4920/2161/107 4917/2162/105 4918/2159/105
f 4922/2163/108 4919/2164/109 4920/2161/107
f 4924/2165/110 4921/2166/111 4922/2163/108
f 4926/2167/112 4923/2168/113 4924/2165/110
f 4928/2169/114 4925/2170/115 4926/2167/112
f 4930/2171/116 4927/2172/114 4928/2169/114
f 4932/2173/117 4929/2174/116 4930/2171/116
f 4934/2175/118 4931/2176/119 4932/2173/117
f 4936/2177/120 4933/2178/121 4934/2175/118
f 4938/2179/122 4935/2180/123 4936/2177/120
f 4940/2181/124 4937/2182/125 4938/2179/122
f 4942/2183/126 4939/2184/124 4940/2181/124
f 4944/2185/127 4941/2186/126 4942/2183/126
f 4946/2187/128 4943/2188/127 4944/2185/127
f 4948/2189/129 4945/2190/130 4946/2187/128
f 4950/2191/131 4947/2192/132 4948/2189/129
f 4952/2193/133 4949/2194/131 4950/2191/131
f 4954/2195/134 4951/2196/133 4952/2193/133
f 4956/2197/135 4953/2198/136 4954/2195/134
f 4958/2199/137 4955/2200/135 4956/2197/135
f 4960/2201/138 4957/2202/137 4958/2199/137
f 4962/2203/139 4959/2204/140 4960/2201/138
f 4964/2205/141 4961/2206/139 4962/2203/139
f 4966/2207/142 4963/2208/143 4964/2205/141
f 4968/2209/144 4965/2210/142 4966/2207/142
f 4970/2211/145 4967/2212/144 4968/2209/144
f 4972/2213/146 4969/2214/147 4970/2211/145
f 4974/2215/148 4971/2216/146 4972/2213/146
f 4976/2217/149 4973/2218/150 4974/2215/148
f 4978/2219/151 4975/2220/149 4976/2217/149
f 4980/2221/152 4977/2222/151 4978/2219/151
f 4982/2223/137 4979/2224/152 4980/2221/152
f 4984/2225/153 4981/2226/137 4982/2223/137
f 4986/2227/154 4983/2228/153 4984/2225/153
f 4988/2229/155 4985/2230/154 4986/2227/154
f 4990/2231/156 4987/2232/155 4988/2229/155
f 4752/2233/4 4989/2234/156 4990/2231/156
f 4994/2235/157 4991/288/158 4992/1997/158
f 4996/2236/159 4993/2237/157 4994/2235/157
f 4998/2238/160 4995/2239/159 4996/2236/159
f 5000/2240/161 4997/2241/162 4998/2238/160
f 5002/2242/163 4999/2243/161 5000/2240/161
f 5004/2244/164 5001/2245/163 5002/2242/163
f 5006/2246/165 5003/2247/166 5004/2244/164
f 5008/2248/167 5005/2249/165 5006/2246/165
f 5010/2250/168 5007/2251/167 5008/2248/167
f 5012/2252/169 5009/2253/168 5010/2250/168
f 5014/2014/170 5011/2254/169 5012/2252/169
f 5016/2255/171 5013/2017/170 5014/2014/170
f 5018/2256/172 5015/2257/171 5016/2255/171
f 5020/2258/173 5017/2259/172 5018/2256/172
f 5022/2260/174 5019/2261/173 5020/2258/173
f 5024/2262/175 5021/2263/174 5022/2260/174
f 5026/2264/176 5023/2265/175 5024/2262/175
f 5028/2266/177 5025/2267/178 5026/2264/176
f 5030/2268/179 5027/2269/177 5028/2266/177
f 5032/2270/180 5029/2271/179 5030/2268/179
f 5034/2272/181 5031/2273/182 5032/2270/180
f 5036/2034/183 5033/2274/184 5034/2272/181
f 5038/2275/185 5035/2037/183 5036/2034/183
f 5040/2276/186 5037/2277/185 5038/2275/185
f 5042/2278/187 5039/2279/188 5040/2276/186
f 5044/2280/189 5041/2281/187 5042/2278/187
f 5046/2282/190 5043/2283/189 5044/2280/189
f 5048/2284/191 5045/2285/192 5046/2282/190
f 5050/2286/193 5047/2287/191 5048/2284/191
f 5052/2288/194 5049/2289/193 5050/2286/193
f 5054/2290/195 5051/2291/194 5052/2288/194
f 5056/2292/196 5053/2293/195 5054/2290/195
f 5058/2054/197 5055/2294/196 5056/2292/196
f 5060/2295/198 5057/2057/197 5058/2054/197
f 5062/2296/199 5059/2297/198 5060/2295/198
f 5064/2298/200 5061/2299/199 5062/2296/199
f 5066/2300/201 5063/2301/200 5064/2298/200
f 5068/2302/202 5065/2303/201 5066/2300/201
f 5070/2304/203 5067/2305/202 5068/2302/202
f 5072/2306/204 5069/2307/203 5070/2304/203
f 5074/2308/205 5071/2309/204 5072/2306/204
f 5076/2310/206 5073/2311/207 5074/2308/205
f 5078/2312/208 5075/2313/206 5076/2310/206
f 5080/2074/209 5077/2314/208 5078/2312/208
f 5082/2315/210 5079/2077/209 5080/2074/209
f 5084/2316/211 5081/2317/212 5082/2315/210
f 5086/2318/213 5083/2319/214 5084/2316/211
f 5088/2320/215 5085/2321/213 5086/2318/213
f 5090/2322/216 5087/2323/215 5088/2320/215
f 5092/2324/217 5089/2325/218 5090/2322/216
f 5094/2326/219 5091/2327/220 5092/2324/217
f 5096/2328/221 5093/2329/222 5094/2326/219
f 5098/2330/223 5095/2331/224 5096/2328/221
f 5100/2332/225 5097/2333/226 5098/2330/223
f 5102/2094/227 5099/2334/228 5100/2332/225
f 5104/2335/229 5101/2097/230 5102/2094/227
f 5106/2336/231 5103/2337/232 5104/2335/229
f 5108/2338/233 5105/2339/234 5106/2336/231
f 5110/2340/235 5107/2341/233 5108/2338/233
f 5112/2342/236 5109/2343/237 5110/2340/235
f 5114/2344/238 5111/2345/236 5112/2342/236
f 5116/2346/239 5113/2347/238 5114/2344/238
f 5118/2348/240 5115/2349/239 5116/2346/239
f 5120/2350/241 5117/2351/240 5118/2348/240
f 5122/2352/242 5119/2353/241 5120/2350/241
f 5124/2114/243 5121/2354/242 5122/2352/242
f 5126/2355/244 5123/464/243 5124/2114/243
f 5128/2356/245 5125/2357/244 5126/2355/244
f 5130/2358/246 5127/2359/245 5128/2356/245
f 5132/2360/247 5129/2361/246 5130/2358/246
f 5134/2362/248 5131/2363/247 5132/2360/247
f 5136/2364/249 5133/2365/248 5134/2362/248
f 5138/2366/250 5135/2367/249 5136/2364/249
f 5140/2368/251 5137/2369/250 5138/2366/250
f 5142/2370/252 5139/2371/251 5140/2368/251
f 5144/2372/253 5141/2373/254 5142/2370/252
f 5146/2133/255 5143/2374/253 5144/2372/253
f 5148/2375/256 5145/2136/255 5146/2133/255
f 5150/2376/257 5147/2377/258 5148/2375/256
f 5152/2378/259 5149/2379/257 5150/2376/257
f 5154/2380/260 5151/2381/259 5152/2378/259
f 5156/2382/261 5153/2383/260 5154/2380/260
f 5158/2384/262 5155/2385/263 5156/2382/261
f 5160/2386/264 5157/2387/262 5158/2384/262
f 5162/2388/265 5159/2389/264 5160/2386/264
f 5164/2390/266 5161/2391/265 5162/2388/265
f 5166/2392/267 5163/2393/266 5164/2390/266
f 5168/2153/268 5165/2394/267 5166/2392/267
f 5170/2395/269 5167/2156/268 5168/2153/268
f 5172/2396/270 5169/2397/269 5170/2395/269
f 5174/2398/271 5171/2399/270 5172/2396/270
f 5176/2400/272 5173/2401/271 5174/2398/271
f 5178/2402/273 5175/2403/274 5176/2400/272
f 5180/2404/275 5177/2405/276 5178/2402/273
f 5182/2406/277 5179/2407/278 5180/2404/275
f 5184/2408/279 5181/2409/280 5182/2406/277
f 5186/2410/281 5183/2411/279 5184/2408/279
f 5188/2412/282 5185/2413/281 5186/2410/281
f 5190/2173/283 5187/2414/282 5188/2412/282
f 5192/2415/284 5189/2176/283 5190/2173/283
f 5194/2416/285 5191/2417/284 5192/2415/284
f 5196/2418/286 5193/2419/285 5194/2416/285
f 5198/2420/287 5195/2421/286 5196/2418/286
f 5200/2422/288 5197/2423/287 5198/2420/287
f 5202/2424/289 5199/2425/290 5200/2422/288
f 5204/2426/291 5201/2427/289 5202/2424/289
f 5206/2428/292 5203/2429/291 5204/2426/291
f 5208/2430/293 5205/2431/294 5206/2428/292
f 5210/2432/295 5207/2433/293 5208/2430/293
f 5212/2193/296 5209/2434/295 5210/2432/295
f 5214/2435/297 5211/2196/296 5212/2193/296
f 5216/2436/298 5213/2437/297 5214/2435/297
f 5218/2438/299 5215/2439/298 5216/2436/298
f 5220/2440/300 5217/2441/301 5218/2438/299
f 5222/2442/302 5219/2443/300 5220/2440/300
f 5224/2444/303 5221/2445/304 5222/2442/302
f 5226/2446/305 5223/2447/303 5224/2444/303
f 5228/2448/306 5225/2449/305 5226/2446/305
f 5230/2450/307 5227/2451/306 5228/2448/306
f 5232/2452/308 5229/2453/309 5230/2450/307
f 5234/2213/310 5231/2454/311 5232/2452/308
f 5236/2455/312 5233/2216/310 5234/2213/310
f 5238/2456/313 5235/2457/314 5236/2455/312
f 5240/2458/315 5237/2459/313 5238/2456/313
f 5242/2460/316 5239/2461/315 5240/2458/315
f 5244/2462/317 5241/2463/318 5242/2460/316
f 5246/2464/319 5243/2465/320 5244/2462/317
f 5248/2466/321 5245/2467/319 5246/2464/319
f 5250/2468/322 5247/2469/321 5248/2466/321
f 5252/2470/323 5249/2471/324 5250/2468/322
f 5254/2472/325 5251/2473/323 5252/2470/323
f 4992/2233/158 5253/2474/325 5254/2472/325
f 5258/2475/326 5255/288/327 5256/1997/327
f 5260/2476/328 5257/2477/326 5258/2475/326
f 5262/2478/329 5259/2479/328 5260/2476/328
f 5264/2480/330 5261/2481/329 5262/2478/329
f 5266/1998/331 5263/2482/330 5264/2480/330
f 5268/2483/332 5265/2001/331 5266/1998/331
f 5270/2484/333 5267/2485/332 5268/2483/332
f 5272/2486/334 5269/2487/333 5270/2484/333
f 5274/2488/335 5271/2489/334 5272/2486/334
f 5276/2002/336 5273/2490/335 5274/2488/335
f 5278/2491/337 5275/2005/336 5276/2002/336
f 5280/2492/338 5277/2493/337 5278/2491/337
f 5282/2494/339 5279/2495/338 5280/2492/338
f 5284/2496/340 5281/2497/339 5282/2494/339
f 5286/2006/341 5283/2498/340 5284/2496/340
f 5288/2499/342 5285/2009/341 5286/2006/341
f 5290/2500/343 5287/2501/342 5288/2499/342
f 5292/2502/344 5289/2503/343 5290/2500/343
f 5294/2504/345 5291/2505/344 5292/2502/344
f 5296/2010/346 5293/2506/345 5294/2504/345
f 5298/2507/347 5295/2013/346 5296/2010/346
f 5300/2508/348 5297/2509/347 5298/2507/347
f 5302/2510/349 5299/2511/348 5300/2508/348
f 5304/2512/350 5301/2513/349 5302/2510/349
f 5306/2014/351 5303/2514/352 5304/2512/350
f 5308/2515/353 5305/2017/354 5306/2014/351
f 5310/2516/355 5307/2517/356 5308/2515/353
f 5312/2518/357 5309/2519/358 5310/2516/355
f 5314/2520/359 5311/2521/360 5312/2518/357
f 5316/2018/361 5313/2522/362 5314/2520/359
f 5318/2523/363 5315/2021/364 5316/2018/361
f 5320/2524/365 5317/2525/366 5318/2523/363
f 5322/2526/367 5319/2527/368 5320/2524/365
f 5324/2528/369 5321/2529/370 5322/2526/367
f 5326/2022/371 5323/2530/372 5324/2528/369
f 5328/2531/373 5325/2025/374 5326/2022/371
f 5330/2532/375 5327/2533/376 5328/2531/373
f 5332/2534/377 5329/2535/375 5330/2532/375
f 5334/2536/378 5331/2537/377 5332/2534/377
f 5336/2026/379 5333/2538/380 5334/2536/378
f 5338/2539/381 5335/2029/379 5336/2026/379
f 5340/2540/382 5337/2541/383 5338/2539/381
f 5342/2542/384 5339/2543/385 5340/2540/382
f 5344/2544/386 5341/2545/384 5342/2542/384
f 5346/2030/387 5343/2546/388 5344/2544/386
f 5348/2547/389 5345/2033/387 5346/2030/387
f 5350/2548/390 5347/2549/391 5348/2547/389
f 5352/2550/392 5349/2551/390 5350/2548/390
f 5354/2552/393 5351/2553/392 5352/2550/392
f 5356/2034/394 5353/2554/393 5354/2552/393
f 5358/2555/395 5355/2037/394 5356/2034/394
f 5360/2556/396 5357/2557/395 5358/2555/395
f 5362/2558/397 5359/2559/396 5360/2556/396
f 5364/2560/398 5361/2561/397 5362/2558/397
f 5366/2038/399 5363/2562/398 5364/2560/398
f 5368/2563/400 5365/2041/399 5366/2038/399
f 5370/2564/401 5367/2565/400 5368/2563/400
f 5372/2566/402 5369/2567/401 5370/2564/401
f 5374/2568/403 5371/2569/402 5372/2566/402
f 5376/2042/404 5373/2570/403 5374/2568/403
f 5378/2571/405 5375/2045/404 5376/2042/404
f 5380/2572/406 5377/2573/405 5378/2571/405
f 5382/2574/407 5379/2575/406 5380/2572/406
f 5384/2576/408 5381/2577/407 5382/2574/407
f 5386/2046/409 5383/2578/408 5384/2576/408
f 5388/2579/410 5385/2049/409 5386/2046/409
f 5390/2580/411 5387/2581/410 5388/2579/410
f 5392/2582/412 5389/2583/411 5390/2580/411
f 5394/2584/413 5391/2585/412 5392/2582/412
f 5396/2050/414 5393/2586/413 5394/2584/413
f 5398/2587/415 5395/2053/416 5396/2050/414
f 5400/2588/417 5397/2589/415 5398/2587/415
f 5402/2590/418 5399/2591/417 5400/2588/417
f 5404/2592/419 5401/2593/418 5402/2590/418
f 5406/2054/420 5403/2594/419 5404/2592/419
f 5408/2595/421 5405/2057/420 5406/2054/420
f 5410/2596/422 5407/2597/421 5408/2595/421
f 5412/2598/423 5409/2599/422 5410/2596/422
f 5414/2600/424 5411/2601/423 5412/2598/423
f 5416/2058/425 5413/2602/424 5414/2600/424
f 5418/2603/426 5415/2061/425 5416/2058/425
f 5420/2604/427 5417/2605/426 5418/2603/426
f 5422/2606/428 5419/2607/427 5420/2604/427
f 5424/2608/429 5421/2609/428 5422/2606/428
f 5426/2062/430 5423/2610/429 5424/2608/429
f 5428/2611/431 5425/2065/430 5426/2062/430
f 5430/2612/432 5427/2613/431 5428/2611/431
f 5432/2614/433 5429/2615/432 5430/2612/432
f 5434/2616/434 5431/2617/433 5432/2614/433
f 5436/2066/435 5433/2618/434 5434/2616/434
f 5438/2619/436 5435/2069/435 5436/2066/435
f 5440/2620/437 5437/2621/436 5438/2619/436
f 5442/2622/438 5439/2623/437 5440/2620/437
f 5444/2624/439 5441/2625/438 5442/2622/438
f 5446/2070/440 5443/2626/439 5444/2624/439
f 5448/2627/441 5445/2073/440 5446/2070/440
f 5450/2628/442 5447/2629/441 5448/2627/441
f 5452/2630/443 5449/2631/442 5450/2628/442
f 5454/2632/444 5451/2633/443 5452/2630/443
f 5456/2074/445 5453/2634/444 5454/2632/444
f 5458/2635/446 5455/2077/445 5456/2074/445
f 5460/2636/447 5457/2637/448 5458/2635/446
f 5462/2638/449 5459/2639/447 5460/2636/447
f 5464/2640/450 5461/2641/449 5462/2638/449
f 5466/2078/451 5463/2642/450 5464/2640/450
f 5468/2643/452 5465/2081/451 5466/2078/451
f 5470/2644/453 5467/2645/454 5468/2643/452
f 5472/2646/455 5469/2647/456 5470/2644/453
f 5474/2648/457 5471/2649/455 5472/2646/455
f 5476/2082/458 5473/2650/457 5474/2648/457
f 5478/2651/459 5475/2085/460 5476/2082/458
f 5480/2652/461 5477/2653/459 5478/2651/459
f 5482/2654/462 5479/2655/463 5480/2652/461
f 5484/2656/464 5481/2657/465 5482/2654/462
f 5486/2086/466 5483/2658/467 5484/2656/464
f 5488/2659/468 5485/2089/466 5486/2086/466
f 5490/2660/469 5487/2661/470 5488/2659/468
f 5492/2662/471 5489/2663/472 5490/2660/469
f 5494/2664/473 5491/2665/471 5492/2662/471
f 5496/2090/474 5493/2666/473 5494/2664/473
f 5498/2667/475 5495/2093/474 5496/2090/474
f 5500/2668/476 5497/2669/475 5498/2667/475
f 5502/2670/477 5499/2671/476 5500/2668/476
f 5504/2672/478 5501/2673/477 5502/2670/477
f 5506/2094/479 5503/2674/478 5504/2672/478
f 5508/2675/480 5505/2097/481 5506/2094/479
f 5510/2676/482 5507/2677/483 5508/2675/480
f 5512/2678/484 5509/2679/482 5510/2676/482
f 5514/2680/485 5511/2681/484 5512/2678/484
f 5516/2098/486 5513/2682/485 5514/2680/485
f 5518/2683/487 5515/2101/488 5516/2098/486
f 5520/2684/489 5517/2685/487 5518/2683/487
f 5522/2686/490 5519/2687/489 5520/2684/489
f 5524/2688/491 5521/2689/492 5522/2686/490
f 5526/2102/493 5523/2690/494 5524/2688/491
f 5528/2691/495 5525/2105/493 5526/2102/493
f 5530/2692/496 5527/2693/495 5528/2691/495
f 5532/2694/497 5529/2695/496 5530/2692/496
f 5534/2696/498 5531/2697/497 5532/2694/497
f 5536/2106/499 5533/2698/498 5534/2696/498
f 5538/2699/500 5535/2109/499 5536/2106/499
f 5540/2700/501 5537/2701/500 5538/2699/500
f 5542/2702/502 5539/2703/501 5540/2700/501
f 5544/2704/503 5541/2705/502 5542/2702/502
f 5546/2110/504 5543/2706/503 5544/2704/503
f 5548/2707/505 5545/2113/504 5546/2110/504
f 5550/2708/506 5547/2709/505 5548/2707/505
f 5552/2710/507 5549/2711/506 5550/2708/506
f 5554/2712/508 5551/2713/507 5552/2710/507
f 5556/2114/509 5553/2714/508 5554/2712/508
f 5558/2715/510 5555/464/509 5556/2114/509
f 5560/2716/511 5557/2717/510 5558/2715/510
f 5562/2718/512 5559/2719/511 5560/2716/511
f 5564/2720/513 5561/2721/512 5562/2718/512
f 5566/2117/514 5563/2722/513 5564/2720/513
f 5568/2723/515 5565/2120/514 5566/2117/514
f 5570/2724/516 5567/2725/515 5568/2723/515
f 5572/2726/517 5569/2727/516 5570/2724/516
f 5574/2728/518 5571/2729/517 5572/2726/517
f 5576/2121/519 5573/2730/518 5574/2728/518
f 5578/2731/520 5575/2124/519 5576/2121/519
f 5580/2732/521 5577/2733/520 5578/2731/520
f 5582/2734/522 5579/2735/521 5580/2732/521
f 5584/2736/523 5581/2737/522 5582/2734/522
f 5586/2125/524 5583/2738/523 5584/2736/523
f 5588/2739/525 5585/2128/524 5586/2125/524
f 5590/2740/526 5587/2741/525 5588/2739/525
f 5592/2742/527 5589/2743/526 5590/2740/526
f 5594/2744/528 5591/2745/527 5592/2742/527
f 5596/2129/529 5593/2746/528 5594/2744/528
f 5598/2747/530 5595/2132/529 5596/2129/529
f 5600/2748/531 5597/2749/530 5598/2747/530
f 5602/2750/532 5599/2751/531 5600/2748/531
f 5604/2752/533 5601/2753/534 5602/2750/532
f 5606/2133/535 5603/2754/533 5604/2752/533
f 5608/2755/536 5605/2136/535 5606/2133/535
f 5610/2756/537 5607/2757/536 5608/2755/536
f 5612/2758/199 5609/2759/537 5610/2756/537
f 5614/2760/538 5611/2761/199 5612/2758/199
f 5616/2137/539 5613/2762/538 5614/2760/538
f 5618/2763/540 5615/2140/541 5616/2137/539
f 5620/2764/542 5617/2765/540 5618/2763/540
f 5622/2766/543 5619/2767/544 5620/2764/542
f 5624/2768/545 5621/2769/546 5622/2766/543
f 5626/2141/547 5623/2770/548 5624/2768/545
f 5628/2771/549 5625/2144/550 5626/2141/547
f 5630/2772/551 5627/2773/549 5628/2771/549
f 5632/2774/552 5629/2775/553 5630/2772/551
f 5634/2776/554 5631/2777/552 5632/2774/552
f 5636/2145/555 5633/2778/554 5634/2776/554
f 5638/2779/556 5635/2148/555 5636/2145/555
f 5640/2780/557 5637/2781/558 5638/2779/556
f 5642/2782/559 5639/2783/560 5640/2780/557
f 5644/2784/561 5641/2785/562 5642/2782/559
f 5646/2149/563 5643/2786/564 5644/2784/561
f 5648/2787/565 5645/2152/566 5646/2149/563
f 5650/2788/567 5647/2789/565 5648/2787/565
f 5652/2790/568 5649/2791/569 5650/2788/567
f 5654/2792/570 5651/2793/571 5652/2790/568
f 5656/2153/572 5653/2794/570 5654/2792/570
f 5658/2795/573 5655/2156/574 5656/2153/572
f 5660/2796/575 5657/2797/573 5658/2795/573
f 5662/2798/576 5659/2799/575 5660/2796/575
f 5664/2800/577 5661/2801/576 5662/2798/576
f 5666/2157/578 5663/2802/577 5664/2800/577
f 5668/2803/579 5665/2160/578 5666/2157/578
f 5670/2804/580 5667/2805/579 5668/2803/579
f 5672/2806/581 5669/2807/580 5670/2804/580
f 5674/2808/582 5671/2809/581 5672/2806/581
f 5676/2161/583 5673/2810/582 5674/2808/582
f 5678/2811/584 5675/2164/583 5676/2161/583
f 5680/2812/585 5677/2813/584 5678/2811/584
f 5682/2814/586 5679/2815/585 5680/2812/585
f 5684/2816/587 5681/2817/586 5682/2814/586
f 5686/2165/588 5683/2818/587 5684/2816/587
f 5688/2819/589 5685/2168/588 5686/2165/588
f 5690/2820/590 5687/2821/589 5688/2819/589
f 5692/2822/591 5689/2823/590 5690/2820/590
f 5694/2824/592 5691/2825/591 5692/2822/591
f 5696/2169/593 5693/2826/594 5694/2824/592
f 5698/2827/595 5695/2172/596 5696/2169/593
f 5700/2828/597 5697/2829/595 5698/2827/595
f 5702/2830/598 5699/2831/597 5700/2828/597
f 5704/2832/599 5701/2833/598 5702/2830/598
f 5706/2173/600 5703/2834/599 5704/2832/599
f 5708/2835/601 5705/2176/600 5706/2173/600
f 5710/2836/602 5707/2837/601 5708/2835/601
f 5712/2838/603 5709/2839/602 5710/2836/602
f 5714/2840/604 5711/2841/603 5712/2838/603
f 5716/2177/605 5713/2842/604 5714/2840/604
f 5718/2843/606 5715/2180/605 5716/2177/605
f 5720/2844/607 5717/2845/608 5718/2843/606
f 5722/2846/609 5719/2847/610 5720/2844/607
f 5724/2848/611 5721/2849/609 5722/2846/609
f 5726/2181/612 5723/2850/613 5724/2848/611
f 5728/2851/614 5725/2184/612 5726/2181/612
f 5730/2852/615 5727/2853/614 5728/2851/614
f 5732/2854/616 5729/2855/617 5730/2852/615
f 5734/2856/618 5731/2857/619 5732/2854/616
f 5736/2185/620 5733/2858/618 5734/2856/618
f 5738/2859/621 5735/2188/622 5736/2185/620
f 5740/2860/623 5737/2861/621 5738/2859/621
f 5742/2862/624 5739/2863/623 5740/2860/623
f 5744/2864/625 5741/2865/626 5742/2862/624
f 5746/2189/627 5743/2866/625 5744/2864/625
f 5748/2867/628 5745/2192/627 5746/2189/627
f 5750/2868/629 5747/2869/628 5748/2867/628
f 5752/2870/630 5749/2871/629 5750/2868/629
f 5754/2872/631 5751/2873/630 5752/2870/630
f 5756/2193/632 5753/2874/631 5754/2872/631
f 5758/2875/633 5755/2196/632 5756/2193/632
f 5760/2876/634 5757/2877/633 5758/2875/633
f 5762/2878/635 5759/2879/634 5760/2876/634
f 5764/2880/636 5761/2881/635 5762/2878/635
f 5766/2197/637 5763/2882/636 5764/2880/636
f 5768/2883/638 5765/2200/637 5766/2197/637
f 5770/2884/639 5767/2885/638 5768/2883/638
f 5772/2886/640 5769/2887/639 5770/2884/639
f 5774/2888/434 5771/2889/640 5772/2886/640
f 5776/2201/641 5773/2890/434 5774/2888/434
f 5778/2891/642 5775/2204/641 5776/2201/641
f 5780/2892/643 5777/2893/642 5778/2891/642
f 5782/2894/644 5779/2895/643 5780/2892/643
f 5784/2896/645 5781/2897/644 5782/2894/644
f 5786/2205/646 5783/2898/645 5784/2896/645
f 5788/2899/647 5785/2208/646 5786/2205/646
f 5790/2900/648 5787/2901/647 5788/2899/647
f 5792/2902/649 5789/2903/648 5790/2900/648
f 5794/2904/650 5791/2905/649 5792/2902/649
f 5796/2209/651 5793/2906/650 5794/2904/650
f 5798/2907/652 5795/2212/651 5796/2209/651
f 5800/2908/653 5797/2909/652 5798/2907/652
f 5802/2910/654 5799/2911/653 5800/2908/653
f 5804/2912/655 5801/2913/654 5802/2910/654
f 5806/2213/656 5803/2914/655 5804/2912/655
f 5808/2915/657 5805/2216/656 5806/2213/656
f 5810/2916/658 5807/2917/657 5808/2915/657
f 5812/2918/659 5809/2919/658 5810/2916/658
f 5814/2920/660 5811/2921/659 5812/2918/659
f 5816/2217/661 5813/2922/660 5814/2920/660
f 5818/2923/662 5815/2220/663 5816/2217/661
f 5820/2924/664 5817/2925/662 5818/2923/662
f 5822/2926/665 5819/2927/664 5820/2924/664
f 5824/2928/666 5821/2929/665 5822/2926/665
f 5826/2221/667 5823/2930/668 5824/2928/666
f 5828/2931/669 5825/2224/667 5826/2221/667
f 5830/2932/670 5827/2933/671 5828/2931/669
f 5832/2934/672 5829/2935/670 5830/2932/670
f 5834/2936/673 5831/2937/672 5832/2934/672
f 5836/2225/674 5833/2938/673 5834/2936/673
f 5838/2939/675 5835/2228/674 5836/2225/674
f 5840/2940/676 5837/2941/675 5838/2939/675
f 5842/2942/677 5839/2943/676 5840/2940/676
f 5844/2944/678 5841/2945/679 5842/2942/677
f 5846/2229/680 5843/2946/681 5844/2944/678
f 5848/2947/682 5845/2232/680 5846/2229/680
f 5850/2948/683 5847/2949/682 5848/2947/682
f 5852/2950/684 5849/2951/685 5850/2948/683
f 5854/2952/686 5851/2953/684 5852/2950/684
f 5256/2233/327 5853/2954/686 5854/2952/686
f 5858/2955/687 5855/288/170 5856/1997/170
f 5860/2956/688 5857/2957/689 5858/2955/687
f 5862/2958/690 5859/2959/688 5860/2956/688
f 5864/2960/691 5861/2961/690 5862/2958/690
f 5866/2962/692 5863/2963/693 5864/2960/691
f 5868/2964/694 5865/2965/692 5866/2962/692
f 5870/2966/695 5867/2967/694 5868/2964/694
f 5872/2968/696 5869/2969/695 5870/2966/695
f 5874/2970/697 5871/2971/696 5872/2968/696
f 5876/2972/698 5873/2973/697 5874/2970/697
f 5878/2974/699 5875/2975/700 5876/2972/698
f 5880/2976/701 5877/2977/699 5878/2974/699
f 5882/2978/702 5879/2979/701 5880/2976/701
f 5884/2980/703 5881/2981/702 5882/2978/702
f 5886/2982/704 5883/2983/703 5884/2980/703
f 5888/2984/705 5885/2985/704 5886/2982/704
f 5890/2986/706 5887/1649/705 5888/2984/705
f 5892/2987/707 5889/2988/706 5890/2986/706
f 5894/2989/708 5891/2990/709 5892/2987/707
f 5896/2991/710 5893/2992/708 5894/2989/708
f 5898/2993/711 5895/2994/710 5896/2991/710
f 5900/2995/712 5897/2996/711 5898/2993/711
f 5902/2997/713 5899/2998/712 5900/2995/712
f 5904/2999/714 5901/3000/713 5902/2997/713
f 5906/3001/715 5903/3002/714 5904/2999/714
f 5908/3003/716 5905/3004/715 5906/3001/715
f 5910/3005/717 5907/3006/716 5908/3003/716
f 5912/3007/718 5909/3008/717 5910/3005/717
f 5914/3009/719 5911/3010/718 5912/3007/718
f 5916/3011/720 5913/3012/719 5914/3009/719
f 5918/3013/721 5915/3014/720 5916/3011/720
f 5920/3015/722 5917/3016/721 5918/3013/721
f 5922/3017/723 5919/1599/722 5920/3015/722
f 5924/3018/724 5921/3019/723 5922/3017/723
f 5926/3020/725 5923/3021/724 5924/3018/724
f 5928/3022/726 5925/3023/725 5926/3020/725
f 5930/3024/727 5927/3025/726 5928/3022/726
f 5932/3026/728 5929/3027/727 5930/3024/727
f 5934/3028/729 5931/3029/728 5932/3026/728
f 5936/3030/730 5933/3031/729 5934/3028/729
f 5938/3032/731 5935/3033/730 5936/3030/730
f 5940/3034/732 5937/3035/731 5938/3032/731
f 5942/3036/733 5939/3037/732 5940/3034/732
f 5944/3038/734 5941/3039/735 5942/3036/733
f 5946/3040/736 5943/3041/737 5944/3038/734
f 5948/2024/738 5945/3042/736 5946/3040/736
f 5950/3043/739 5947/2027/738 5948/2024/738
f 5952/3044/740 5949/3045/741 5950/3043/739
f 5954/3046/742 5951/1567/743 5952/3044/740
f 5956/3047/744 5953/3048/742 5954/3046/742
f 5958/3049/745 5955/3050/744 5956/3047/744
f 5960/3051/746 5957/3052/745 5958/3049/745
f 5962/3053/747 5959/3054/746 5960/3051/746
f 5964/3055/748 5961/3056/747 5962/3053/747
f 5966/3057/749 5963/3058/748 5964/3055/748
f 5968/3059/750 5965/3060/749 5966/3057/749
f 5970/3061/508 5967/3062/750 5968/3059/750
f 5972/3063/751 5969/3064/508 5970/3061/508
f 5974/3065/752 5971/3066/751 5972/3063/751
f 5976/3067/747 5973/3068/752 5974/3065/752
f 5978/3069/753 5975/3070/747 5976/3067/747
f 5980/3071/754 5977/3072/753 5978/3069/753
f 5982/3073/755 5979/3074/754 5980/3071/754
f 5984/3075/756 5981/3076/755 5982/3073/755
f 5986/3077/757 5983/1543/756 5984/3075/756
f 5988/3078/758 5985/3079/757 5986/3077/757
f 5990/3080/759 5987/3081/758 5988/3078/758
f 5992/3082/760 5989/3083/759 5990/3080/759
f 5994/3084/761 5991/3085/760 5992/3082/760
f 5996/3086/762 5993/3087/761 5994/3084/761
f 5998/3088/763 5995/3089/762 5996/3086/762
f 6000/3090/764 5997/3091/763 5998/3088/763
f 6002/3092/765 5999/3093/764 6000/3090/764
f 6004/3094/766 6001/3095/765 6002/3092/765
f 6006/3096/767 6003/3097/766 6004/3094/766
f 6008/3098/768 6005/3099/767 6006/3096/767
f 6010/3100/769 6007/3101/768 6008/3098/768
f 6012/3102/770 6009/3103/769 6010/3100/769
f 6014/3104/771 6011/3105/770 6012/3102/770
f 6016/3106/772 6013/3107/771 6014/3104/771
f 6018/3108/773 6015/1565/772 6016/3106/772
f 6020/3109/774 6017/3110/773 6018/3108/773
f 6022/3111/775 6019/3112/776 6020/3109/774
f 6024/3113/777 6021/3114/775 6022/3111/775
f 6026/3115/778 6023/3116/777 6024/3113/777
f 6028/3117/779 6025/3118/778 6026/3115/778
f 6030/3119/780 6027/3120/779 6028/3117/779
f 6032/3121/781 6029/3122/780 6030/3119/780
f 6034/3123/782 6031/3124/781 6032/3121/781
f 6036/3125/783 6033/3126/782 6034/3123/782
f 6038/3127/784 6035/3128/783 6036/3125/783
f 6040/2054/785 6037/3129/784 6038/3127/784
f 6042/3130/786 6039/2057/785 6040/2054/785
f 6044/3131/787 6041/3132/786 6042/3130/786
f 6046/3133/788 6043/3134/787 6044/3131/787
f 6048/3135/789 6045/3136/790 6046/3133/788
f 6050/3137/791 6047/1600/789 6048/3135/789
f 6052/3138/792 6049/3139/791 6050/3137/791
f 6054/3140/793 6051/3141/792 6052/3138/792
f 6056/3142/794 6053/3143/793 6054/3140/793
f 6058/3144/795 6055/3145/794 6056/3142/794
f 6060/3146/796 6057/3147/795 6058/3144/795
f 6062/3148/797 6059/3149/796 6060/3146/796
f 6064/3150/798 6061/3151/797 6062/3148/797
f 6066/3152/799 6063/3153/798 6064/3150/798
f 6068/3154/800 6065/3155/799 6066/3152/799
f 6070/3156/801 6067/3157/800 6068/3154/800
f 6072/3158/802 6069/3159/801 6070/3156/801
f 6074/3160/803 6071/3161/802 6072/3158/802
f 6076/3162/804 6073/3163/803 6074/3160/803
f 6078/3164/805 6075/3165/804 6076/3162/804
f 6080/3166/806 6077/3167/805 6078/3164/805
f 6082/3168/807 6079/1625/806 6080/3166/806
f 6084/3169/808 6081/3170/807 6082/3168/807
f 6086/3171/809 6083/3172/808 6084/3169/808
f 6088/3173/810 6085/3174/809 6086/3171/809
f 6090/3175/811 6087/3176/810 6088/3173/810
f 6092/3177/812 6089/3178/811 6090/3175/811
f 6094/3179/813 6091/3180/812 6092/3177/812
f 6096/3181/814 6093/3182/813 6094/3179/813
f 6098/3183/815 6095/3184/814 6096/3181/814
f 6100/3185/816 6097/3186/815 6098/3183/815
f 6102/3187/817 6099/3188/816 6100/3185/816
f 6104/3189/818 6101/3190/817 6102/3187/817
f 6106/3191/819 6103/3192/818 6104/3189/818
f 6108/3193/820 6105/3194/821 6106/3191/819
f 6110/3195/822 6107/3196/820 6108/3193/820
f 6112/3197/823 6109/3198/822 6110/3195/822
f 6114/3199/824 6111/1604/823 6112/3197/823
f 6116/3200/825 6113/3201/824 6114/3199/824
f 6118/3202/826 6115/3203/825 6116/3200/825
f 6120/3204/827 6117/3205/826 6118/3202/826
f 6122/3206/828 6119/3207/827 6120/3204/827
f 6124/3208/829 6121/3209/828 6122/3206/828
f 6126/3210/830 6123/3211/829 6124/3208/829
f 6128/3212/831 6125/3213/830 6126/3210/830
f 6130/3214/832 6127/3215/831 6128/3212/831
f 6132/2084/833 6129/3216/832 6130/3214/832
f 6134/3217/834 6131/2087/833 6132/2084/833
f 6136/3218/835 6133/3219/834 6134/3217/834
f 6138/3220/836 6135/3221/835 6136/3218/835
f 6140/3222/837 6137/3223/836 6138/3220/836
f 6142/3224/838 6139/3225/837 6140/3222/837
f 6144/3226/839 6141/3227/838 6142/3224/838
f 6146/3228/840 6143/1530/839 6144/3226/839
f 6148/3229/841 6145/3230/840 6146/3228/840
f 6150/3231/842 6147/3232/841 6148/3229/841
f 6152/3233/843 6149/3234/842 6150/3231/842
f 6154/3235/844 6151/3236/843 6152/3233/843
f 6156/3237/845 6153/3238/844 6154/3235/844
f 6158/3239/846 6155/3240/845 6156/3237/845
f 6160/3241/847 6157/3242/846 6158/3239/846
f 6162/3243/848 6159/3244/847 6160/3241/847
f 6164/3245/849 6161/3246/848 6162/3243/848
f 6166/3247/850 6163/3248/849 6164/3245/849
f 6168/3249/851 6165/3250/850 6166/3247/850
f 6170/3251/852 6167/3252/851 6168/3249/851
f 6172/3253/853 6169/3254/852 6170/3251/852
f 6174/3255/854 6171/3256/853 6172/3253/853
f 6176/3257/855 6173/3258/854 6174/3255/854
f 6178/3259/420 6175/1498/855 6176/3257/855
f 6180/3260/856 6177/3261/420 6178/3259/420
f 6182/3262/857 6179/3263/856 6180/3260/856
f 6184/3264/858 6181/3265/857 6182/3262/857
f 6186/3266/859 6183/3267/858 6184/3264/858
f 6188/3268/860 6185/3269/859 6186/3266/859
f 6190/3270/861 6187/3271/860 6188/3268/860
f 6192/3272/862 6189/3273/861 6190/3270/861
f 6194/3274/863 6191/3275/862 6192/3272/862
f 6196/3276/864 6193/3277/863 6194/3274/863
f 6198/3278/865 6195/3279/864 6196/3276/864
f 6200/3280/866 6197/3281/865 6198/3278/865
f 6202/3282/867 6199/3283/868 6200/3280/866
f 6204/3284/869 6201/3285/867 6202/3282/867
f 6206/3286/870 6203/3287/869 6204/3284/869
f 6208/3288/871 6205/3289/870 6206/3286/870
f 6210/3290/872 6207/1484/871 6208/3288/871
f 6212/3291/873 6209/3292/872 6210/3290/872
f 6214/3293/874 6211/3294/873 6212/3291/873
f 6216/3295/875 6213/3296/874 6214/3293/874
f 6218/3297/876 6215/3298/875 6216/3295/875
f 6220/3299/877 6217/3300/876 6218/3297/876
f 6222/3301/878 6219/3302/877 6220/3299/877
f 6224/2114/879 6221/3303/878 6222/3301/878
f 6226/3304/880 6223/464/879 6224/2114/879
f 6228/3305/881 6225/3306/880 6226/3304/880
f 6230/3307/882 6227/3308/881 6228/3305/881
f 6232/3309/883 6229/3310/882 6230/3307/882
f 6234/3311/884 6231/3312/883 6232/3309/883
f 6236/3313/885 6233/3314/884 6234/3311/884
f 6238/3315/886 6235/3316/885 6236/3313/885
f 6240/3317/887 6237/3318/888 6238/3315/886
f 6242/3319/889 6239/1462/887 6240/3317/887
f 6244/3320/890 6241/3321/889 6242/3319/889
f 6246/3322/891 6243/3323/890 6244/3320/890
f 6248/3324/892 6245/3325/891 6246/3322/891
f 6250/3326/893 6247/3327/892 6248/3324/892
f 6252/3328/894 6249/3329/893 6250/3326/893
f 6254/3330/895 6251/3331/894 6252/3328/894
f 6256/3332/896 6253/3333/895 6254/3330/895
f 6258/3334/339 6255/3335/897 6256/3332/896
f 6260/3336/898 6257/3337/339 6258/3334/339
f 6262/3338/899 6259/3339/898 6260/3336/898
f 6264/3340/900 6261/3341/901 6262/3338/899
f 6266/3342/902 6263/3343/900 6264/3340/900
f 6268/3344/903 6265/3345/904 6266/3342/902
f 6270/3346/905 6267/3347/906 6268/3344/903
f 6272/3348/907 6269/3349/905 6270/3346/905
f 6274/3350/908 6271/1449/909 6272/3348/907
f 6276/3351/910 6273/3352/908 6274/3350/908
f 6278/3353/911 6275/3354/910 6276/3351/910
f 6280/3355/912 6277/3356/911 6278/3353/911
f 6282/3357/913 6279/3358/912 6280/3355/912
f 6284/3359/914 6281/3360/913 6282/3357/913
f 6286/3361/915 6283/3362/914 6284/3359/914
f 6288/3363/916 6285/3364/915 6286/3361/915
f 6290/3365/917 6287/3366/916 6288/3363/916
f 6292/3367/918 6289/3368/919 6290/3365/917
f 6294/3369/920 6291/3370/918 6292/3367/918
f 6296/3371/921 6293/3372/920 6294/3369/920
f 6298/3373/922 6295/3374/921 6296/3371/921
f 6300/3375/923 6297/3376/922 6298/3373/922
f 6302/3377/924 6299/3378/923 6300/3375/923
f 6304/3379/925 6301/3380/924 6302/3377/924
f 6306/3381/926 6303/1502/925 6304/3379/925
f 6308/3382/927 6305/3383/926 6306/3381/926
f 6310/3384/928 6307/3385/927 6308/3382/927
f 6312/3386/929 6309/3387/928 6310/3384/928
f 6314/3388/930 6311/3389/929 6312/3386/929
f 6316/2143/931 6313/3390/930 6314/3388/930
f 6318/3391/932 6315/2146/931 6316/2143/931
f 6320/3392/531 6317/3393/932 6318/3391/932
f 6322/3394/933 6319/3395/531 6320/3392/531
f 6324/3396/934 6321/3397/933 6322/3394/933
f 6326/3398/935 6323/3399/934 6324/3396/934
f 6328/3400/936 6325/3401/935 6326/3398/935
f 6330/3402/937 6327/3403/936 6328/3400/936
f 6332/3404/938 6329/3405/937 6330/3402/937
f 6334/3406/939 6331/3407/938 6332/3404/938
f 6336/3408/940 6333/3409/939 6334/3406/939
f 6338/3410/941 6335/1523/942 6336/3408/940
f 6340/3411/943 6337/3412/941 6338/3410/941
f 6342/3413/944 6339/3414/943 6340/3411/943
f 6344/3415/945 6341/3416/944 6342/3413/944
f 6346/3417/946 6343/3418/945 6344/3415/945
f 6348/3419/947 6345/3420/946 6346/3417/946
f 6350/3421/948 6347/3422/947 6348/3419/947
f 6352/3423/949 6349/3424/948 6350/3421/948
f 6354/3425/950 6351/3426/949 6352/3423/949
f 6356/3427/951 6353/3428/950 6354/3425/950
f 6358/3429/952 6355/3430/953 6356/3427/951
f 6360/3431/954 6357/3432/952 6358/3429/952
f 6362/3433/955 6359/3434/954 6360/3431/954
f 6364/3435/956 6361/3436/957 6362/3433/955
f 6366/3437/958 6363/3438/956 6364/3435/956
f 6368/3439/959 6365/3440/958 6366/3437/958
f 6370/3441/960 6367/1635/959 6368/3439/959
f 6372/3442/961 6369/3443/960 6370/3441/960
f 6374/3444/962 6371/3445/963 6372/3442/961
f 6376/3446/964 6373/3447/894 6374/3444/962
f 6378/3448/965 6375/3449/966 6376/3446/964
f 6380/3450/967 6377/3451/968 6378/3448/965
f 6382/3452/969 6379/3453/970 6380/3450/967
f 6384/3454/971 6381/3455/972 6382/3452/969
f 6386/3456/973 6383/3457/974 6384/3454/971
f 6388/3458/975 6385/3459/976 6386/3456/973
f 6390/3460/977 6387/3461/975 6388/3458/975
f 6392/3462/978 6389/3463/979 6390/3460/977
f 6394/3464/980 6391/3465/978 6392/3462/978
f 6396/3466/981 6393/3467/980 6394/3464/980
f 6398/3468/982 6395/3469/981 6396/3466/981
f 6400/3470/983 6397/3471/982 6398/3468/982
f 6402/3472/984 6399/1661/983 6400/3470/983
f 6404/3473/985 6401/3474/984 6402/3472/984
f 6406/3475/986 6403/3476/985 6404/3473/985
f 6408/2173/987 6405/3477/986 6406/3475/986
f 6410/3478/988 6407/2176/987 6408/2173/987
f 6412/3479/989 6409/3480/988 6410/3478/988
f 6414/3481/990 6411/3482/991 6412/3479/989
f 6416/3483/992 6413/3484/990 6414/3481/990
f 6418/3485/993 6415/3486/992 6416/3483/992
f 6420/3487/994 6417/3488/993 6418/3485/993
f 6422/3489/995 6419/3490/994 6420/3487/994
f 6424/3491/991 6421/3492/995 6422/3489/995
f 6426/3493/996 6423/3494/991 6424/3491/991
f 6428/3495/997 6425/3496/996 6426/3493/996
f 6430/3497/986 6427/3498/997 6428/3495/997
f 6432/3499/998 6429/3500/986 6430/3497/986
f 6434/3501/999 6431/1692/998 6432/3499/998
f 6436/3502/1000 6433/3503/999 6434/3501/999
f 6438/3504/985 6435/3505/1000 6436/3502/1000
f 6440/3506/1001 6437/3507/985 6438/3504/985
f 6442/3508/1002 6439/3509/1001 6440/3506/1001
f 6444/3510/1003 6441/3511/1002 6442/3508/1002
f 6446/3512/650 6443/3513/1003 6444/3510/1003
f 6448/3514/1004 6445/3515/650 6446/3512/650
f 6450/3516/651 6447/3517/1004 6448/3514/1004
f 6452/3518/1005 6449/3519/651 6450/3516/651
f 6454/3520/1006 6451/3521/1005 6452/3518/1005
f 6456/3522/1007 6453/3523/1006 6454/3520/1006
f 6458/3524/1008 6455/3525/1007 6456/3522/1007
f 6460/3526/1009 6457/3527/1008 6458/3524/1008
f 6462/3528/1010 6459/3529/1009 6460/3526/1009
f 6464/3530/1011 6461/3531/1010 6462/3528/1010
f 6466/3532/1012 6463/1708/1011 6464/3530/1011
f 6468/3533/1013 6465/3534/1012 6466/3532/1012
f 6470/3535/1014 6467/3536/1013 6468/3533/1013
f 6472/3537/1015 6469/3538/1014 6470/3535/1014
f 6474/3539/1016 6471/3540/1015 6472/3537/1015
f 6476/3541/1017 6473/3542/1016 6474/3539/1016
f 6478/3543/1018 6475/3544/1017 6476/3541/1017
f 6480/3545/1019 6477/3546/1018 6478/3543/1018
f 6482/3547/1020 6479/3548/1019 6480/3545/1019
f 6484/3549/1021 6481/3550/1020 6482/3547/1020
f 6486/3551/1022 6483/3552/1021 6484/3549/1021
f 6488/3553/1023 6485/3554/1022 6486/3551/1022
f 6490/3555/1024 6487/3556/1023 6488/3553/1023
f 6492/3557/1025 6489/3558/1024 6490/3555/1024
f 6494/3559/1026 6491/3560/1025 6492/3557/1025
f 6496/3561/1027 6493/3562/1026 6494/3559/1026
f 6498/3563/1028 6495/1724/1027 6496/3561/1027
f 6500/2203/1029 6497/3564/1028 6498/3563/1028
f 6502/3565/1030 6499/2206/1029 6500/2203/1029
f 6504/3566/1031 6501/3567/1030 6502/3565/1030
f 6506/3568/1032 6503/3569/1033 6504/3566/1031
f 6508/3570/1034 6505/3571/1035 6506/3568/1032
f 6510/3572/1036 6507/3573/1034 6508/3570/1034
f 6512/3574/1037 6509/3575/1036 6510/3572/1036
f 6514/3576/1038 6511/3577/1037 6512/3574/1037
f 6516/3578/1039 6513/3579/1038 6514/3576/1038
f 6518/3580/1040 6515/3581/1039 6516/3578/1039
f 6520/3582/1041 6517/3583/1040 6518/3580/1040
f 6522/3584/1042 6519/3585/1041 6520/3582/1041
f 6524/3586/1043 6521/3587/1042 6522/3584/1042
f 6526/3588/1044 6523/3589/1043 6524/3586/1043
f 6528/3590/1045 6525/3591/1044 6526/3588/1044
f 6530/3592/1046 6527/1743/1045 6528/3590/1045
f 6532/3593/1047 6529/3594/1046 6530/3592/1046
f 6534/3595/1048 6531/3596/1047 6532/3593/1047
f 6536/3597/1049 6533/3598/1050 6534/3595/1048
f 6538/3599/1051 6535/3600/1049 6536/3597/1049
f 6540/3601/1052 6537/3602/1051 6538/3599/1051
f 6542/3603/1053 6539/3604/1052 6540/3601/1052
f 6544/3605/1054 6541/3606/1053 6542/3603/1053
f 6546/3607/1055 6543/3608/1054 6544/3605/1054
f 6548/3609/1056 6545/3610/1055 6546/3607/1055
f 6550/3611/1057 6547/3612/1056 6548/3609/1056
f 6552/3613/1058 6549/3614/1057 6550/3611/1057
f 6554/3615/1059 6551/3616/1058 6552/3613/1058
f 6556/3617/1060 6553/3618/1059 6554/3615/1059
f 6558/3619/1061 6555/3620/1060 6556/3617/1060
f 6560/3621/1062 6557/3622/1061 6558/3619/1061
f 6562/3623/1063 6559/1697/1062 6560/3621/1062
f 6564/3624/1064 6561/3625/1063 6562/3623/1063
f 6566/3626/1065 6563/3627/1064 6564/3624/1064
f 6568/3628/1066 6565/3629/1065 6566/3626/1065
f 6570/3630/1067 6567/3631/1066 6568/3628/1066
f 6572/3632/1068 6569/3633/1067 6570/3630/1067
f 6574/3634/1069 6571/3635/1068 6572/3632/1068
f 6576/3636/1070 6573/3637/1069 6574/3634/1069
f 6578/3638/1071 6575/3639/1070 6576/3636/1070
f 6580/3640/1072 6577/3641/1071 6578/3638/1071
f 6582/3642/1073 6579/3643/1072 6580/3640/1072
f 6584/3644/1074 6581/3645/1073 6582/3642/1073
f 6586/3646/1075 6583/3647/1074 6584/3644/1074
f 6588/3648/1076 6585/3649/1075 6586/3646/1075
f 6590/3650/1077 6587/3651/1076 6588/3648/1076
f 5856/2233/170 6589/3652/1077 6590/3650/1077
f 6594/1996/1078 6591/288/1079 6592/1997/1079
f 6596/1998/1080 6593/1999/1078 6594/1996/1078
f 6598/2000/1081 6595/2001/1082 6596/1998/1080
f 6600/2002/1083 6597/2003/1081 6598/2000/1081
f 6602/2004/1084 6599/2005/1083 6600/2002/1083
f 6604/2006/1085 6601/2007/1084 6602/2004/1084
f 6606/2008/1086 6603/2009/1087 6604/2006/1085
f 6608/2010/1088 6605/2011/1086 6606/2008/1086
f 6610/2012/1089 6607/2013/1088 6608/2010/1088
f 6612/2014/1090 6609/2015/1089 6610/2012/1089
f 6614/2016/1091 6611/2017/1090 6612/2014/1090
f 6616/2018/1092 6613/2019/1091 6614/2016/1091
f 6618/2020/1093 6615/2021/1092 6616/2018/1092
f 6620/2022/1094 6617/2023/1093 6618/2020/1093
f 6622/2024/1095 6619/2025/1094 6620/2022/1094
f 6624/2026/1096 6621/2027/1095 6622/2024/1095
f 6626/2028/1097 6623/2029/1096 6624/2026/1096
f 6628/2030/1098 6625/2031/1097 6626/2028/1097
f 6630/2032/1099 6627/2033/1098 6628/2030/1098
f 6632/2034/1100 6629/2035/1099 6630/2032/1099
f 6634/2036/1101 6631/2037/1102 6632/2034/1100
f 6636/2038/1103 6633/2039/1101 6634/2036/1101
f 6638/2040/1104 6635/2041/1103 6636/2038/1103
f 6640/2042/1105 6637/2043/1104 6638/2040/1104
f 6642/2044/1106 6639/2045/1107 6640/2042/1105
f 6644/2046/1108 6641/2047/1106 6642/2044/1106
f 6646/2048/1109 6643/2049/1108 6644/2046/1108
f 6648/2050/1110 6645/2051/1109 6646/2048/1109
f 6650/2052/1111 6647/2053/1110 6648/2050/1110
f 6652/2054/1112 6649/2055/1111 6650/2052/1111
f 6654/2056/1113 6651/2057/1112 6652/2054/1112
f 6656/2058/1114 6653/2059/1113 6654/2056/1113
f 6658/2060/1115 6655/2061/1114 6656/2058/1114
f 6660/2062/1116 6657/2063/1117 6658/2060/1115
f 6662/2064/1118 6659/2065/1116 6660/2062/1116
f 6664/2066/1119 6661/2067/1118 6662/2064/1118
f 6666/2068/1120 6663/2069/1119 6664/2066/1119
f 6668/2070/1121 6665/2071/1120 6666/2068/1120
f 6670/2072/1122 6667/2073/1123 6668/2070/1121
f 6672/2074/1124 6669/2075/1122 6670/2072/1122
f 6674/2076/56 6671/2077/1124 6672/2074/1124
f 6676/2078/1125 6673/2079/56 6674/2076/56
f 6678/2080/1126 6675/2081/1125 6676/2078/1125
f 6680/2082/1127 6677/2083/1126 6678/2080/1126
f 6682/2084/1128 6679/2085/1127 6680/2082/1127
f 6684/2086/1129 6681/2087/1128 6682/2084/1128
f 6686/2088/1130 6683/2089/1129 6684/2086/1129
f 6688/2090/1131 6685/2091/1130 6686/2088/1130
f 6690/2092/1132 6687/2093/1133 6688/2090/1131
f 6692/2094/1134 6689/2095/1132 6690/2092/1132
f 6694/2096/1135 6691/2097/1134 6692/2094/1134
f 6696/2098/1136 6693/2099/1135 6694/2096/1135
f 6698/2100/1137 6695/2101/1136 6696/2098/1136
f 6700/2102/1138 6697/2103/1137 6698/2100/1137
f 6702/2104/1139 6699/2105/1138 6700/2102/1138
f 6704/2106/1140 6701/2107/1139 6702/2104/1139
f 6706/2108/1141 6703/2109/1140 6704/2106/1140
f 6708/2110/1142 6705/2111/1141 6706/2108/1141
f 6710/2112/1143 6707/2113/1144 6708/2110/1142
f 6712/2114/1145 6709/2115/1143 6710/2112/1143
f 6714/2116/1146 6711/464/1145 6712/2114/1145
f 6716/2117/1147 6713/2118/1146 6714/2116/1146
f 6718/2119/1148 6715/2120/1147 6716/2117/1147
f 6720/2121/1149 6717/2122/1148 6718/2119/1148
f 6722/2123/1150 6719/2124/1149 6720/2121/1149
f 6724/2125/1151 6721/2126/1150 6722/2123/1150
f 6726/2127/1152 6723/2128/1151 6724/2125/1151
f 6728/2129/1153 6725/2130/1152 6726/2127/1152
f 6730/2131/1154 6727/2132/1153 6728/2129/1153
f 6732/2133/1155 6729/2134/1154 6730/2131/1154
f 6734/2135/1156 6731/2136/1155 6732/2133/1155
f 6736/2137/1157 6733/2138/1156 6734/2135/1156
f 6738/2139/1158 6735/2140/1157 6736/2137/1157
f 6740/2141/1159 6737/2142/1158 6738/2139/1158
f 6742/2143/1160 6739/2144/1159 6740/2141/1159
f 6744/2145/1161 6741/2146/1160 6742/2143/1160
f 6746/2147/1162 6743/2148/1161 6744/2145/1161
f 6748/2149/1163 6745/2150/1162 6746/2147/1162
f 6750/2151/1164 6747/2152/1165 6748/2149/1163
f 6752/2153/1166 6749/2154/1164 6750/2151/1164
f 6754/2155/1167 6751/2156/1166 6752/2153/1166
f 6756/2157/1168 6753/2158/1167 6754/2155/1167
f 6758/2159/1169 6755/2160/1168 6756/2157/1168
f 6760/2161/1170 6757/2162/1169 6758/2159/1169
f 6762/2163/1171 6759/2164/1170 6760/2161/1170
f 6764/2165/1172 6761/2166/1171 6762/2163/1171
f 6766/2167/1173 6763/2168/1172 6764/2165/1172
f 6768/2169/1174 6765/2170/1173 6766/2167/1173
f 6770/2171/1175 6767/2172/1174 6768/2169/1174
f 6772/2173/283 6769/2174/1175 6770/2171/1175
f 6774/2175/1176 6771/2176/283 6772/2173/283
f 6776/2177/1177 6773/2178/1176 6774/2175/1176
f 6778/2179/1178 6775/2180/1177 6776/2177/1177
f 6780/2181/1179 6777/2182/1178 6778/2179/1178
f 6782/2183/1180 6779/2184/1179 6780/2181/1179
f 6784/2185/1181 6781/2186/1180 6782/2183/1180
f 6786/2187/1182 6783/2188/1181 6784/2185/1181
f 6788/2189/1183 6785/2190/1182 6786/2187/1182
f 6790/2191/1184 6787/2192/1183 6788/2189/1183
f 6792/2193/1185 6789/2194/1186 6790/2191/1184
f 6794/2195/1187 6791/2196/1188 6792/2193/1185
f 6796/2197/154 6793/2198/1187 6794/2195/1187
f 6798/2199/1189 6795/2200/154 6796/2197/154
f 6800/2201/1190 6797/2202/1189 6798/2199/1189
f 6802/2203/1191 6799/2204/1192 6800/2201/1190
f 6804/2205/1193 6801/2206/1191 6802/2203/1191
f 6806/2207/1194 6803/2208/1193 6804/2205/1193
f 6808/2209/1195 6805/2210/1194 6806/2207/1194
f 6810/2211/1196 6807/2212/1195 6808/2209/1195
f 6812/2213/1197 6809/2214/1196 6810/2211/1196
f 6814/2215/1198 6811/2216/1197 6812/2213/1197
f 6816/2217/149 6813/2218/1198 6814/2215/1198
f 6818/2219/1199 6815/2220/149 6816/2217/149
f 6820/2221/1200 6817/2222/1199 6818/2219/1199
f 6822/2223/1201 6819/2224/1200 6820/2221/1200
f 6824/2225/1202 6821/2226/1201 6822/2223/1201
f 6826/2227/1203 6823/2228/1202 6824/2225/1202
f 6828/2229/1204 6825/2230/1205 6826/2227/1203
f 6830/2231/1206 6827/2232/1204 6828/2229/1204
f 6592/2233/1079 6829/2234/1206 6830/2231/1206
f 6834/3653/1207 6831/288/1208 6832/1997/1208
f 6836/3654/1209 6833/3655/1207 6834/3653/1207
f 6838/3656/1210 6835/3657/1209 6836/3654/1209
f 6840/3658/1211 6837/3659/1210 6838/3656/1210
f 6842/3660/1212 6839/3661/1213 6840/3658/1211
f 6844/3662/1214 6841/3663/1212 6842/3660/1212
f 6846/3664/1215 6843/3665/1214 6844/3662/1214
f 6848/3666/1216 6845/3667/1215 6846/3664/1215
f 6850/2014/1217 6847/3668/1216 6848/3666/1216
f 6852/3669/1218 6849/2017/1217 6850/2014/1217
f 6854/3670/1219 6851/3671/1218 6852/3669/1218
f 6856/3672/1220 6853/3673/1219 6854/3670/1219
f 6858/3674/1221 6855/3675/1220 6856/3672/1220
f 6860/3676/1222 6857/3677/1221 6858/3674/1221
f 6862/3678/1223 6859/3679/1222 6860/3676/1222
f 6864/3680/1224 6861/3681/1223 6862/3678/1223
f 6866/3682/1225 6863/3683/1224 6864/3680/1224
f 6868/2034/1226 6865/3684/1225 6866/3682/1225
f 6870/3685/1227 6867/2037/1226 6868/2034/1226
f 6872/3686/1228 6869/3687/1227 6870/3685/1227
f 6874/3688/191 6871/3689/1228 6872/3686/1228
f 6876/3690/1229 6873/3691/191 6874/3688/191
f 6878/3692/195 6875/3693/1229 6876/3690/1229
f 6880/3694/1230 6877/3695/195 6878/3692/195
f 6882/3696/1231 6879/3697/1230 6880/3694/1230
f 6884/3698/1232 6881/3699/1231 6882/3696/1231
f 6886/2054/1233 6883/3700/1232 6884/3698/1232
f 6888/3701/1234 6885/2057/1233 6886/2054/1233
f 6890/3702/1235 6887/3703/1234 6888/3701/1234
f 6892/3704/1236 6889/3705/1235 6890/3702/1235
f 6894/3706/1237 6891/3707/1236 6892/3704/1236
f 6896/3708/1238 6893/3709/1237 6894/3706/1237
f 6898/3710/1239 6895/3711/1238 6896/3708/1238
f 6900/3712/1240 6897/3713/1239 6898/3710/1239
f 6902/3714/1241 6899/3715/1240 6900/3712/1240
f 6904/2074/816 6901/3716/1241 6902/3714/1241
f 6906/3717/1242 6903/2077/816 6904/2074/816
f 6908/3718/1243 6905/3719/1242 6906/3717/1242
f 6910/3720/1244 6907/3721/1243 6908/3718/1243
f 6912/3722/1245 6909/3723/1244 6910/3720/1244
f 6914/3724/1246 6911/3725/1245 6912/3722/1245
f 6916/3726/1247 6913/3727/1246 6914/3724/1246
f 6918/3728/1248 6915/3729/1247 6916/3726/1247
f 6920/3730/1249 6917/3731/1248 6918/3728/1248
f 6922/2094/1250 6919/3732/1249 6920/3730/1249
f 6924/3733/1251 6921/2097/1250 6922/2094/1250
f 6926/3734/1252 6923/3735/1251 6924/3733/1251
f 6928/3736/1253 6925/3737/1254 6926/3734/1252
f 6930/3738/1255 6927/3739/1253 6928/3736/1253
f 6932/3740/1256 6929/3741/1255 6930/3738/1255
f 6934/3742/1257 6931/3743/1256 6932/3740/1256
f 6936/3744/1258 6933/3745/1257 6934/3742/1257
f 6938/3746/1259 6935/3747/1258 6936/3744/1258
f 6940/2114/1260 6937/3748/1259 6938/3746/1259
f 6942/3749/1261 6939/464/1260 6940/2114/1260
f 6944/3750/1262 6941/3751/1261 6942/3749/1261
f 6946/3752/1263 6943/3753/1262 6944/3750/1262
f 6948/3754/1264 6945/3755/1263 6946/3752/1263
f 6950/3756/1265 6947/3757/1264 6948/3754/1264
f 6952/3758/1266 6949/3759/1265 6950/3756/1265
f 6954/3760/1267 6951/3761/1266 6952/3758/1266
f 6956/3762/1268 6953/3763/1267 6954/3760/1267
f 6958/2133/1269 6955/3764/1268 6956/3762/1268
f 6960/3765/1270 6957/2136/1269 6958/2133/1269
f 6962/3766/1271 6959/3767/1270 6960/3765/1270
f 6964/3768/1272 6961/3769/1271 6962/3766/1271
f 6966/3770/1273 6963/3771/1272 6964/3768/1272
f 6968/3772/1274 6965/3773/1273 6966/3770/1273
f 6970/3774/1275 6967/3775/1274 6968/3772/1274
f 6972/3776/1276 6969/3777/1275 6970/3774/1275
f 6974/3778/1277 6971/3779/1276 6972/3776/1276
f 6976/2153/1278 6973/3780/1277 6974/3778/1277
f 6978/3781/1279 6975/2156/1278 6976/2153/1278
f 6980/3782/1280 6977/3783/1279 6978/3781/1279
f 6982/3784/1281 6979/3785/1280 6980/3782/1280
f 6984/3786/1282 6981/3787/1281 6982/3784/1281
f 6986/3788/1283 6983/3789/1282 6984/3786/1282
f 6988/3790/1284 6985/3791/1283 6986/3788/1283
f 6990/3792/1285 6987/3793/1284 6988/3790/1284
f 6992/3794/1286 6989/3795/1285 6990/3792/1285
f 6994/2173/1287 6991/3796/1286 6992/3794/1286
f 6996/3797/1288 6993/2176/1287 6994/2173/1287
f 6998/3798/1289 6995/3799/1288 6996/3797/1288
f 7000/3800/1290 6997/3801/1289 6998/3798/1289
f 7002/3802/1291 6999/3803/1290 7000/3800/1290
f 7004/3804/1292 7001/3805/1293 7002/3802/1291
f 7006/3806/1294 7003/3807/1292 7004/3804/1292
f 7008/3808/1295 7005/3809/1294 7006/3806/1294
f 7010/3810/1296 7007/3811/1297 7008/3808/1295
f 7012/2193/1298 7009/3812/1296 7010/3810/1296
f 7014/3813/1299 7011/2196/1298 7012/2193/1298
f 7016/3814/1300 7013/3815/1299 7014/3813/1299
f 7018/3816/1301 7015/3817/1300 7016/3814/1300
f 7020/3818/1302 7017/3819/1301 7018/3816/1301
f 7022/3820/1303 7019/3821/1304 7020/3818/1302
f 7024/3822/994 7021/3823/1303 7022/3820/1303
f 7026/3824/1305 7023/3825/1306 7024/3822/994
f 7028/3826/342 7025/3827/1307 7026/3824/1305
f 7030/2213/1308 7027/3828/342 7028/3826/342
f 7032/3829/1309 7029/2216/1310 7030/2213/1308
f 7034/3830/1311 7031/3831/1309 7032/3829/1309
f 7036/3832/1312 7033/3833/1311 7034/3830/1311
f 7038/3834/1313 7035/3835/1314 7036/3832/1312
f 7040/3836/1315 7037/3837/1313 7038/3834/1313
f 7042/3838/1316 7039/3839/1315 7040/3836/1315
f 7044/3840/1194 7041/3841/1316 7042/3838/1316
f 7046/3842/1317 7043/3843/1194 7044/3840/1194
f 6832/2233/1208 7045/3844/1317 7046/3842/1317
f 7050/3845/1318 7047/288/1319 7048/1997/1319
f 7052/3846/1320 7049/3847/1318 7050/3845/1318
f 7054/3848/1321 7051/3849/1320 7052/3846/1320
f 7056/2004/1322 7053/3850/1321 7054/3848/1321
f 7058/3851/1323 7055/2007/1322 7056/2004/1322
f 7060/2997/1324 7057/3852/1323 7058/3851/1323
f 7062/3853/1325 7059/3000/1324 7060/2997/1324
f 7064/2014/1326 7061/3854/1325 7062/3853/1325
f 7066/3855/1327 7063/2017/1326 7064/2014/1326
f 7068/3856/1328 7065/3857/1327 7066/3855/1327
f 7070/3858/1329 7067/3859/1328 7068/3856/1328
f 7072/2024/1330 7069/3860/1329 7070/3858/1329
f 7074/3861/1331 7071/2027/1330 7072/2024/1330
f 7076/3862/1332 7073/3863/1331 7074/3861/1331
f 7078/3864/1333 7075/3865/1332 7076/3862/1332
f 7080/2034/1334 7077/3866/1333 7078/3864/1333
f 7082/3867/1335 7079/2037/1334 7080/2034/1334
f 7084/3084/1336 7081/3868/1335 7082/3867/1335
f 7086/3869/1337 7083/3087/1336 7084/3084/1336
f 7088/2044/1338 7085/3870/1337 7086/3869/1337
f 7090/3871/1339 7087/2047/1338 7088/2044/1338
f 7092/3872/1340 7089/3873/1339 7090/3871/1339
f 7094/3874/1341 7091/3875/1340 7092/3872/1340
f 7096/2054/1342 7093/3876/1341 7094/3874/1341
f 7098/3877/1343 7095/2057/1342 7096/2054/1342
f 7100/3878/1344 7097/3879/1343 7098/3877/1343
f 7102/3880/1345 7099/3881/1344 7100/3878/1344
f 7104/2064/1346 7101/3882/1345 7102/3880/1345
f 7106/3883/1347 7103/2067/1346 7104/2064/1346
f 7108/3171/1348 7105/3884/1347 7106/3883/1347
f 7110/3885/1349 7107/3174/1348 7108/3171/1348
f 7112/2074/1350 7109/3886/1349 7110/3885/1349
f 7114/3887/1351 7111/2077/1350 7112/2074/1350
f 7116/3888/1352 7113/3889/1351 7114/3887/1351
f 7118/3890/1353 7115/3891/1352 7116/3888/1352
f 7120/2084/1354 7117/3892/1353 7118/3890/1353
f 7122/3893/1355 7119/2087/1354 7120/2084/1354
f 7124/3894/1356 7121/3895/1355 7122/3893/1355
f 7126/3896/1357 7123/3897/1356 7124/3894/1356
f 7128/2094/1358 7125/3898/1357 7126/3896/1357
f 7130/3899/1359 7127/2097/1358 7128/2094/1358
f 7132/3259/1360 7129/3900/1359 7130/3899/1359
f 7134/3901/1361 7131/3261/1360 7132/3259/1360
f 7136/2104/1362 7133/3902/1361 7134/3901/1361
f 7138/3903/1363 7135/2107/1362 7136/2104/1362
f 7140/3904/1364 7137/3905/1363 7138/3903/1363
f 7142/3906/1365 7139/3907/1364 7140/3904/1364
f 7144/2114/1366 7141/3908/1365 7142/3906/1365
f 7146/3909/1367 7143/464/1366 7144/2114/1366
f 7148/3910/1368 7145/3911/1367 7146/3909/1367
f 7150/3912/1369 7147/3913/1368 7148/3910/1368
f 7152/2123/1370 7149/3914/1369 7150/3912/1369
f 7154/3915/1371 7151/2126/1370 7152/2123/1370
f 7156/3346/1372 7153/3916/1371 7154/3915/1371
f 7158/3917/1373 7155/3349/1372 7156/3346/1372
f 7160/2133/1374 7157/3918/1373 7158/3917/1373
f 7162/3919/1375 7159/2136/1374 7160/2133/1374
f 7164/3920/1376 7161/3921/1375 7162/3919/1375
f 7166/3922/1377 7163/3923/1376 7164/3920/1376
f 7168/2143/1378 7165/3924/1377 7166/3922/1377
f 7170/3925/1379 7167/2146/1378 7168/2143/1378
f 7172/3926/1380 7169/3927/1379 7170/3925/1379
f 7174/3928/1381 7171/3929/1380 7172/3926/1380
f 7176/2153/1382 7173/3930/1381 7174/3928/1381
f 7178/3931/1383 7175/2156/1382 7176/2153/1382
f 7180/3433/1384 7177/3932/1383 7178/3931/1383
f 7182/3933/1385 7179/3436/1384 7180/3433/1384
f 7184/2163/1386 7181/3934/1385 7182/3933/1385
f 7186/3935/1387 7183/2166/1386 7184/2163/1386
f 7188/3936/1388 7185/3937/1387 7186/3935/1387
f 7190/3938/1389 7187/3939/1388 7188/3936/1388
f 7192/2173/1390 7189/3940/1389 7190/3938/1389
f 7194/3941/1391 7191/2176/1390 7192/2173/1390
f 7196/3942/1392 7193/3943/1391 7194/3941/1391
f 7198/3944/1393 7195/3945/1392 7196/3942/1392
f 7200/2183/1394 7197/3946/1395 7198/3944/1393
f 7202/3947/1396 7199/2186/1394 7200/2183/1394
f 7204/3520/1397 7201/3948/1396 7202/3947/1396
f 7206/3949/1398 7203/3523/1399 7204/3520/1397
f 7208/2193/1400 7205/3950/1398 7206/3949/1398
f 7210/3951/1401 7207/2196/1400 7208/2193/1400
f 7212/3952/1402 7209/3953/1401 7210/3951/1401
f 7214/3954/1403 7211/3955/1402 7212/3952/1402
f 7216/2203/1404 7213/3956/1403 7214/3954/1403
f 7218/3957/1405 7215/2206/1404 7216/2203/1404
f 7220/3958/1406 7217/3959/1405 7218/3957/1405
f 7222/3960/1407 7219/3961/1406 7220/3958/1406
f 7224/2213/1408 7221/3962/291 7222/3960/1407
f 7226/3963/1409 7223/2216/1408 7224/2213/1408
f 7228/3607/1410 7225/3964/1409 7226/3963/1409
f 7230/3965/1411 7227/3610/1410 7228/3607/1410
f 7232/2223/1412 7229/3966/1411 7230/3965/1411
f 7234/3967/1413 7231/2226/1412 7232/2223/1412
f 7236/3968/1414 7233/3969/1413 7234/3967/1413
f 7238/3970/1415 7235/3971/1414 7236/3968/1414
f 7048/2233/1319 7237/3972/1416 7238/3970/1415
f 7242/3653/1417 7239/288/687 7240/1997/687
f 7244/3654/1418 7241/3655/1417 7242/3653/1417
f 7246/3656/1419 7243/3657/1418 7244/3654/1418
f 7248/3658/1420 7245/3659/1421 7246/3656/1419
f 7250/3660/1422 7247/3661/1420 7248/3658/1420
f 7252/3662/1423 7249/3663/1424 7250/3660/1422
f 7254/3664/1425 7251/3665/1423 7252/3662/1423
f 7256/3666/1426 7253/3667/1425 7254/3664/1425
f 7258/2014/1427 7255/3668/1426 7256/3666/1426
f 7260/3669/1428 7257/2017/1427 7258/2014/1427
f 7262/3670/1429 7259/3671/1428 7260/3669/1428
f 7264/3672/1430 7261/3673/1429 7262/3670/1429
f 7266/3674/1431 7263/3675/1430 7264/3672/1430
f 7268/3676/1432 7265/3677/1431 7266/3674/1431
f 7270/3678/1433 7267/3679/1432 7268/3676/1432
f 7272/3680/1434 7269/3681/1433 7270/3678/1433
f 7274/3682/1435 7271/3683/1434 7272/3680/1434
f 7276/2034/1436 7273/3684/1435 7274/3682/1435
f 7278/3685/1437 7275/2037/1436 7276/2034/1436
f 7280/3686/1438 7277/3687/1437 7278/3685/1437
f 7282/3688/1439 7279/3689/1438 7280/3686/1438
f 7284/3690/1440 7281/3691/1439 7282/3688/1439
f 7286/3692/1441 7283/3693/1440 7284/3690/1440
f 7288/3694/1442 7285/3695/1441 7286/3692/1441
f 7290/3696/1443 7287/3697/1442 7288/3694/1442
f 7292/3698/1444 7289/3699/1443 7290/3696/1443
f 7294/2054/1445 7291/3700/1444 7292/3698/1444
f 7296/3701/1446 7293/2057/1445 7294/2054/1445
f 7298/3702/1447 7295/3703/1446 7296/3701/1446
f 7300/3704/1448 7297/3705/1447 7298/3702/1447
f 7302/3706/1449 7299/3707/1448 7300/3704/1448
f 7304/3708/1450 7301/3709/1449 7302/3706/1449
f 7306/3710/1451 7303/3711/1450 7304/3708/1450
f 7308/3712/1452 7305/3713/1451 7306/3710/1451
f 7310/3714/1453 7307/3715/1452 7308/3712/1452
f 7312/2074/1454 7309/3716/1453 7310/3714/1453
f 7314/3717/1455 7311/2077/1454 7312/2074/1454
f 7316/3718/1456 7313/3719/1455 7314/3717/1455
f 7318/3720/1457 7315/3721/1456 7316/3718/1456
f 7320/3722/1458 7317/3723/1457 7318/3720/1457
f 7322/3724/1459 7319/3725/1458 7320/3722/1458
f 7324/3726/1460 7321/3727/1459 7322/3724/1459
f 7326/3728/1461 7323/3729/1460 7324/3726/1460
f 7328/3730/1462 7325/3731/1461 7326/3728/1461
f 7330/2094/1463 7327/3732/1462 7328/3730/1462
f 7332/3733/1464 7329/2097/1463 7330/2094/1463
f 7334/3734/1465 7331/3735/1464 7332/3733/1464
f 7336/3736/1466 7333/3737/1465 7334/3734/1465
f 7338/3738/1467 7335/3739/1466 7336/3736/1466
f 7340/3740/1468 7337/3741/1467 7338/3738/1467
f 7342/3742/1469 7339/3743/1468 7340/3740/1468
f 7344/3744/1470 7341/3745/1469 7342/3742/1469
f 7346/3746/1471 7343/3747/1470 7344/3744/1470
f 7348/2114/1472 7345/3748/1471 7346/3746/1471
f 7350/3749/1473 7347/464/1472 7348/2114/1472
f 7352/3750/1474 7349/3751/1473 7350/3749/1473
f 7354/3752/1475 7351/3753/1474 7352/3750/1474
f 7356/3754/1476 7353/3755/1475 7354/3752/1475
f 7358/3756/1477 7355/3757/1476 7356/3754/1476
f 7360/3758/1478 7357/3759/1477 7358/3756/1477
f 7362/3760/1479 7359/3761/1478 7360/3758/1478
f 7364/3762/1480 7361/3763/1479 7362/3760/1479
f 7366/2133/1481 7363/3764/1480 7364/3762/1480
f 7368/3765/1482 7365/2136/1481 7366/2133/1481
f 7370/3766/1483 7367/3767/1482 7368/3765/1482
f 7372/3768/1484 7369/3769/1483 7370/3766/1483
f 7374/3770/1485 7371/3771/1484 7372/3768/1484
f 7376/3772/1486 7373/3773/1485 7374/3770/1485
f 7378/3774/1487 7375/3775/1486 7376/3772/1486
f 7380/3776/1488 7377/3777/1487 7378/3774/1487
f 7382/3778/1489 7379/3779/1488 7380/3776/1488
f 7384/2153/1490 7381/3780/1489 7382/3778/1489
f 7386/3781/1491 7383/2156/1490 7384/2153/1490
f 7388/3782/1492 7385/3783/1491 7386/3781/1491
f 7390/3784/1493 7387/3785/1492 7388/3782/1492
f 7392/3786/1494 7389/3787/1493 7390/3784/1493
f 7394/3788/1495 7391/3789/1494 7392/3786/1494
f 7396/3790/1496 7393/3791/1495 7394/3788/1495
f 7398/3792/1497 7395/3793/1496 7396/3790/1496
f 7400/3794/1498 7397/3795/1497 7398/3792/1497
f 7402/2173/1499 7399/3796/1498 7400/3794/1498
f 7404/3797/1500 7401/2176/1499 7402/2173/1499
f 7406/3798/1501 7403/3799/1500 7404/3797/1500
f 7408/3800/1502 7405/3801/1501 7406/3798/1501
f 7410/3802/1503 7407/3803/1502 7408/3800/1502
f 7412/3804/1504 7409/3805/1503 7410/3802/1503
f 7414/3806/1505 7411/3807/1504 7412/3804/1504
f 7416/3808/1506 7413/3809/1505 7414/3806/1505
f 7418/3810/1507 7415/3811/1506 7416/3808/1506
f 7420/2193/1508 7417/3812/1507 7418/3810/1507
f 7422/3813/1509 7419/2196/1508 7420/2193/1508
f 7424/3814/1510 7421/3815/1509 7422/3813/1509
f 7426/3816/1511 7423/3817/1510 7424/3814/1510
f 7428/3818/1512 7425/3819/1511 7426/3816/1511
f 7430/3820/1513 7427/3821/1512 7428/3818/1512
f 7432/3822/1514 7429/3823/1513 7430/3820/1513
f 7434/3824/1515 7431/3825/1514 7432/3822/1514
f 7436/3826/1516 7433/3827/1515 7434/3824/1515
f 7438/2213/1517 7435/3828/1518 7436/3826/1516
f 7440/3829/1519 7437/2216/1517 7438/2213/1517
f 7442/3830/1520 7439/3831/1521 7440/3829/1519
f 7444/3832/1522 7441/3833/1520 7442/3830/1520
f 7446/3834/1523 7443/3835/1522 7444/3832/1522
f 7448/3836/1524 7445/3837/1523 7446/3834/1523
f 7450/3838/1525 7447/3839/1524 7448/3836/1524
f 7452/3840/1526 7449/3841/1525 7450/3838/1525
f 7454/3842/1527 7451/3843/1526 7452/3840/1526
f 7240/2233/687 7453/3844/1527 7454/3842/1527
f 7458/3653/1528 7455/288/1529 7456/1997/1529
f 7460/3654/1530 7457/3655/1528 7458/3653/1528
f 7462/3656/1531 7459/3657/1530 7460/3654/1530
f 7464/3658/1532 7461/3659/1531 7462/3656/1531
f 7466/3660/1533 7463/3661/1532 7464/3658/1532
f 7468/3662/1534 7465/3663/1535 7466/3660/1533
f 7470/3664/1536 7467/3665/1534 7468/3662/1534
f 7472/3666/1537 7469/3667/1536 7470/3664/1536
f 7474/2014/1538 7471/3668/1537 7472/3666/1537
f 7476/3669/1539 7473/2017/1538 7474/2014/1538
f 7478/3670/1540 7475/3671/1539 7476/3669/1539
f 7480/3672/1541 7477/3673/1540 7478/3670/1540
f 7482/3674/1542 7479/3675/1541 7480/3672/1541
f 7484/3676/1543 7481/3677/1542 7482/3674/1542
f 7486/3678/1544 7483/3679/1543 7484/3676/1543
f 7488/3680/1545 7485/3681/1544 7486/3678/1544
f 7490/3682/1546 7487/3683/1545 7488/3680/1545
f 7492/2034/1547 7489/3684/1546 7490/3682/1546
f 7494/3685/1548 7491/2037/1547 7492/2034/1547
f 7496/3686/1549 7493/3687/1548 7494/3685/1548
f 7498/3688/1550 7495/3689/1549 7496/3686/1549
f 7500/3690/1551 7497/3691/1550 7498/3688/1550
f 7502/3692/1552 7499/3693/1551 7500/3690/1551
f 7504/3694/1553 7501/3695/1552 7502/3692/1552
f 7506/3696/1554 7503/3697/1553 7504/3694/1553
f 7508/3698/1555 7505/3699/1554 7506/3696/1554
f 7510/2054/1556 7507/3700/1555 7508/3698/1555
f 7512/3701/1557 7509/2057/1556 7510/2054/1556
f 7514/3702/1558 7511/3703/1557 7512/3701/1557
f 7516/3704/1559 7513/3705/1558 7514/3702/1558
f 7518/3706/1560 7515/3707/1559 7516/3704/1559
f 7520/3708/1561 7517/3709/1560 7518/3706/1560
f 7522/3710/1562 7519/3711/1561 7520/3708/1561
f 7524/3712/1563 7521/3713/1562 7522/3710/1562
f 7526/3714/1564 7523/3715/1563 7524/3712/1563
f 7528/2074/810 7525/3716/1564 7526/3714/1564
f 7530/3717/1565 7527/2077/810 7528/2074/810
f 7532/3718/1566 7529/3719/1565 7530/3717/1565
f 7534/3720/1567 7531/3721/1568 7532/3718/1566
f 7536/3722/1569 7533/3723/1567 7534/3720/1567
f 7538/3724/1570 7535/3725/1358 7536/3722/1569
f 7540/3726/1571 7537/3727/1570 7538/3724/1570
f 7542/3728/1572 7539/3729/1571 7540/3726/1571
f 7544/3730/1573 7541/3731/1572 7542/3728/1572
f 7546/2094/1574 7543/3732/1573 7544/3730/1573
f 7548/3733/1575 7545/2097/1574 7546/2094/1574
f 7550/3734/1576 7547/3735/1575 7548/3733/1575
f 7552/3736/1577 7549/3737/1576 7550/3734/1576
f 7554/3738/1578 7551/3739/1577 7552/3736/1577
f 7556/3740/1579 7553/3741/1578 7554/3738/1578
f 7558/3742/1580 7555/3743/1579 7556/3740/1579
f 7560/3744/1581 7557/3745/1580 7558/3742/1580
f 7562/3746/1582 7559/3747/1581 7560/3744/1581
f 7564/2114/1260 7561/3748/1582 7562/3746/1582
f 7566/3749/1583 7563/464/1260 7564/2114/1260
f 7568/3750/1584 7565/3751/1583 7566/3749/1583
f 7570/3752/1585 7567/3753/1584 7568/3750/1584
f 7572/3754/1586 7569/3755/1585 7570/3752/1585
f 7574/3756/1587 7571/3757/1586 7572/3754/1586
f 7576/3758/1588 7573/3759/1587 7574/3756/1587
f 7578/3760/1589 7575/3761/1588 7576/3758/1588
f 7580/3762/1590 7577/3763/1589 7578/3760/1589
f 7582/2133/1591 7579/3764/1590 7580/3762/1590
f 7584/3765/1592 7581/2136/1591 7582/2133/1591
f 7586/3766/1593 7583/3767/1592 7584/3765/1592
f 7588/3768/1594 7585/3769/1593 7586/3766/1593
f 7590/3770/1595 7587/3771/1594 7588/3768/1594
f 7592/3772/1596 7589/3773/1595 7590/3770/1595
f 7594/3774/1597 7591/3775/1598 7592/3772/1596
f 7596/3776/1599 7593/3777/1597 7594/3774/1597
f 7598/3778/1600 7595/3779/1599 7596/3776/1599
f 7600/2153/1601 7597/3780/1600 7598/3778/1600
f 7602/3781/1601 7599/2156/1601 7600/2153/1601
f 7604/3782/1602 7601/3783/1601 7602/3781/1601
f 7606/3784/1603 7603/3785/1602 7604/3782/1602
f 7608/3786/1604 7605/3787/1603 7606/3784/1603
f 7610/3788/1605 7607/3789/1604 7608/3786/1604
f 7612/3790/1606 7609/3791/1605 7610/3788/1605
f 7614/3792/1607 7611/3793/1606 7612/3790/1606
f 7616/3794/1608 7613/3795/1607 7614/3792/1607
f 7618/2173/1609 7615/3796/1608 7616/3794/1608
f 7620/3797/1610 7617/2176/1611 7618/2173/1609
f 7622/3798/1612 7619/3799/1610 7620/3797/1610
f 7624/3800/1613 7621/3801/1612 7622/3798/1612
f 7626/3802/1614 7623/3803/1613 7624/3800/1613
f 7628/3804/1615 7625/3805/1614 7626/3802/1614
f 7630/3806/1616 7627/3807/1615 7628/3804/1615
f 7632/3808/1617 7629/3809/1618 7630/3806/1616
f 7634/3810/1619 7631/3811/1509 7632/3808/1617
f 7636/2193/1620 7633/3812/1619 7634/3810/1619
f 7638/3813/1621 7635/2196/1620 7636/2193/1620
f 7640/3814/1622 7637/3815/1621 7638/3813/1621
f 7642/3816/1623 7639/3817/1622 7640/3814/1622
f 7644/3818/1624 7641/3819/1623 7642/3816/1623
f 7646/3820/1625 7643/3821/1624 7644/3818/1624
f 7648/3822/1626 7645/3823/1625 7646/3820/1625
f 7650/3824/1627 7647/3825/1626 7648/3822/1626
f 7652/3826/1628 7649/3827/1629 7650/3824/1627
f 7654/2213/1630 7651/3828/1628 7652/3826/1628
f 7656/3829/1631 7653/2216/1630 7654/2213/1630
f 7658/3830/1632 7655/3831/1631 7656/3829/1631
f 7660/3832/1633 7657/3833/1632 7658/3830/1632
f 7662/3834/1634 7659/3835/1633 7660/3832/1633
f 7664/3836/1635 7661/3837/1634 7662/3834/1634
f 7666/3838/1636 7663/3839/1635 7664/3836/1635
f 7668/3840/1637 7665/3841/1636 7666/3838/1636
f 7670/3842/1638 7667/3843/1637 7668/3840/1637
f 7456/2233/1529 7669/3844/1638 7670/3842/1638
f 7674/1996/1639 7671/288/1640 7672/1997/1640
f 7676/1998/1641 7673/1999/1639 7674/1996/1639
f 7678/2000/1642 7675/2001/1641 7676/1998/1641
f 7680/2002/1643 7677/2003/1642 7678/2000/1642
f 7682/2004/1644 7679/2005/1643 7680/2002/1643
f 7684/2006/1645 7681/2007/1644 7682/2004/1644
f 7686/2008/1646 7683/2009/1645 7684/2006/1645
f 7688/2010/1647 7685/2011/1646 7686/2008/1646
f 7690/2012/1648 7687/2013/1647 7688/2010/1647
f 7692/2014/506 7689/2015/1648 7690/2012/1648
f 7694/2016/1649 7691/2017/506 7692/2014/506
f 7696/2018/1650 7693/2019/1649 7694/2016/1649
f 7698/2020/1651 7695/2021/1650 7696/2018/1650
f 7700/2022/1652 7697/2023/1651 7698/2020/1651
f 7702/2024/1653 7699/2025/1652 7700/2022/1652
f 7704/2026/1654 7701/2027/1653 7702/2024/1653
f 7706/2028/1655 7703/2029/1654 7704/2026/1654
f 7708/2030/1656 7705/2031/1655 7706/2028/1655
f 7710/2032/1657 7707/2033/1656 7708/2030/1656
f 7712/2034/1658 7709/2035/1657 7710/2032/1657
f 7714/2036/1659 7711/2037/1658 7712/2034/1658
f 7716/2038/1660 7713/2039/1659 7714/2036/1659
f 7718/2040/1661 7715/2041/1660 7716/2038/1660
f 7720/2042/1662 7717/2043/1663 7718/2040/1661
f 7722/2044/1664 7719/2045/1662 7720/2042/1662
f 7724/2046/1665 7721/2047/1664 7722/2044/1664
f 7726/2048/1666 7723/2049/1665 7724/2046/1665
f 7728/2050/1667 7725/2051/1666 7726/2048/1666
f 7730/2052/1668 7727/2053/1667 7728/2050/1667
f 7732/2054/1669 7729/2055/1668 7730/2052/1668
f 7734/2056/1670 7731/2057/1669 7732/2054/1669
f 7736/2058/1671 7733/2059/1670 7734/2056/1670
f 7738/2060/1672 7735/2061/1671 7736/2058/1671
f 7740/2062/1673 7737/2063/1672 7738/2060/1672
f 7742/2064/1674 7739/2065/1673 7740/2062/1673
f 7744/2066/1675 7741/2067/1674 7742/2064/1674
f 7746/2068/1676 7743/2069/1677 7744/2066/1675
f 7748/2070/1678 7745/2071/1676 7746/2068/1676
f 7750/2072/1679 7747/2073/1678 7748/2070/1678
f 7752/2074/1680 7749/2075/1681 7750/2072/1679
f 7754/2076/1682 7751/2077/1680 7752/2074/1680
f 7756/2078/1683 7753/2079/1682 7754/2076/1682
f 7758/2080/1684 7755/2081/1683 7756/2078/1683
f 7760/2082/1685 7757/2083/1686 7758/2080/1684
f 7762/2084/1687 7759/2085/1688 7760/2082/1685
f 7764/2086/1689 7761/2087/1687 7762/2084/1687
f 7766/2088/1690 7763/2089/1689 7764/2086/1689
f 7768/2090/1691 7765/2091/1692 7766/2088/1690
f 7770/2092/1693 7767/2093/1691 7768/2090/1691
f 7772/2094/1694 7769/2095/1693 7770/2092/1693
f 7774/2096/1695 7771/2097/1694 7772/2094/1694
f 7776/2098/1696 7773/2099/1697 7774/2096/1695
f 7778/2100/1698 7775/2101/1696 7776/2098/1696
f 7780/2102/1699 7777/2103/1698 7778/2100/1698
f 7782/2104/1700 7779/2105/1701 7780/2102/1699
f 7784/2106/1702 7781/2107/1700 7782/2104/1700
f 7786/2108/1703 7783/2109/1702 7784/2106/1702
f 7788/2110/1704 7785/2111/1703 7786/2108/1703
f 7790/2112/1705 7787/2113/1704 7788/2110/1704
f 7792/2114/1706 7789/2115/1705 7790/2112/1705
f 7794/2116/1707 7791/464/1706 7792/2114/1706
f 7796/2117/1708 7793/2118/1707 7794/2116/1707
f 7798/2119/1709 7795/2120/1708 7796/2117/1708
f 7800/2121/1710 7797/2122/1709 7798/2119/1709
f 7802/2123/1711 7799/2124/1710 7800/2121/1710
f 7804/2125/1712 7801/2126/1711 7802/2123/1711
f 7806/2127/1713 7803/2128/1712 7804/2125/1712
f 7808/2129/1714 7805/2130/1713 7806/2127/1713
f 7810/2131/1715 7807/2132/1714 7808/2129/1714
f 7812/2133/798 7809/2134/1715 7810/2131/1715
f 7814/2135/1716 7811/2136/798 7812/2133/798
f 7816/2137/1717 7813/2138/1716 7814/2135/1716
f 7818/2139/1718 7815/2140/1717 7816/2137/1717
f 7820/2141/1719 7817/2142/1718 7818/2139/1718
f 7822/2143/1720 7819/2144/1719 7820/2141/1719
f 7824/2145/1721 7821/2146/1720 7822/2143/1720
f 7826/2147/1722 7823/2148/1721 7824/2145/1721
f 7828/2149/1723 7825/2150/1722 7826/2147/1722
f 7830/2151/1724 7827/2152/1723 7828/2149/1723
f 7832/2153/1725 7829/2154/1724 7830/2151/1724
f 7834/2155/1726 7831/2156/1727 7832/2153/1725
f 7836/2157/1728 7833/2158/1726 7834/2155/1726
f 7838/2159/1729 7835/2160/1728 7836/2157/1728
f 7840/2161/1730 7837/2162/1731 7838/2159/1729
f 7842/2163/1732 7839/2164/1730 7840/2161/1730
f 7844/2165/1733 7841/2166/1732 7842/2163/1732
f 7846/2167/1734 7843/2168/1733 7844/2165/1733
f 7848/2169/1735 7845/2170/1734 7846/2167/1734
f 7850/2171/1736 7847/2172/1735 7848/2169/1735
f 7852/2173/1737 7849/2174/1736 7850/2171/1736
f 7854/2175/1738 7851/2176/1737 7852/2173/1737
f 7856/2177/1739 7853/2178/1738 7854/2175/1738
f 7858/2179/1740 7855/2180/1739 7856/2177/1739
f 7860/2181/1741 7857/2182/1740 7858/2179/1740
f 7862/2183/1742 7859/2184/1741 7860/2181/1741
f 7864/2185/1743 7861/2186/1742 7862/2183/1742
f 7866/2187/1744 7863/2188/1743 7864/2185/1743
f 7868/2189/1745 7865/2190/1744 7866/2187/1744
f 7870/2191/1746 7867/2192/1745 7868/2189/1745
f 7872/2193/1747 7869/2194/1746 7870/2191/1746
f 7874/2195/1748 7871/2196/1747 7872/2193/1747
f 7876/2197/1749 7873/2198/1748 7874/2195/1748
f 7878/2199/1750 7875/2200/1749 7876/2197/1749
f 7880/2201/1751 7877/2202/1750 7878/2199/1750
f 7882/2203/1752 7879/2204/1751 7880/2201/1751
f 7884/2205/1753 7881/2206/1752 7882/2203/1752
f 7886/2207/1754 7883/2208/1755 7884/2205/1753
f 7888/2209/1756 7885/2210/1757 7886/2207/1754
f 7890/2211/1758 7887/2212/1756 7888/2209/1756
f 7892/2213/1759 7889/2214/1758 7890/2211/1758
f 7894/2215/1760 7891/2216/1759 7892/2213/1759
f 7896/2217/1761 7893/2218/1760 7894/2215/1760
f 7898/2219/1762 7895/2220/1761 7896/2217/1761
f 7900/2221/1763 7897/2222/1762 7898/2219/1762
f 7902/2223/1764 7899/2224/1763 7900/2221/1763
f 7904/2225/1765 7901/2226/1764 7902/2223/1764
f 7906/2227/1766 7903/2228/1765 7904/2225/1765
f 7908/2229/1767 7905/2230/1766 7906/2227/1766
f 7910/2231/1768 7907/2232/1767 7908/2229/1767
f 7672/2233/1640 7909/2234/1768 7910/2231/1768
f 7914/3973/1769 7911/288/1770 7912/1997/1770
f 7916/3974/1771 7913/3975/1772 7914/3973/1769
f 7918/3846/1773 7915/3976/1771 7916/3974/1771
f 7920/3656/1774 7917/3849/1775 7918/3846/1773
f 7922/3977/1195 7919/3659/1774 7920/3656/1774
f 7924/2004/1776 7921/3978/1195 7922/3977/1195
f 7926/3979/1777 7923/2007/1776 7924/2004/1776
f 7928/3662/1778 7925/3980/1777 7926/3979/1777
f 7930/2997/1779 7927/3665/1778 7928/3662/1778
f 7932/3981/1780 7929/3000/1779 7930/2997/1779
f 7934/3982/1781 7931/3983/1780 7932/3981/1780
f 7936/2014/1782 7933/3984/1781 7934/3982/1781
f 7938/3985/1783 7935/2017/1782 7936/2014/1782
f 7940/3986/1784 7937/3987/1783 7938/3985/1783
f 7942/3856/1785 7939/3988/1784 7940/3986/1784
f 7944/3672/1786 7941/3859/1785 7942/3856/1785
f 7946/3989/1787 7943/3675/1786 7944/3672/1786
f 7948/2024/1788 7945/3990/1787 7946/3989/1787
f 7950/3991/1789 7947/2027/1788 7948/2024/1788
f 7952/3678/1790 7949/3992/1789 7950/3991/1789
f 7954/3862/1791 7951/3681/1790 7952/3678/1790
f 7956/3993/1792 7953/3865/1791 7954/3862/1791
f 7958/3994/1793 7955/3995/1792 7956/3993/1792
f 7960/2034/1794 7957/3996/1795 7958/3994/1793
f 7962/3997/1796 7959/2037/1794 7960/2034/1794
f 7964/3998/1797 7961/3999/1796 7962/3997/1796
f 7966/3084/1798 7963/4000/1797 7964/3998/1797
f 7968/3688/1799 7965/3087/1800 7966/3084/1798
f 7970/4001/1801 7967/3691/1799 7968/3688/1799
f 7972/2044/1802 7969/4002/1801 7970/4001/1801
f 7974/4003/1803 7971/2047/1802 7972/2044/1802
f 7976/3694/1804 7973/4004/1803 7974/4003/1803
f 7978/3872/1805 7975/3697/1806 7976/3694/1804
f 7980/4005/1807 7977/3875/1805 7978/3872/1805
f 7982/4006/1808 7979/4007/1807 7980/4005/1807
f 7984/2054/1809 7981/4008/1810 7982/4006/1808
f 7986/4009/1811 7983/2057/1809 7984/2054/1809
f 7988/4010/1812 7985/4011/1811 7986/4009/1811
f 7990/3878/1813 7987/4012/1812 7988/4010/1812
f 7992/3704/1814 7989/3881/1813 7990/3878/1813
f 7994/4013/1815 7991/3707/1814 7992/3704/1814
f 7996/2064/1816 7993/4014/1815 7994/4013/1815
f 7998/4015/1817 7995/2067/1816 7996/2064/1816
f 8000/3710/1818 7997/4016/1817 7998/4015/1817
f 8002/3171/1819 7999/3713/1818 8000/3710/1818
f 8004/4017/1820 8001/3174/1819 8002/3171/1819
f 8006/4018/1821 8003/4019/1820 8004/4017/1820
f 8008/2074/1822 8005/4020/1821 8006/4018/1821
f 8010/4021/1823 8007/2077/1822 8008/2074/1822
f 8012/4022/1824 8009/4023/1823 8010/4021/1823
f 8014/3888/1825 8011/4024/1824 8012/4022/1824
f 8016/3720/1826 8013/3891/1825 8014/3888/1825
f 8018/4025/1827 8015/3723/1826 8016/3720/1826
f 8020/2084/1828 8017/4026/1827 8018/4025/1827
f 8022/4027/1829 8019/2087/1828 8020/2084/1828
f 8024/3726/1830 8021/4028/1829 8022/4027/1829
f 8026/3894/1831 8023/3729/1830 8024/3726/1830
f 8028/4029/1832 8025/3897/1831 8026/3894/1831
f 8030/4030/1833 8027/4031/1832 8028/4029/1832
f 8032/2094/1834 8029/4032/1833 8030/4030/1833
f 8034/4033/1835 8031/2097/1834 8032/2094/1834
f 8036/4034/1836 8033/4035/1835 8034/4033/1835
f 8038/3259/1837 8035/4036/1836 8036/4034/1836
f 8040/3736/1838 8037/3261/1837 8038/3259/1837
f 8042/4037/1839 8039/3739/1838 8040/3736/1838
f 8044/2104/1840 8041/4038/1839 8042/4037/1839
f 8046/4039/1841 8043/2107/1840 8044/2104/1840
f 8048/3742/1842 8045/4040/1841 8046/4039/1841
f 8050/3904/1843 8047/3745/1842 8048/3742/1842
f 8052/4041/1844 8049/3907/1843 8050/3904/1843
f 8054/4042/1845 8051/4043/1844 8052/4041/1844
f 8056/2114/1846 8053/4044/1845 8054/4042/1845
f 8058/4045/1847 8055/464/1846 8056/2114/1846
f 8060/4046/1848 8057/4047/1847 8058/4045/1847
f 8062/3910/1849 8059/4048/1848 8060/4046/1848
f 8064/3752/1850 8061/3913/1849 8062/3910/1849
f 8066/4049/1851 8063/3755/1850 8064/3752/1850
f 8068/2123/1852 8065/4050/1851 8066/4049/1851
f 8070/4051/1853 8067/2126/1852 8068/2123/1852
f 8072/3758/1854 8069/4052/1853 8070/4051/1853
f 8074/3346/1855 8071/3761/1854 8072/3758/1854
f 8076/4053/1856 8073/3349/1855 8074/3346/1855
f 8078/4054/1857 8075/4055/1856 8076/4053/1856
f 8080/2133/1858 8077/4056/1857 8078/4054/1857
f 8082/4057/1859 8079/2136/1858 8080/2133/1858
f 8084/4058/1860 8081/4059/1859 8082/4057/1859
f 8086/3920/1861 8083/4060/1862 8084/4058/1860
f 8088/3768/1863 8085/3923/1861 8086/3920/1861
f 8090/4061/1864 8087/3771/1863 8088/3768/1863
f 8092/2143/1865 8089/4062/1864 8090/4061/1864
f 8094/4063/1866 8091/2146/1867 8092/2143/1865
f 8096/3774/1868 8093/4064/1866 8094/4063/1866
f 8098/3926/1869 8095/3777/1870 8096/3774/1868
f 8100/4065/1871 8097/3929/1869 8098/3926/1869
f 8102/4066/1872 8099/4067/1873 8100/4065/1871
f 8104/2153/1874 8101/4068/1872 8102/4066/1872
f 8106/4069/359 8103/2156/1874 8104/2153/1874
f 8108/4070/1875 8105/4071/1876 8106/4069/359
f 8110/3433/1877 8107/4072/1878 8108/4070/1875
f 8112/3784/1879 8109/3436/1877 8110/3433/1877
f 8114/4073/1880 8111/3787/1881 8112/3784/1879
f 8116/2163/1882 8113/4074/1880 8114/4073/1880
f 8118/4075/1883 8115/2166/1884 8116/2163/1882
f 8120/3790/139 8117/4076/1315 8118/4075/1883
f 8122/3936/1885 8119/3793/139 8120/3790/139
f 8124/4077/1886 8121/3939/1885 8122/3936/1885
f 8126/4078/1887 8123/4079/1886 8124/4077/1886
f 8128/2173/1888 8125/4080/1887 8126/4078/1887
f 8130/4081/1889 8127/2176/1888 8128/2173/1888
f 8132/4082/1890 8129/4083/1891 8130/4081/1889
f 8134/3942/1892 8131/4084/1890 8132/4082/1890
f 8136/3800/1777 8133/3945/1893 8134/3942/1892
f 8138/4085/1894 8135/3803/1777 8136/3800/1777
f 8140/2183/1895 8137/4086/1894 8138/4085/1894
f 8142/4087/1896 8139/2186/1895 8140/2183/1895
f 8144/3806/1897 8141/4088/1896 8142/4087/1896
f 8146/3520/1898 8143/3809/1899 8144/3806/1897
f 8148/4089/1900 8145/3523/1901 8146/3520/1898
f 8150/4090/1902 8147/4091/1900 8148/4089/1900
f 8152/2193/1903 8149/4092/1902 8150/4090/1902
f 8154/4093/1904 8151/2196/1903 8152/2193/1903
f 8156/4094/1905 8153/4095/1904 8154/4093/1904
f 8158/3952/1906 8155/4096/1905 8156/4094/1905
f 8160/3816/1907 8157/3955/1906 8158/3952/1906
f 8162/4097/1908 8159/3819/1907 8160/3816/1907
f 8164/2203/1909 8161/4098/1908 8162/4097/1908
f 8166/4099/1910 8163/2206/1909 8164/2203/1909
f 8168/3822/1911 8165/4100/1910 8166/4099/1910
f 8170/3958/1912 8167/3825/1911 8168/3822/1911
f 8172/4101/1913 8169/3961/1912 8170/3958/1912
f 8174/4102/1914 8171/4103/1913 8172/4101/1913
f 8176/2213/1915 8173/4104/1914 8174/4102/1914
f 8178/4105/1916 8175/2216/1915 8176/2213/1915
f 8180/4106/1917 8177/4107/1916 8178/4105/1916
f 8182/3607/1918 8179/4108/1917 8180/4106/1917
f 8184/3832/1919 8181/3610/1918 8182/3607/1918
f 8186/4109/1920 8183/3835/1919 8184/3832/1919
f 8188/2223/1921 8185/4110/1920 8186/4109/1920
f 8190/4111/1922 8187/2226/1921 8188/2223/1921
f 8192/3838/1923 8189/4112/1922 8190/4111/1922
f 8194/3968/1924 8191/3841/1923 8192/3838/1923
f 8196/4113/1925 8193/3971/1924 8194/3968/1924
f 8198/4114/1926 8195/4115/1925 8196/4113/1925
f 7912/2233/1770 8197/4116/1926 8198/4114/1926
f 8202/4117/1927 8199/288/1928 8200/1997/1928
f 8204/4118/1929 8201/4119/1927 8202/4117/1927
f 8206/4120/1930 8203/4121/1929 8204/4118/1929
f 8208/4122/1931 8205/4123/1930 8206/4120/1930
f 8210/4124/1932 8207/4125/1931 8208/4122/1931
f 8212/4126/1933 8209/4127/1934 8210/4124/1932
f 8214/4128/1935 8211/4129/1933 8212/4126/1933
f 8216/4130/1936 8213/4131/1935 8214/4128/1935
f 8218/4132/1937 8215/4133/1936 8216/4130/1936
f 8220/4134/1938 8217/4135/1937 8218/4132/1937
f 8222/4136/1939 8219/4137/1938 8220/4134/1938
f 8224/4138/1940 8221/4139/1939 8222/4136/1939
f 8226/4140/1941 8223/4141/1942 8224/4138/1940
f 8228/4142/1943 8225/4143/1941 8226/4140/1941
f 8230/4144/1944 8227/4145/1943 8228/4142/1943
f 8232/4146/1945 8229/4147/1944 8230/4144/1944
f 8234/4148/1946 8231/4149/1945 8232/4146/1945
f 8236/4150/1947 8233/4151/1946 8234/4148/1946
f 8238/4152/1948 8235/4153/1949 8236/4150/1947
f 8240/4154/1950 8237/4155/1948 8238/4152/1948
f 8242/4156/1951 8239/4157/1952 8240/4154/1950
f 8244/4158/1953 8241/4159/1951 8242/4156/1951
f 8246/4160/1954 8243/4161/1955 8244/4158/1953
f 8248/4162/1956 8245/4163/1954 8246/4160/1954
f 8250/4164/1957 8247/4165/1956 8248/4162/1956
f 8252/4166/1958 8249/4167/814 8250/4164/1957
f 8254/4168/1959 8251/4169/1958 8252/4166/1958
f 8256/4170/1243 8253/4171/1959 8254/4168/1959
f 8258/4172/1960 8255/4173/1243 8256/4170/1243
f 8260/4174/1961 8257/4175/1962 8258/4172/1960
f 8262/3672/1963 8259/4176/1961 8260/4174/1961
f 8264/4177/1964 8261/3675/1963 8262/3672/1963
f 8266/4178/1965 8263/4179/1964 8264/4177/1964
f 8268/4180/1966 8265/4181/1965 8266/4178/1965
f 8270/4182/1967 8267/4183/1966 8268/4180/1966
f 8272/4184/1968 8269/4185/1969 8270/4182/1967
f 8274/4186/1970 8271/4187/1968 8272/4184/1968
f 8276/4188/1971 8273/4189/1970 8274/4186/1970
f 8278/4190/1972 8275/4191/1971 8276/4188/1971
f 8280/4192/1973 8277/4193/1972 8278/4190/1972
f 8282/4194/1974 8279/4195/1973 8280/4192/1973
f 8284/4196/1975 8281/4197/1974 8282/4194/1974
f 8286/4198/1976 8283/4199/1975 8284/4196/1975
f 8288/4200/1977 8285/4201/1976 8286/4198/1976
f 8290/4202/1978 8287/4203/1977 8288/4200/1977
f 8292/4204/1979 8289/4205/1978 8290/4202/1978
f 8294/4206/1980 8291/4207/1979 8292/4204/1979
f 8296/4208/1981 8293/4209/1980 8294/4206/1980
f 8298/4210/1982 8295/4211/1981 8296/4208/1981
f 8300/4212/1983 8297/4213/1982 8298/4210/1982
f 8302/4214/1984 8299/4215/1983 8300/4212/1983
f 8304/4216/1985 8301/4217/1984 8302/4214/1984
f 8306/4218/1986 8303/4219/1985 8304/4216/1985
f 8308/4220/1987 8305/4221/1986 8306/4218/1986
f 8310/4222/1988 8307/4223/1987 8308/4220/1987
f 8312/4224/1989 8309/4225/1988 8310/4222/1988
f 8314/4226/1990 8311/4227/1989 8312/4224/1989
f 8316/4228/1991 8313/4229/1990 8314/4226/1990
f 8318/4230/1992 8315/4231/1991 8316/4228/1991
f 8320/4232/1993 8317/4233/1992 8318/4230/1992
f 8322/4234/1994 8319/4235/1993 8320/4232/1993
f 8324/3694/1995 8321/4236/1994 8322/4234/1994
f 8326/4237/1996 8323/3697/1995 8324/3694/1995
f 8328/4238/1997 8325/4239/1996 8326/4237/1996
f 8330/4240/1998 8327/4241/1997 8328/4238/1997
f 8332/4242/1999 8329/4243/1998 8330/4240/1998
f 8334/4244/2000 8331/4245/1999 8332/4242/1999
f 8336/4246/2001 8333/4247/2000 8334/4244/2000
f 8338/4248/2002 8335/4249/2001 8336/4246/2001
f 8340/4250/2003 8337/4251/2002 8338/4248/2002
f 8342/4252/2004 8339/4253/2003 8340/4250/2003
f 8344/4254/2005 8341/4255/2004 8342/4252/2004
f 8346/4256/2006 8343/4257/2007 8344/4254/2005
f 8348/4258/2008 8345/4259/2006 8346/4256/2006
f 8350/4260/2009 8347/4261/2010 8348/4258/2008
f 8352/4262/2011 8349/4263/2012 8350/4260/2009
f 8354/4264/2013 8351/4265/2014 8352/4262/2011
f 8356/4266/2015 8353/4267/2016 8354/4264/2013
f 8358/4268/2017 8355/4269/2018 8356/4266/2015
f 8360/4270/2019 8357/4271/2017 8358/4268/2017
f 8362/4272/2020 8359/4273/2021 8360/4270/2019
f 8364/4274/2022 8361/4275/2020 8362/4272/2020
f 8366/4276/2023 8363/4277/2022 8364/4274/2022
f 8368/4278/2024 8365/4279/2025 8366/4276/2023
f 8370/4280/2026 8367/4281/2027 8368/4278/2024
f 8372/4282/2028 8369/4283/2026 8370/4280/2026
f 8374/4284/2029 8371/4285/2028 8372/4282/2028
f 8376/4286/2030 8373/4287/2029 8374/4284/2029
f 8378/4288/2031 8375/4289/2030 8376/4286/2030
f 8380/4290/2032 8377/4291/2033 8378/4288/2031
f 8382/4292/2034 8379/4293/2035 8380/4290/2032
f 8384/4294/2036 8381/4295/2034 8382/4292/2034
f 8386/2074/2037 8383/4296/2036 8384/4294/2036
f 8388/4297/2038 8385/2077/2037 8386/2074/2037
f 8390/4298/2039 8387/4299/2038 8388/4297/2038
f 8392/4300/2040 8389/4301/2039 8390/4298/2039
f 8394/4302/2041 8391/4303/2042 8392/4300/2040
f 8396/4304/2043 8393/4305/2041 8394/4302/2041
f 8398/4306/2044 8395/4307/2045 8396/4304/2043
f 8400/4308/2046 8397/4309/2047 8398/4306/2044
f 8402/4310/2048 8399/4311/2049 8400/4308/2046
f 8404/4312/2050 8401/4313/2048 8402/4310/2048
f 8406/4314/2051 8403/4315/2050 8404/4312/2050
f 8408/4316/2052 8405/4317/2051 8406/4314/2051
f 8410/4318/2053 8407/4319/2052 8408/4316/2052
f 8412/4320/2054 8409/4321/2055 8410/4318/2053
f 8414/4322/2056 8411/4323/2054 8412/4320/2054
f 8416/4324/2057 8413/4325/2056 8414/4322/2056
f 8418/4326/2058 8415/4327/2057 8416/4324/2057
f 8420/4328/2059 8417/4329/2058 8418/4326/2058
f 8422/4330/2060 8419/4331/2059 8420/4328/2059
f 8424/4332/2061 8421/4333/2060 8422/4330/2060
f 8426/4334/2062 8423/4335/2061 8424/4332/2061
f 8428/4336/2063 8425/4337/2062 8426/4334/2062
f 8430/4338/2064 8427/4339/2063 8428/4336/2063
f 8432/4340/2065 8429/4341/2064 8430/4338/2064
f 8434/4342/2066 8431/4343/2065 8432/4340/2065
f 8436/4344/2067 8433/4345/2066 8434/4342/2066
f 8438/4346/2068 8435/4347/2069 8436/4344/2067
f 8440/4348/2070 8437/4349/2068 8438/4346/2068
f 8442/4350/2071 8439/4351/2070 8440/4348/2070
f 8444/4352/2072 8441/4353/2071 8442/4350/2071
f 8446/4354/2073 8443/4355/2074 8444/4352/2072
f 8448/3736/2075 8445/4356/2073 8446/4354/2073
f 8450/4357/1198 8447/3739/2075 8448/3736/2075
f 8452/4358/2076 8449/4359/1198 8450/4357/1198
f 8454/4360/2077 8451/4361/2076 8452/4358/2076
f 8456/4362/2078 8453/4363/2077 8454/4360/2077
f 8458/4364/2079 8455/4365/2078 8456/4362/2078
f 8460/4366/2080 8457/4367/2081 8458/4364/2079
f 8462/4368/2082 8459/4369/2080 8460/4366/2080
f 8464/4370/2083 8461/4371/2082 8462/4368/2082
f 8466/4372/2084 8463/4373/2083 8464/4370/2083
f 8468/4374/2085 8465/4375/2084 8466/4372/2084
f 8470/4376/2086 8467/4377/2085 8468/4374/2085
f 8472/4378/2087 8469/4379/2088 8470/4376/2086
f 8474/4380/2089 8471/4381/2090 8472/4378/2087
f 8476/4382/2091 8473/4383/2092 8474/4380/2089
f 8478/4384/2093 8475/4385/2091 8476/4382/2091
f 8480/4386/2094 8477/4387/2093 8478/4384/2093
f 8482/4388/2095 8479/4389/2094 8480/4386/2094
f 8484/4390/2096 8481/4391/2095 8482/4388/2095
f 8486/4392/2097 8483/4393/2098 8484/4390/2096
f 8488/4394/2099 8485/4395/2100 8486/4392/2097
f 8490/4396/308 8487/4397/2101 8488/4394/2099
f 8492/4398/2102 8489/4399/308 8490/4396/308
f 8494/4400/2103 8491/4401/2104 8492/4398/2102
f 8496/4402/2105 8493/4403/2106 8494/4400/2103
f 8498/4404/2107 8495/4405/2105 8496/4402/2105
f 8500/4406/2108 8497/4407/2107 8498/4404/2107
f 8502/4408/2109 8499/4409/2110 8500/4406/2108
f 8504/4410/2111 8501/4411/2112 8502/4408/2109
f 8506/4412/2113 8503/4413/2114 8504/4410/2111
f 8508/4414/2115 8505/4415/2113 8506/4412/2113
f 8510/3758/2116 8507/4416/2115 8508/4414/2115
f 8512/4417/2117 8509/3761/2116 8510/3758/2116
f 8514/4418/2118 8511/4419/2117 8512/4417/2117
f 8516/4420/2119 8513/4421/2118 8514/4418/2118
f 8518/4422/2120 8515/4423/2119 8516/4420/2119
f 8520/4424/2121 8517/4425/2120 8518/4422/2120
f 8522/4426/2122 8519/4427/2121 8520/4424/2121
f 8524/4428/2123 8521/4429/2122 8522/4426/2122
f 8526/4430/2124 8523/4431/2123 8524/4428/2123
f 8528/4432/2125 8525/4433/2124 8526/4430/2124
f 8530/4434/2126 8527/4435/2125 8528/4432/2125
f 8532/4436/2127 8529/4437/2126 8530/4434/2126
f 8534/4438/2128 8531/4439/2127 8532/4436/2127
f 8536/4440/2129 8533/4441/2128 8534/4438/2128
f 8538/4442/2130 8535/4443/2129 8536/4440/2129
f 8540/4444/2131 8537/4445/2130 8538/4442/2130
f 8542/4446/2132 8539/4447/2131 8540/4444/2131
f 8544/4448/2133 8541/4449/2132 8542/4446/2132
f 8546/4450/2134 8543/4451/2133 8544/4448/2133
f 8548/4452/2135 8545/4453/2134 8546/4450/2134
f 8550/4454/2136 8547/4455/2137 8548/4452/2135
f 8552/4456/2138 8549/4457/2139 8550/4454/2136
f 8554/4458/2140 8551/4459/2141 8552/4456/2138
f 8556/4460/2142 8553/4461/2140 8554/4458/2140
f 8558/4462/2143 8555/4463/2142 8556/4460/2142
f 8560/4464/2144 8557/4465/2143 8558/4462/2143
f 8562/4466/2145 8559/4467/2144 8560/4464/2144
f 8564/4468/2146 8561/4469/2145 8562/4466/2145
f 8566/4470/2147 8563/4471/2146 8564/4468/2146
f 8568/4472/2148 8565/4473/2147 8566/4470/2147
f 8570/4474/2149 8567/4475/2148 8568/4472/2148
f 8572/2153/2150 8569/4476/2149 8570/4474/2149
f 8574/4477/2151 8571/2156/2150 8572/2153/2150
f 8576/4478/2152 8573/4479/2153 8574/4477/2151
f 8578/4480/2154 8575/4481/2152 8576/4478/2152
f 8580/4482/2155 8577/4483/2154 8578/4480/2154
f 8582/4484/2156 8579/4485/2155 8580/4482/2155
f 8584/4486/2157 8581/4487/2156 8582/4484/2156
f 8586/4488/2158 8583/4489/2159 8584/4486/2157
f 8588/4490/2160 8585/4491/2158 8586/4488/2158
f 8590/4492/2161 8587/4493/2160 8588/4490/2160
f 8592/4494/2162 8589/4495/2161 8590/4492/2161
f 8594/4496/2163 8591/4497/2162 8592/4494/2162
f 8596/4498/2164 8593/4499/2165 8594/4496/2163
f 8598/4500/1282 8595/4501/2164 8596/4498/2164
f 8600/4502/2166 8597/4503/1282 8598/4500/1282
f 8602/4504/2167 8599/4505/2166 8600/4502/2166
f 8604/4506/2168 8601/4507/2167 8602/4504/2167
f 8606/4508/2169 8603/4509/2168 8604/4506/2168
f 8608/4510/2170 8605/4511/2171 8606/4508/2169
f 8610/4512/2172 8607/4513/2173 8608/4510/2170
f 8612/4514/2174 8609/4515/2175 8610/4512/2172
f 8614/4516/2176 8611/4517/2174 8612/4514/2174
f 8616/4518/2177 8613/4519/2176 8614/4516/2176
f 8618/4520/476 8615/4521/2177 8616/4518/2177
f 8620/4522/2178 8617/4523/476 8618/4520/476
f 8622/4524/2179 8619/4525/2180 8620/4522/2178
f 8624/4526/2181 8621/4527/2182 8622/4524/2179
f 8626/4528/2183 8623/4529/2181 8624/4526/2181
f 8628/4530/2184 8625/4531/2183 8626/4528/2183
f 8630/4532/2185 8627/4533/2184 8628/4530/2184
f 8632/4534/2186 8629/4535/2185 8630/4532/2185
f 8634/3800/2187 8631/4536/2188 8632/4534/2186
f 8636/4537/2189 8633/3803/2190 8634/3800/2187
f 8638/4538/2191 8635/4539/2192 8636/4537/2189
f 8640/4540/2193 8637/4541/2194 8638/4538/2191
f 8642/4542/2195 8639/4543/2196 8640/4540/2193
f 8644/4544/2197 8641/4545/2195 8642/4542/2195
f 8646/4546/2198 8643/4547/2197 8644/4544/2197
f 8648/4548/2199 8645/4549/2198 8646/4546/2198
f 8650/4550/2200 8647/4551/2199 8648/4548/2199
f 8652/4552/2201 8649/4553/2200 8650/4550/2200
f 8654/4554/2202 8651/4555/2201 8652/4552/2201
f 8656/4556/2203 8653/4557/2202 8654/4554/2202
f 8658/4558/2204 8655/4559/2203 8656/4556/2203
f 8660/4560/2205 8657/4561/2204 8658/4558/2204
f 8662/4562/2206 8659/4563/2207 8660/4560/2205
f 8664/4564/2208 8661/4565/2209 8662/4562/2206
f 8666/4566/2210 8663/4567/2208 8664/4564/2208
f 8668/4568/2211 8665/4569/2212 8666/4566/2210
f 8670/4570/2213 8667/4571/2211 8668/4568/2211
f 8672/4572/2214 8669/4573/2213 8670/4570/2213
f 8674/4574/2215 8671/4575/2214 8672/4572/2214
f 8676/4576/2216 8673/4577/2215 8674/4574/2215
f 8678/4578/2217 8675/4579/2216 8676/4576/2216
f 8680/4580/2218 8677/4581/2217 8678/4578/2217
f 8682/4582/2219 8679/4583/2218 8680/4580/2218
f 8684/4584/2220 8681/4585/2219 8682/4582/2219
f 8686/4586/2221 8683/4587/2220 8684/4584/2220
f 8688/4588/1636 8685/4589/2221 8686/4586/2221
f 8690/4590/2222 8687/4591/1636 8688/4588/1636
f 8692/4592/2223 8689/4593/2222 8690/4590/2222
f 8694/4594/2224 8691/4595/2223 8692/4592/2223
f 8696/3822/2225 8693/4596/2224 8694/4594/2224
f 8698/4597/2226 8695/3825/2227 8696/3822/2225
f 8700/4598/2228 8697/4599/2226 8698/4597/2226
f 8702/4600/2229 8699/4601/2228 8700/4598/2228
f 8704/4602/2230 8701/4603/2231 8702/4600/2229
f 8706/4604/2232 8703/4605/2230 8704/4602/2230
f 8708/4606/2233 8705/4607/2232 8706/4604/2232
f 8710/4608/2234 8707/4609/2233 8708/4606/2233
f 8712/4610/2235 8709/4611/2234 8710/4608/2234
f 8714/4612/2236 8711/4613/2235 8712/4610/2235
f 8716/4614/2237 8713/4615/2236 8714/4612/2236
f 8718/4616/2238 8715/4617/2237 8716/4614/2237
f 8720/4618/2239 8717/4619/2240 8718/4616/2238
f 8722/4620/2241 8719/4621/2239 8720/4618/2239
f 8724/4622/2242 8721/4623/2241 8722/4620/2241
f 8726/4624/2243 8723/4625/2242 8724/4622/2242
f 8728/4626/2244 8725/4627/2243 8726/4624/2243
f 8730/4628/2245 8727/4629/2244 8728/4626/2244
f 8732/4630/2246 8729/4631/2245 8730/4628/2245
f 8734/4632/1782 8731/4633/2246 8732/4630/2246
f 8736/4634/2247 8733/4635/1782 8734/4632/1782
f 8738/4636/2248 8735/4637/2247 8736/4634/2247
f 8740/4638/2249 8737/4639/2248 8738/4636/2248
f 8742/4640/2250 8739/4641/2249 8740/4638/2249
f 8744/4642/2251 8741/4643/2250 8742/4640/2250
f 8746/4644/2252 8743/4645/2251 8744/4642/2251
f 8748/4646/2253 8745/4647/2254 8746/4644/2252
f 8750/4648/2255 8747/4649/2256 8748/4646/2253
f 8752/4650/1433 8749/4651/2255 8750/4648/2255
f 8754/4652/2257 8751/4653/1433 8752/4650/1433
f 8756/4654/2258 8753/4655/2259 8754/4652/2257
f 8200/2233/1928 8755/4656/2260 8756/4654/2258
f 8760/4657/2261 8757/288/2262 8758/1997/2263
f 8762/4658/2264 8759/4659/2261 8760/4657/2261
f 8764/4660/2265 8761/4661/2264 8762/4658/2264
f 8766/4120/2266 8763/4662/2265 8764/4660/2265
f 8768/4663/2267 8765/4123/2266 8766/4120/2266
f 8770/4664/2268 8767/4665/2267 8768/4663/2267
f 8772/4666/2269 8769/4667/2268 8770/4664/2268
f 8774/4126/2270 8771/4668/2269 8772/4666/2269
f 8776/4669/2271 8773/4129/2270 8774/4126/2270
f 8778/4670/2272 8775/4671/2271 8776/4669/2271
f 8780/4672/2273 8777/4673/2272 8778/4670/2272
f 8782/4132/2274 8779/4674/2273 8780/4672/2273
f 8784/4675/2275 8781/4135/654 8782/4132/2274
f 8786/4676/2276 8783/4677/2275 8784/4675/2275
f 8788/4678/2277 8785/4679/2276 8786/4676/2276
f 8790/4138/2278 8787/4680/2277 8788/4678/2277
f 8792/4681/2279 8789/4141/2278 8790/4138/2278
f 8794/4682/2280 8791/4683/2279 8792/4681/2279
f 8796/4684/2281 8793/4685/2282 8794/4682/2280
f 8798/4144/2283 8795/4686/2281 8796/4684/2281
f 8800/4687/2284 8797/4147/2283 8798/4144/2283
f 8802/4688/2285 8799/4689/2284 8800/4687/2284
f 8804/4690/2286 8801/4691/2287 8802/4688/2285
f 8806/4150/2288 8803/4692/2286 8804/4690/2286
f 8808/4693/2289 8805/4153/2288 8806/4150/2288
f 8810/4694/2290 8807/4695/2289 8808/4693/2289
f 8812/4696/2291 8809/4697/2290 8810/4694/2290
f 8814/4156/2292 8811/4698/2291 8812/4696/2291
f 8816/4699/2293 8813/4159/2292 8814/4156/2292
f 8818/4700/2294 8815/4701/2293 8816/4699/2293
f 8820/2014/2295 8817/4702/2294 8818/4700/2294
f 8822/4162/2296 8819/2017/2295 8820/2014/2295
f 8824/4703/2297 8821/4165/2296 8822/4162/2296
f 8826/4704/624 8823/4705/2297 8824/4703/2297
f 8828/4706/2298 8825/4707/624 8826/4704/624
f 8830/4168/2299 8827/4708/2298 8828/4706/2298
f 8832/4709/2300 8829/4171/2299 8830/4168/2299
f 8834/4710/2301 8831/4711/2302 8832/4709/2300
f 8836/4712/2303 8833/4713/2301 8834/4710/2301
f 8838/4174/2304 8835/4714/2303 8836/4712/2303
f 8840/4715/2305 8837/4176/2304 8838/4174/2304
f 8842/4716/2306 8839/4717/2305 8840/4715/2305
f 8844/4718/2307 8841/4719/2308 8842/4716/2306
f 8846/4178/2309 8843/4720/2307 8844/4718/2307
f 8848/4721/2310 8845/4181/2309 8846/4178/2309
f 8850/4722/2311 8847/4723/2310 8848/4721/2310
f 8852/4724/2312 8849/4725/2311 8850/4722/2311
f 8854/4184/1287 8851/4726/2312 8852/4724/2312
f 8856/4727/2313 8853/4187/2314 8854/4184/1287
f 8858/4728/2315 8855/4729/2316 8856/4727/2313
f 8860/4730/2317 8857/4731/2318 8858/4728/2315
f 8862/4190/2319 8859/4732/2320 8860/4730/2317
f 8864/4733/2321 8861/4193/2319 8862/4190/2319
f 8866/4734/2322 8863/4735/2323 8864/4733/2321
f 8868/4736/2324 8865/4737/2322 8866/4734/2322
f 8870/4196/2325 8867/4738/2326 8868/4736/2324
f 8872/4739/2327 8869/4199/2328 8870/4196/2325
f 8874/4740/2329 8871/4741/2330 8872/4739/2327
f 8876/4742/307 8873/4743/2331 8874/4740/2329
f 8878/4202/1874 8875/4744/2332 8876/4742/307
f 8880/4745/2333 8877/4205/1874 8878/4202/1874
f 8882/2034/2334 8879/4746/2333 8880/4745/2333
f 8884/4747/2335 8881/2037/2334 8882/2034/2334
f 8886/4208/2336 8883/4748/2337 8884/4747/2335
f 8888/4749/2338 8885/4211/2339 8886/4208/2336
f 8890/4750/2340 8887/4751/2338 8888/4749/2338
f 8892/4752/2341 8889/4753/2342 8890/4750/2340
f 8894/4214/2343 8891/4754/2344 8892/4752/2341
f 8896/4755/2345 8893/4217/2343 8894/4214/2343
f 8898/4756/2346 8895/4757/2345 8896/4755/2345
f 8900/4758/2347 8897/4759/2348 8898/4756/2346
f 8902/4220/2349 8899/4760/2347 8900/4758/2347
f 8904/4761/2350 8901/4223/2351 8902/4220/2349
f 8906/4762/2352 8903/4763/2350 8904/4761/2350
f 8908/4764/2353 8905/4765/2352 8906/4762/2352
f 8910/4226/2354 8907/4766/2355 8908/4764/2353
f 8912/4767/2356 8909/4229/2357 8910/4226/2354
f 8914/4768/2358 8911/4769/2356 8912/4767/2356
f 8916/4770/2359 8913/4771/2360 8914/4768/2358
f 8918/4232/2361 8915/4772/2359 8916/4770/2359
f 8920/4773/159 8917/4235/2361 8918/4232/2361
f 8922/4774/2362 8919/4775/2363 8920/4773/159
f 8924/4776/2364 8921/4777/2362 8922/4774/2362
f 8926/4237/2365 8923/4778/2364 8924/4776/2364
f 8928/4779/2366 8925/4239/2365 8926/4237/2365
f 8930/4780/2367 8927/4781/2368 8928/4779/2366
f 8932/4782/2369 8929/4783/2367 8930/4780/2367
f 8934/4242/2370 8931/4784/2369 8932/4782/2369
f 8936/4785/1418 8933/4245/2370 8934/4242/2370
f 8938/4786/2371 8935/4787/1418 8936/4785/1418
f 8940/4788/2372 8937/4789/2371 8938/4786/2371
f 8942/4248/2373 8939/4790/2372 8940/4788/2372
f 8944/2054/2374 8941/4251/2373 8942/4248/2373
f 8946/4791/2375 8943/2057/2374 8944/2054/2374
f 8948/4792/2376 8945/4793/2375 8946/4791/2375
f 8950/4254/2377 8947/4794/2376 8948/4792/2376
f 8952/4795/2378 8949/4257/2377 8950/4254/2377
f 8954/4796/2379 8951/4797/2378 8952/4795/2378
f 8956/4798/2380 8953/4799/2381 8954/4796/2379
f 8958/4260/2382 8955/4800/2380 8956/4798/2380
f 8960/4801/2383 8957/4263/2382 8958/4260/2382
f 8962/4802/2384 8959/4803/2383 8960/4801/2383
f 8964/4804/2385 8961/4805/2384 8962/4802/2384
f 8966/4266/2386 8963/4806/2385 8964/4804/2385
f 8968/4807/2387 8965/4269/2386 8966/4266/2386
f 8970/4808/2388 8967/4809/2387 8968/4807/2387
f 8972/4810/2389 8969/4811/2388 8970/4808/2388
f 8974/4272/2390 8971/4812/2389 8972/4810/2389
f 8976/4813/2391 8973/4275/2390 8974/4272/2390
f 8978/4814/2392 8975/4815/2391 8976/4813/2391
f 8980/4816/2393 8977/4817/2394 8978/4814/2392
f 8982/4278/2395 8979/4818/2393 8980/4816/2393
f 8984/4819/2396 8981/4281/2395 8982/4278/2395
f 8986/4820/2397 8983/4821/2398 8984/4819/2396
f 8988/4822/2399 8985/4823/2400 8986/4820/2397
f 8990/4284/2401 8987/4824/2399 8988/4822/2399
f 8992/4825/2402 8989/4287/2401 8990/4284/2401
f 8994/4826/2403 8991/4827/2404 8992/4825/2402
f 8996/4828/2405 8993/4829/2403 8994/4826/2403
f 8998/4290/2406 8995/4830/2407 8996/4828/2405
f 9000/4831/2408 8997/4293/1319 8998/4290/2406
f 9002/4832/2409 8999/4833/2410 9000/4831/2408
f 9004/4834/2411 9001/4835/2020 9002/4832/2409
f 9006/2074/2412 9003/4836/2411 9004/4834/2411
f 9008/4837/2413 9005/2077/2414 9006/2074/2412
f 9010/4838/2415 9007/4839/2413 9008/4837/2413
f 9012/4840/2416 9009/4841/2417 9010/4838/2415
f 9014/4300/2418 9011/4842/2419 9012/4840/2416
f 9016/4843/2420 9013/4303/2418 9014/4300/2418
f 9018/4844/2421 9015/4845/2420 9016/4843/2420
f 9020/4846/2422 9017/4847/2421 9018/4844/2421
f 9022/4306/2423 9019/4848/2422 9020/4846/2422
f 9024/4849/2424 9021/4309/2423 9022/4306/2423
f 9026/4850/2425 9023/4851/2424 9024/4849/2424
f 9028/4852/2426 9025/4853/2425 9026/4850/2425
f 9030/4312/422 9027/4854/2426 9028/4852/2426
f 9032/4855/2427 9029/4315/422 9030/4312/422
f 9034/4856/2428 9031/4857/2427 9032/4855/2427
f 9036/4858/2429 9033/4859/2428 9034/4856/2428
f 9038/4318/2430 9035/4860/2429 9036/4858/2429
f 9040/4861/2431 9037/4321/2430 9038/4318/2430
f 9042/4862/2432 9039/4863/2431 9040/4861/2431
f 9044/4864/2433 9041/4865/2432 9042/4862/2432
f 9046/4324/2434 9043/4866/2433 9044/4864/2433
f 9048/4867/2435 9045/4327/2434 9046/4324/2434
f 9050/4868/2436 9047/4869/2435 9048/4867/2435
f 9052/4870/2437 9049/4871/2436 9050/4868/2436
f 9054/4330/2438 9051/4872/2437 9052/4870/2437
f 9056/4873/2439 9053/4333/2438 9054/4330/2438
f 9058/4874/2440 9055/4875/2439 9056/4873/2439
f 9060/4876/2441 9057/4877/2440 9058/4874/2440
f 9062/4336/2442 9059/4878/2441 9060/4876/2441
f 9064/4879/2443 9061/4339/2442 9062/4336/2442
f 9066/4880/2444 9063/4881/2443 9064/4879/2443
f 9068/2094/2445 9065/4882/2444 9066/4880/2444
f 9070/4342/2446 9067/2097/2445 9068/2094/2445
f 9072/4883/2447 9069/4345/2446 9070/4342/2446
f 9074/4884/2448 9071/4885/2447 9072/4883/2447
f 9076/4886/650 9073/4887/2448 9074/4884/2448
f 9078/4348/2449 9075/4888/650 9076/4886/650
f 9080/4889/643 9077/4351/2449 9078/4348/2449
f 9082/4890/2450 9079/4891/643 9080/4889/643
f 9084/4892/644 9081/4893/2450 9082/4890/2450
f 9086/4354/398 9083/4894/644 9084/4892/644
f 9088/4895/2451 9085/4356/398 9086/4354/398
f 9090/4896/2452 9087/4897/2451 9088/4895/2451
f 9092/4898/2453 9089/4899/2452 9090/4896/2452
f 9094/4358/2454 9091/4900/2453 9092/4898/2453
f 9096/4901/2455 9093/4361/2454 9094/4358/2454
f 9098/4902/430 9095/4903/2456 9096/4901/2455
f 9100/4904/423 9097/4905/430 9098/4902/430
f 9102/4364/412 9099/4906/423 9100/4904/423
f 9104/4907/2457 9101/4367/412 9102/4364/412
f 9106/4908/651 9103/4909/2457 9104/4907/2457
f 9108/4910/1265 9105/4911/651 9106/4908/651
f 9110/4370/2458 9107/4912/1265 9108/4910/1265
f 9112/4913/2459 9109/4373/2458 9110/4370/2458
f 9114/4914/2460 9111/4915/2459 9112/4913/2459
f 9116/4916/2461 9113/4917/2462 9114/4914/2460
f 9118/4376/1478 9115/4918/2461 9116/4916/2461
f 9120/4919/2463 9117/4379/1478 9118/4376/1478
f 9122/4920/2464 9119/4921/2463 9120/4919/2463
f 9124/4922/2465 9121/4923/2464 9122/4920/2464
f 9126/4382/2466 9123/4924/2465 9124/4922/2465
f 9128/4925/2467 9125/4385/2466 9126/4382/2466
f 9130/2114/2468 9127/4926/2467 9128/4925/2467
f 9132/4927/2469 9129/464/2468 9130/2114/2468
f 9134/4388/2470 9131/4928/2469 9132/4927/2469
f 9136/4929/2471 9133/4391/2470 9134/4388/2470
f 9138/4930/2472 9135/4931/2471 9136/4929/2471
f 9140/4932/2473 9137/4933/2472 9138/4930/2472
f 9142/4394/2474 9139/4934/2475 9140/4932/2473
f 9144/4935/2476 9141/4397/2477 9142/4394/2474
f 9146/4936/2478 9143/4937/2476 9144/4935/2476
f 9148/4938/2479 9145/4939/2480 9146/4936/2478
f 9150/4400/2481 9147/4940/2482 9148/4938/2479
f 9152/4941/2483 9149/4403/2481 9150/4400/2481
f 9154/4942/2484 9151/4943/2485 9152/4941/2483
f 9156/4944/2486 9153/4945/2487 9154/4942/2484
f 9158/4406/2488 9155/4946/2486 9156/4944/2486
f 9160/4947/471 9157/4409/2489 9158/4406/2488
f 9162/4948/2490 9159/4949/1873 9160/4947/471
f 9164/4950/2491 9161/4951/2492 9162/4948/2490
f 9166/4412/2493 9163/4952/2494 9164/4950/2491
f 9168/4953/2495 9165/4415/2496 9166/4412/2493
f 9170/4954/2497 9167/4955/2495 9168/4953/2495
f 9172/4956/2498 9169/4957/2499 9170/4954/2497
f 9174/4417/2500 9171/4958/2498 9172/4956/2498
f 9176/4959/2501 9173/4419/2502 9174/4417/2500
f 9178/4960/2503 9175/4961/2504 9176/4959/2501
f 9180/4962/2505 9177/4963/2506 9178/4960/2503
f 9182/4422/2507 9179/4964/2505 9180/4962/2505
f 9184/4965/2508 9181/4425/2507 9182/4422/2507
f 9186/4966/2509 9183/4967/2508 9184/4965/2508
f 9188/4968/2510 9185/4969/2511 9186/4966/2509
f 9190/4428/2512 9187/4970/2510 9188/4968/2510
f 9192/2133/2513 9189/4431/2514 9190/4428/2512
f 9194/4971/2515 9191/2136/2513 9192/2133/2513
f 9196/4972/2516 9193/4973/2515 9194/4971/2515
f 9198/4434/2517 9195/4974/2516 9196/4972/2516
f 9200/4975/2518 9197/4437/2517 9198/4434/2517
f 9202/4976/2519 9199/4977/2520 9200/4975/2518
f 9204/4978/2521 9201/4979/2522 9202/4976/2519
f 9206/4440/2523 9203/4980/2521 9204/4978/2521
f 9208/4981/2524 9205/4443/2523 9206/4440/2523
f 9210/4982/2525 9207/4983/2524 9208/4981/2524
f 9212/4984/2526 9209/4985/2525 9210/4982/2525
f 9214/4446/2527 9211/4986/2526 9212/4984/2526
f 9216/4987/2528 9213/4449/2527 9214/4446/2527
f 9218/4988/2529 9215/4989/2528 9216/4987/2528
f 9220/4990/2530 9217/4991/2529 9218/4988/2529
f 9222/4452/2531 9219/4992/2530 9220/4990/2530
f 9224/4993/2532 9221/4455/2531 9222/4452/2531
f 9226/4994/2533 9223/4995/2532 9224/4993/2532
f 9228/4996/2534 9225/4997/2533 9226/4994/2533
f 9230/4458/2535 9227/4998/2534 9228/4996/2534
f 9232/4999/2536 9229/4461/2535 9230/4458/2535
f 9234/5000/2537 9231/5001/2536 9232/4999/2536
f 9236/5002/2538 9233/5003/2537 9234/5000/2537
f 9238/4464/2539 9235/5004/2538 9236/5002/2538
f 9240/5005/2540 9237/4467/2539 9238/4464/2539
f 9242/5006/2541 9239/5007/2540 9240/5005/2540
f 9244/5008/2542 9241/5009/2541 9242/5006/2541
f 9246/4470/2543 9243/5010/2542 9244/5008/2542
f 9248/5011/2544 9245/4473/2543 9246/4470/2543
f 9250/5012/1073 9247/5013/2544 9248/5011/2544
f 9252/5014/2545 9249/5015/1073 9250/5012/1073
f 9254/2153/2546 9251/5016/2545 9252/5014/2545
f 9256/5017/2547 9253/2156/2546 9254/2153/2546
f 9258/5018/2548 9255/5019/2547 9256/5017/2547
f 9260/5020/2549 9257/5021/2548 9258/5018/2548
f 9262/4480/2550 9259/5022/2549 9260/5020/2549
f 9264/5023/2551 9261/4483/2550 9262/4480/2550
f 9266/5024/2552 9263/5025/2551 9264/5023/2551
f 9268/5026/2553 9265/5027/2552 9266/5024/2552
f 9270/4486/2554 9267/5028/2553 9268/5026/2553
f 9272/5029/2555 9269/4489/2554 9270/4486/2554
f 9274/5030/2556 9271/5031/2555 9272/5029/2555
f 9276/5032/2557 9273/5033/2558 9274/5030/2556
f 9278/4492/2559 9275/5034/2557 9276/5032/2557
f 9280/5035/2560 9277/4495/2559 9278/4492/2559
f 9282/5036/2561 9279/5037/2560 9280/5035/2560
f 9284/5038/2562 9281/5039/2561 9282/5036/2561
f 9286/4498/2563 9283/5040/2562 9284/5038/2562
f 9288/5041/1800 9285/4501/2563 9286/4498/2563
f 9290/5042/2564 9287/5043/1800 9288/5041/1800
f 9292/5044/2565 9289/5045/2564 9290/5042/2564
f 9294/4504/2566 9291/5046/2565 9292/5044/2565
f 9296/5047/2567 9293/4507/2566 9294/4504/2566
f 9298/5048/2568 9295/5049/2567 9296/5047/2567
f 9300/5050/2569 9297/5051/2568 9298/5048/2568
f 9302/4510/2570 9299/5052/2569 9300/5050/2569
f 9304/5053/2571 9301/4513/2570 9302/4510/2570
f 9306/5054/2572 9303/5055/2571 9304/5053/2571
f 9308/5056/2573 9305/5057/2572 9306/5054/2572
f 9310/4516/2574 9307/5058/2575 9308/5056/2573
f 9312/5059/2576 9309/4519/2574 9310/4516/2574
f 9314/5060/2577 9311/5061/2576 9312/5059/2576
f 9316/2173/2578 9313/5062/2577 9314/5060/2577
f 9318/4522/2579 9315/2176/2578 9316/2173/2578
f 9320/5063/2580 9317/4525/2581 9318/4522/2579
f 9322/5064/2582 9319/5065/2583 9320/5063/2580
f 9324/5066/2584 9321/5067/2582 9322/5064/2582
f 9326/4528/2585 9323/5068/2584 9324/5066/2584
f 9328/5069/2586 9325/4531/2585 9326/4528/2585
f 9330/5070/2587 9327/5071/2586 9328/5069/2586
f 9332/5072/2588 9329/5073/2587 9330/5070/2587
f 9334/4534/1460 9331/5074/2588 9332/5072/2588
f 9336/5075/2589 9333/4536/1460 9334/4534/1460
f 9338/5076/2590 9335/5077/2589 9336/5075/2589
f 9340/5078/2591 9337/5079/2590 9338/5076/2590
f 9342/4538/2592 9339/5080/2591 9340/5078/2591
f 9344/5081/2593 9341/4541/2592 9342/4538/2592
f 9346/5082/2594 9343/5083/2593 9344/5081/2593
f 9348/5084/2595 9345/5085/2594 9346/5082/2594
f 9350/4544/2596 9347/5086/2597 9348/5084/2595
f 9352/5087/2598 9349/4547/2596 9350/4544/2596
f 9354/5088/846 9351/5089/2598 9352/5087/2598
f 9356/5090/2599 9353/5091/846 9354/5088/846
f 9358/4550/2600 9355/5092/2599 9356/5090/2599
f 9360/5093/2601 9357/4553/2600 9358/4550/2600
f 9362/5094/2602 9359/5095/2601 9360/5093/2601
f 9364/5096/2603 9361/5097/2602 9362/5094/2602
f 9366/4556/2604 9363/5098/2605 9364/5096/2603
f 9368/5099/2606 9365/4559/2604 9366/4556/2604
f 9370/5100/2607 9367/5101/2606 9368/5099/2606
f 9372/5102/2608 9369/5103/2607 9370/5100/2607
f 9374/4562/2609 9371/5104/2608 9372/5102/2608
f 9376/5105/2610 9373/4565/2609 9374/4562/2609
f 9378/2193/2611 9375/5106/2610 9376/5105/2610
f 9380/5107/2612 9377/2196/2611 9378/2193/2611
f 9382/4568/2613 9379/5108/2612 9380/5107/2612
f 9384/5109/2614 9381/4571/2613 9382/4568/2613
f 9386/5110/2615 9383/5111/2614 9384/5109/2614
f 9388/5112/2616 9385/5113/2615 9386/5110/2615
f 9390/4574/2617 9387/5114/2616 9388/5112/2616
f 9392/5115/2618 9389/4577/2617 9390/4574/2617
f 9394/5116/2619 9391/5117/2618 9392/5115/2618
f 9396/5118/2620 9393/5119/2619 9394/5116/2619
f 9398/4580/2621 9395/5120/2620 9396/5118/2620
f 9400/5121/2622 9397/4583/2621 9398/4580/2621
f 9402/5122/2623 9399/5123/2624 9400/5121/2622
f 9404/5124/2625 9401/5125/2623 9402/5122/2623
f 9406/4586/1957 9403/5126/2626 9404/5124/2625
f 9408/5127/2627 9405/4589/1957 9406/4586/1957
f 9410/5128/2628 9407/5129/2627 9408/5127/2627
f 9412/5130/2629 9409/5131/2628 9410/5128/2628
f 9414/4592/2630 9411/5132/2629 9412/5130/2629
f 9416/5133/2631 9413/4595/2632 9414/4592/2630
f 9418/5134/2633 9415/5135/2631 9416/5133/2631
f 9420/5136/2634 9417/5137/2635 9418/5134/2633
f 9422/4597/2636 9419/5138/2637 9420/5136/2634
f 9424/5139/2638 9421/4599/2639 9422/4597/2636
f 9426/5140/2640 9423/5141/2638 9424/5139/2638
f 9428/5142/2641 9425/5143/2640 9426/5140/2640
f 9430/4602/2642 9427/5144/2643 9428/5142/2641
f 9432/5145/2644 9429/4605/76 9430/4602/2642
f 9434/5146/2645 9431/5147/2646 9432/5145/2644
f 9436/5148/2647 9433/5149/2648 9434/5146/2645
f 9438/4608/2649 9435/5150/2647 9436/5148/2647
f 9440/2213/2650 9437/4611/2649 9438/4608/2649
f 9442/5151/2651 9439/2216/2652 9440/2213/2650
f 9444/5152/2653 9441/5153/2654 9442/5151/2651
f 9446/4614/2655 9443/5154/2656 9444/5152/2653
f 9448/5155/2657 9445/4617/2658 9446/4614/2655
f 9450/5156/2659 9447/5157/2657 9448/5155/2657
f 9452/5158/651 9449/5159/2659 9450/5156/2659
f 9454/4620/2660 9451/5160/651 9452/5158/651
f 9456/5161/2661 9453/4623/2660 9454/4620/2660
f 9458/5162/2662 9455/5163/2661 9456/5161/2661
f 9460/5164/2663 9457/5165/2662 9458/5162/2662
f 9462/4626/2664 9459/5166/2663 9460/5164/2663
f 9464/5167/2665 9461/4629/2666 9462/4626/2664
f 9466/5168/2667 9463/5169/2668 9464/5167/2665
f 9468/5170/2669 9465/5171/2667 9466/5168/2667
f 9470/4632/2670 9467/5172/2669 9468/5170/2669
f 9472/5173/2671 9469/4635/2670 9470/4632/2670
f 9474/5174/2672 9471/5175/2673 9472/5173/2671
f 9476/5176/2674 9473/5177/2675 9474/5174/2672
f 9478/4638/2267 9475/5178/2676 9476/5176/2674
f 9480/5179/2677 9477/4641/2678 9478/4638/2267
f 9482/5180/2679 9479/5181/2680 9480/5179/2677
f 9484/5182/2681 9481/5183/2108 9482/5180/2679
f 9486/4644/1595 9483/5184/2682 9484/5182/2681
f 9488/5185/2683 9485/4647/2684 9486/4644/1595
f 9490/5186/2685 9487/5187/2686 9488/5185/2683
f 9492/5188/2687 9489/5189/2685 9490/5186/2685
f 9494/4650/2688 9491/5190/2689 9492/5188/2687
f 9496/5191/2690 9493/4653/2691 9494/4650/2688
f 9498/5192/2692 9495/5193/2693 9496/5191/2690
f 9500/5194/2694 9497/5195/2695 9498/5192/2692
f 8758/2233/2263 9499/5196/2696 9500/5194/2694
f 4754/1996/3 4753/1999/3 4751/288/4
f 4756/1998/5 4755/2001/5 4753/1999/3
f 4758/2000/6 4757/2003/6 4755/2001/5
f 4760/2002/7 4759/2005/7 4757/2003/6
f 4762/2004/8 4761/2007/8 4759/2005/7
f 4764/2006/9 4763/2009/9 4761/2007/8
f 4766/2008/10 4765/2011/10 4763/2009/9
f 4768/2010/11 4767/2013/13 4765/2011/10
f 4770/2012/12 4769/2015/15 4767/2013/13
f 4772/2014/14 4771/2017/14 4769/2015/15
f 4774/2016/16 4773/2019/16 4771/2017/14
f 4776/2018/17 4775/2021/17 4773/2019/16
f 4778/2020/18 4777/2023/18 4775/2021/17
f 4780/2022/19 4779/2025/19 4777/2023/18
f 4782/2024/20 4781/2027/20 4779/2025/19
f 4784/2026/21 4783/2029/23 4781/2027/20
f 4786/2028/22 4785/2031/22 4783/2029/23
f 4788/2030/24 4787/2033/24 4785/2031/22
f 4790/2032/25 4789/2035/25 4787/2033/24
f 4792/2034/26 4791/2037/28 4789/2035/25
f 4794/2036/27 4793/2039/30 4791/2037/28
f 4796/2038/29 4795/2041/29 4793/2039/30
f 4798/2040/31 4797/2043/33 4795/2041/29
f 4800/2042/32 4799/2045/35 4797/2043/33
f 4802/2044/34 4801/2047/34 4799/2045/35
f 4804/2046/36 4803/2049/36 4801/2047/34
f 4806/2048/37 4805/2051/37 4803/2049/36
f 4808/2050/38 4807/2053/38 4805/2051/37
f 4810/2052/39 4809/2055/41 4807/2053/38
f 4812/2054/40 4811/2057/43 4809/2055/41
f 4814/2056/42 4813/2059/45 4811/2057/43
f 4816/2058/44 4815/2061/44 4813/2059/45
f 4818/2060/46 4817/2063/48 4815/2061/44
f 4820/2062/47 4819/2065/50 4817/2063/48
f 4822/2064/49 4821/2067/52 4819/2065/50
f 4824/2066/51 4823/2069/54 4821/2067/52
f 4826/2068/53 4825/2071/53 4823/2069/54
f 4828/2070/55 4827/2073/55 4825/2071/53
f 4830/2072/56 4829/2075/56 4827/2073/55
f 4832/2074/57 4831/2077/57 4829/2075/56
f 4834/2076/58 4833/2079/58 4831/2077/57
f 4836/2078/59 4835/2081/59 4833/2079/58
f 4838/2080/60 4837/2083/60 4835/2081/59
f 4840/2082/61 4839/2085/61 4837/2083/60
f 4842/2084/62 4841/2087/62 4839/2085/61
f 4844/2086/63 4843/2089/63 4841/2087/62
f 4846/2088/64 4845/2091/64 4843/2089/63
f 4848/2090/65 4847/2093/65 4845/2091/64
f 4850/2092/66 4849/2095/66 4847/2093/65
f 4852/2094/67 4851/2097/67 4849/2095/66
f 4854/2096/68 4853/2099/68 4851/2097/67
f 4856/2098/69 4855/2101/69 4853/2099/68
f 4858/2100/70 4857/2103/70 4855/2101/69
f 4860/2102/71 4859/2105/71 4857/2103/70
f 4862/2104/72 4861/2107/72 4859/2105/71
f 4864/2106/73 4863/2109/73 4861/2107/72
f 4866/2108/74 4865/2111/74 4863/2109/73
f 4868/2110/75 4867/2113/75 4865/2111/74
f 4870/2112/76 4869/2115/76 4867/2113/75
f 4872/2114/77 4871/464/77 4869/2115/76
f 4874/2116/78 4873/2118/78 4871/464/77
f 4876/2117/79 4875/2120/79 4873/2118/78
f 4878/2119/80 4877/2122/80 4875/2120/79
f 4880/2121/81 4879/2124/81 4877/2122/80
f 4882/2123/82 4881/2126/82 4879/2124/81
f 4884/2125/83 4883/2128/83 4881/2126/82
f 4886/2127/84 4885/2130/84 4883/2128/83
f 4888/2129/85 4887/2132/87 4885/2130/84
f 4890/2131/86 4889/2134/86 4887/2132/87
f 4892/2133/88 4891/2136/88 4889/2134/86
f 4894/2135/89 4893/2138/89 4891/2136/88
f 4896/2137/90 4895/2140/90 4893/2138/89
f 4898/2139/91 4897/2142/91 4895/2140/90
f 4900/2141/92 4899/2144/92 4897/2142/91
f 4902/2143/93 4901/2146/95 4899/2144/92
f 4904/2145/94 4903/2148/94 4901/2146/95
f 4906/2147/96 4905/2150/98 4903/2148/94
f 4908/2149/97 4907/2152/100 4905/2150/98
f 4910/2151/99 4909/2154/102 4907/2152/100
f 4912/2153/101 4911/2156/101 4909/2154/102
f 4914/2155/103 4913/2158/103 4911/2156/101
f 4916/2157/104 4915/2160/106 4913/2158/103
f 4918/2159/105 4917/2162/105 4915/2160/106
f 4920/2161/107 4919/2164/109 4917/2162/105
f 4922/2163/108 4921/2166/111 4919/2164/109
f 4924/2165/110 4923/2168/113 4921/2166/111
f 4926/2167/112 4925/2170/115 4923/2168/113
f 4928/2169/114 4927/2172/114 4925/2170/115
f 4930/2171/116 4929/2174/116 4927/2172/114
f 4932/2173/117 4931/2176/119 4929/2174/116
f 4934/2175/118 4933/2178/121 4931/2176/119
f 4936/2177/120 4935/2180/123 4933/2178/121
f 4938/2179/122 4937/2182/125 4935/2180/123
f 4940/2181/124 4939/2184/124 4937/2182/125
f 4942/2183/126 4941/2186/126 4939/2184/124
f 4944/2185/127 4943/2188/127 4941/2186/126
f 4946/2187/128 4945/2190/130 4943/2188/127
f 4948/2189/129 4947/2192/132 4945/2190/130
f 4950/2191/131 4949/2194/131 4947/2192/132
f 4952/2193/133 4951/2196/133 4949/2194/131
f 4954/2195/134 4953/2198/136 4951/2196/133
f 4956/2197/135 4955/2200/135 4953/2198/136
f 4958/2199/137 4957/2202/137 4955/2200/135
f 4960/2201/138 4959/2204/140 4957/2202/137
f 4962/2203/139 4961/2206/139 4959/2204/140
f 4964/2205/141 4963/2208/143 4961/2206/139
f 4966/2207/142 4965/2210/142 4963/2208/143
f 4968/2209/144 4967/2212/144 4965/2210/142
f 4970/2211/145 4969/2214/147 4967/2212/144
f 4972/2213/146 4971/2216/146 4969/2214/147
f 4974/2215/148 4973/2218/150 4971/2216/146
f 4976/2217/149 4975/2220/149 4973/2218/150
f 4978/2219/151 4977/2222/151 4975/2220/149
f 4980/2221/152 4979/2224/152 4977/2222/151
f 4982/2223/137 4981/2226/137 4979/2224/152
f 4984/2225/153 4983/2228/153 4981/2226/137
f 4986/2227/154 4985/2230/154 4983/2228/153
f 4988/2229/155 4987/2232/155 4985/2230/154
f 4990/2231/156 4989/2234/156 4987/2232/155
f 4752/2233/4 4751/301/4 4989/2234/156
f 4994/2235/157 4993/2237/157 4991/288/158
f 4996/2236/159 4995/2239/159 4993/2237/157
f 4998/2238/160 4997/2241/162 4995/2239/159
f 5000/2240/161 4999/2243/161 4997/2241/162
f 5002/2242/163 5001/2245/163 4999/2243/161
f 5004/2244/164 5003/2247/166 5001/2245/163
f 5006/2246/165 5005/2249/165 5003/2247/166
f 5008/2248/167 5007/2251/167 5005/2249/165
f 5010/2250/168 5009/2253/168 5007/2251/167
f 5012/2252/169 5011/2254/169 5009/2253/168
f 5014/2014/170 5013/2017/170 5011/2254/169
f 5016/2255/171 5015/2257/171 5013/2017/170
f 5018/2256/172 5017/2259/172 5015/2257/171
f 5020/2258/173 5019/2261/173 5017/2259/172
f 5022/2260/174 5021/2263/174 5019/2261/173
f 5024/2262/175 5023/2265/175 5021/2263/174
f 5026/2264/176 5025/2267/178 5023/2265/175
f 5028/2266/177 5027/2269/177 5025/2267/178
f 5030/2268/179 5029/2271/179 5027/2269/177
f 5032/2270/180 5031/2273/182 5029/2271/179
f 5034/2272/181 5033/2274/184 5031/2273/182
f 5036/2034/183 5035/2037/183 5033/2274/184
f 5038/2275/185 5037/2277/185 5035/2037/183
f 5040/2276/186 5039/2279/188 5037/2277/185
f 5042/2278/187 5041/2281/187 5039/2279/188
f 5044/2280/189 5043/2283/189 5041/2281/187
f 5046/2282/190 5045/2285/192 5043/2283/189
f 5048/2284/191 5047/2287/191 5045/2285/192
f 5050/2286/193 5049/2289/193 5047/2287/191
f 5052/2288/194 5051/2291/194 5049/2289/193
f 5054/2290/195 5053/2293/195 5051/2291/194
f 5056/2292/196 5055/2294/196 5053/2293/195
f 5058/2054/197 5057/2057/197 5055/2294/196
f 5060/2295/198 5059/2297/198 5057/2057/197
f 5062/2296/199 5061/2299/199 5059/2297/198
f 5064/2298/200 5063/2301/200 5061/2299/199
f 5066/2300/201 5065/2303/201 5063/2301/200
f 5068/2302/202 5067/2305/202 5065/2303/201
f 5070/2304/203 5069/2307/203 5067/2305/202
f 5072/2306/204 5071/2309/204 5069/2307/203
f 5074/2308/205 5073/2311/207 5071/2309/204
f 5076/2310/206 5075/2313/206 5073/2311/207
f 5078/2312/208 5077/2314/208 5075/2313/206
f 5080/2074/209 5079/2077/209 5077/2314/208
f 5082/2315/210 5081/2317/212 5079/2077/209
f 5084/2316/211 5083/2319/214 5081/2317/212
f 5086/2318/213 5085/2321/213 5083/2319/214
f 5088/2320/215 5087/2323/215 5085/2321/213
f 5090/2322/216 5089/2325/218 5087/2323/215
f 5092/2324/217 5091/2327/220 5089/2325/218
f 5094/2326/219 5093/2329/222 5091/2327/220
f 5096/2328/221 5095/2331/224 5093/2329/222
f 5098/2330/223 5097/2333/226 5095/2331/224
f 5100/2332/225 5099/2334/228 5097/2333/226
f 5102/2094/227 5101/2097/230 5099/2334/228
f 5104/2335/229 5103/2337/232 5101/2097/230
f 5106/2336/231 5105/2339/234 5103/2337/232
f 5108/2338/233 5107/2341/233 5105/2339/234
f 5110/2340/235 5109/2343/237 5107/2341/233
f 5112/2342/236 5111/2345/236 5109/2343/237
f 5114/2344/238 5113/2347/238 5111/2345/236
f 5116/2346/239 5115/2349/239 5113/2347/238
f 5118/2348/240 5117/2351/240 5115/2349/239
f 5120/2350/241 5119/2353/241 5117/2351/240
f 5122/2352/242 5121/2354/242 5119/2353/241
f 5124/2114/243 5123/464/243 5121/2354/242
f 5126/2355/244 5125/2357/244 5123/464/243
f 5128/2356/245 5127/2359/245 5125/2357/244
f 5130/2358/246 5129/2361/246 5127/2359/245
f 5132/2360/247 5131/2363/247 5129/2361/246
f 5134/2362/248 5133/2365/248 5131/2363/247
f 5136/2364/249 5135/2367/249 5133/2365/248
f 5138/2366/250 5137/2369/250 5135/2367/249
f 5140/2368/251 5139/2371/251 5137/2369/250
f 5142/2370/252 5141/2373/254 5139/2371/251
f 5144/2372/253 5143/2374/253 5141/2373/254
f 5146/2133/255 5145/2136/255 5143/2374/253
f 5148/2375/256 5147/2377/258 5145/2136/255
f 5150/2376/257 5149/2379/257 5147/2377/258
f 5152/2378/259 5151/2381/259 5149/2379/257
f 5154/2380/260 5153/2383/260 5151/2381/259
f 5156/2382/261 5155/2385/263 5153/2383/260
f 5158/2384/262 5157/2387/262 5155/2385/263
f 5160/2386/264 5159/2389/264 5157/2387/262
f 5162/2388/265 5161/2391/265 5159/2389/264
f 5164/2390/266 5163/2393/266 5161/2391/265
f 5166/2392/267 5165/2394/267 5163/2393/266
f 5168/2153/268 5167/2156/268 5165/2394/267
f 5170/2395/269 5169/2397/269 5167/2156/268
f 5172/2396/270 5171/2399/270 5169/2397/269
f 5174/2398/271 5173/2401/271 5171/2399/270
f 5176/2400/272 5175/2403/274 5173/2401/271
f 5178/2402/273 5177/2405/276 5175/2403/274
f 5180/2404/275 5179/2407/278 5177/2405/276
f 5182/2406/277 5181/2409/280 5179/2407/278
f 5184/2408/279 5183/2411/279 5181/2409/280
f 5186/2410/281 5185/2413/281 5183/2411/279
f 5188/2412/282 5187/2414/282 5185/2413/281
f 5190/2173/283 5189/2176/283 5187/2414/282
f 5192/2415/284 5191/2417/284 5189/2176/283
f 5194/2416/285 5193/2419/285 5191/2417/284
f 5196/2418/286 5195/2421/286 5193/2419/285
f 5198/2420/287 5197/2423/287 5195/2421/286
f 5200/2422/288 5199/2425/290 5197/2423/287
f 5202/2424/289 5201/2427/289 5199/2425/290
f 5204/2426/291 5203/2429/291 5201/2427/289
f 5206/2428/292 5205/2431/294 5203/2429/291
f 5208/2430/293 5207/2433/293 5205/2431/294
f 5210/2432/295 5209/2434/295 5207/2433/293
f 5212/2193/296 5211/2196/296 5209/2434/295
f 5214/2435/297 5213/2437/297 5211/2196/296
f 5216/2436/298 5215/2439/298 5213/2437/297
f 5218/2438/299 5217/2441/301 5215/2439/298
f 5220/2440/300 5219/2443/300 5217/2441/301
f 5222/2442/302 5221/2445/304 5219/2443/300
f 5224/2444/303 5223/2447/303 5221/2445/304
f 5226/2446/305 5225/2449/305 5223/2447/303
f 5228/2448/306 5227/2451/306 5225/2449/305
f 5230/2450/307 5229/2453/309 5227/2451/306
f 5232/2452/308 5231/2454/311 5229/2453/309
f 5234/2213/310 5233/2216/310 5231/2454/311
f 5236/2455/312 5235/2457/314 5233/2216/310
f 5238/2456/313 5237/2459/313 5235/2457/314
f 5240/2458/315 5239/2461/315 5237/2459/313
f 5242/2460/316 5241/2463/318 5239/2461/315
f 5244/2462/317 5243/2465/320 5241/2463/318
f 5246/2464/319 5245/2467/319 5243/2465/320
f 5248/2466/321 5247/2469/321 5245/2467/319
f 5250/2468/322 5249/2471/324 5247/2469/321
f 5252/2470/323 5251/2473/323 5249/2471/324
f 5254/2472/325 5253/2474/325 5251/2473/323
f 4992/2233/158 4991/301/158 5253/2474/325
f 5258/2475/326 5257/2477/326 5255/288/327
f 5260/2476/328 5259/2479/328 5257/2477/326
f 5262/2478/329 5261/2481/329 5259/2479/328
f 5264/2480/330 5263/2482/330 5261/2481/329
f 5266/1998/331 5265/2001/331 5263/2482/330
f 5268/2483/332 5267/2485/332 5265/2001/331
f 5270/2484/333 5269/2487/333 5267/2485/332
f 5272/2486/334 5271/2489/334 5269/2487/333
f 5274/2488/335 5273/2490/335 5271/2489/334
f 5276/2002/336 5275/2005/336 5273/2490/335
f 5278/2491/337 5277/2493/337 5275/2005/336
f 5280/2492/338 5279/2495/338 5277/2493/337
f 5282/2494/339 5281/2497/339 5279/2495/338
f 5284/2496/340 5283/2498/340 5281/2497/339
f 5286/2006/341 5285/2009/341 5283/2498/340
f 5288/2499/342 5287/2501/342 5285/2009/341
f 5290/2500/343 5289/2503/343 5287/2501/342
f 5292/2502/344 5291/2505/344 5289/2503/343
f 5294/2504/345 5293/2506/345 5291/2505/344
f 5296/2010/346 5295/2013/346 5293/2506/345
f 5298/2507/347 5297/2509/347 5295/2013/346
f 5300/2508/348 5299/2511/348 5297/2509/347
f 5302/2510/349 5301/2513/349 5299/2511/348
f 5304/2512/350 5303/2514/352 5301/2513/349
f 5306/2014/351 5305/2017/354 5303/2514/352
f 5308/2515/353 5307/2517/356 5305/2017/354
f 5310/2516/355 5309/2519/358 5307/2517/356
f 5312/2518/357 5311/2521/360 5309/2519/358
f 5314/2520/359 5313/2522/362 5311/2521/360
f 5316/2018/361 5315/2021/364 5313/2522/362
f 5318/2523/363 5317/2525/366 5315/2021/364
f 5320/2524/365 5319/2527/368 5317/2525/366
f 5322/2526/367 5321/2529/370 5319/2527/368
f 5324/2528/369 5323/2530/372 5321/2529/370
f 5326/2022/371 5325/2025/374 5323/2530/372
f 5328/2531/373 5327/2533/376 5325/2025/374
f 5330/2532/375 5329/2535/375 5327/2533/376
f 5332/2534/377 5331/2537/377 5329/2535/375
f 5334/2536/378 5333/2538/380 5331/2537/377
f 5336/2026/379 5335/2029/379 5333/2538/380
f 5338/2539/381 5337/2541/383 5335/2029/379
f 5340/2540/382 5339/2543/385 5337/2541/383
f 5342/2542/384 5341/2545/384 5339/2543/385
f 5344/2544/386 5343/2546/388 5341/2545/384
f 5346/2030/387 5345/2033/387 5343/2546/388
f 5348/2547/389 5347/2549/391 5345/2033/387
f 5350/2548/390 5349/2551/390 5347/2549/391
f 5352/2550/392 5351/2553/392 5349/2551/390
f 5354/2552/393 5353/2554/393 5351/2553/392
f 5356/2034/394 5355/2037/394 5353/2554/393
f 5358/2555/395 5357/2557/395 5355/2037/394
f 5360/2556/396 5359/2559/396 5357/2557/395
f 5362/2558/397 5361/2561/397 5359/2559/396
f 5364/2560/398 5363/2562/398 5361/2561/397
f 5366/2038/399 5365/2041/399 5363/2562/398
f 5368/2563/400 5367/2565/400 5365/2041/399
f 5370/2564/401 5369/2567/401 5367/2565/400
f 5372/2566/402 5371/2569/402 5369/2567/401
f 5374/2568/403 5373/2570/403 5371/2569/402
f 5376/2042/404 5375/2045/404 5373/2570/403
f 5378/2571/405 5377/2573/405 5375/2045/404
f 5380/2572/406 5379/2575/406 5377/2573/405
f 5382/2574/407 5381/2577/407 5379/2575/406
f 5384/2576/408 5383/2578/408 5381/2577/407
f 5386/2046/409 5385/2049/409 5383/2578/408
f 5388/2579/410 5387/2581/410 5385/2049/409
f 5390/2580/411 5389/2583/411 5387/2581/410
f 5392/2582/412 5391/2585/412 5389/2583/411
f 5394/2584/413 5393/2586/413 5391/2585/412
f 5396/2050/414 5395/2053/416 5393/2586/413
f 5398/2587/415 5397/2589/415 5395/2053/416
f 5400/2588/417 5399/2591/417 5397/2589/415
f 5402/2590/418 5401/2593/418 5399/2591/417
f 5404/2592/419 5403/2594/419 5401/2593/418
f 5406/2054/420 5405/2057/420 5403/2594/419
f 5408/2595/421 5407/2597/421 5405/2057/420
f 5410/2596/422 5409/2599/422 5407/2597/421
f 5412/2598/423 5411/2601/423 5409/2599/422
f 5414/2600/424 5413/2602/424 5411/2601/423
f 5416/2058/425 5415/2061/425 5413/2602/424
f 5418/2603/426 5417/2605/426 5415/2061/425
f 5420/2604/427 5419/2607/427 5417/2605/426
f 5422/2606/428 5421/2609/428 5419/2607/427
f 5424/2608/429 5423/2610/429 5421/2609/428
f 5426/2062/430 5425/2065/430 5423/2610/429
f 5428/2611/431 5427/2613/431 5425/2065/430
f 5430/2612/432 5429/2615/432 5427/2613/431
f 5432/2614/433 5431/2617/433 5429/2615/432
f 5434/2616/434 5433/2618/434 5431/2617/433
f 5436/2066/435 5435/2069/435 5433/2618/434
f 5438/2619/436 5437/2621/436 5435/2069/435
f 5440/2620/437 5439/2623/437 5437/2621/436
f 5442/2622/438 5441/2625/438 5439/2623/437
f 5444/2624/439 5443/2626/439 5441/2625/438
f 5446/2070/440 5445/2073/440 5443/2626/439
f 5448/2627/441 5447/2629/441 5445/2073/440
f 5450/2628/442 5449/2631/442 5447/2629/441
f 5452/2630/443 5451/2633/443 5449/2631/442
f 5454/2632/444 5453/2634/444 5451/2633/443
f 5456/2074/445 5455/2077/445 5453/2634/444
f 5458/2635/446 5457/2637/448 5455/2077/445
f 5460/2636/447 5459/2639/447 5457/2637/448
f 5462/2638/449 5461/2641/449 5459/2639/447
f 5464/2640/450 5463/2642/450 5461/2641/449
f 5466/2078/451 5465/2081/451 5463/2642/450
f 5468/2643/452 5467/2645/454 5465/2081/451
f 5470/2644/453 5469/2647/456 5467/2645/454
f 5472/2646/455 5471/2649/455 5469/2647/456
f 5474/2648/457 5473/2650/457 5471/2649/455
f 5476/2082/458 5475/2085/460 5473/2650/457
f 5478/2651/459 5477/2653/459 5475/2085/460
f 5480/2652/461 5479/2655/463 5477/2653/459
f 5482/2654/462 5481/2657/465 5479/2655/463
f 5484/2656/464 5483/2658/467 5481/2657/465
f 5486/2086/466 5485/2089/466 5483/2658/467
f 5488/2659/468 5487/2661/470 5485/2089/466
f 5490/2660/469 5489/2663/472 5487/2661/470
f 5492/2662/471 5491/2665/471 5489/2663/472
f 5494/2664/473 5493/2666/473 5491/2665/471
f 5496/2090/474 5495/2093/474 5493/2666/473
f 5498/2667/475 5497/2669/475 5495/2093/474
f 5500/2668/476 5499/2671/476 5497/2669/475
f 5502/2670/477 5501/2673/477 5499/2671/476
f 5504/2672/478 5503/2674/478 5501/2673/477
f 5506/2094/479 5505/2097/481 5503/2674/478
f 5508/2675/480 5507/2677/483 5505/2097/481
f 5510/2676/482 5509/2679/482 5507/2677/483
f 5512/2678/484 5511/2681/484 5509/2679/482
f 5514/2680/485 5513/2682/485 5511/2681/484
f 5516/2098/486 5515/2101/488 5513/2682/485
f 5518/2683/487 5517/2685/487 5515/2101/488
f 5520/2684/489 5519/2687/489 5517/2685/487
f 5522/2686/490 5521/2689/492 5519/2687/489
f 5524/2688/491 5523/2690/494 5521/2689/492
f 5526/2102/493 5525/2105/493 5523/2690/494
f 5528/2691/495 5527/2693/495 5525/2105/493
f 5530/2692/496 5529/2695/496 5527/2693/495
f 5532/2694/497 5531/2697/497 5529/2695/496
f 5534/2696/498 5533/2698/498 5531/2697/497
f 5536/2106/499 5535/2109/499 5533/2698/498
f 5538/2699/500 5537/2701/500 5535/2109/499
f 5540/2700/501 5539/2703/501 5537/2701/500
f 5542/2702/502 5541/2705/502 5539/2703/501
f 5544/2704/503 5543/2706/503 5541/2705/502
f 5546/2110/504 5545/2113/504 5543/2706/503
f 5548/2707/505 5547/2709/505 5545/2113/504
f 5550/2708/506 5549/2711/506 5547/2709/505
f 5552/2710/507 5551/2713/507 5549/2711/506
f 5554/2712/508 5553/2714/508 5551/2713/507
f 5556/2114/509 5555/464/509 5553/2714/508
f 5558/2715/510 5557/2717/510 5555/464/509
f 5560/2716/511 5559/2719/511 5557/2717/510
f 5562/2718/512 5561/2721/512 5559/2719/511
f 5564/2720/513 5563/2722/513 5561/2721/512
f 5566/2117/514 5565/2120/514 5563/2722/513
f 5568/2723/515 5567/2725/515 5565/2120/514
f 5570/2724/516 5569/2727/516 5567/2725/515
f 5572/2726/517 5571/2729/517 5569/2727/516
f 5574/2728/518 5573/2730/518 5571/2729/517
f 5576/2121/519 5575/2124/519 5573/2730/518
f 5578/2731/520 5577/2733/520 5575/2124/519
f 5580/2732/521 5579/2735/521 5577/2733/520
f 5582/2734/522 5581/2737/522 5579/2735/521
f 5584/2736/523 5583/2738/523 5581/2737/522
f 5586/2125/524 5585/2128/524 5583/2738/523
f 5588/2739/525 5587/2741/525 5585/2128/524
f 5590/2740/526 5589/2743/526 5587/2741/525
f 5592/2742/527 5591/2745/527 5589/2743/526
f 5594/2744/528 5593/2746/528 5591/2745/527
f 5596/2129/529 5595/2132/529 5593/2746/528
f 5598/2747/530 5597/2749/530 5595/2132/529
f 5600/2748/531 5599/2751/531 5597/2749/530
f 5602/2750/532 5601/2753/534 5599/2751/531
f 5604/2752/533 5603/2754/533 5601/2753/534
f 5606/2133/535 5605/2136/535 5603/2754/533
f 5608/2755/536 5607/2757/536 5605/2136/535
f 5610/2756/537 5609/2759/537 5607/2757/536
f 5612/2758/199 5611/2761/199 5609/2759/537
f 5614/2760/538 5613/2762/538 5611/2761/199
f 5616/2137/539 5615/2140/541 5613/2762/538
f 5618/2763/540 5617/2765/540 5615/2140/541
f 5620/2764/542 5619/2767/544 5617/2765/540
f 5622/2766/543 5621/2769/546 5619/2767/544
f 5624/2768/545 5623/2770/548 5621/2769/546
f 5626/2141/547 5625/2144/550 5623/2770/548
f 5628/2771/549 5627/2773/549 5625/2144/550
f 5630/2772/551 5629/2775/553 5627/2773/549
f 5632/2774/552 5631/2777/552 5629/2775/553
f 5634/2776/554 5633/2778/554 5631/2777/552
f 5636/2145/555 5635/2148/555 5633/2778/554
f 5638/2779/556 5637/2781/558 5635/2148/555
f 5640/2780/557 5639/2783/560 5637/2781/558
f 5642/2782/559 5641/2785/562 5639/2783/560
f 5644/2784/561 5643/2786/564 5641/2785/562
f 5646/2149/563 5645/2152/566 5643/2786/564
f 5648/2787/565 5647/2789/565 5645/2152/566
f 5650/2788/567 5649/2791/569 5647/2789/565
f 5652/2790/568 5651/2793/571 5649/2791/569
f 5654/2792/570 5653/2794/570 5651/2793/571
f 5656/2153/572 5655/2156/574 5653/2794/570
f 5658/2795/573 5657/2797/573 5655/2156/574
f 5660/2796/575 5659/2799/575 5657/2797/573
f 5662/2798/576 5661/2801/576 5659/2799/575
f 5664/2800/577 5663/2802/577 5661/2801/576
f 5666/2157/578 5665/2160/578 5663/2802/577
f 5668/2803/579 5667/2805/579 5665/2160/578
f 5670/2804/580 5669/2807/580 5667/2805/579
f 5672/2806/581 5671/2809/581 5669/2807/580
f 5674/2808/582 5673/2810/582 5671/2809/581
f 5676/2161/583 5675/2164/583 5673/2810/582
f 5678/2811/584 5677/2813/584 5675/2164/583
f 5680/2812/585 5679/2815/585 5677/2813/584
f 5682/2814/586 5681/2817/586 5679/2815/585
f 5684/2816/587 5683/2818/587 5681/2817/586
f 5686/2165/588 5685/2168/588 5683/2818/587
f 5688/2819/589 5687/2821/589 5685/2168/588
f 5690/2820/590 5689/2823/590 5687/2821/589
f 5692/2822/591 5691/2825/591 5689/2823/590
f 5694/2824/592 5693/2826/594 5691/2825/591
f 5696/2169/593 5695/2172/596 5693/2826/594
f 5698/2827/595 5697/2829/595 5695/2172/596
f 5700/2828/597 5699/2831/597 5697/2829/595
f 5702/2830/598 5701/2833/598 5699/2831/597
f 5704/2832/599 5703/2834/599 5701/2833/598
f 5706/2173/600 5705/2176/600 5703/2834/599
f 5708/2835/601 5707/2837/601 5705/2176/600
f 5710/2836/602 5709/2839/602 5707/2837/601
f 5712/2838/603 5711/2841/603 5709/2839/602
f 5714/2840/604 5713/2842/604 5711/2841/603
f 5716/2177/605 5715/2180/605 5713/2842/604
f 5718/2843/606 5717/2845/608 5715/2180/605
f 5720/2844/607 5719/2847/610 5717/2845/608
f 5722/2846/609 5721/2849/609 5719/2847/610
f 5724/2848/611 5723/2850/613 5721/2849/609
f 5726/2181/612 5725/2184/612 5723/2850/613
f 5728/2851/614 5727/2853/614 5725/2184/612
f 5730/2852/615 5729/2855/617 5727/2853/614
f 5732/2854/616 5731/2857/619 5729/2855/617
f 5734/2856/618 5733/2858/618 5731/2857/619
f 5736/2185/620 5735/2188/622 5733/2858/618
f 5738/2859/621 5737/2861/621 5735/2188/622
f 5740/2860/623 5739/2863/623 5737/2861/621
f 5742/2862/624 5741/2865/626 5739/2863/623
f 5744/2864/625 5743/2866/625 5741/2865/626
f 5746/2189/627 5745/2192/627 5743/2866/625
f 5748/2867/628 5747/2869/628 5745/2192/627
f 5750/2868/629 5749/2871/629 5747/2869/628
f 5752/2870/630 5751/2873/630 5749/2871/629
f 5754/2872/631 5753/2874/631 5751/2873/630
f 5756/2193/632 5755/2196/632 5753/2874/631
f 5758/2875/633 5757/2877/633 5755/2196/632
f 5760/2876/634 5759/2879/634 5757/2877/633
f 5762/2878/635 5761/2881/635 5759/2879/634
f 5764/2880/636 5763/2882/636 5761/2881/635
f 5766/2197/637 5765/2200/637 5763/2882/636
f 5768/2883/638 5767/2885/638 5765/2200/637
f 5770/2884/639 5769/2887/639 5767/2885/638
f 5772/2886/640 5771/2889/640 5769/2887/639
f 5774/2888/434 5773/2890/434 5771/2889/640
f 5776/2201/641 5775/2204/641 5773/2890/434
f 5778/2891/642 5777/2893/642 5775/2204/641
f 5780/2892/643 5779/2895/643 5777/2893/642
f 5782/2894/644 5781/2897/644 5779/2895/643
f 5784/2896/645 5783/2898/645 5781/2897/644
f 5786/2205/646 5785/2208/646 5783/2898/645
f 5788/2899/647 5787/2901/647 5785/2208/646
f 5790/2900/648 5789/2903/648 5787/2901/647
f 5792/2902/649 5791/2905/649 5789/2903/648
f 5794/2904/650 5793/2906/650 5791/2905/649
f 5796/2209/651 5795/2212/651 5793/2906/650
f 5798/2907/652 5797/2909/652 5795/2212/651
f 5800/2908/653 5799/2911/653 5797/2909/652
f 5802/2910/654 5801/2913/654 5799/2911/653
f 5804/2912/655 5803/2914/655 5801/2913/654
f 5806/2213/656 5805/2216/656 5803/2914/655
f 5808/2915/657 5807/2917/657 5805/2216/656
f 5810/2916/658 5809/2919/658 5807/2917/657
f 5812/2918/659 5811/2921/659 5809/2919/658
f 5814/2920/660 5813/2922/660 5811/2921/659
f 5816/2217/661 5815/2220/663 5813/2922/660
f 5818/2923/662 5817/2925/662 5815/2220/663
f 5820/2924/664 5819/2927/664 5817/2925/662
f 5822/2926/665 5821/2929/665 5819/2927/664
f 5824/2928/666 5823/2930/668 5821/2929/665
f 5826/2221/667 5825/2224/667 5823/2930/668
f 5828/2931/669 5827/2933/671 5825/2224/667
f 5830/2932/670 5829/2935/670 5827/2933/671
f 5832/2934/672 5831/2937/672 5829/2935/670
f 5834/2936/673 5833/2938/673 5831/2937/672
f 5836/2225/674 5835/2228/674 5833/2938/673
f 5838/2939/675 5837/2941/675 5835/2228/674
f 5840/2940/676 5839/2943/676 5837/2941/675
f 5842/2942/677 5841/2945/679 5839/2943/676
f 5844/2944/678 5843/2946/681 5841/2945/679
f 5846/2229/680 5845/2232/680 5843/2946/681
f 5848/2947/682 5847/2949/682 5845/2232/680
f 5850/2948/683 5849/2951/685 5847/2949/682
f 5852/2950/684 5851/2953/684 5849/2951/685
f 5854/2952/686 5853/2954/686 5851/2953/684
f 5256/2233/327 5255/301/327 5853/2954/686
f 5858/2955/687 5857/2957/689 5855/288/170
f 5860/2956/688 5859/2959/688 5857/2957/689
f 5862/2958/690 5861/2961/690 5859/2959/688
f 5864/2960/691 5863/2963/693 5861/2961/690
f 5866/2962/692 5865/2965/692 5863/2963/693
f 5868/2964/694 5867/2967/694 5865/2965/692
f 5870/2966/695 5869/2969/695 5867/2967/694
f 5872/2968/696 5871/2971/696 5869/2969/695
f 5874/2970/697 5873/2973/697 5871/2971/696
f 5876/2972/698 5875/2975/700 5873/2973/697
f 5878/2974/699 5877/2977/699 5875/2975/700
f 5880/2976/701 5879/2979/701 5877/2977/699
f 5882/2978/702 5881/2981/702 5879/2979/701
f 5884/2980/703 5883/2983/703 5881/2981/702
f 5886/2982/704 5885/2985/704 5883/2983/703
f 5888/2984/705 5887/1649/705 5885/2985/704
f 5890/2986/706 5889/2988/706 5887/1649/705
f 5892/2987/707 5891/2990/709 5889/2988/706
f 5894/2989/708 5893/2992/708 5891/2990/709
f 5896/2991/710 5895/2994/710 5893/2992/708
f 5898/2993/711 5897/2996/711 5895/2994/710
f 5900/2995/712 5899/2998/712 5897/2996/711
f 5902/2997/713 5901/3000/713 5899/2998/712
f 5904/2999/714 5903/3002/714 5901/3000/713
f 5906/3001/715 5905/3004/715 5903/3002/714
f 5908/3003/716 5907/3006/716 5905/3004/715
f 5910/3005/717 5909/3008/717 5907/3006/716
f 5912/3007/718 5911/3010/718 5909/3008/717
f 5914/3009/719 5913/3012/719 5911/3010/718
f 5916/3011/720 5915/3014/720 5913/3012/719
f 5918/3013/721 5917/3016/721 5915/3014/720
f 5920/3015/722 5919/1599/722 5917/3016/721
f 5922/3017/723 5921/3019/723 5919/1599/722
f 5924/3018/724 5923/3021/724 5921/3019/723
f 5926/3020/725 5925/3023/725 5923/3021/724
f 5928/3022/726 5927/3025/726 5925/3023/725
f 5930/3024/727 5929/3027/727 5927/3025/726
f 5932/3026/728 5931/3029/728 5929/3027/727
f 5934/3028/729 5933/3031/729 5931/3029/728
f 5936/3030/730 5935/3033/730 5933/3031/729
f 5938/3032/731 5937/3035/731 5935/3033/730
f 5940/3034/732 5939/3037/732 5937/3035/731
f 5942/3036/733 5941/3039/735 5939/3037/732
f 5944/3038/734 5943/3041/737 5941/3039/735
f 5946/3040/736 5945/3042/736 5943/3041/737
f 5948/2024/738 5947/2027/738 5945/3042/736
f 5950/3043/739 5949/3045/741 5947/2027/738
f 5952/3044/740 5951/1567/743 5949/3045/741
f 5954/3046/742 5953/3048/742 5951/1567/743
f 5956/3047/744 5955/3050/744 5953/3048/742
f 5958/3049/745 5957/3052/745 5955/3050/744
f 5960/3051/746 5959/3054/746 5957/3052/745
f 5962/3053/747 5961/3056/747 5959/3054/746
f 5964/3055/748 5963/3058/748 5961/3056/747
f 5966/3057/749 5965/3060/749 5963/3058/748
f 5968/3059/750 5967/3062/750 5965/3060/749
f 5970/3061/508 5969/3064/508 5967/3062/750
f 5972/3063/751 5971/3066/751 5969/3064/508
f 5974/3065/752 5973/3068/752 5971/3066/751
f 5976/3067/747 5975/3070/747 5973/3068/752
f 5978/3069/753 5977/3072/753 5975/3070/747
f 5980/3071/754 5979/3074/754 5977/3072/753
f 5982/3073/755 5981/3076/755 5979/3074/754
f 5984/3075/756 5983/1543/756 5981/3076/755
f 5986/3077/757 5985/3079/757 5983/1543/756
f 5988/3078/758 5987/3081/758 5985/3079/757
f 5990/3080/759 5989/3083/759 5987/3081/758
f 5992/3082/760 5991/3085/760 5989/3083/759
f 5994/3084/761 5993/3087/761 5991/3085/760
f 5996/3086/762 5995/3089/762 5993/3087/761
f 5998/3088/763 5997/3091/763 5995/3089/762
f 6000/3090/764 5999/3093/764 5997/3091/763
f 6002/3092/765 6001/3095/765 5999/3093/764
f 6004/3094/766 6003/3097/766 6001/3095/765
f 6006/3096/767 6005/3099/767 6003/3097/766
f 6008/3098/768 6007/3101/768 6005/3099/767
f 6010/3100/769 6009/3103/769 6007/3101/768
f 6012/3102/770 6011/3105/770 6009/3103/769
f 6014/3104/771 6013/3107/771 6011/3105/770
f 6016/3106/772 6015/1565/772 6013/3107/771
f 6018/3108/773 6017/3110/773 6015/1565/772
f 6020/3109/774 6019/3112/776 6017/3110/773
f 6022/3111/775 6021/3114/775 6019/3112/776
f 6024/3113/777 6023/3116/777 6021/3114/775
f 6026/3115/778 6025/3118/778 6023/3116/777
f 6028/3117/779 6027/3120/779 6025/3118/778
f 6030/3119/780 6029/3122/780 6027/3120/779
f 6032/3121/781 6031/3124/781 6029/3122/780
f 6034/3123/782 6033/3126/782 6031/3124/781
f 6036/3125/783 6035/3128/783 6033/3126/782
f 6038/3127/784 6037/3129/784 6035/3128/783
f 6040/2054/785 6039/2057/785 6037/3129/784
f 6042/3130/786 6041/3132/786 6039/2057/785
f 6044/3131/787 6043/3134/787 6041/3132/786
f 6046/3133/788 6045/3136/790 6043/3134/787
f 6048/3135/789 6047/1600/789 6045/3136/790
f 6050/3137/791 6049/3139/791 6047/1600/789
f 6052/3138/792 6051/3141/792 6049/3139/791
f 6054/3140/793 6053/3143/793 6051/3141/792
f 6056/3142/794 6055/3145/794 6053/3143/793
f 6058/3144/795 6057/3147/795 6055/3145/794
f 6060/3146/796 6059/3149/796 6057/3147/795
f 6062/3148/797 6061/3151/797 6059/3149/796
f 6064/3150/798 6063/3153/798 6061/3151/797
f 6066/3152/799 6065/3155/799 6063/3153/798
f 6068/3154/800 6067/3157/800 6065/3155/799
f 6070/3156/801 6069/3159/801 6067/3157/800
f 6072/3158/802 6071/3161/802 6069/3159/801
f 6074/3160/803 6073/3163/803 6071/3161/802
f 6076/3162/804 6075/3165/804 6073/3163/803
f 6078/3164/805 6077/3167/805 6075/3165/804
f 6080/3166/806 6079/1625/806 6077/3167/805
f 6082/3168/807 6081/3170/807 6079/1625/806
f 6084/3169/808 6083/3172/808 6081/3170/807
f 6086/3171/809 6085/3174/809 6083/3172/808
f 6088/3173/810 6087/3176/810 6085/3174/809
f 6090/3175/811 6089/3178/811 6087/3176/810
f 6092/3177/812 6091/3180/812 6089/3178/811
f 6094/3179/813 6093/3182/813 6091/3180/812
f 6096/3181/814 6095/3184/814 6093/3182/813
f 6098/3183/815 6097/3186/815 6095/3184/814
f 6100/3185/816 6099/3188/816 6097/3186/815
f 6102/3187/817 6101/3190/817 6099/3188/816
f 6104/3189/818 6103/3192/818 6101/3190/817
f 6106/3191/819 6105/3194/821 6103/3192/818
f 6108/3193/820 6107/3196/820 6105/3194/821
f 6110/3195/822 6109/3198/822 6107/3196/820
f 6112/3197/823 6111/1604/823 6109/3198/822
f 6114/3199/824 6113/3201/824 6111/1604/823
f 6116/3200/825 6115/3203/825 6113/3201/824
f 6118/3202/826 6117/3205/826 6115/3203/825
f 6120/3204/827 6119/3207/827 6117/3205/826
f 6122/3206/828 6121/3209/828 6119/3207/827
f 6124/3208/829 6123/3211/829 6121/3209/828
f 6126/3210/830 6125/3213/830 6123/3211/829
f 6128/3212/831 6127/3215/831 6125/3213/830
f 6130/3214/832 6129/3216/832 6127/3215/831
f 6132/2084/833 6131/2087/833 6129/3216/832
f 6134/3217/834 6133/3219/834 6131/2087/833
f 6136/3218/835 6135/3221/835 6133/3219/834
f 6138/3220/836 6137/3223/836 6135/3221/835
f 6140/3222/837 6139/3225/837 6137/3223/836
f 6142/3224/838 6141/3227/838 6139/3225/837
f 6144/3226/839 6143/1530/839 6141/3227/838
f 6146/3228/840 6145/3230/840 6143/1530/839
f 6148/3229/841 6147/3232/841 6145/3230/840
f 6150/3231/842 6149/3234/842 6147/3232/841
f 6152/3233/843 6151/3236/843 6149/3234/842
f 6154/3235/844 6153/3238/844 6151/3236/843
f 6156/3237/845 6155/3240/845 6153/3238/844
f 6158/3239/846 6157/3242/846 6155/3240/845
f 6160/3241/847 6159/3244/847 6157/3242/846
f 6162/3243/848 6161/3246/848 6159/3244/847
f 6164/3245/849 6163/3248/849 6161/3246/848
f 6166/3247/850 6165/3250/850 6163/3248/849
f 6168/3249/851 6167/3252/851 6165/3250/850
f 6170/3251/852 6169/3254/852 6167/3252/851
f 6172/3253/853 6171/3256/853 6169/3254/852
f 6174/3255/854 6173/3258/854 6171/3256/853
f 6176/3257/855 6175/1498/855 6173/3258/854
f 6178/3259/420 6177/3261/420 6175/1498/855
f 6180/3260/856 6179/3263/856 6177/3261/420
f 6182/3262/857 6181/3265/857 6179/3263/856
f 6184/3264/858 6183/3267/858 6181/3265/857
f 6186/3266/859 6185/3269/859 6183/3267/858
f 6188/3268/860 6187/3271/860 6185/3269/859
f 6190/3270/861 6189/3273/861 6187/3271/860
f 6192/3272/862 6191/3275/862 6189/3273/861
f 6194/3274/863 6193/3277/863 6191/3275/862
f 6196/3276/864 6195/3279/864 6193/3277/863
f 6198/3278/865 6197/3281/865 6195/3279/864
f 6200/3280/866 6199/3283/868 6197/3281/865
f 6202/3282/867 6201/3285/867 6199/3283/868
f 6204/3284/869 6203/3287/869 6201/3285/867
f 6206/3286/870 6205/3289/870 6203/3287/869
f 6208/3288/871 6207/1484/871 6205/3289/870
f 6210/3290/872 6209/3292/872 6207/1484/871
f 6212/3291/873 6211/3294/873 6209/3292/872
f 6214/3293/874 6213/3296/874 6211/3294/873
f 6216/3295/875 6215/3298/875 6213/3296/874
f 6218/3297/876 6217/3300/876 6215/3298/875
f 6220/3299/877 6219/3302/877 6217/3300/876
f 6222/3301/878 6221/3303/878 6219/3302/877
f 6224/2114/879 6223/464/879 6221/3303/878
f 6226/3304/880 6225/3306/880 6223/464/879
f 6228/3305/881 6227/3308/881 6225/3306/880
f 6230/3307/882 6229/3310/882 6227/3308/881
f 6232/3309/883 6231/3312/883 6229/3310/882
f 6234/3311/884 6233/3314/884 6231/3312/883
f 6236/3313/885 6235/3316/885 6233/3314/884
f 6238/3315/886 6237/3318/888 6235/3316/885
f 6240/3317/887 6239/1462/887 6237/3318/888
f 6242/3319/889 6241/3321/889 6239/1462/887
f 6244/3320/890 6243/3323/890 6241/3321/889
f 6246/3322/891 6245/3325/891 6243/3323/890
f 6248/3324/892 6247/3327/892 6245/3325/891
f 6250/3326/893 6249/3329/893 6247/3327/892
f 6252/3328/894 6251/3331/894 6249/3329/893
f 6254/3330/895 6253/3333/895 6251/3331/894
f 6256/3332/896 6255/3335/897 6253/3333/895
f 6258/3334/339 6257/3337/339 6255/3335/897
f 6260/3336/898 6259/3339/898 6257/3337/339
f 6262/3338/899 6261/3341/901 6259/3339/898
f 6264/3340/900 6263/3343/900 6261/3341/901
f 6266/3342/902 6265/3345/904 6263/3343/900
f 6268/3344/903 6267/3347/906 6265/3345/904
f 6270/3346/905 6269/3349/905 6267/3347/906
f 6272/3348/907 6271/1449/909 6269/3349/905
f 6274/3350/908 6273/3352/908 6271/1449/909
f 6276/3351/910 6275/3354/910 6273/3352/908
f 6278/3353/911 6277/3356/911 6275/3354/910
f 6280/3355/912 6279/3358/912 6277/3356/911
f 6282/3357/913 6281/3360/913 6279/3358/912
f 6284/3359/914 6283/3362/914 6281/3360/913
f 6286/3361/915 6285/3364/915 6283/3362/914
f 6288/3363/916 6287/3366/916 6285/3364/915
f 6290/3365/917 6289/3368/919 6287/3366/916
f 6292/3367/918 6291/3370/918 6289/3368/919
f 6294/3369/920 6293/3372/920 6291/3370/918
f 6296/3371/921 6295/3374/921 6293/3372/920
f 6298/3373/922 6297/3376/922 6295/3374/921
f 6300/3375/923 6299/3378/923 6297/3376/922
f 6302/3377/924 6301/3380/924 6299/3378/923
f 6304/3379/925 6303/1502/925 6301/3380/924
f 6306/3381/926 6305/3383/926 6303/1502/925
f 6308/3382/927 6307/3385/927 6305/3383/926
f 6310/3384/928 6309/3387/928 6307/3385/927
f 6312/3386/929 6311/3389/929 6309/3387/928
f 6314/3388/930 6313/3390/930 6311/3389/929
f 6316/2143/931 6315/2146/931 6313/3390/930
f 6318/3391/932 6317/3393/932 6315/2146/931
f 6320/3392/531 6319/3395/531 6317/3393/932
f 6322/3394/933 6321/3397/933 6319/3395/531
f 6324/3396/934 6323/3399/934 6321/3397/933
f 6326/3398/935 6325/3401/935 6323/3399/934
f 6328/3400/936 6327/3403/936 6325/3401/935
f 6330/3402/937 6329/3405/937 6327/3403/936
f 6332/3404/938 6331/3407/938 6329/3405/937
f 6334/3406/939 6333/3409/939 6331/3407/938
f 6336/3408/940 6335/1523/942 6333/3409/939
f 6338/3410/941 6337/3412/941 6335/1523/942
f 6340/3411/943 6339/3414/943 6337/3412/941
f 6342/3413/944 6341/3416/944 6339/3414/943
f 6344/3415/945 6343/3418/945 6341/3416/944
f 6346/3417/946 6345/3420/946 6343/3418/945
f 6348/3419/947 6347/3422/947 6345/3420/946
f 6350/3421/948 6349/3424/948 6347/3422/947
f 6352/3423/949 6351/3426/949 6349/3424/948
f 6354/3425/950 6353/3428/950 6351/3426/949
f 6356/3427/951 6355/3430/953 6353/3428/950
f 6358/3429/952 6357/3432/952 6355/3430/953
f 6360/3431/954 6359/3434/954 6357/3432/952
f 6362/3433/955 6361/3436/957 6359/3434/954
f 6364/3435/956 6363/3438/956 6361/3436/957
f 6366/3437/958 6365/3440/958 6363/3438/956
f 6368/3439/959 6367/1635/959 6365/3440/958
f 6370/3441/960 6369/3443/960 6367/1635/959
f 6372/3442/961 6371/3445/963 6369/3443/960
f 6374/3444/962 6373/3447/894 6371/3445/963
f 6376/3446/964 6375/3449/966 6373/3447/894
f 6378/3448/965 6377/3451/968 6375/3449/966
f 6380/3450/967 6379/3453/970 6377/3451/968
f 6382/3452/969 6381/3455/972 6379/3453/970
f 6384/3454/971 6383/3457/974 6381/3455/972
f 6386/3456/973 6385/3459/976 6383/3457/974
f 6388/3458/975 6387/3461/975 6385/3459/976
f 6390/3460/977 6389/3463/979 6387/3461/975
f 6392/3462/978 6391/3465/978 6389/3463/979
f 6394/3464/980 6393/3467/980 6391/3465/978
f 6396/3466/981 6395/3469/981 6393/3467/980
f 6398/3468/982 6397/3471/982 6395/3469/981
f 6400/3470/983 6399/1661/983 6397/3471/982
f 6402/3472/984 6401/3474/984 6399/1661/983
f 6404/3473/985 6403/3476/985 6401/3474/984
f 6406/3475/986 6405/3477/986 6403/3476/985
f 6408/2173/987 6407/2176/987 6405/3477/986
f 6410/3478/988 6409/3480/988 6407/2176/987
f 6412/3479/989 6411/3482/991 6409/3480/988
f 6414/3481/990 6413/3484/990 6411/3482/991
f 6416/3483/992 6415/3486/992 6413/3484/990
f 6418/3485/993 6417/3488/993 6415/3486/992
f 6420/3487/994 6419/3490/994 6417/3488/993
f 6422/3489/995 6421/3492/995 6419/3490/994
f 6424/3491/991 6423/3494/991 6421/3492/995
f 6426/3493/996 6425/3496/996 6423/3494/991
f 6428/3495/997 6427/3498/997 6425/3496/996
f 6430/3497/986 6429/3500/986 6427/3498/997
f 6432/3499/998 6431/1692/998 6429/3500/986
f 6434/3501/999 6433/3503/999 6431/1692/998
f 6436/3502/1000 6435/3505/1000 6433/3503/999
f 6438/3504/985 6437/3507/985 6435/3505/1000
f 6440/3506/1001 6439/3509/1001 6437/3507/985
f 6442/3508/1002 6441/3511/1002 6439/3509/1001
f 6444/3510/1003 6443/3513/1003 6441/3511/1002
f 6446/3512/650 6445/3515/650 6443/3513/1003
f 6448/3514/1004 6447/3517/1004 6445/3515/650
f 6450/3516/651 6449/3519/651 6447/3517/1004
f 6452/3518/1005 6451/3521/1005 6449/3519/651
f 6454/3520/1006 6453/3523/1006 6451/3521/1005
f 6456/3522/1007 6455/3525/1007 6453/3523/1006
f 6458/3524/1008 6457/3527/1008 6455/3525/1007
f 6460/3526/1009 6459/3529/1009 6457/3527/1008
f 6462/3528/1010 6461/3531/1010 6459/3529/1009
f 6464/3530/1011 6463/1708/1011 6461/3531/1010
f 6466/3532/1012 6465/3534/1012 6463/1708/1011
f 6468/3533/1013 6467/3536/1013 6465/3534/1012
f 6470/3535/1014 6469/3538/1014 6467/3536/1013
f 6472/3537/1015 6471/3540/1015 6469/3538/1014
f 6474/3539/1016 6473/3542/1016 6471/3540/1015
f 6476/3541/1017 6475/3544/1017 6473/3542/1016
f 6478/3543/1018 6477/3546/1018 6475/3544/1017
f 6480/3545/1019 6479/3548/1019 6477/3546/1018
f 6482/3547/1020 6481/3550/1020 6479/3548/1019
f 6484/3549/1021 6483/3552/1021 6481/3550/1020
f 6486/3551/1022 6485/3554/1022 6483/3552/1021
f 6488/3553/1023 6487/3556/1023 6485/3554/1022
f 6490/3555/1024 6489/3558/1024 6487/3556/1023
f 6492/3557/1025 6491/3560/1025 6489/3558/1024
f 6494/3559/1026 6493/3562/1026 6491/3560/1025
f 6496/3561/1027 6495/1724/1027 6493/3562/1026
f 6498/3563/1028 6497/3564/1028 6495/1724/1027
f 6500/2203/1029 6499/2206/1029 6497/3564/1028
f 6502/3565/1030 6501/3567/1030 6499/2206/1029
f 6504/3566/1031 6503/3569/1033 6501/3567/1030
f 6506/3568/1032 6505/3571/1035 6503/3569/1033
f 6508/3570/1034 6507/3573/1034 6505/3571/1035
f 6510/3572/1036 6509/3575/1036 6507/3573/1034
f 6512/3574/1037 6511/3577/1037 6509/3575/1036
f 6514/3576/1038 6513/3579/1038 6511/3577/1037
f 6516/3578/1039 6515/3581/1039 6513/3579/1038
f 6518/3580/1040 6517/3583/1040 6515/3581/1039
f 6520/3582/1041 6519/3585/1041 6517/3583/1040
f 6522/3584/1042 6521/3587/1042 6519/3585/1041
f 6524/3586/1043 6523/3589/1043 6521/3587/1042
f 6526/3588/1044 6525/3591/1044 6523/3589/1043
f 6528/3590/1045 6527/1743/1045 6525/3591/1044
f 6530/3592/1046 6529/3594/1046 6527/1743/1045
f 6532/3593/1047 6531/3596/1047 6529/3594/1046
f 6534/3595/1048 6533/3598/1050 6531/3596/1047
f 6536/3597/1049 6535/3600/1049 6533/3598/1050
f 6538/3599/1051 6537/3602/1051 6535/3600/1049
f 6540/3601/1052 6539/3604/1052 6537/3602/1051
f 6542/3603/1053 6541/3606/1053 6539/3604/1052
f 6544/3605/1054 6543/3608/1054 6541/3606/1053
f 6546/3607/1055 6545/3610/1055 6543/3608/1054
f 6548/3609/1056 6547/3612/1056 6545/3610/1055
f 6550/3611/1057 6549/3614/1057 6547/3612/1056
f 6552/3613/1058 6551/3616/1058 6549/3614/1057
f 6554/3615/1059 6553/3618/1059 6551/3616/1058
f 6556/3617/1060 6555/3620/1060 6553/3618/1059
f 6558/3619/1061 6557/3622/1061 6555/3620/1060
f 6560/3621/1062 6559/1697/1062 6557/3622/1061
f 6562/3623/1063 6561/3625/1063 6559/1697/1062
f 6564/3624/1064 6563/3627/1064 6561/3625/1063
f 6566/3626/1065 6565/3629/1065 6563/3627/1064
f 6568/3628/1066 6567/3631/1066 6565/3629/1065
f 6570/3630/1067 6569/3633/1067 6567/3631/1066
f 6572/3632/1068 6571/3635/1068 6569/3633/1067
f 6574/3634/1069 6573/3637/1069 6571/3635/1068
f 6576/3636/1070 6575/3639/1070 6573/3637/1069
f 6578/3638/1071 6577/3641/1071 6575/3639/1070
f 6580/3640/1072 6579/3643/1072 6577/3641/1071
f 6582/3642/1073 6581/3645/1073 6579/3643/1072
f 6584/3644/1074 6583/3647/1074 6581/3645/1073
f 6586/3646/1075 6585/3649/1075 6583/3647/1074
f 6588/3648/1076 6587/3651/1076 6585/3649/1075
f 6590/3650/1077 6589/3652/1077 6587/3651/1076
f 5856/2233/170 5855/301/170 6589/3652/1077
f 6594/1996/1078 6593/1999/1078 6591/288/1079
f 6596/1998/1080 6595/2001/1082 6593/1999/1078
f 6598/2000/1081 6597/2003/1081 6595/2001/1082
f 6600/2002/1083 6599/2005/1083 6597/2003/1081
f 6602/2004/1084 6601/2007/1084 6599/2005/1083
f 6604/2006/1085 6603/2009/1087 6601/2007/1084
f 6606/2008/1086 6605/2011/1086 6603/2009/1087
f 6608/2010/1088 6607/2013/1088 6605/2011/1086
f 6610/2012/1089 6609/2015/1089 6607/2013/1088
f 6612/2014/1090 6611/2017/1090 6609/2015/1089
f 6614/2016/1091 6613/2019/1091 6611/2017/1090
f 6616/2018/1092 6615/2021/1092 6613/2019/1091
f 6618/2020/1093 6617/2023/1093 6615/2021/1092
f 6620/2022/1094 6619/2025/1094 6617/2023/1093
f 6622/2024/1095 6621/2027/1095 6619/2025/1094
f 6624/2026/1096 6623/2029/1096 6621/2027/1095
f 6626/2028/1097 6625/2031/1097 6623/2029/1096
f 6628/2030/1098 6627/2033/1098 6625/2031/1097
f 6630/2032/1099 6629/2035/1099 6627/2033/1098
f 6632/2034/1100 6631/2037/1102 6629/2035/1099
f 6634/2036/1101 6633/2039/1101 6631/2037/1102
f 6636/2038/1103 6635/2041/1103 6633/2039/1101
f 6638/2040/1104 6637/2043/1104 6635/2041/1103
f 6640/2042/1105 6639/2045/1107 6637/2043/1104
f 6642/2044/1106 6641/2047/1106 6639/2045/1107
f 6644/2046/1108 6643/2049/1108 6641/2047/1106
f 6646/2048/1109 6645/2051/1109 6643/2049/1108
f 6648/2050/1110 6647/2053/1110 6645/2051/1109
f 6650/2052/1111 6649/2055/1111 6647/2053/1110
f 6652/2054/1112 6651/2057/1112 6649/2055/1111
f 6654/2056/1113 6653/2059/1113 6651/2057/1112
f 6656/2058/1114 6655/2061/1114 6653/2059/1113
f 6658/2060/1115 6657/2063/1117 6655/2061/1114
f 6660/2062/1116 6659/2065/1116 6657/2063/1117
f 6662/2064/1118 6661/2067/1118 6659/2065/1116
f 6664/2066/1119 6663/2069/1119 6661/2067/1118
f 6666/2068/1120 6665/2071/1120 6663/2069/1119
f 6668/2070/1121 6667/2073/1123 6665/2071/1120
f 6670/2072/1122 6669/2075/1122 6667/2073/1123
f 6672/2074/1124 6671/2077/1124 6669/2075/1122
f 6674/2076/56 6673/2079/56 6671/2077/1124
f 6676/2078/1125 6675/2081/1125 6673/2079/56
f 6678/2080/1126 6677/2083/1126 6675/2081/1125
f 6680/2082/1127 6679/2085/1127 6677/2083/1126
f 6682/2084/1128 6681/2087/1128 6679/2085/1127
f 6684/2086/1129 6683/2089/1129 6681/2087/1128
f 6686/2088/1130 6685/2091/1130 6683/2089/1129
f 6688/2090/1131 6687/2093/1133 6685/2091/1130
f 6690/2092/1132 6689/2095/1132 6687/2093/1133
f 6692/2094/1134 6691/2097/1134 6689/2095/1132
f 6694/2096/1135 6693/2099/1135 6691/2097/1134
f 6696/2098/1136 6695/2101/1136 6693/2099/1135
f 6698/2100/1137 6697/2103/1137 6695/2101/1136
f 6700/2102/1138 6699/2105/1138 6697/2103/1137
f 6702/2104/1139 6701/2107/1139 6699/2105/1138
f 6704/2106/1140 6703/2109/1140 6701/2107/1139
f 6706/2108/1141 6705/2111/1141 6703/2109/1140
f 6708/2110/1142 6707/2113/1144 6705/2111/1141
f 6710/2112/1143 6709/2115/1143 6707/2113/1144
f 6712/2114/1145 6711/464/1145 6709/2115/1143
f 6714/2116/1146 6713/2118/1146 6711/464/1145
f 6716/2117/1147 6715/2120/1147 6713/2118/1146
f 6718/2119/1148 6717/2122/1148 6715/2120/1147
f 6720/2121/1149 6719/2124/1149 6717/2122/1148
f 6722/2123/1150 6721/2126/1150 6719/2124/1149
f 6724/2125/1151 6723/2128/1151 6721/2126/1150
f 6726/2127/1152 6725/2130/1152 6723/2128/1151
f 6728/2129/1153 6727/2132/1153 6725/2130/1152
f 6730/2131/1154 6729/2134/1154 6727/2132/1153
f 6732/2133/1155 6731/2136/1155 6729/2134/1154
f 6734/2135/1156 6733/2138/1156 6731/2136/1155
f 6736/2137/1157 6735/2140/1157 6733/2138/1156
f 6738/2139/1158 6737/2142/1158 6735/2140/1157
f 6740/2141/1159 6739/2144/1159 6737/2142/1158
f 6742/2143/1160 6741/2146/1160 6739/2144/1159
f 6744/2145/1161 6743/2148/1161 6741/2146/1160
f 6746/2147/1162 6745/2150/1162 6743/2148/1161
f 6748/2149/1163 6747/2152/1165 6745/2150/1162
f 6750/2151/1164 6749/2154/1164 6747/2152/1165
f 6752/2153/1166 6751/2156/1166 6749/2154/1164
f 6754/2155/1167 6753/2158/1167 6751/2156/1166
f 6756/2157/1168 6755/2160/1168 6753/2158/1167
f 6758/2159/1169 6757/2162/1169 6755/2160/1168
f 6760/2161/1170 6759/2164/1170 6757/2162/1169
f 6762/2163/1171 6761/2166/1171 6759/2164/1170
f 6764/2165/1172 6763/2168/1172 6761/2166/1171
f 6766/2167/1173 6765/2170/1173 6763/2168/1172
f 6768/2169/1174 6767/2172/1174 6765/2170/1173
f 6770/2171/1175 6769/2174/1175 6767/2172/1174
f 6772/2173/283 6771/2176/283 6769/2174/1175
f 6774/2175/1176 6773/2178/1176 6771/2176/283
f 6776/2177/1177 6775/2180/1177 6773/2178/1176
f 6778/2179/1178 6777/2182/1178 6775/2180/1177
f 6780/2181/1179 6779/2184/1179 6777/2182/1178
f 6782/2183/1180 6781/2186/1180 6779/2184/1179
f 6784/2185/1181 6783/2188/1181 6781/2186/1180
f 6786/2187/1182 6785/2190/1182 6783/2188/1181
f 6788/2189/1183 6787/2192/1183 6785/2190/1182
f 6790/2191/1184 6789/2194/1186 6787/2192/1183
f 6792/2193/1185 6791/2196/1188 6789/2194/1186
f 6794/2195/1187 6793/2198/1187 6791/2196/1188
f 6796/2197/154 6795/2200/154 6793/2198/1187
f 6798/2199/1189 6797/2202/1189 6795/2200/154
f 6800/2201/1190 6799/2204/1192 6797/2202/1189
f 6802/2203/1191 6801/2206/1191 6799/2204/1192
f 6804/2205/1193 6803/2208/1193 6801/2206/1191
f 6806/2207/1194 6805/2210/1194 6803/2208/1193
f 6808/2209/1195 6807/2212/1195 6805/2210/1194
f 6810/2211/1196 6809/2214/1196 6807/2212/1195
f 6812/2213/1197 6811/2216/1197 6809/2214/1196
f 6814/2215/1198 6813/2218/1198 6811/2216/1197
f 6816/2217/149 6815/2220/149 6813/2218/1198
f 6818/2219/1199 6817/2222/1199 6815/2220/149
f 6820/2221/1200 6819/2224/1200 6817/2222/1199
f 6822/2223/1201 6821/2226/1201 6819/2224/1200
f 6824/2225/1202 6823/2228/1202 6821/2226/1201
f 6826/2227/1203 6825/2230/1205 6823/2228/1202
f 6828/2229/1204 6827/2232/1204 6825/2230/1205
f 6830/2231/1206 6829/2234/1206 6827/2232/1204
f 6592/2233/1079 6591/301/1079 6829/2234/1206
f 6834/3653/1207 6833/3655/1207 6831/288/1208
f 6836/3654/1209 6835/3657/1209 6833/3655/1207
f 6838/3656/1210 6837/3659/1210 6835/3657/1209
f 6840/3658/1211 6839/3661/1213 6837/3659/1210
f 6842/3660/1212 6841/3663/1212 6839/3661/1213
f 6844/3662/1214 6843/3665/1214 6841/3663/1212
f 6846/3664/1215 6845/3667/1215 6843/3665/1214
f 6848/3666/1216 6847/3668/1216 6845/3667/1215
f 6850/2014/1217 6849/2017/1217 6847/3668/1216
f 6852/3669/1218 6851/3671/1218 6849/2017/1217
f 6854/3670/1219 6853/3673/1219 6851/3671/1218
f 6856/3672/1220 6855/3675/1220 6853/3673/1219
f 6858/3674/1221 6857/3677/1221 6855/3675/1220
f 6860/3676/1222 6859/3679/1222 6857/3677/1221
f 6862/3678/1223 6861/3681/1223 6859/3679/1222
f 6864/3680/1224 6863/3683/1224 6861/3681/1223
f 6866/3682/1225 6865/3684/1225 6863/3683/1224
f 6868/2034/1226 6867/2037/1226 6865/3684/1225
f 6870/3685/1227 6869/3687/1227 6867/2037/1226
f 6872/3686/1228 6871/3689/1228 6869/3687/1227
f 6874/3688/191 6873/3691/191 6871/3689/1228
f 6876/3690/1229 6875/3693/1229 6873/3691/191
f 6878/3692/195 6877/3695/195 6875/3693/1229
f 6880/3694/1230 6879/3697/1230 6877/3695/195
f 6882/3696/1231 6881/3699/1231 6879/3697/1230
f 6884/3698/1232 6883/3700/1232 6881/3699/1231
f 6886/2054/1233 6885/2057/1233 6883/3700/1232
f 6888/3701/1234 6887/3703/1234 6885/2057/1233
f 6890/3702/1235 6889/3705/1235 6887/3703/1234
f 6892/3704/1236 6891/3707/1236 6889/3705/1235
f 6894/3706/1237 6893/3709/1237 6891/3707/1236
f 6896/3708/1238 6895/3711/1238 6893/3709/1237
f 6898/3710/1239 6897/3713/1239 6895/3711/1238
f 6900/3712/1240 6899/3715/1240 6897/3713/1239
f 6902/3714/1241 6901/3716/1241 6899/3715/1240
f 6904/2074/816 6903/2077/816 6901/3716/1241
f 6906/3717/1242 6905/3719/1242 6903/2077/816
f 6908/3718/1243 6907/3721/1243 6905/3719/1242
f 6910/3720/1244 6909/3723/1244 6907/3721/1243
f 6912/3722/1245 6911/3725/1245 6909/3723/1244
f 6914/3724/1246 6913/3727/1246 6911/3725/1245
f 6916/3726/1247 6915/3729/1247 6913/3727/1246
f 6918/3728/1248 6917/3731/1248 6915/3729/1247
f 6920/3730/1249 6919/3732/1249 6917/3731/1248
f 6922/2094/1250 6921/2097/1250 6919/3732/1249
f 6924/3733/1251 6923/3735/1251 6921/2097/1250
f 6926/3734/1252 6925/3737/1254 6923/3735/1251
f 6928/3736/1253 6927/3739/1253 6925/3737/1254
f 6930/3738/1255 6929/3741/1255 6927/3739/1253
f 6932/3740/1256 6931/3743/1256 6929/3741/1255
f 6934/3742/1257 6933/3745/1257 6931/3743/1256
f 6936/3744/1258 6935/3747/1258 6933/3745/1257
f 6938/3746/1259 6937/3748/1259 6935/3747/1258
f 6940/2114/1260 6939/464/1260 6937/3748/1259
f 6942/3749/1261 6941/3751/1261 6939/464/1260
f 6944/3750/1262 6943/3753/1262 6941/3751/1261
f 6946/3752/1263 6945/3755/1263 6943/3753/1262
f 6948/3754/1264 6947/3757/1264 6945/3755/1263
f 6950/3756/1265 6949/3759/1265 6947/3757/1264
f 6952/3758/1266 6951/3761/1266 6949/3759/1265
f 6954/3760/1267 6953/3763/1267 6951/3761/1266
f 6956/3762/1268 6955/3764/1268 6953/3763/1267
f 6958/2133/1269 6957/2136/1269 6955/3764/1268
f 6960/3765/1270 6959/3767/1270 6957/2136/1269
f 6962/3766/1271 6961/3769/1271 6959/3767/1270
f 6964/3768/1272 6963/3771/1272 6961/3769/1271
f 6966/3770/1273 6965/3773/1273 6963/3771/1272
f 6968/3772/1274 6967/3775/1274 6965/3773/1273
f 6970/3774/1275 6969/3777/1275 6967/3775/1274
f 6972/3776/1276 6971/3779/1276 6969/3777/1275
f 6974/3778/1277 6973/3780/1277 6971/3779/1276
f 6976/2153/1278 6975/2156/1278 6973/3780/1277
f 6978/3781/1279 6977/3783/1279 6975/2156/1278
f 6980/3782/1280 6979/3785/1280 6977/3783/1279
f 6982/3784/1281 6981/3787/1281 6979/3785/1280
f 6984/3786/1282 6983/3789/1282 6981/3787/1281
f 6986/3788/1283 6985/3791/1283 6983/3789/1282
f 6988/3790/1284 6987/3793/1284 6985/3791/1283
f 6990/3792/1285 6989/3795/1285 6987/3793/1284
f 6992/3794/1286 6991/3796/1286 6989/3795/1285
f 6994/2173/1287 6993/2176/1287 6991/3796/1286
f 6996/3797/1288 6995/3799/1288 6993/2176/1287
f 6998/3798/1289 6997/3801/1289 6995/3799/1288
f 7000/3800/1290 6999/3803/1290 6997/3801/1289
f 7002/3802/1291 7001/3805/1293 6999/3803/1290
f 7004/3804/1292 7003/3807/1292 7001/3805/1293
f 7006/3806/1294 7005/3809/1294 7003/3807/1292
f 7008/3808/1295 7007/3811/1297 7005/3809/1294
f 7010/3810/1296 7009/3812/1296 7007/3811/1297
f 7012/2193/1298 7011/2196/1298 7009/3812/1296
f 7014/3813/1299 7013/3815/1299 7011/2196/1298
f 7016/3814/1300 7015/3817/1300 7013/3815/1299
f 7018/3816/1301 7017/3819/1301 7015/3817/1300
f 7020/3818/1302 7019/3821/1304 7017/3819/1301
f 7022/3820/1303 7021/3823/1303 7019/3821/1304
f 7024/3822/994 7023/3825/1306 7021/3823/1303
f 7026/3824/1305 7025/3827/1307 7023/3825/1306
f 7028/3826/342 7027/3828/342 7025/3827/1307
f 7030/2213/1308 7029/2216/1310 7027/3828/342
f 7032/3829/1309 7031/3831/1309 7029/2216/1310
f 7034/3830/1311 7033/3833/1311 7031/3831/1309
f 7036/3832/1312 7035/3835/1314 7033/3833/1311
f 7038/3834/1313 7037/3837/1313 7035/3835/1314
f 7040/3836/1315 7039/3839/1315 7037/3837/1313
f 7042/3838/1316 7041/3841/1316 7039/3839/1315
f 7044/3840/1194 7043/3843/1194 7041/3841/1316
f 7046/3842/1317 7045/3844/1317 7043/3843/1194
f 6832/2233/1208 6831/301/1208 7045/3844/1317
f 7050/3845/1318 7049/3847/1318 7047/288/1319
f 7052/3846/1320 7051/3849/1320 7049/3847/1318
f 7054/3848/1321 7053/3850/1321 7051/3849/1320
f 7056/2004/1322 7055/2007/1322 7053/3850/1321
f 7058/3851/1323 7057/3852/1323 7055/2007/1322
f 7060/2997/1324 7059/3000/1324 7057/3852/1323
f 7062/3853/1325 7061/3854/1325 7059/3000/1324
f 7064/2014/1326 7063/2017/1326 7061/3854/1325
f 7066/3855/1327 7065/3857/1327 7063/2017/1326
f 7068/3856/1328 7067/3859/1328 7065/3857/1327
f 7070/3858/1329 7069/3860/1329 7067/3859/1328
f 7072/2024/1330 7071/2027/1330 7069/3860/1329
f 7074/3861/1331 7073/3863/1331 7071/2027/1330
f 7076/3862/1332 7075/3865/1332 7073/3863/1331
f 7078/3864/1333 7077/3866/1333 7075/3865/1332
f 7080/2034/1334 7079/2037/1334 7077/3866/1333
f 7082/3867/1335 7081/3868/1335 7079/2037/1334
f 7084/3084/1336 7083/3087/1336 7081/3868/1335
f 7086/3869/1337 7085/3870/1337 7083/3087/1336
f 7088/2044/1338 7087/2047/1338 7085/3870/1337
f 7090/3871/1339 7089/3873/1339 7087/2047/1338
f 7092/3872/1340 7091/3875/1340 7089/3873/1339
f 7094/3874/1341 7093/3876/1341 7091/3875/1340
f 7096/2054/1342 7095/2057/1342 7093/3876/1341
f 7098/3877/1343 7097/3879/1343 7095/2057/1342
f 7100/3878/1344 7099/3881/1344 7097/3879/1343
f 7102/3880/1345 7101/3882/1345 7099/3881/1344
f 7104/2064/1346 7103/2067/1346 7101/3882/1345
f 7106/3883/1347 7105/3884/1347 7103/2067/1346
f 7108/3171/1348 7107/3174/1348 7105/3884/1347
f 7110/3885/1349 7109/3886/1349 7107/3174/1348
f 7112/2074/1350 7111/2077/1350 7109/3886/1349
f 7114/3887/1351 7113/3889/1351 7111/2077/1350
f 7116/3888/1352 7115/3891/1352 7113/3889/1351
f 7118/3890/1353 7117/3892/1353 7115/3891/1352
f 7120/2084/1354 7119/2087/1354 7117/3892/1353
f 7122/3893/1355 7121/3895/1355 7119/2087/1354
f 7124/3894/1356 7123/3897/1356 7121/3895/1355
f 7126/3896/1357 7125/3898/1357 7123/3897/1356
f 7128/2094/1358 7127/2097/1358 7125/3898/1357
f 7130/3899/1359 7129/3900/1359 7127/2097/1358
f 7132/3259/1360 7131/3261/1360 7129/3900/1359
f 7134/3901/1361 7133/3902/1361 7131/3261/1360
f 7136/2104/1362 7135/2107/1362 7133/3902/1361
f 7138/3903/1363 7137/3905/1363 7135/2107/1362
f 7140/3904/1364 7139/3907/1364 7137/3905/1363
f 7142/3906/1365 7141/3908/1365 7139/3907/1364
f 7144/2114/1366 7143/464/1366 7141/3908/1365
f 7146/3909/1367 7145/3911/1367 7143/464/1366
f 7148/3910/1368 7147/3913/1368 7145/3911/1367
f 7150/3912/1369 7149/3914/1369 7147/3913/1368
f 7152/2123/1370 7151/2126/1370 7149/3914/1369
f 7154/3915/1371 7153/3916/1371 7151/2126/1370
f 7156/3346/1372 7155/3349/1372 7153/3916/1371
f 7158/3917/1373 7157/3918/1373 7155/3349/1372
f 7160/2133/1374 7159/2136/1374 7157/3918/1373
f 7162/3919/1375 7161/3921/1375 7159/2136/1374
f 7164/3920/1376 7163/3923/1376 7161/3921/1375
f 7166/3922/1377 7165/3924/1377 7163/3923/1376
f 7168/2143/1378 7167/2146/1378 7165/3924/1377
f 7170/3925/1379 7169/3927/1379 7167/2146/1378
f 7172/3926/1380 7171/3929/1380 7169/3927/1379
f 7174/3928/1381 7173/3930/1381 7171/3929/1380
f 7176/2153/1382 7175/2156/1382 7173/3930/1381
f 7178/3931/1383 7177/3932/1383 7175/2156/1382
f 7180/3433/1384 7179/3436/1384 7177/3932/1383
f 7182/3933/1385 7181/3934/1385 7179/3436/1384
f 7184/2163/1386 7183/2166/1386 7181/3934/1385
f 7186/3935/1387 7185/3937/1387 7183/2166/1386
f 7188/3936/1388 7187/3939/1388 7185/3937/1387
f 7190/3938/1389 7189/3940/1389 7187/3939/1388
f 7192/2173/1390 7191/2176/1390 7189/3940/1389
f 7194/3941/1391 7193/3943/1391 7191/2176/1390
f 7196/3942/1392 7195/3945/1392 7193/3943/1391
f 7198/3944/1393 7197/3946/1395 7195/3945/1392
f 7200/2183/1394 7199/2186/1394 7197/3946/1395
f 7202/3947/1396 7201/3948/1396 7199/2186/1394
f 7204/3520/1397 7203/3523/1399 7201/3948/1396
f 7206/3949/1398 7205/3950/1398 7203/3523/1399
f 7208/2193/1400 7207/2196/1400 7205/3950/1398
f 7210/3951/1401 7209/3953/1401 7207/2196/1400
f 7212/3952/1402 7211/3955/1402 7209/3953/1401
f 7214/3954/1403 7213/3956/1403 7211/3955/1402
f 7216/2203/1404 7215/2206/1404 7213/3956/1403
f 7218/3957/1405 7217/3959/1405 7215/2206/1404
f 7220/3958/1406 7219/3961/1406 7217/3959/1405
f 7222/3960/1407 7221/3962/291 7219/3961/1406
f 7224/2213/1408 7223/2216/1408 7221/3962/291
f 7226/3963/1409 7225/3964/1409 7223/2216/1408
f 7228/3607/1410 7227/3610/1410 7225/3964/1409
f 7230/3965/1411 7229/3966/1411 7227/3610/1410
f 7232/2223/1412 7231/2226/1412 7229/3966/1411
f 7234/3967/1413 7233/3969/1413 7231/2226/1412
f 7236/3968/1414 7235/3971/1414 7233/3969/1413
f 7238/3970/1415 7237/3972/1416 7235/3971/1414
f 7048/2233/1319 7047/301/1319 7237/3972/1416
f 7242/3653/1417 7241/3655/1417 7239/288/687
f 7244/3654/1418 7243/3657/1418 7241/3655/1417
f 7246/3656/1419 7245/3659/1421 7243/3657/1418
f 7248/3658/1420 7247/3661/1420 7245/3659/1421
f 7250/3660/1422 7249/3663/1424 7247/3661/1420
f 7252/3662/1423 7251/3665/1423 7249/3663/1424
f 7254/3664/1425 7253/3667/1425 7251/3665/1423
f 7256/3666/1426 7255/3668/1426 7253/3667/1425
f 7258/2014/1427 7257/2017/1427 7255/3668/1426
f 7260/3669/1428 7259/3671/1428 7257/2017/1427
f 7262/3670/1429 7261/3673/1429 7259/3671/1428
f 7264/3672/1430 7263/3675/1430 7261/3673/1429
f 7266/3674/1431 7265/3677/1431 7263/3675/1430
f 7268/3676/1432 7267/3679/1432 7265/3677/1431
f 7270/3678/1433 7269/3681/1433 7267/3679/1432
f 7272/3680/1434 7271/3683/1434 7269/3681/1433
f 7274/3682/1435 7273/3684/1435 7271/3683/1434
f 7276/2034/1436 7275/2037/1436 7273/3684/1435
f 7278/3685/1437 7277/3687/1437 7275/2037/1436
f 7280/3686/1438 7279/3689/1438 7277/3687/1437
f 7282/3688/1439 7281/3691/1439 7279/3689/1438
f 7284/3690/1440 7283/3693/1440 7281/3691/1439
f 7286/3692/1441 7285/3695/1441 7283/3693/1440
f 7288/3694/1442 7287/3697/1442 7285/3695/1441
f 7290/3696/1443 7289/3699/1443 7287/3697/1442
f 7292/3698/1444 7291/3700/1444 7289/3699/1443
f 7294/2054/1445 7293/2057/1445 7291/3700/1444
f 7296/3701/1446 7295/3703/1446 7293/2057/1445
f 7298/3702/1447 7297/3705/1447 7295/3703/1446
f 7300/3704/1448 7299/3707/1448 7297/3705/1447
f 7302/3706/1449 7301/3709/1449 7299/3707/1448
f 7304/3708/1450 7303/3711/1450 7301/3709/1449
f 7306/3710/1451 7305/3713/1451 7303/3711/1450
f 7308/3712/1452 7307/3715/1452 7305/3713/1451
f 7310/3714/1453 7309/3716/1453 7307/3715/1452
f 7312/2074/1454 7311/2077/1454 7309/3716/1453
f 7314/3717/1455 7313/3719/1455 7311/2077/1454
f 7316/3718/1456 7315/3721/1456 7313/3719/1455
f 7318/3720/1457 7317/3723/1457 7315/3721/1456
f 7320/3722/1458 7319/3725/1458 7317/3723/1457
f 7322/3724/1459 7321/3727/1459 7319/3725/1458
f 7324/3726/1460 7323/3729/1460 7321/3727/1459
f 7326/3728/1461 7325/3731/1461 7323/3729/1460
f 7328/3730/1462 7327/3732/1462 7325/3731/1461
f 7330/2094/1463 7329/2097/1463 7327/3732/1462
f 7332/3733/1464 7331/3735/1464 7329/2097/1463
f 7334/3734/1465 7333/3737/1465 7331/3735/1464
f 7336/3736/1466 7335/3739/1466 7333/3737/1465
f 7338/3738/1467 7337/3741/1467 7335/3739/1466
f 7340/3740/1468 7339/3743/1468 7337/3741/1467
f 7342/3742/1469 7341/3745/1469 7339/3743/1468
f 7344/3744/1470 7343/3747/1470 7341/3745/1469
f 7346/3746/1471 7345/3748/1471 7343/3747/1470
f 7348/2114/1472 7347/464/1472 7345/3748/1471
f 7350/3749/1473 7349/3751/1473 7347/464/1472
f 7352/3750/1474 7351/3753/1474 7349/3751/1473
f 7354/3752/1475 7353/3755/1475 7351/3753/1474
f 7356/3754/1476 7355/3757/1476 7353/3755/1475
f 7358/3756/1477 7357/3759/1477 7355/3757/1476
f 7360/3758/1478 7359/3761/1478 7357/3759/1477
f 7362/3760/1479 7361/3763/1479 7359/3761/1478
f 7364/3762/1480 7363/3764/1480 7361/3763/1479
f 7366/2133/1481 7365/2136/1481 7363/3764/1480
f 7368/3765/1482 7367/3767/1482 7365/2136/1481
f 7370/3766/1483 7369/3769/1483 7367/3767/1482
f 7372/3768/1484 7371/3771/1484 7369/3769/1483
f 7374/3770/1485 7373/3773/1485 7371/3771/1484
f 7376/3772/1486 7375/3775/1486 7373/3773/1485
f 7378/3774/1487 7377/3777/1487 7375/3775/1486
f 7380/3776/1488 7379/3779/1488 7377/3777/1487
f 7382/3778/1489 7381/3780/1489 7379/3779/1488
f 7384/2153/1490 7383/2156/1490 7381/3780/1489
f 7386/3781/1491 7385/3783/1491 7383/2156/1490
f 7388/3782/1492 7387/3785/1492 7385/3783/1491
f 7390/3784/1493 7389/3787/1493 7387/3785/1492
f 7392/3786/1494 7391/3789/1494 7389/3787/1493
f 7394/3788/1495 7393/3791/1495 7391/3789/1494
f 7396/3790/1496 7395/3793/1496 7393/3791/1495
f 7398/3792/1497 7397/3795/1497 7395/3793/1496
f 7400/3794/1498 7399/3796/1498 7397/3795/1497
f 7402/2173/1499 7401/2176/1499 7399/3796/1498
f 7404/3797/1500 7403/3799/1500 7401/2176/1499
f 7406/3798/1501 7405/3801/1501 7403/3799/1500
f 7408/3800/1502 7407/3803/1502 7405/3801/1501
f 7410/3802/1503 7409/3805/1503 7407/3803/1502
f 7412/3804/1504 7411/3807/1504 7409/3805/1503
f 7414/3806/1505 7413/3809/1505 7411/3807/1504
f 7416/3808/1506 7415/3811/1506 7413/3809/1505
f 7418/3810/1507 7417/3812/1507 7415/3811/1506
f 7420/2193/1508 7419/2196/1508 7417/3812/1507
f 7422/3813/1509 7421/3815/1509 7419/2196/1508
f 7424/3814/1510 7423/3817/1510 7421/3815/1509
f 7426/3816/1511 7425/3819/1511 7423/3817/1510
f 7428/3818/1512 7427/3821/1512 7425/3819/1511
f 7430/3820/1513 7429/3823/1513 7427/3821/1512
f 7432/3822/1514 7431/3825/1514 7429/3823/1513
f 7434/3824/1515 7433/3827/1515 7431/3825/1514
f 7436/3826/1516 7435/3828/1518 7433/3827/1515
f 7438/2213/1517 7437/2216/1517 7435/3828/1518
f 7440/3829/1519 7439/3831/1521 7437/2216/1517
f 7442/3830/1520 7441/3833/1520 7439/3831/1521
f 7444/3832/1522 7443/3835/1522 7441/3833/1520
f 7446/3834/1523 7445/3837/1523 7443/3835/1522
f 7448/3836/1524 7447/3839/1524 7445/3837/1523
f 7450/3838/1525 7449/3841/1525 7447/3839/1524
f 7452/3840/1526 7451/3843/1526 7449/3841/1525
f 7454/3842/1527 7453/3844/1527 7451/3843/1526
f 7240/2233/687 7239/301/687 7453/3844/1527
f 7458/3653/1528 7457/3655/1528 7455/288/1529
f 7460/3654/1530 7459/3657/1530 7457/3655/1528
f 7462/3656/1531 7461/3659/1531 7459/3657/1530
f 7464/3658/1532 7463/3661/1532 7461/3659/1531
f 7466/3660/1533 7465/3663/1535 7463/3661/1532
f 7468/3662/1534 7467/3665/1534 7465/3663/1535
f 7470/3664/1536 7469/3667/1536 7467/3665/1534
f 7472/3666/1537 7471/3668/1537 7469/3667/1536
f 7474/2014/1538 7473/2017/1538 7471/3668/1537
f 7476/3669/1539 7475/3671/1539 7473/2017/1538
f 7478/3670/1540 7477/3673/1540 7475/3671/1539
f 7480/3672/1541 7479/3675/1541 7477/3673/1540
f 7482/3674/1542 7481/3677/1542 7479/3675/1541
f 7484/3676/1543 7483/3679/1543 7481/3677/1542
f 7486/3678/1544 7485/3681/1544 7483/3679/1543
f 7488/3680/1545 7487/3683/1545 7485/3681/1544
f 7490/3682/1546 7489/3684/1546 7487/3683/1545
f 7492/2034/1547 7491/2037/1547 7489/3684/1546
f 7494/3685/1548 7493/3687/1548 7491/2037/1547
f 7496/3686/1549 7495/3689/1549 7493/3687/1548
f 7498/3688/1550 7497/3691/1550 7495/3689/1549
f 7500/3690/1551 7499/3693/1551 7497/3691/1550
f 7502/3692/1552 7501/3695/1552 7499/3693/1551
f 7504/3694/1553 7503/3697/1553 7501/3695/1552
f 7506/3696/1554 7505/3699/1554 7503/3697/1553
f 7508/3698/1555 7507/3700/1555 7505/3699/1554
f 7510/2054/1556 7509/2057/1556 7507/3700/1555
f 7512/3701/1557 7511/3703/1557 7509/2057/1556
f 7514/3702/1558 7513/3705/1558 7511/3703/1557
f 7516/3704/1559 7515/3707/1559 7513/3705/1558
f 7518/3706/1560 7517/3709/1560 7515/3707/1559
f 7520/3708/1561 7519/3711/1561 7517/3709/1560
f 7522/3710/1562 7521/3713/1562 7519/3711/1561
f 7524/3712/1563 7523/3715/1563 7521/3713/1562
f 7526/3714/1564 7525/3716/1564 7523/3715/1563
f 7528/2074/810 7527/2077/810 7525/3716/1564
f 7530/3717/1565 7529/3719/1565 7527/2077/810
f 7532/3718/1566 7531/3721/1568 7529/3719/1565
f 7534/3720/1567 7533/3723/1567 7531/3721/1568
f 7536/3722/1569 7535/3725/1358 7533/3723/1567
f 7538/3724/1570 7537/3727/1570 7535/3725/1358
f 7540/3726/1571 7539/3729/1571 7537/3727/1570
f 7542/3728/1572 7541/3731/1572 7539/3729/1571
f 7544/3730/1573 7543/3732/1573 7541/3731/1572
f 7546/2094/1574 7545/2097/1574 7543/3732/1573
f 7548/3733/1575 7547/3735/1575 7545/2097/1574
f 7550/3734/1576 7549/3737/1576 7547/3735/1575
f 7552/3736/1577 7551/3739/1577 7549/3737/1576
f 7554/3738/1578 7553/3741/1578 7551/3739/1577
f 7556/3740/1579 7555/3743/1579 7553/3741/1578
f 7558/3742/1580 7557/3745/1580 7555/3743/1579
f 7560/3744/1581 7559/3747/1581 7557/3745/1580
f 7562/3746/1582 7561/3748/1582 7559/3747/1581
f 7564/2114/1260 7563/464/1260 7561/3748/1582
f 7566/3749/1583 7565/3751/1583 7563/464/1260
f 7568/3750/1584 7567/3753/1584 7565/3751/1583
f 7570/3752/1585 7569/3755/1585 7567/3753/1584
f 7572/3754/1586 7571/3757/1586 7569/3755/1585
f 7574/3756/1587 7573/3759/1587 7571/3757/1586
f 7576/3758/1588 7575/3761/1588 7573/3759/1587
f 7578/3760/1589 7577/3763/1589 7575/3761/1588
f 7580/3762/1590 7579/3764/1590 7577/3763/1589
f 7582/2133/1591 7581/2136/1591 7579/3764/1590
f 7584/3765/1592 7583/3767/1592 7581/2136/1591
f 7586/3766/1593 7585/3769/1593 7583/3767/1592
f 7588/3768/1594 7587/3771/1594 7585/3769/1593
f 7590/3770/1595 7589/3773/1595 7587/3771/1594
f 7592/3772/1596 7591/3775/1598 7589/3773/1595
f 7594/3774/1597 7593/3777/1597 7591/3775/1598
f 7596/3776/1599 7595/3779/1599 7593/3777/1597
f 7598/3778/1600 7597/3780/1600 7595/3779/1599
f 7600/2153/1601 7599/2156/1601 7597/3780/1600
f 7602/3781/1601 7601/3783/1601 7599/2156/1601
f 7604/3782/1602 7603/3785/1602 7601/3783/1601
f 7606/3784/1603 7605/3787/1603 7603/3785/1602
f 7608/3786/1604 7607/3789/1604 7605/3787/1603
f 7610/3788/1605 7609/3791/1605 7607/3789/1604
f 7612/3790/1606 7611/3793/1606 7609/3791/1605
f 7614/3792/1607 7613/3795/1607 7611/3793/1606
f 7616/3794/1608 7615/3796/1608 7613/3795/1607
f 7618/2173/1609 7617/2176/1611 7615/3796/1608
f 7620/3797/1610 7619/3799/1610 7617/2176/1611
f 7622/3798/1612 7621/3801/1612 7619/3799/1610
f 7624/3800/1613 7623/3803/1613 7621/3801/1612
f 7626/3802/1614 7625/3805/1614 7623/3803/1613
f 7628/3804/1615 7627/3807/1615 7625/3805/1614
f 7630/3806/1616 7629/3809/1618 7627/3807/1615
f 7632/3808/1617 7631/3811/1509 7629/3809/1618
f 7634/3810/1619 7633/3812/1619 7631/3811/1509
f 7636/2193/1620 7635/2196/1620 7633/3812/1619
f 7638/3813/1621 7637/3815/1621 7635/2196/1620
f 7640/3814/1622 7639/3817/1622 7637/3815/1621
f 7642/3816/1623 7641/3819/1623 7639/3817/1622
f 7644/3818/1624 7643/3821/1624 7641/3819/1623
f 7646/3820/1625 7645/3823/1625 7643/3821/1624
f 7648/3822/1626 7647/3825/1626 7645/3823/1625
f 7650/3824/1627 7649/3827/1629 7647/3825/1626
f 7652/3826/1628 7651/3828/1628 7649/3827/1629
f 7654/2213/1630 7653/2216/1630 7651/3828/1628
f 7656/3829/1631 7655/3831/1631 7653/2216/1630
f 7658/3830/1632 7657/3833/1632 7655/3831/1631
f 7660/3832/1633 7659/3835/1633 7657/3833/1632
f 7662/3834/1634 7661/3837/1634 7659/3835/1633
f 7664/3836/1635 7663/3839/1635 7661/3837/1634
f 7666/3838/1636 7665/3841/1636 7663/3839/1635
f 7668/3840/1637 7667/3843/1637 7665/3841/1636
f 7670/3842/1638 7669/3844/1638 7667/3843/1637
f 7456/2233/1529 7455/301/1529 7669/3844/1638
f 7674/1996/1639 7673/1999/1639 7671/288/1640
f 7676/1998/1641 7675/2001/1641 7673/1999/1639
f 7678/2000/1642 7677/2003/1642 7675/2001/1641
f 7680/2002/1643 7679/2005/1643 7677/2003/1642
f 7682/2004/1644 7681/2007/1644 7679/2005/1643
f 7684/2006/1645 7683/2009/1645 7681/2007/1644
f 7686/2008/1646 7685/2011/1646 7683/2009/1645
f 7688/2010/1647 7687/2013/1647 7685/2011/1646
f 7690/2012/1648 7689/2015/1648 7687/2013/1647
f 7692/2014/506 7691/2017/506 7689/2015/1648
f 7694/2016/1649 7693/2019/1649 7691/2017/506
f 7696/2018/1650 7695/2021/1650 7693/2019/1649
f 7698/2020/1651 7697/2023/1651 7695/2021/1650
f 7700/2022/1652 7699/2025/1652 7697/2023/1651
f 7702/2024/1653 7701/2027/1653 7699/2025/1652
f 7704/2026/1654 7703/2029/1654 7701/2027/1653
f 7706/2028/1655 7705/2031/1655 7703/2029/1654
f 7708/2030/1656 7707/2033/1656 7705/2031/1655
f 7710/2032/1657 7709/2035/1657 7707/2033/1656
f 7712/2034/1658 7711/2037/1658 7709/2035/1657
f 7714/2036/1659 7713/2039/1659 7711/2037/1658
f 7716/2038/1660 7715/2041/1660 7713/2039/1659
f 7718/2040/1661 7717/2043/1663 7715/2041/1660
f 7720/2042/1662 7719/2045/1662 7717/2043/1663
f 7722/2044/1664 7721/2047/1664 7719/2045/1662
f 7724/2046/1665 7723/2049/1665 7721/2047/1664
f 7726/2048/1666 7725/2051/1666 7723/2049/1665
f 7728/2050/1667 7727/2053/1667 7725/2051/1666
f 7730/2052/1668 7729/2055/1668 7727/2053/1667
f 7732/2054/1669 7731/2057/1669 7729/2055/1668
f 7734/2056/1670 7733/2059/1670 7731/2057/1669
f 7736/2058/1671 7735/2061/1671 7733/2059/1670
f 7738/2060/1672 7737/2063/1672 7735/2061/1671
f 7740/2062/1673 7739/2065/1673 7737/2063/1672
f 7742/2064/1674 7741/2067/1674 7739/2065/1673
f 7744/2066/1675 7743/2069/1677 7741/2067/1674
f 7746/2068/1676 7745/2071/1676 7743/2069/1677
f 7748/2070/1678 7747/2073/1678 7745/2071/1676
f 7750/2072/1679 7749/2075/1681 7747/2073/1678
f 7752/2074/1680 7751/2077/1680 7749/2075/1681
f 7754/2076/1682 7753/2079/1682 7751/2077/1680
f 7756/2078/1683 7755/2081/1683 7753/2079/1682
f 7758/2080/1684 7757/2083/1686 7755/2081/1683
f 7760/2082/1685 7759/2085/1688 7757/2083/1686
f 7762/2084/1687 7761/2087/1687 7759/2085/1688
f 7764/2086/1689 7763/2089/1689 7761/2087/1687
f 7766/2088/1690 7765/2091/1692 7763/2089/1689
f 7768/2090/1691 7767/2093/1691 7765/2091/1692
f 7770/2092/1693 7769/2095/1693 7767/2093/1691
f 7772/2094/1694 7771/2097/1694 7769/2095/1693
f 7774/2096/1695 7773/2099/1697 7771/2097/1694
f 7776/2098/1696 7775/2101/1696 7773/2099/1697
f 7778/2100/1698 7777/2103/1698 7775/2101/1696
f 7780/2102/1699 7779/2105/1701 7777/2103/1698
f 7782/2104/1700 7781/2107/1700 7779/2105/1701
f 7784/2106/1702 7783/2109/1702 7781/2107/1700
f 7786/2108/1703 7785/2111/1703 7783/2109/1702
f 7788/2110/1704 7787/2113/1704 7785/2111/1703
f 7790/2112/1705 7789/2115/1705 7787/2113/1704
f 7792/2114/1706 7791/464/1706 7789/2115/1705
f 7794/2116/1707 7793/2118/1707 7791/464/1706
f 7796/2117/1708 7795/2120/1708 7793/2118/1707
f 7798/2119/1709 7797/2122/1709 7795/2120/1708
f 7800/2121/1710 7799/2124/1710 7797/2122/1709
f 7802/2123/1711 7801/2126/1711 7799/2124/1710
f 7804/2125/1712 7803/2128/1712 7801/2126/1711
f 7806/2127/1713 7805/2130/1713 7803/2128/1712
f 7808/2129/1714 7807/2132/1714 7805/2130/1713
f 7810/2131/1715 7809/2134/1715 7807/2132/1714
f 7812/2133/798 7811/2136/798 7809/2134/1715
f 7814/2135/1716 7813/2138/1716 7811/2136/798
f 7816/2137/1717 7815/2140/1717 7813/2138/1716
f 7818/2139/1718 7817/2142/1718 7815/2140/1717
f 7820/2141/1719 7819/2144/1719 7817/2142/1718
f 7822/2143/1720 7821/2146/1720 7819/2144/1719
f 7824/2145/1721 7823/2148/1721 7821/2146/1720
f 7826/2147/1722 7825/2150/1722 7823/2148/1721
f 7828/2149/1723 7827/2152/1723 7825/2150/1722
f 7830/2151/1724 7829/2154/1724 7827/2152/1723
f 7832/2153/1725 7831/2156/1727 7829/2154/1724
f 7834/2155/1726 7833/2158/1726 7831/2156/1727
f 7836/2157/1728 7835/2160/1728 7833/2158/1726
f 7838/2159/1729 7837/2162/1731 7835/2160/1728
f 7840/2161/1730 7839/2164/1730 7837/2162/1731
f 7842/2163/1732 7841/2166/1732 7839/2164/1730
f 7844/2165/1733 7843/2168/1733 7841/2166/1732
f 7846/2167/1734 7845/2170/1734 7843/2168/1733
f 7848/2169/1735 7847/2172/1735 7845/2170/1734
f 7850/2171/1736 7849/2174/1736 7847/2172/1735
f 7852/2173/1737 7851/2176/1737 7849/2174/1736
f 7854/2175/1738 7853/2178/1738 7851/2176/1737
f 7856/2177/1739 7855/2180/1739 7853/2178/1738
f 7858/2179/1740 7857/2182/1740 7855/2180/1739
f 7860/2181/1741 7859/2184/1741 7857/2182/1740
f 7862/2183/1742 7861/2186/1742 7859/2184/1741
f 7864/2185/1743 7863/2188/1743 7861/2186/1742
f 7866/2187/1744 7865/2190/1744 7863/2188/1743
f 7868/2189/1745 7867/2192/1745 7865/2190/1744
f 7870/2191/1746 7869/2194/1746 7867/2192/1745
f 7872/2193/1747 7871/2196/1747 7869/2194/1746
f 7874/2195/1748 7873/2198/1748 7871/2196/1747
f 7876/2197/1749 7875/2200/1749 7873/2198/1748
f 7878/2199/1750 7877/2202/1750 7875/2200/1749
f 7880/2201/1751 7879/2204/1751 7877/2202/1750
f 7882/2203/1752 7881/2206/1752 7879/2204/1751
f 7884/2205/1753 7883/2208/1755 7881/2206/1752
f 7886/2207/1754 7885/2210/1757 7883/2208/1755
f 7888/2209/1756 7887/2212/1756 7885/2210/1757
f 7890/2211/1758 7889/2214/1758 7887/2212/1756
f 7892/2213/1759 7891/2216/1759 7889/2214/1758
f 7894/2215/1760 7893/2218/1760 7891/2216/1759
f 7896/2217/1761 7895/2220/1761 7893/2218/1760
f 7898/2219/1762 7897/2222/1762 7895/2220/1761
f 7900/2221/1763 7899/2224/1763 7897/2222/1762
f 7902/2223/1764 7901/2226/1764 7899/2224/1763
f 7904/2225/1765 7903/2228/1765 7901/2226/1764
f 7906/2227/1766 7905/2230/1766 7903/2228/1765
f 7908/2229/1767 7907/2232/1767 7905/2230/1766
f 7910/2231/1768 7909/2234/1768 7907/2232/1767
f 7672/2233/1640 7671/301/1640 7909/2234/1768
f 7914/3973/1769 7913/3975/1772 7911/288/1770
f 7916/3974/1771 7915/3976/1771 7913/3975/1772
f 7918/3846/1773 7917/3849/1775 7915/3976/1771
f 7920/3656/1774 7919/3659/1774 7917/3849/1775
f 7922/3977/1195 7921/3978/1195 7919/3659/1774
f 7924/2004/1776 7923/2007/1776 7921/3978/1195
f 7926/3979/1777 7925/3980/1777 7923/2007/1776
f 7928/3662/1778 7927/3665/1778 7925/3980/1777
f 7930/2997/1779 7929/3000/1779 7927/3665/1778
f 7932/3981/1780 7931/3983/1780 7929/3000/1779
f 7934/3982/1781 7933/3984/1781 7931/3983/1780
f 7936/2014/1782 7935/2017/1782 7933/3984/1781
f 7938/3985/1783 7937/3987/1783 7935/2017/1782
f 7940/3986/1784 7939/3988/1784 7937/3987/1783
f 7942/3856/1785 7941/3859/1785 7939/3988/1784
f 7944/3672/1786 7943/3675/1786 7941/3859/1785
f 7946/3989/1787 7945/3990/1787 7943/3675/1786
f 7948/2024/1788 7947/2027/1788 7945/3990/1787
f 7950/3991/1789 7949/3992/1789 7947/2027/1788
f 7952/3678/1790 7951/3681/1790 7949/3992/1789
f 7954/3862/1791 7953/3865/1791 7951/3681/1790
f 7956/3993/1792 7955/3995/1792 7953/3865/1791
f 7958/3994/1793 7957/3996/1795 7955/3995/1792
f 7960/2034/1794 7959/2037/1794 7957/3996/1795
f 7962/3997/1796 7961/3999/1796 7959/2037/1794
f 7964/3998/1797 7963/4000/1797 7961/3999/1796
f 7966/3084/1798 7965/3087/1800 7963/4000/1797
f 7968/3688/1799 7967/3691/1799 7965/3087/1800
f 7970/4001/1801 7969/4002/1801 7967/3691/1799
f 7972/2044/1802 7971/2047/1802 7969/4002/1801
f 7974/4003/1803 7973/4004/1803 7971/2047/1802
f 7976/3694/1804 7975/3697/1806 7973/4004/1803
f 7978/3872/1805 7977/3875/1805 7975/3697/1806
f 7980/4005/1807 7979/4007/1807 7977/3875/1805
f 7982/4006/1808 7981/4008/1810 7979/4007/1807
f 7984/2054/1809 7983/2057/1809 7981/4008/1810
f 7986/4009/1811 7985/4011/1811 7983/2057/1809
f 7988/4010/1812 7987/4012/1812 7985/4011/1811
f 7990/3878/1813 7989/3881/1813 7987/4012/1812
f 7992/3704/1814 7991/3707/1814 7989/3881/1813
f 7994/4013/1815 7993/4014/1815 7991/3707/1814
f 7996/2064/1816 7995/2067/1816 7993/4014/1815
f 7998/4015/1817 7997/4016/1817 7995/2067/1816
f 8000/3710/1818 7999/3713/1818 7997/4016/1817
f 8002/3171/1819 8001/3174/1819 7999/3713/1818
f 8004/4017/1820 8003/4019/1820 8001/3174/1819
f 8006/4018/1821 8005/4020/1821 8003/4019/1820
f 8008/2074/1822 8007/2077/1822 8005/4020/1821
f 8010/4021/1823 8009/4023/1823 8007/2077/1822
f 8012/4022/1824 8011/4024/1824 8009/4023/1823
f 8014/3888/1825 8013/3891/1825 8011/4024/1824
f 8016/3720/1826 8015/3723/1826 8013/3891/1825
f 8018/4025/1827 8017/4026/1827 8015/3723/1826
f 8020/2084/1828 8019/2087/1828 8017/4026/1827
f 8022/4027/1829 8021/4028/1829 8019/2087/1828
f 8024/3726/1830 8023/3729/1830 8021/4028/1829
f 8026/3894/1831 8025/3897/1831 8023/3729/1830
f 8028/4029/1832 8027/4031/1832 8025/3897/1831
f 8030/4030/1833 8029/4032/1833 8027/4031/1832
f 8032/2094/1834 8031/2097/1834 8029/4032/1833
f 8034/4033/1835 8033/4035/1835 8031/2097/1834
f 8036/4034/1836 8035/4036/1836 8033/4035/1835
f 8038/3259/1837 8037/3261/1837 8035/4036/1836
f 8040/3736/1838 8039/3739/1838 8037/3261/1837
f 8042/4037/1839 8041/4038/1839 8039/3739/1838
f 8044/2104/1840 8043/2107/1840 8041/4038/1839
f 8046/4039/1841 8045/4040/1841 8043/2107/1840
f 8048/3742/1842 8047/3745/1842 8045/4040/1841
f 8050/3904/1843 8049/3907/1843 8047/3745/1842
f 8052/4041/1844 8051/4043/1844 8049/3907/1843
f 8054/4042/1845 8053/4044/1845 8051/4043/1844
f 8056/2114/1846 8055/464/1846 8053/4044/1845
f 8058/4045/1847 8057/4047/1847 8055/464/1846
f 8060/4046/1848 8059/4048/1848 8057/4047/1847
f 8062/3910/1849 8061/3913/1849 8059/4048/1848
f 8064/3752/1850 8063/3755/1850 8061/3913/1849
f 8066/4049/1851 8065/4050/1851 8063/3755/1850
f 8068/2123/1852 8067/2126/1852 8065/4050/1851
f 8070/4051/1853 8069/4052/1853 8067/2126/1852
f 8072/3758/1854 8071/3761/1854 8069/4052/1853
f 8074/3346/1855 8073/3349/1855 8071/3761/1854
f 8076/4053/1856 8075/4055/1856 8073/3349/1855
f 8078/4054/1857 8077/4056/1857 8075/4055/1856
f 8080/2133/1858 8079/2136/1858 8077/4056/1857
f 8082/4057/1859 8081/4059/1859 8079/2136/1858
f 8084/4058/1860 8083/4060/1862 8081/4059/1859
f 8086/3920/1861 8085/3923/1861 8083/4060/1862
f 8088/3768/1863 8087/3771/1863 8085/3923/1861
f 8090/4061/1864 8089/4062/1864 8087/3771/1863
f 8092/2143/1865 8091/2146/1867 8089/4062/1864
f 8094/4063/1866 8093/4064/1866 8091/2146/1867
f 8096/3774/1868 8095/3777/1870 8093/4064/1866
f 8098/3926/1869 8097/3929/1869 8095/3777/1870
f 8100/4065/1871 8099/4067/1873 8097/3929/1869
f 8102/4066/1872 8101/4068/1872 8099/4067/1873
f 8104/2153/1874 8103/2156/1874 8101/4068/1872
f 8106/4069/359 8105/4071/1876 8103/2156/1874
f 8108/4070/1875 8107/4072/1878 8105/4071/1876
f 8110/3433/1877 8109/3436/1877 8107/4072/1878
f 8112/3784/1879 8111/3787/1881 8109/3436/1877
f 8114/4073/1880 8113/4074/1880 8111/3787/1881
f 8116/2163/1882 8115/2166/1884 8113/4074/1880
f 8118/4075/1883 8117/4076/1315 8115/2166/1884
f 8120/3790/139 8119/3793/139 8117/4076/1315
f 8122/3936/1885 8121/3939/1885 8119/3793/139
f 8124/4077/1886 8123/4079/1886 8121/3939/1885
f 8126/4078/1887 8125/4080/1887 8123/4079/1886
f 8128/2173/1888 8127/2176/1888 8125/4080/1887
f 8130/4081/1889 8129/4083/1891 8127/2176/1888
f 8132/4082/1890 8131/4084/1890 8129/4083/1891
f 8134/3942/1892 8133/3945/1893 8131/4084/1890
f 8136/3800/1777 8135/3803/1777 8133/3945/1893
f 8138/4085/1894 8137/4086/1894 8135/3803/1777
f 8140/2183/1895 8139/2186/1895 8137/4086/1894
f 8142/4087/1896 8141/4088/1896 8139/2186/1895
f 8144/3806/1897 8143/3809/1899 8141/4088/1896
f 8146/3520/1898 8145/3523/1901 8143/3809/1899
f 8148/4089/1900 8147/4091/1900 8145/3523/1901
f 8150/4090/1902 8149/4092/1902 8147/4091/1900
f 8152/2193/1903 8151/2196/1903 8149/4092/1902
f 8154/4093/1904 8153/4095/1904 8151/2196/1903
f 8156/4094/1905 8155/4096/1905 8153/4095/1904
f 8158/3952/1906 8157/3955/1906 8155/4096/1905
f 8160/3816/1907 8159/3819/1907 8157/3955/1906
f 8162/4097/1908 8161/4098/1908 8159/3819/1907
f 8164/2203/1909 8163/2206/1909 8161/4098/1908
f 8166/4099/1910 8165/4100/1910 8163/2206/1909
f 8168/3822/1911 8167/3825/1911 8165/4100/1910
f 8170/3958/1912 8169/3961/1912 8167/3825/1911
f 8172/4101/1913 8171/4103/1913 8169/3961/1912
f 8174/4102/1914 8173/4104/1914 8171/4103/1913
f 8176/2213/1915 8175/2216/1915 8173/4104/1914
f 8178/4105/1916 8177/4107/1916 8175/2216/1915
f 8180/4106/1917 8179/4108/1917 8177/4107/1916
f 8182/3607/1918 8181/3610/1918 8179/4108/1917
f 8184/3832/1919 8183/3835/1919 8181/3610/1918
f 8186/4109/1920 8185/4110/1920 8183/3835/1919
f 8188/2223/1921 8187/2226/1921 8185/4110/1920
f 8190/4111/1922 8189/4112/1922 8187/2226/1921
f 8192/3838/1923 8191/3841/1923 8189/4112/1922
f 8194/3968/1924 8193/3971/1924 8191/3841/1923
f 8196/4113/1925 8195/4115/1925 8193/3971/1924
f 8198/4114/1926 8197/4116/1926 8195/4115/1925
f 7912/2233/1770 7911/301/1770 8197/4116/1926
f 8202/4117/1927 8201/4119/1927 8199/288/1928
f 8204/4118/1929 8203/4121/1929 8201/4119/1927
f 8206/4120/1930 8205/4123/1930 8203/4121/1929
f 8208/4122/1931 8207/4125/1931 8205/4123/1930
f 8210/4124/1932 8209/4127/1934 8207/4125/1931
f 8212/4126/1933 8211/4129/1933 8209/4127/1934
f 8214/4128/1935 8213/4131/1935 8211/4129/1933
f 8216/4130/1936 8215/4133/1936 8213/4131/1935
f 8218/4132/1937 8217/4135/1937 8215/4133/1936
f 8220/4134/1938 8219/4137/1938 8217/4135/1937
f 8222/4136/1939 8221/4139/1939 8219/4137/1938
f 8224/4138/1940 8223/4141/1942 8221/4139/1939
f 8226/4140/1941 8225/4143/1941 8223/4141/1942
f 8228/4142/1943 8227/4145/1943 8225/4143/1941
f 8230/4144/1944 8229/4147/1944 8227/4145/1943
f 8232/4146/1945 8231/4149/1945 8229/4147/1944
f 8234/4148/1946 8233/4151/1946 8231/4149/1945
f 8236/4150/1947 8235/4153/1949 8233/4151/1946
f 8238/4152/1948 8237/4155/1948 8235/4153/1949
f 8240/4154/1950 8239/4157/1952 8237/4155/1948
f 8242/4156/1951 8241/4159/1951 8239/4157/1952
f 8244/4158/1953 8243/4161/1955 8241/4159/1951
f 8246/4160/1954 8245/4163/1954 8243/4161/1955
f 8248/4162/1956 8247/4165/1956 8245/4163/1954
f 8250/4164/1957 8249/4167/814 8247/4165/1956
f 8252/4166/1958 8251/4169/1958 8249/4167/814
f 8254/4168/1959 8253/4171/1959 8251/4169/1958
f 8256/4170/1243 8255/4173/1243 8253/4171/1959
f 8258/4172/1960 8257/4175/1962 8255/4173/1243
f 8260/4174/1961 8259/4176/1961 8257/4175/1962
f 8262/3672/1963 8261/3675/1963 8259/4176/1961
f 8264/4177/1964 8263/4179/1964 8261/3675/1963
f 8266/4178/1965 8265/4181/1965 8263/4179/1964
f 8268/4180/1966 8267/4183/1966 8265/4181/1965
f 8270/4182/1967 8269/4185/1969 8267/4183/1966
f 8272/4184/1968 8271/4187/1968 8269/4185/1969
f 8274/4186/1970 8273/4189/1970 8271/4187/1968
f 8276/4188/1971 8275/4191/1971 8273/4189/1970
f 8278/4190/1972 8277/4193/1972 8275/4191/1971
f 8280/4192/1973 8279/4195/1973 8277/4193/1972
f 8282/4194/1974 8281/4197/1974 8279/4195/1973
f 8284/4196/1975 8283/4199/1975 8281/4197/1974
f 8286/4198/1976 8285/4201/1976 8283/4199/1975
f 8288/4200/1977 8287/4203/1977 8285/4201/1976
f 8290/4202/1978 8289/4205/1978 8287/4203/1977
f 8292/4204/1979 8291/4207/1979 8289/4205/1978
f 8294/4206/1980 8293/4209/1980 8291/4207/1979
f 8296/4208/1981 8295/4211/1981 8293/4209/1980
f 8298/4210/1982 8297/4213/1982 8295/4211/1981
f 8300/4212/1983 8299/4215/1983 8297/4213/1982
f 8302/4214/1984 8301/4217/1984 8299/4215/1983
f 8304/4216/1985 8303/4219/1985 8301/4217/1984
f 8306/4218/1986 8305/4221/1986 8303/4219/1985
f 8308/4220/1987 8307/4223/1987 8305/4221/1986
f 8310/4222/1988 8309/4225/1988 8307/4223/1987
f 8312/4224/1989 8311/4227/1989 8309/4225/1988
f 8314/4226/1990 8313/4229/1990 8311/4227/1989
f 8316/4228/1991 8315/4231/1991 8313/4229/1990
f 8318/4230/1992 8317/4233/1992 8315/4231/1991
f 8320/4232/1993 8319/4235/1993 8317/4233/1992
f 8322/4234/1994 8321/4236/1994 8319/4235/1993
f 8324/3694/1995 8323/3697/1995 8321/4236/1994
f 8326/4237/1996 8325/4239/1996 8323/3697/1995
f 8328/4238/1997 8327/4241/1997 8325/4239/1996
f 8330/4240/1998 8329/4243/1998 8327/4241/1997
f 8332/4242/1999 8331/4245/1999 8329/4243/1998
f 8334/4244/2000 8333/4247/2000 8331/4245/1999
f 8336/4246/2001 8335/4249/2001 8333/4247/2000
f 8338/4248/2002 8337/4251/2002 8335/4249/2001
f 8340/4250/2003 8339/4253/2003 8337/4251/2002
f 8342/4252/2004 8341/4255/2004 8339/4253/2003
f 8344/4254/2005 8343/4257/2007 8341/4255/2004
f 8346/4256/2006 8345/4259/2006 8343/4257/2007
f 8348/4258/2008 8347/4261/2010 8345/4259/2006
f 8350/4260/2009 8349/4263/2012 8347/4261/2010
f 8352/4262/2011 8351/4265/2014 8349/4263/2012
f 8354/4264/2013 8353/4267/2016 8351/4265/2014
f 8356/4266/2015 8355/4269/2018 8353/4267/2016
f 8358/4268/2017 8357/4271/2017 8355/4269/2018
f 8360/4270/2019 8359/4273/2021 8357/4271/2017
f 8362/4272/2020 8361/4275/2020 8359/4273/2021
f 8364/4274/2022 8363/4277/2022 8361/4275/2020
f 8366/4276/2023 8365/4279/2025 8363/4277/2022
f 8368/4278/2024 8367/4281/2027 8365/4279/2025
f 8370/4280/2026 8369/4283/2026 8367/4281/2027
f 8372/4282/2028 8371/4285/2028 8369/4283/2026
f 8374/4284/2029 8373/4287/2029 8371/4285/2028
f 8376/4286/2030 8375/4289/2030 8373/4287/2029
f 8378/4288/2031 8377/4291/2033 8375/4289/2030
f 8380/4290/2032 8379/4293/2035 8377/4291/2033
f 8382/4292/2034 8381/4295/2034 8379/4293/2035
f 8384/4294/2036 8383/4296/2036 8381/4295/2034
f 8386/2074/2037 8385/2077/2037 8383/4296/2036
f 8388/4297/2038 8387/4299/2038 8385/2077/2037
f 8390/4298/2039 8389/4301/2039 8387/4299/2038
f 8392/4300/2040 8391/4303/2042 8389/4301/2039
f 8394/4302/2041 8393/4305/2041 8391/4303/2042
f 8396/4304/2043 8395/4307/2045 8393/4305/2041
f 8398/4306/2044 8397/4309/2047 8395/4307/2045
f 8400/4308/2046 8399/4311/2049 8397/4309/2047
f 8402/4310/2048 8401/4313/2048 8399/4311/2049
f 8404/4312/2050 8403/4315/2050 8401/4313/2048
f 8406/4314/2051 8405/4317/2051 8403/4315/2050
f 8408/4316/2052 8407/4319/2052 8405/4317/2051
f 8410/4318/2053 8409/4321/2055 8407/4319/2052
f 8412/4320/2054 8411/4323/2054 8409/4321/2055
f 8414/4322/2056 8413/4325/2056 8411/4323/2054
f 8416/4324/2057 8415/4327/2057 8413/4325/2056
f 8418/4326/2058 8417/4329/2058 8415/4327/2057
f 8420/4328/2059 8419/4331/2059 8417/4329/2058
f 8422/4330/2060 8421/4333/2060 8419/4331/2059
f 8424/4332/2061 8423/4335/2061 8421/4333/2060
f 8426/4334/2062 8425/4337/2062 8423/4335/2061
f 8428/4336/2063 8427/4339/2063 8425/4337/2062
f 8430/4338/2064 8429/4341/2064 8427/4339/2063
f 8432/4340/2065 8431/4343/2065 8429/4341/2064
f 8434/4342/2066 8433/4345/2066 8431/4343/2065
f 8436/4344/2067 8435/4347/2069 8433/4345/2066
f 8438/4346/2068 8437/4349/2068 8435/4347/2069
f 8440/4348/2070 8439/4351/2070 8437/4349/2068
f 8442/4350/2071 8441/4353/2071 8439/4351/2070
f 8444/4352/2072 8443/4355/2074 8441/4353/2071
f 8446/4354/2073 8445/4356/2073 8443/4355/2074
f 8448/3736/2075 8447/3739/2075 8445/4356/2073
f 8450/4357/1198 8449/4359/1198 8447/3739/2075
f 8452/4358/2076 8451/4361/2076 8449/4359/1198
f 8454/4360/2077 8453/4363/2077 8451/4361/2076
f 8456/4362/2078 8455/4365/2078 8453/4363/2077
f 8458/4364/2079 8457/4367/2081 8455/4365/2078
f 8460/4366/2080 8459/4369/2080 8457/4367/2081
f 8462/4368/2082 8461/4371/2082 8459/4369/2080
f 8464/4370/2083 8463/4373/2083 8461/4371/2082
f 8466/4372/2084 8465/4375/2084 8463/4373/2083
f 8468/4374/2085 8467/4377/2085 8465/4375/2084
f 8470/4376/2086 8469/4379/2088 8467/4377/2085
f 8472/4378/2087 8471/4381/2090 8469/4379/2088
f 8474/4380/2089 8473/4383/2092 8471/4381/2090
f 8476/4382/2091 8475/4385/2091 8473/4383/2092
f 8478/4384/2093 8477/4387/2093 8475/4385/2091
f 8480/4386/2094 8479/4389/2094 8477/4387/2093
f 8482/4388/2095 8481/4391/2095 8479/4389/2094
f 8484/4390/2096 8483/4393/2098 8481/4391/2095
f 8486/4392/2097 8485/4395/2100 8483/4393/2098
f 8488/4394/2099 8487/4397/2101 8485/4395/2100
f 8490/4396/308 8489/4399/308 8487/4397/2101
f 8492/4398/2102 8491/4401/2104 8489/4399/308
f 8494/4400/2103 8493/4403/2106 8491/4401/2104
f 8496/4402/2105 8495/4405/2105 8493/4403/2106
f 8498/4404/2107 8497/4407/2107 8495/4405/2105
f 8500/4406/2108 8499/4409/2110 8497/4407/2107
f 8502/4408/2109 8501/4411/2112 8499/4409/2110
f 8504/4410/2111 8503/4413/2114 8501/4411/2112
f 8506/4412/2113 8505/4415/2113 8503/4413/2114
f 8508/4414/2115 8507/4416/2115 8505/4415/2113
f 8510/3758/2116 8509/3761/2116 8507/4416/2115
f 8512/4417/2117 8511/4419/2117 8509/3761/2116
f 8514/4418/2118 8513/4421/2118 8511/4419/2117
f 8516/4420/2119 8515/4423/2119 8513/4421/2118
f 8518/4422/2120 8517/4425/2120 8515/4423/2119
f 8520/4424/2121 8519/4427/2121 8517/4425/2120
f 8522/4426/2122 8521/4429/2122 8519/4427/2121
f 8524/4428/2123 8523/4431/2123 8521/4429/2122
f 8526/4430/2124 8525/4433/2124 8523/4431/2123
f 8528/4432/2125 8527/4435/2125 8525/4433/2124
f 8530/4434/2126 8529/4437/2126 8527/4435/2125
f 8532/4436/2127 8531/4439/2127 8529/4437/2126
f 8534/4438/2128 8533/4441/2128 8531/4439/2127
f 8536/4440/2129 8535/4443/2129 8533/4441/2128
f 8538/4442/2130 8537/4445/2130 8535/4443/2129
f 8540/4444/2131 8539/4447/2131 8537/4445/2130
f 8542/4446/2132 8541/4449/2132 8539/4447/2131
f 8544/4448/2133 8543/4451/2133 8541/4449/2132
f 8546/4450/2134 8545/4453/2134 8543/4451/2133
f 8548/4452/2135 8547/4455/2137 8545/4453/2134
f 8550/4454/2136 8549/4457/2139 8547/4455/2137
f 8552/4456/2138 8551/4459/2141 8549/4457/2139
f 8554/4458/2140 8553/4461/2140 8551/4459/2141
f 8556/4460/2142 8555/4463/2142 8553/4461/2140
f 8558/4462/2143 8557/4465/2143 8555/4463/2142
f 8560/4464/2144 8559/4467/2144 8557/4465/2143
f 8562/4466/2145 8561/4469/2145 8559/4467/2144
f 8564/4468/2146 8563/4471/2146 8561/4469/2145
f 8566/4470/2147 8565/4473/2147 8563/4471/2146
f 8568/4472/2148 8567/4475/2148 8565/4473/2147
f 8570/4474/2149 8569/4476/2149 8567/4475/2148
f 8572/2153/2150 8571/2156/2150 8569/4476/2149
f 8574/4477/2151 8573/4479/2153 8571/2156/2150
f 8576/4478/2152 8575/4481/2152 8573/4479/2153
f 8578/4480/2154 8577/4483/2154 8575/4481/2152
f 8580/4482/2155 8579/4485/2155 8577/4483/2154
f 8582/4484/2156 8581/4487/2156 8579/4485/2155
f 8584/4486/2157 8583/4489/2159 8581/4487/2156
f 8586/4488/2158 8585/4491/2158 8583/4489/2159
f 8588/4490/2160 8587/4493/2160 8585/4491/2158
f 8590/4492/2161 8589/4495/2161 8587/4493/2160
f 8592/4494/2162 8591/4497/2162 8589/4495/2161
f 8594/4496/2163 8593/4499/2165 8591/4497/2162
f 8596/4498/2164 8595/4501/2164 8593/4499/2165
f 8598/4500/1282 8597/4503/1282 8595/4501/2164
f 8600/4502/2166 8599/4505/2166 8597/4503/1282
f 8602/4504/2167 8601/4507/2167 8599/4505/2166
f 8604/4506/2168 8603/4509/2168 8601/4507/2167
f 8606/4508/2169 8605/4511/2171 8603/4509/2168
f 8608/4510/2170 8607/4513/2173 8605/4511/2171
f 8610/4512/2172 8609/4515/2175 8607/4513/2173
f 8612/4514/2174 8611/4517/2174 8609/4515/2175
f 8614/4516/2176 8613/4519/2176 8611/4517/2174
f 8616/4518/2177 8615/4521/2177 8613/4519/2176
f 8618/4520/476 8617/4523/476 8615/4521/2177
f 8620/4522/2178 8619/4525/2180 8617/4523/476
f 8622/4524/2179 8621/4527/2182 8619/4525/2180
f 8624/4526/2181 8623/4529/2181 8621/4527/2182
f 8626/4528/2183 8625/4531/2183 8623/4529/2181
f 8628/4530/2184 8627/4533/2184 8625/4531/2183
f 8630/4532/2185 8629/4535/2185 8627/4533/2184
f 8632/4534/2186 8631/4536/2188 8629/4535/2185
f 8634/3800/2187 8633/3803/2190 8631/4536/2188
f 8636/4537/2189 8635/4539/2192 8633/3803/2190
f 8638/4538/2191 8637/4541/2194 8635/4539/2192
f 8640/4540/2193 8639/4543/2196 8637/4541/2194
f 8642/4542/2195 8641/4545/2195 8639/4543/2196
f 8644/4544/2197 8643/4547/2197 8641/4545/2195
f 8646/4546/2198 8645/4549/2198 8643/4547/2197
f 8648/4548/2199 8647/4551/2199 8645/4549/2198
f 8650/4550/2200 8649/4553/2200 8647/4551/2199
f 8652/4552/2201 8651/4555/2201 8649/4553/2200
f 8654/4554/2202 8653/4557/2202 8651/4555/2201
f 8656/4556/2203 8655/4559/2203 8653/4557/2202
f 8658/4558/2204 8657/4561/2204 8655/4559/2203
f 8660/4560/2205 8659/4563/2207 8657/4561/2204
f 8662/4562/2206 8661/4565/2209 8659/4563/2207
f 8664/4564/2208 8663/4567/2208 8661/4565/2209
f 8666/4566/2210 8665/4569/2212 8663/4567/2208
f 8668/4568/2211 8667/4571/2211 8665/4569/2212
f 8670/4570/2213 8669/4573/2213 8667/4571/2211
f 8672/4572/2214 8671/4575/2214 8669/4573/2213
f 8674/4574/2215 8673/4577/2215 8671/4575/2214
f 8676/4576/2216 8675/4579/2216 8673/4577/2215
f 8678/4578/2217 8677/4581/2217 8675/4579/2216
f 8680/4580/2218 8679/4583/2218 8677/4581/2217
f 8682/4582/2219 8681/4585/2219 8679/4583/2218
f 8684/4584/2220 8683/4587/2220 8681/4585/2219
f 8686/4586/2221 8685/4589/2221 8683/4587/2220
f 8688/4588/1636 8687/4591/1636 8685/4589/2221
f 8690/4590/2222 8689/4593/2222 8687/4591/1636
f 8692/4592/2223 8691/4595/2223 8689/4593/2222
f 8694/4594/2224 8693/4596/2224 8691/4595/2223
f 8696/3822/2225 8695/3825/2227 8693/4596/2224
f 8698/4597/2226 8697/4599/2226 8695/3825/2227
f 8700/4598/2228 8699/4601/2228 8697/4599/2226
f 8702/4600/2229 8701/4603/2231 8699/4601/2228
f 8704/4602/2230 8703/4605/2230 8701/4603/2231
f 8706/4604/2232 8705/4607/2232 8703/4605/2230
f 8708/4606/2233 8707/4609/2233 8705/4607/2232
f 8710/4608/2234 8709/4611/2234 8707/4609/2233
f 8712/4610/2235 8711/4613/2235 8709/4611/2234
f 8714/4612/2236 8713/4615/2236 8711/4613/2235
f 8716/4614/2237 8715/4617/2237 8713/4615/2236
f 8718/4616/2238 8717/4619/2240 8715/4617/2237
f 8720/4618/2239 8719/4621/2239 8717/4619/2240
f 8722/4620/2241 8721/4623/2241 8719/4621/2239
f 8724/4622/2242 8723/4625/2242 8721/4623/2241
f 8726/4624/2243 8725/4627/2243 8723/4625/2242
f 8728/4626/2244 8727/4629/2244 8725/4627/2243
f 8730/4628/2245 8729/4631/2245 8727/4629/2244
f 8732/4630/2246 8731/4633/2246 8729/4631/2245
f 8734/4632/1782 8733/4635/1782 8731/4633/2246
f 8736/4634/2247 8735/4637/2247 8733/4635/1782
f 8738/4636/2248 8737/4639/2248 8735/4637/2247
f 8740/4638/2249 8739/4641/2249 8737/4639/2248
f 8742/4640/2250 8741/4643/2250 8739/4641/2249
f 8744/4642/2251 8743/4645/2251 8741/4643/2250
f 8746/4644/2252 8745/4647/2254 8743/4645/2251
f 8748/4646/2253 8747/4649/2256 8745/4647/2254
f 8750/4648/2255 8749/4651/2255 8747/4649/2256
f 8752/4650/1433 8751/4653/1433 8749/4651/2255
f 8754/4652/2257 8753/4655/2259 8751/4653/1433
f 8756/4654/2258 8755/4656/2260 8753/4655/2259
f 8200/2233/1928 8199/301/1928 8755/4656/2260
f 8760/4657/2261 8759/4659/2261 8757/288/2262
f 8762/4658/2264 8761/4661/2264 8759/4659/2261
f 8764/4660/2265 8763/4662/2265 8761/4661/2264
f 8766/4120/2266 8765/4123/2266 8763/4662/2265
f 8768/4663/2267 8767/4665/2267 8765/4123/2266
f 8770/4664/2268 8769/4667/2268 8767/4665/2267
f 8772/4666/2269 8771/4668/2269 8769/4667/2268
f 8774/4126/2270 8773/4129/2270 8771/4668/2269
f 8776/4669/2271 8775/4671/2271 8773/4129/2270
f 8778/4670/2272 8777/4673/2272 8775/4671/2271
f 8780/4672/2273 8779/4674/2273 8777/4673/2272
f 8782/4132/2274 8781/4135/654 8779/4674/2273
f 8784/4675/2275 8783/4677/2275 8781/4135/654
f 8786/4676/2276 8785/4679/2276 8783/4677/2275
f 8788/4678/2277 8787/4680/2277 8785/4679/2276
f 8790/4138/2278 8789/4141/2278 8787/4680/2277
f 8792/4681/2279 8791/4683/2279 8789/4141/2278
f 8794/4682/2280 8793/4685/2282 8791/4683/2279
f 8796/4684/2281 8795/4686/2281 8793/4685/2282
f 8798/4144/2283 8797/4147/2283 8795/4686/2281
f 8800/4687/2284 8799/4689/2284 8797/4147/2283
f 8802/4688/2285 8801/4691/2287 8799/4689/2284
f 8804/4690/2286 8803/4692/2286 8801/4691/2287
f 8806/4150/2288 8805/4153/2288 8803/4692/2286
f 8808/4693/2289 8807/4695/2289 8805/4153/2288
f 8810/4694/2290 8809/4697/2290 8807/4695/2289
f 8812/4696/2291 8811/4698/2291 8809/4697/2290
f 8814/4156/2292 8813/4159/2292 8811/4698/2291
f 8816/4699/2293 8815/4701/2293 8813/4159/2292
f 8818/4700/2294 8817/4702/2294 8815/4701/2293
f 8820/2014/2295 8819/2017/2295 8817/4702/2294
f 8822/4162/2296 8821/4165/2296 8819/2017/2295
f 8824/4703/2297 8823/4705/2297 8821/4165/2296
f 8826/4704/624 8825/4707/624 8823/4705/2297
f 8828/4706/2298 8827/4708/2298 8825/4707/624
f 8830/4168/2299 8829/4171/2299 8827/4708/2298
f 8832/4709/2300 8831/4711/2302 8829/4171/2299
f 8834/4710/2301 8833/4713/2301 8831/4711/2302
f 8836/4712/2303 8835/4714/2303 8833/4713/2301
f 8838/4174/2304 8837/4176/2304 8835/4714/2303
f 8840/4715/2305 8839/4717/2305 8837/4176/2304
f 8842/4716/2306 8841/4719/2308 8839/4717/2305
f 8844/4718/2307 8843/4720/2307 8841/4719/2308
f 8846/4178/2309 8845/4181/2309 8843/4720/2307
f 8848/4721/2310 8847/4723/2310 8845/4181/2309
f 8850/4722/2311 8849/4725/2311 8847/4723/2310
f 8852/4724/2312 8851/4726/2312 8849/4725/2311
f 8854/4184/1287 8853/4187/2314 8851/4726/2312
f 8856/4727/2313 8855/4729/2316 8853/4187/2314
f 8858/4728/2315 8857/4731/2318 8855/4729/2316
f 8860/4730/2317 8859/4732/2320 8857/4731/2318
f 8862/4190/2319 8861/4193/2319 8859/4732/2320
f 8864/4733/2321 8863/4735/2323 8861/4193/2319
f 8866/4734/2322 8865/4737/2322 8863/4735/2323
f 8868/4736/2324 8867/4738/2326 8865/4737/2322
f 8870/4196/2325 8869/4199/2328 8867/4738/2326
f 8872/4739/2327 8871/4741/2330 8869/4199/2328
f 8874/4740/2329 8873/4743/2331 8871/4741/2330
f 8876/4742/307 8875/4744/2332 8873/4743/2331
f 8878/4202/1874 8877/4205/1874 8875/4744/2332
f 8880/4745/2333 8879/4746/2333 8877/4205/1874
f 8882/2034/2334 8881/2037/2334 8879/4746/2333
f 8884/4747/2335 8883/4748/2337 8881/2037/2334
f 8886/4208/2336 8885/4211/2339 8883/4748/2337
f 8888/4749/2338 8887/4751/2338 8885/4211/2339
f 8890/4750/2340 8889/4753/2342 8887/4751/2338
f 8892/4752/2341 8891/4754/2344 8889/4753/2342
f 8894/4214/2343 8893/4217/2343 8891/4754/2344
f 8896/4755/2345 8895/4757/2345 8893/4217/2343
f 8898/4756/2346 8897/4759/2348 8895/4757/2345
f 8900/4758/2347 8899/4760/2347 8897/4759/2348
f 8902/4220/2349 8901/4223/2351 8899/4760/2347
f 8904/4761/2350 8903/4763/2350 8901/4223/2351
f 8906/4762/2352 8905/4765/2352 8903/4763/2350
f 8908/4764/2353 8907/4766/2355 8905/4765/2352
f 8910/4226/2354 8909/4229/2357 8907/4766/2355
f 8912/4767/2356 8911/4769/2356 8909/4229/2357
f 8914/4768/2358 8913/4771/2360 8911/4769/2356
f 8916/4770/2359 8915/4772/2359 8913/4771/2360
f 8918/4232/2361 8917/4235/2361 8915/4772/2359
f 8920/4773/159 8919/4775/2363 8917/4235/2361
f 8922/4774/2362 8921/4777/2362 8919/4775/2363
f 8924/4776/2364 8923/4778/2364 8921/4777/2362
f 8926/4237/2365 8925/4239/2365 8923/4778/2364
f 8928/4779/2366 8927/4781/2368 8925/4239/2365
f 8930/4780/2367 8929/4783/2367 8927/4781/2368
f 8932/4782/2369 8931/4784/2369 8929/4783/2367
f 8934/4242/2370 8933/4245/2370 8931/4784/2369
f 8936/4785/1418 8935/4787/1418 8933/4245/2370
f 8938/4786/2371 8937/4789/2371 8935/4787/1418
f 8940/4788/2372 8939/4790/2372 8937/4789/2371
f 8942/4248/2373 8941/4251/2373 8939/4790/2372
f 8944/2054/2374 8943/2057/2374 8941/4251/2373
f 8946/4791/2375 8945/4793/2375 8943/2057/2374
f 8948/4792/2376 8947/4794/2376 8945/4793/2375
f 8950/4254/2377 8949/4257/2377 8947/4794/2376
f 8952/4795/2378 8951/4797/2378 8949/4257/2377
f 8954/4796/2379 8953/4799/2381 8951/4797/2378
f 8956/4798/2380 8955/4800/2380 8953/4799/2381
f 8958/4260/2382 8957/4263/2382 8955/4800/2380
f 8960/4801/2383 8959/4803/2383 8957/4263/2382
f 8962/4802/2384 8961/4805/2384 8959/4803/2383
f 8964/4804/2385 8963/4806/2385 8961/4805/2384
f 8966/4266/2386 8965/4269/2386 8963/4806/2385
f 8968/4807/2387 8967/4809/2387 8965/4269/2386
f 8970/4808/2388 8969/4811/2388 8967/4809/2387
f 8972/4810/2389 8971/4812/2389 8969/4811/2388
f 8974/4272/2390 8973/4275/2390 8971/4812/2389
f 8976/4813/2391 8975/4815/2391 8973/4275/2390
f 8978/4814/2392 8977/4817/2394 8975/4815/2391
f 8980/4816/2393 8979/4818/2393 8977/4817/2394
f 8982/4278/2395 8981/4281/2395 8979/4818/2393
f 8984/4819/2396 8983/4821/2398 8981/4281/2395
f 8986/4820/2397 8985/4823/2400 8983/4821/2398
f 8988/4822/2399 8987/4824/2399 8985/4823/2400
f 8990/4284/2401 8989/4287/2401 8987/4824/2399
f 8992/4825/2402 8991/4827/2404 8989/4287/2401
f 8994/4826/2403 8993/4829/2403 8991/4827/2404
f 8996/4828/2405 8995/4830/2407 8993/4829/2403
f 8998/4290/2406 8997/4293/1319 8995/4830/2407
f 9000/4831/2408 8999/4833/2410 8997/4293/1319
f 9002/4832/2409 9001/4835/2020 8999/4833/2410
f 9004/4834/2411 9003/4836/2411 9001/4835/2020
f 9006/2074/2412 9005/2077/2414 9003/4836/2411
f 9008/4837/2413 9007/4839/2413 9005/2077/2414
f 9010/4838/2415 9009/4841/2417 9007/4839/2413
f 9012/4840/2416 9011/4842/2419 9009/4841/2417
f 9014/4300/2418 9013/4303/2418 9011/4842/2419
f 9016/4843/2420 9015/4845/2420 9013/4303/2418
f 9018/4844/2421 9017/4847/2421 9015/4845/2420
f 9020/4846/2422 9019/4848/2422 9017/4847/2421
f 9022/4306/2423 9021/4309/2423 9019/4848/2422
f 9024/4849/2424 9023/4851/2424 9021/4309/2423
f 9026/4850/2425 9025/4853/2425 9023/4851/2424
f 9028/4852/2426 9027/4854/2426 9025/4853/2425
f 9030/4312/422 9029/4315/422 9027/4854/2426
f 9032/4855/2427 9031/4857/2427 9029/4315/422
f 9034/4856/2428 9033/4859/2428 9031/4857/2427
f 9036/4858/2429 9035/4860/2429 9033/4859/2428
f 9038/4318/2430 9037/4321/2430 9035/4860/2429
f 9040/4861/2431 9039/4863/2431 9037/4321/2430
f 9042/4862/2432 9041/4865/2432 9039/4863/2431
f 9044/4864/2433 9043/4866/2433 9041/4865/2432
f 9046/4324/2434 9045/4327/2434 9043/4866/2433
f 9048/4867/2435 9047/4869/2435 9045/4327/2434
f 9050/4868/2436 9049/4871/2436 9047/4869/2435
f 9052/4870/2437 9051/4872/2437 9049/4871/2436
f 9054/4330/2438 9053/4333/2438 9051/4872/2437
f 9056/4873/2439 9055/4875/2439 9053/4333/2438
f 9058/4874/2440 9057/4877/2440 9055/4875/2439
f 9060/4876/2441 9059/4878/2441 9057/4877/2440
f 9062/4336/2442 9061/4339/2442 9059/4878/2441
f 9064/4879/2443 9063/4881/2443 9061/4339/2442
f 9066/4880/2444 9065/4882/2444 9063/4881/2443
f 9068/2094/2445 9067/2097/2445 9065/4882/2444
f 9070/4342/2446 9069/4345/2446 9067/2097/2445
f 9072/4883/2447 9071/4885/2447 9069/4345/2446
f 9074/4884/2448 9073/4887/2448 9071/4885/2447
f 9076/4886/650 9075/4888/650 9073/4887/2448
f 9078/4348/2449 9077/4351/2449 9075/4888/650
f 9080/4889/643 9079/4891/643 9077/4351/2449
f 9082/4890/2450 9081/4893/2450 9079/4891/643
f 9084/4892/644 9083/4894/644 9081/4893/2450
f 9086/4354/398 9085/4356/398 9083/4894/644
f 9088/4895/2451 9087/4897/2451 9085/4356/398
f 9090/4896/2452 9089/4899/2452 9087/4897/2451
f 9092/4898/2453 9091/4900/2453 9089/4899/2452
f 9094/4358/2454 9093/4361/2454 9091/4900/2453
f 9096/4901/2455 9095/4903/2456 9093/4361/2454
f 9098/4902/430 9097/4905/430 9095/4903/2456
f 9100/4904/423 9099/4906/423 9097/4905/430
f 9102/4364/412 9101/4367/412 9099/4906/423
f 9104/4907/2457 9103/4909/2457 9101/4367/412
f 9106/4908/651 9105/4911/651 9103/4909/2457
f 9108/4910/1265 9107/4912/1265 9105/4911/651
f 9110/4370/2458 9109/4373/2458 9107/4912/1265
f 9112/4913/2459 9111/4915/2459 9109/4373/2458
f 9114/4914/2460 9113/4917/2462 9111/4915/2459
f 9116/4916/2461 9115/4918/2461 9113/4917/2462
f 9118/4376/1478 9117/4379/1478 9115/4918/2461
f 9120/4919/2463 9119/4921/2463 9117/4379/1478
f 9122/4920/2464 9121/4923/2464 9119/4921/2463
f 9124/4922/2465 9123/4924/2465 9121/4923/2464
f 9126/4382/2466 9125/4385/2466 9123/4924/2465
f 9128/4925/2467 9127/4926/2467 9125/4385/2466
f 9130/2114/2468 9129/464/2468 9127/4926/2467
f 9132/4927/2469 9131/4928/2469 9129/464/2468
f 9134/4388/2470 9133/4391/2470 9131/4928/2469
f 9136/4929/2471 9135/4931/2471 9133/4391/2470
f 9138/4930/2472 9137/4933/2472 9135/4931/2471
f 9140/4932/2473 9139/4934/2475 9137/4933/2472
f 9142/4394/2474 9141/4397/2477 9139/4934/2475
f 9144/4935/2476 9143/4937/2476 9141/4397/2477
f 9146/4936/2478 9145/4939/2480 9143/4937/2476
f 9148/4938/2479 9147/4940/2482 9145/4939/2480
f 9150/4400/2481 9149/4403/2481 9147/4940/2482
f 9152/4941/2483 9151/4943/2485 9149/4403/2481
f 9154/4942/2484 9153/4945/2487 9151/4943/2485
f 9156/4944/2486 9155/4946/2486 9153/4945/2487
f 9158/4406/2488 9157/4409/2489 9155/4946/2486
f 9160/4947/471 9159/4949/1873 9157/4409/2489
f 9162/4948/2490 9161/4951/2492 9159/4949/1873
f 9164/4950/2491 9163/4952/2494 9161/4951/2492
f 9166/4412/2493 9165/4415/2496 9163/4952/2494
f 9168/4953/2495 9167/4955/2495 9165/4415/2496
f 9170/4954/2497 9169/4957/2499 9167/4955/2495
f 9172/4956/2498 9171/4958/2498 9169/4957/2499
f 9174/4417/2500 9173/4419/2502 9171/4958/2498
f 9176/4959/2501 9175/4961/2504 9173/4419/2502
f 9178/4960/2503 9177/4963/2506 9175/4961/2504
f 9180/4962/2505 9179/4964/2505 9177/4963/2506
f 9182/4422/2507 9181/4425/2507 9179/4964/2505
f 9184/4965/2508 9183/4967/2508 9181/4425/2507
f 9186/4966/2509 9185/4969/2511 9183/4967/2508
f 9188/4968/2510 9187/4970/2510 9185/4969/2511
f 9190/4428/2512 9189/4431/2514 9187/4970/2510
f 9192/2133/2513 9191/2136/2513 9189/4431/2514
f 9194/4971/2515 9193/4973/2515 9191/2136/2513
f 9196/4972/2516 9195/4974/2516 9193/4973/2515
f 9198/4434/2517 9197/4437/2517 9195/4974/2516
f 9200/4975/2518 9199/4977/2520 9197/4437/2517
f 9202/4976/2519 9201/4979/2522 9199/4977/2520
f 9204/4978/2521 9203/4980/2521 9201/4979/2522
f 9206/4440/2523 9205/4443/2523 9203/4980/2521
f 9208/4981/2524 9207/4983/2524 9205/4443/2523
f 9210/4982/2525 9209/4985/2525 9207/4983/2524
f 9212/4984/2526 9211/4986/2526 9209/4985/2525
f 9214/4446/2527 9213/4449/2527 9211/4986/2526
f 9216/4987/2528 9215/4989/2528 9213/4449/2527
f 9218/4988/2529 9217/4991/2529 9215/4989/2528
f 9220/4990/2530 9219/4992/2530 9217/4991/2529
f 9222/4452/2531 9221/4455/2531 9219/4992/2530
f 9224/4993/2532 9223/4995/2532 9221/4455/2531
f 9226/4994/2533 9225/4997/2533 9223/4995/2532
f 9228/4996/2534 9227/4998/2534 9225/4997/2533
f 9230/4458/2535 9229/4461/2535 9227/4998/2534
f 9232/4999/2536 9231/5001/2536 9229/4461/2535
f 9234/5000/2537 9233/5003/2537 9231/5001/2536
f 9236/5002/2538 9235/5004/2538 9233/5003/2537
f 9238/4464/2539 9237/4467/2539 9235/5004/2538
f 9240/5005/2540 9239/5007/2540 9237/4467/2539
f 9242/5006/2541 9241/5009/2541 9239/5007/2540
f 9244/5008/2542 9243/5010/2542 9241/5009/2541
f 9246/4470/2543 9245/4473/2543 9243/5010/2542
f 9248/5011/2544 9247/5013/2544 9245/4473/2543
f 9250/5012/1073 9249/5015/1073 9247/5013/2544
f 9252/5014/2545 9251/5016/2545 9249/5015/1073
f 9254/2153/2546 9253/2156/2546 9251/5016/2545
f 9256/5017/2547 9255/5019/2547 9253/2156/2546
f 9258/5018/2548 9257/5021/2548 9255/5019/2547
f 9260/5020/2549 9259/5022/2549 9257/5021/2548
f 9262/4480/2550 9261/4483/2550 9259/5022/2549
f 9264/5023/2551 9263/5025/2551 9261/4483/2550
f 9266/5024/2552 9265/5027/2552 9263/5025/2551
f 9268/5026/2553 9267/5028/2553 9265/5027/2552
f 9270/4486/2554 9269/4489/2554 9267/5028/2553
f 9272/5029/2555 9271/5031/2555 9269/4489/2554
f 9274/5030/2556 9273/5033/2558 9271/5031/2555
f 9276/5032/2557 9275/5034/2557 9273/5033/2558
f 9278/4492/2559 9277/4495/2559 9275/5034/2557
f 9280/5035/2560 9279/5037/2560 9277/4495/2559
f 9282/5036/2561 9281/5039/2561 9279/5037/2560
f 9284/5038/2562 9283/5040/2562 9281/5039/2561
f 9286/4498/2563 9285/4501/2563 9283/5040/2562
f 9288/5041/1800 9287/5043/1800 9285/4501/2563
f 9290/5042/2564 9289/5045/2564 9287/5043/1800
f 9292/5044/2565 9291/5046/2565 9289/5045/2564
f 9294/4504/2566 9293/4507/2566 9291/5046/2565
f 9296/5047/2567 9295/5049/2567 9293/4507/2566
f 9298/5048/2568 9297/5051/2568 9295/5049/2567
f 9300/5050/2569 9299/5052/2569 9297/5051/2568
f 9302/4510/2570 9301/4513/2570 9299/5052/2569
f 9304/5053/2571 9303/5055/2571 9301/4513/2570
f 9306/5054/2572 9305/5057/2572 9303/5055/2571
f 9308/5056/2573 9307/5058/2575 9305/5057/2572
f 9310/4516/2574 9309/4519/2574 9307/5058/2575
f 9312/5059/2576 9311/5061/2576 9309/4519/2574
f 9314/5060/2577 9313/5062/2577 9311/5061/2576
f 9316/2173/2578 9315/2176/2578 9313/5062/2577
f 9318/4522/2579 9317/4525/2581 9315/2176/2578
f 9320/5063/2580 9319/5065/2583 9317/4525/2581
f 9322/5064/2582 9321/5067/2582 9319/5065/2583
f 9324/5066/2584 9323/5068/2584 9321/5067/2582
f 9326/4528/2585 9325/4531/2585 9323/5068/2584
f 9328/5069/2586 9327/5071/2586 9325/4531/2585
f 9330/5070/2587 9329/5073/2587 9327/5071/2586
f 9332/5072/2588 9331/5074/2588 9329/5073/2587
f 9334/4534/1460 9333/4536/1460 9331/5074/2588
f 9336/5075/2589 9335/5077/2589 9333/4536/1460
f 9338/5076/2590 9337/5079/2590 9335/5077/2589
f 9340/5078/2591 9339/5080/2591 9337/5079/2590
f 9342/4538/2592 9341/4541/2592 9339/5080/2591
f 9344/5081/2593 9343/5083/2593 9341/4541/2592
f 9346/5082/2594 9345/5085/2594 9343/5083/2593
f 9348/5084/2595 9347/5086/2597 9345/5085/2594
f 9350/4544/2596 9349/4547/2596 9347/5086/2597
f 9352/5087/2598 9351/5089/2598 9349/4547/2596
f 9354/5088/846 9353/5091/846 9351/5089/2598
f 9356/5090/2599 9355/5092/2599 9353/5091/846
f 9358/4550/2600 9357/4553/2600 9355/5092/2599
f 9360/5093/2601 9359/5095/2601 9357/4553/2600
f 9362/5094/2602 9361/5097/2602 9359/5095/2601
f 9364/5096/2603 9363/5098/2605 9361/5097/2602
f 9366/4556/2604 9365/4559/2604 9363/5098/2605
f 9368/5099/2606 9367/5101/2606 9365/4559/2604
f 9370/5100/2607 9369/5103/2607 9367/5101/2606
f 9372/5102/2608 9371/5104/2608 9369/5103/2607
f 9374/4562/2609 9373/4565/2609 9371/5104/2608
f 9376/5105/2610 9375/5106/2610 9373/4565/2609
f 9378/2193/2611 9377/2196/2611 9375/5106/2610
f 9380/5107/2612 9379/5108/2612 9377/2196/2611
f 9382/4568/2613 9381/4571/2613 9379/5108/2612
f 9384/5109/2614 9383/5111/2614 9381/4571/2613
f 9386/5110/2615 9385/5113/2615 9383/5111/2614
f 9388/5112/2616 9387/5114/2616 9385/5113/2615
f 9390/4574/2617 9389/4577/2617 9387/5114/2616
f 9392/5115/2618 9391/5117/2618 9389/4577/2617
f 9394/5116/2619 9393/5119/2619 9391/5117/2618
f 9396/5118/2620 9395/5120/2620 9393/5119/2619
f 9398/4580/2621 9397/4583/2621 9395/5120/2620
f 9400/5121/2622 9399/5123/2624 9397/4583/2621
f 9402/5122/2623 9401/5125/2623 9399/5123/2624
f 9404/5124/2625 9403/5126/2626 9401/5125/2623
f 9406/4586/1957 9405/4589/1957 9403/5126/2626
f 9408/5127/2627 9407/5129/2627 9405/4589/1957
f 9410/5128/2628 9409/5131/2628 9407/5129/2627
f 9412/5130/2629 9411/5132/2629 9409/5131/2628
f 9414/4592/2630 9413/4595/2632 9411/5132/2629
f 9416/5133/2631 9415/5135/2631 9413/4595/2632
f 9418/5134/2633 9417/5137/2635 9415/5135/2631
f 9420/5136/2634 9419/5138/2637 9417/5137/2635
f 9422/4597/2636 9421/4599/2639 9419/5138/2637
f 9424/5139/2638 9423/5141/2638 9421/4599/2639
f 9426/5140/2640 9425/5143/2640 9423/5141/2638
f 9428/5142/2641 9427/5144/2643 9425/5143/2640
f 9430/4602/2642 9429/4605/76 9427/5144/2643
f 9432/5145/2644 9431/5147/2646 9429/4605/76
f 9434/5146/2645 9433/5149/2648 9431/5147/2646
f 9436/5148/2647 9435/5150/2647 9433/5149/2648
f 9438/4608/2649 9437/4611/2649 9435/5150/2647
f 9440/2213/2650 9439/2216/2652 9437/4611/2649
f 9442/5151/2651 9441/5153/2654 9439/2216/2652
f 9444/5152/2653 9443/5154/2656 9441/5153/2654
f 9446/4614/2655 9445/4617/2658 9443/5154/2656
f 9448/5155/2657 9447/5157/2657 9445/4617/2658
f 9450/5156/2659 9449/5159/2659 9447/5157/2657
f 9452/5158/651 9451/5160/651 9449/5159/2659
f 9454/4620/2660 9453/4623/2660 9451/5160/651
f 9456/5161/2661 9455/5163/2661 9453/4623/2660
f 9458/5162/2662 9457/5165/2662 9455/5163/2661
f 9460/5164/2663 9459/5166/2663 9457/5165/2662
f 9462/4626/2664 9461/4629/2666 9459/5166/2663
f 9464/5167/2665 9463/5169/2668 9461/4629/2666
f 9466/5168/2667 9465/5171/2667 9463/5169/2668
f 9468/5170/2669 9467/5172/2669 9465/5171/2667
f 9470/4632/2670 9469/4635/2670 9467/5172/2669
f 9472/5173/2671 9471/5175/2673 9469/4635/2670
f 9474/5174/2672 9473/5177/2675 9471/5175/2673
f 9476/5176/2674 9475/5178/2676 9473/5177/2675
f 9478/4638/2267 9477/4641/2678 9475/5178/2676
f 9480/5179/2677 9479/5181/2680 9477/4641/2678
f 9482/5180/2679 9481/5183/2108 9479/5181/2680
f 9484/5182/2681 9483/5184/2682 9481/5183/2108
f 9486/4644/1595 9485/4647/2684 9483/5184/2682
f 9488/5185/2683 9487/5187/2686 9485/4647/2684
f 9490/5186/2685 9489/5189/2685 9487/5187/2686
f 9492/5188/2687 9491/5190/2689 9489/5189/2685
f 9494/4650/2688 9493/4653/2691 9491/5190/2689
f 9496/5191/2690 9495/5193/2693 9493/4653/2691
f 9498/5192/2692 9497/5195/2695 9495/5193/2693
f 9500/5194/2694 9499/5196/2696 9497/5195/2695
f 8758/2233/2263 8757/301/2262 9499/5196/2696
