# Blender 4.1.1
# www.blender.org
mtllib title2.mtl
o テキスト.001
v -9.110001 -7.069475 -0.499998
v -9.110001 -6.697475 -0.499998
v -10.082001 -6.697475 -0.499998
v -10.082001 -7.069475 -0.499998
v -8.732344 -7.623897 -0.499998
v -8.679075 -7.655179 -0.499998
v -8.625751 -7.683350 -0.499998
v -8.571927 -7.708438 -0.499998
v -8.517159 -7.730471 -0.499998
v -8.461001 -7.749475 -0.499998
v -8.403010 -7.765480 -0.499998
v -8.342742 -7.778512 -0.499998
v -8.279751 -7.788600 -0.499998
v -8.213593 -7.795772 -0.499998
v -8.143825 -7.800054 -0.499998
v -8.070001 -7.801476 -0.499998
v -7.935205 -7.792137 -0.499998
v -7.810964 -7.765105 -0.499998
v -7.697501 -7.721850 -0.499998
v -7.595038 -7.663846 -0.499998
v -7.503797 -7.592563 -0.499998
v -7.424001 -7.509475 -0.499998
v -7.355871 -7.416054 -0.499998
v -7.299631 -7.313772 -0.499998
v -7.255501 -7.204100 -0.499998
v -7.223704 -7.088512 -0.499998
v -7.204463 -6.968480 -0.499998
v -7.198000 -6.845475 -0.499998
v -7.205056 -6.713253 -0.499998
v -7.225778 -6.589031 -0.499998
v -7.259501 -6.473475 -0.499999
v -7.305556 -6.367253 -0.499999
v -7.363278 -6.271031 -0.499999
v -7.432000 -6.185475 -0.499999
v -7.511055 -6.111253 -0.499999
v -7.599778 -6.049031 -0.499999
v -7.697500 -5.999475 -0.499999
v -7.803555 -5.963253 -0.499999
v -7.917278 -5.941031 -0.499999
v -8.038000 -5.933475 -0.499999
v -8.153340 -5.940234 -0.499999
v -8.261056 -5.960549 -0.499999
v -8.360688 -5.994475 -0.499999
v -8.451778 -6.042068 -0.499999
v -8.533869 -6.103383 -0.499999
v -8.606501 -6.178475 -0.499999
v -8.669216 -6.267401 -0.499999
v -8.721557 -6.370216 -0.499999
v -8.763063 -6.486975 -0.499999
v -8.793279 -6.617734 -0.499998
v -8.811744 -6.762549 -0.499998
v -8.818001 -6.921475 -0.499998
v -7.554000 -6.921475 -0.499998
v -7.571079 -7.006885 -0.499998
v -7.594297 -7.085086 -0.499998
v -7.623626 -7.156038 -0.499998
v -7.659038 -7.219697 -0.499998
v -7.700506 -7.276024 -0.499998
v -7.748001 -7.324975 -0.499998
v -7.801497 -7.366510 -0.499998
v -7.860964 -7.400587 -0.499998
v -7.926376 -7.427163 -0.499998
v -7.997705 -7.446198 -0.499998
v -8.074923 -7.457649 -0.499998
v -8.158001 -7.461475 -0.499998
v -8.211760 -7.459823 -0.499998
v -8.265075 -7.454920 -0.499998
v -8.318001 -7.446850 -0.499998
v -8.370593 -7.435698 -0.499998
v -8.422908 -7.421545 -0.499998
v -8.475000 -7.404475 -0.499998
v -8.526926 -7.384573 -0.499998
v -8.578741 -7.361920 -0.499998
v -8.630500 -7.336600 -0.499998
v -8.682260 -7.308698 -0.499998
v -8.734075 -7.278295 -0.499998
v -8.786000 -7.245475 -0.499998
v -8.786000 -7.589475 -0.499998
v -8.460029 -6.619600 -0.499998
v -8.448223 -6.558142 -0.499998
v -8.430751 -6.501350 -0.499999
v -8.407779 -6.449475 -0.499999
v -8.379473 -6.402767 -0.499999
v -8.346001 -6.361475 -0.499999
v -8.307528 -6.325850 -0.499999
v -8.264223 -6.296142 -0.499999
v -8.216250 -6.272600 -0.499999
v -8.163778 -6.255475 -0.499999
v -8.106973 -6.245017 -0.499999
v -8.046000 -6.241475 -0.499999
v -7.980255 -6.244787 -0.499999
v -7.919037 -6.254642 -0.499999
v -7.862375 -6.270913 -0.499999
v -7.810297 -6.293475 -0.499999
v -7.762829 -6.322204 -0.499999
v -7.720000 -6.356975 -0.499999
v -7.681838 -6.397663 -0.499999
v -7.648370 -6.444142 -0.499999
v -7.619625 -6.496288 -0.499999
v -7.595630 -6.553975 -0.499998
v -7.576412 -6.617079 -0.499998
v -7.562000 -6.685475 -0.499998
v -8.466001 -6.685475 -0.499998
v -6.804365 -6.405443 -0.499999
v -6.757259 -6.377216 -0.499999
v -6.712375 -6.352600 -0.499999
v -6.669407 -6.331401 -0.499999
v -6.628051 -6.313424 -0.499999
v -6.588000 -6.298475 -0.499999
v -6.548949 -6.286359 -0.499999
v -6.510592 -6.276883 -0.499999
v -6.472625 -6.269850 -0.499999
v -6.434741 -6.265068 -0.499999
v -6.396634 -6.262341 -0.499999
v -6.358000 -6.261475 -0.500000
v -6.279155 -6.266487 -0.500000
v -6.204907 -6.281235 -0.500000
v -6.135687 -6.305288 -0.500000
v -6.071926 -6.338216 -0.500000
v -6.014053 -6.379589 -0.500000
v -5.962500 -6.428975 -0.500000
v -5.917696 -6.485945 -0.500000
v -5.880074 -6.550068 -0.499999
v -5.850062 -6.620913 -0.499999
v -5.828092 -6.698050 -0.499999
v -5.814594 -6.781047 -0.499999
v -5.809999 -6.869475 -0.499999
v -5.814935 -6.959348 -0.499999
v -5.829482 -7.042790 -0.499999
v -5.853250 -7.119538 -0.499999
v -5.885852 -7.189327 -0.499999
v -5.926898 -7.251894 -0.499998
v -5.976000 -7.306975 -0.499998
v -6.032768 -7.354306 -0.499998
v -6.096815 -7.393623 -0.499998
v -6.167750 -7.424663 -0.499998
v -6.245185 -7.447160 -0.499998
v -6.328731 -7.460853 -0.499998
v -6.418000 -7.465475 -0.499998
v -6.455859 -7.464642 -0.499998
v -6.493537 -7.462142 -0.499998
v -6.531188 -7.457975 -0.499998
v -6.568963 -7.452142 -0.499998
v -6.607016 -7.444642 -0.499998
v -6.645500 -7.435475 -0.499998
v -6.684567 -7.424642 -0.499998
v -6.724370 -7.412142 -0.499998
v -6.765062 -7.397975 -0.499998
v -6.806796 -7.382142 -0.499998
v -6.849724 -7.364642 -0.499998
v -6.894000 -7.345475 -0.499998
v -6.894000 -7.697475 -0.499998
v -6.861835 -7.711286 -0.499998
v -6.825685 -7.724623 -0.499998
v -6.786062 -7.737350 -0.499998
v -6.743481 -7.749327 -0.499998
v -6.698456 -7.760415 -0.499998
v -6.651500 -7.770475 -0.499998
v -6.603127 -7.779369 -0.499998
v -6.553852 -7.786957 -0.499998
v -6.504187 -7.793100 -0.499998
v -6.454648 -7.797660 -0.499998
v -6.405747 -7.800498 -0.499998
v -6.358000 -7.801476 -0.499998
v -6.227459 -7.793850 -0.499998
v -6.104334 -7.771475 -0.499998
v -5.989376 -7.735100 -0.499998
v -5.883334 -7.685475 -0.499998
v -5.786959 -7.623350 -0.499998
v -5.701000 -7.549475 -0.499999
v -5.626208 -7.464600 -0.499999
v -5.563334 -7.369475 -0.499999
v -5.513125 -7.264850 -0.499999
v -5.476333 -7.151475 -0.499999
v -5.453708 -7.030100 -0.499999
v -5.446000 -6.901475 -0.499999
v -5.453083 -6.758068 -0.499999
v -5.473999 -6.624216 -0.499999
v -5.508249 -6.500475 -0.500000
v -5.555332 -6.387401 -0.500000
v -5.614749 -6.285549 -0.500000
v -5.685999 -6.195475 -0.500000
v -5.768582 -6.117734 -0.500000
v -5.861999 -6.052883 -0.500000
v -5.965749 -6.001475 -0.500000
v -6.079333 -5.964067 -0.500000
v -6.202250 -5.941216 -0.500000
v -6.334000 -5.933475 -0.500000
v -6.384641 -5.934464 -0.500000
v -6.432796 -5.937383 -0.500000
v -6.478812 -5.942163 -0.500000
v -6.523037 -5.948734 -0.500000
v -6.565817 -5.957028 -0.499999
v -6.607500 -5.966975 -0.499999
v -6.648432 -5.978505 -0.499999
v -6.688962 -5.991549 -0.499999
v -6.729437 -6.006038 -0.499999
v -6.770203 -6.021901 -0.499999
v -6.811608 -6.039070 -0.499999
v -6.854000 -6.057475 -0.499999
v -6.854000 -6.437475 -0.499999
v -5.178919 -7.686917 -0.499999
v -5.143352 -7.709346 -0.499999
v -5.110812 -7.728913 -0.499999
v -5.080814 -7.745771 -0.499999
v -5.052872 -7.760075 -0.499999
v -5.026500 -7.771976 -0.499999
v -5.001210 -7.781626 -0.499999
v -4.976518 -7.789179 -0.499999
v -4.951937 -7.794788 -0.499999
v -4.926981 -7.798605 -0.499999
v -4.901164 -7.800783 -0.499999
v -4.874000 -7.801476 -0.499999
v -4.836488 -7.800299 -0.499999
v -4.801907 -7.796735 -0.499999
v -4.770187 -7.790725 -0.499999
v -4.741259 -7.782216 -0.499999
v -4.715053 -7.771151 -0.499999
v -4.691499 -7.757475 -0.499999
v -4.670529 -7.741133 -0.499999
v -4.652073 -7.722068 -0.499999
v -4.636062 -7.700225 -0.499999
v -4.622425 -7.675550 -0.499999
v -4.611094 -7.647985 -0.499999
v -4.601999 -7.617476 -0.499999
v -4.562837 -7.647144 -0.499999
v -4.523370 -7.674160 -0.499999
v -4.483624 -7.698538 -0.499999
v -4.443629 -7.720290 -0.499999
v -4.403412 -7.739431 -0.499999
v -4.363000 -7.755975 -0.499999
v -4.322421 -7.769936 -0.499999
v -4.281703 -7.781327 -0.499999
v -4.240875 -7.790163 -0.499999
v -4.199963 -7.796457 -0.499999
v -4.158995 -7.800223 -0.499999
v -4.118000 -7.801476 -0.499999
v -4.053884 -7.797248 -0.499999
v -3.993740 -7.784994 -0.499999
v -3.937875 -7.765350 -0.499999
v -3.886592 -7.738957 -0.499999
v -3.840199 -7.706452 -0.499999
v -3.799000 -7.668475 -0.499999
v -3.763300 -7.625665 -0.499999
v -3.733407 -7.578660 -0.499999
v -3.709625 -7.528100 -0.499999
v -3.692259 -7.474624 -0.499999
v -3.681615 -7.418869 -0.499999
v -3.677999 -7.361475 -0.499999
v -3.684541 -7.277501 -0.499999
v -3.703333 -7.203012 -0.499999
v -3.733125 -7.137163 -0.499999
v -3.772666 -7.079105 -0.499999
v -3.820708 -7.027991 -0.499999
v -3.876000 -6.982975 -0.499999
v -3.937291 -6.943209 -0.499999
v -4.003333 -6.907845 -0.499999
v -4.072875 -6.876038 -0.499999
v -4.144666 -6.846938 -0.499999
v -4.217458 -6.819700 -0.499999
v -4.289999 -6.793475 -0.499999
v -4.605999 -6.681475 -0.499999
v -4.605999 -6.585475 -0.499999
v -4.603749 -6.532202 -0.499999
v -4.596999 -6.484290 -0.500000
v -4.585749 -6.441600 -0.500000
v -4.569999 -6.403994 -0.500000
v -4.549749 -6.371332 -0.500000
v -4.524999 -6.343475 -0.500000
v -4.495749 -6.320285 -0.500000
v -4.461999 -6.301623 -0.500000
v -4.423749 -6.287350 -0.500000
v -4.380999 -6.277327 -0.500000
v -4.333749 -6.271415 -0.500000
v -4.282000 -6.269475 -0.500000
v -4.232934 -6.271403 -0.500000
v -4.183814 -6.277234 -0.500000
v -4.134749 -6.287038 -0.500000
v -4.085851 -6.300882 -0.500000
v -4.037231 -6.318839 -0.500000
v -3.988999 -6.340975 -0.500000
v -3.941268 -6.367362 -0.500000
v -3.894148 -6.398068 -0.500000
v -3.847749 -6.433163 -0.500000
v -3.802185 -6.472716 -0.500000
v -3.757564 -6.516797 -0.499999
v -3.714000 -6.565475 -0.499999
v -3.714000 -6.177475 -0.500000
v -3.750172 -6.138223 -0.500000
v -3.788704 -6.102457 -0.500000
v -3.829625 -6.070163 -0.500000
v -3.872963 -6.041327 -0.500000
v -3.918745 -6.015936 -0.500000
v -3.967000 -5.993975 -0.500000
v -4.017755 -5.975431 -0.500000
v -4.071037 -5.960290 -0.500000
v -4.126875 -5.948538 -0.500000
v -4.185296 -5.940160 -0.500000
v -4.246328 -5.935144 -0.500000
v -4.309999 -5.933475 -0.500000
v -4.399292 -5.937332 -0.500000
v -4.484684 -5.948994 -0.500000
v -4.565436 -5.968600 -0.500000
v -4.640813 -5.996290 -0.500000
v -4.710080 -6.032202 -0.500000
v -4.772499 -6.076475 -0.500000
v -4.827334 -6.129248 -0.500000
v -4.873851 -6.190660 -0.500000
v -4.911312 -6.260850 -0.500000
v -4.938981 -6.339957 -0.500000
v -4.956122 -6.428119 -0.500000
v -4.961999 -6.525476 -0.499999
v -4.961999 -7.449475 -0.499999
v -4.962498 -7.465570 -0.499999
v -4.963982 -7.479901 -0.499999
v -4.966438 -7.492538 -0.499999
v -4.969852 -7.503550 -0.499999
v -4.974211 -7.513005 -0.499999
v -4.979500 -7.520975 -0.499999
v -4.985706 -7.527529 -0.499999
v -4.992815 -7.532734 -0.499999
v -5.000813 -7.536663 -0.499999
v -5.009685 -7.539383 -0.499999
v -5.019419 -7.540964 -0.499999
v -5.030000 -7.541475 -0.499999
v -5.039733 -7.540732 -0.499999
v -5.050869 -7.538531 -0.499999
v -5.063312 -7.534913 -0.499999
v -5.076962 -7.529920 -0.499999
v -5.091723 -7.523593 -0.499999
v -5.107499 -7.515975 -0.499999
v -5.124191 -7.507107 -0.499999
v -5.141703 -7.497031 -0.499999
v -5.159936 -7.485788 -0.499999
v -5.178795 -7.473420 -0.499999
v -5.198182 -7.459969 -0.499999
v -5.217999 -7.445475 -0.499999
v -5.217999 -7.661475 -0.499999
v -4.530962 -6.903538 -0.499999
v -4.458370 -6.929975 -0.499999
v -4.388999 -6.957163 -0.499999
v -4.323629 -6.985475 -0.499999
v -4.263036 -7.015288 -0.499999
v -4.207999 -7.046975 -0.499999
v -4.159296 -7.080913 -0.499999
v -4.117703 -7.117475 -0.499999
v -4.083999 -7.157038 -0.499999
v -4.058962 -7.199975 -0.499999
v -4.043370 -7.246663 -0.499999
v -4.038000 -7.297475 -0.499999
v -4.040209 -7.333524 -0.499999
v -4.046684 -7.367531 -0.499999
v -4.057186 -7.399288 -0.499999
v -4.071480 -7.428586 -0.499999
v -4.089330 -7.455218 -0.499999
v -4.110499 -7.478975 -0.499999
v -4.134751 -7.499649 -0.499999
v -4.161851 -7.517031 -0.499999
v -4.191562 -7.530913 -0.499999
v -4.223648 -7.541086 -0.499999
v -4.257872 -7.547343 -0.499999
v -4.294000 -7.549475 -0.499999
v -4.321835 -7.548320 -0.499999
v -4.349335 -7.544901 -0.499999
v -4.376501 -7.539288 -0.499999
v -4.403334 -7.531549 -0.499999
v -4.429834 -7.521755 -0.499999
v -4.456000 -7.509975 -0.499999
v -4.481833 -7.496279 -0.499999
v -4.507333 -7.480734 -0.499999
v -4.532500 -7.463413 -0.499999
v -4.557333 -7.444383 -0.499999
v -4.581833 -7.423714 -0.499999
v -4.605999 -7.401475 -0.499999
v -4.605999 -6.877475 -0.499999
v -1.801999 -8.685475 -0.499999
v -1.801999 -5.969475 -0.500000
v -2.418000 -5.969475 -0.500000
v -2.575717 -5.976114 -0.500000
v -2.720740 -5.995920 -0.500000
v -2.852874 -6.028725 -0.500000
v -2.971925 -6.074364 -0.500000
v -3.077698 -6.132669 -0.500000
v -3.169999 -6.203475 -0.500000
v -3.248634 -6.286614 -0.500000
v -3.313407 -6.381920 -0.500000
v -3.364124 -6.489225 -0.500000
v -3.400592 -6.608364 -0.499999
v -3.422615 -6.739170 -0.499999
v -3.429999 -6.881475 -0.499999
v -3.422215 -7.013015 -0.499999
v -3.399388 -7.137124 -0.499999
v -3.362312 -7.253038 -0.499999
v -3.311777 -7.359994 -0.499999
v -3.248576 -7.457228 -0.499999
v -3.173499 -7.543975 -0.499999
v -3.087340 -7.619473 -0.499999
v -2.990888 -7.682957 -0.499999
v -2.884937 -7.733663 -0.499999
v -2.770277 -7.770827 -0.499999
v -2.647701 -7.793686 -0.499999
v -2.517999 -7.801476 -0.499999
v -2.489146 -7.800971 -0.499999
v -2.460500 -7.799438 -0.499999
v -2.431937 -7.796850 -0.499999
v -2.403333 -7.793179 -0.499999
v -2.374562 -7.788396 -0.499999
v -2.345500 -7.782475 -0.499999
v -2.316020 -7.775387 -0.499999
v -2.286000 -7.767105 -0.499999
v -2.255312 -7.757600 -0.499999
v -2.223833 -7.746846 -0.499999
v -2.191437 -7.734813 -0.499999
v -2.158000 -7.721475 -0.499999
v -2.158000 -8.685475 -0.499999
v -2.185159 -7.413973 -0.499999
v -2.212610 -7.425457 -0.499999
v -2.240312 -7.435913 -0.499999
v -2.268221 -7.445327 -0.499999
v -2.296298 -7.453686 -0.499999
v -2.324499 -7.460975 -0.499999
v -2.352784 -7.467181 -0.499999
v -2.381110 -7.472290 -0.499999
v -2.409437 -7.476288 -0.499999
v -2.437722 -7.479160 -0.499999
v -2.465923 -7.480894 -0.499999
v -2.493999 -7.481475 -0.499999
v -2.574998 -7.476237 -0.499999
v -2.651648 -7.460901 -0.499999
v -2.723437 -7.436038 -0.499999
v -2.789852 -7.402216 -0.499999
v -2.850377 -7.360005 -0.499999
v -2.904500 -7.309975 -0.499999
v -2.951706 -7.252695 -0.499999
v -2.991481 -7.188735 -0.499999
v -3.023312 -7.118663 -0.499999
v -3.046685 -7.043049 -0.499999
v -3.061085 -6.962463 -0.499999
v -3.066000 -6.877475 -0.499999
v -3.061918 -6.787760 -0.499999
v -3.049685 -6.704753 -0.499999
v -3.029312 -6.628663 -0.499999
v -3.000814 -6.559697 -0.499999
v -2.964206 -6.498065 -0.500000
v -2.919500 -6.443975 -0.500000
v -2.866710 -6.397635 -0.500000
v -2.805851 -6.359253 -0.500000
v -2.736937 -6.329038 -0.500000
v -2.659981 -6.307198 -0.500000
v -2.574997 -6.293941 -0.500000
v -2.481999 -6.289475 -0.500000
v -2.158000 -6.289475 -0.500000
v -2.158000 -7.401475 -0.499999
v -1.280185 -5.585671 -0.500000
v -1.222815 -5.540049 -0.500000
v -1.166000 -5.500288 -0.500000
v -1.109852 -5.466067 -0.500000
v -1.054481 -5.437070 -0.500000
v -1.000000 -5.412975 -0.500000
v -0.946518 -5.393463 -0.500000
v -0.894148 -5.378216 -0.500000
v -0.843000 -5.366913 -0.500000
v -0.793185 -5.359234 -0.500000
v -0.744815 -5.354862 -0.500000
v -0.698000 -5.353475 -0.500000
v -0.636562 -5.356183 -0.500000
v -0.578500 -5.364141 -0.500000
v -0.524187 -5.377100 -0.500000
v -0.474000 -5.394808 -0.500000
v -0.428312 -5.417017 -0.500000
v -0.387500 -5.443475 -0.500000
v -0.351937 -5.473933 -0.500000
v -0.322000 -5.508142 -0.500000
v -0.298062 -5.545850 -0.500000
v -0.280500 -5.586808 -0.500000
v -0.269687 -5.630767 -0.500000
v -0.266000 -5.677475 -0.500000
v -0.289217 -5.798207 -0.500000
v -0.353407 -5.901660 -0.500000
v -0.450375 -5.992725 -0.500000
v -0.571926 -6.076290 -0.500000
v -0.709866 -6.157244 -0.500000
v -0.856000 -6.240475 -0.500000
v -1.002134 -6.330873 -0.500000
v -1.140074 -6.433327 -0.500000
v -1.261625 -6.552725 -0.499999
v -1.358592 -6.693957 -0.499999
v -1.422782 -6.861910 -0.499999
v -1.446000 -7.061475 -0.499999
v -1.439370 -7.165945 -0.499999
v -1.419963 -7.264901 -0.499999
v -1.388500 -7.357663 -0.499999
v -1.345704 -7.443549 -0.499999
v -1.292296 -7.521880 -0.499999
v -1.229000 -7.591975 -0.499999
v -1.156537 -7.653153 -0.499999
v -1.075629 -7.704734 -0.499999
v -0.987000 -7.746038 -0.499999
v -0.891370 -7.776383 -0.499999
v -0.789463 -7.795089 -0.499999
v -0.682000 -7.801476 -0.499999
v -0.609141 -7.799802 -0.499999
v -0.538463 -7.794753 -0.499999
v -0.469812 -7.786288 -0.499999
v -0.403037 -7.774364 -0.499999
v -0.337983 -7.758941 -0.499999
v -0.274500 -7.739975 -0.499999
v -0.212433 -7.717427 -0.499999
v -0.151629 -7.691253 -0.499999
v -0.091937 -7.661413 -0.499999
v -0.033203 -7.627864 -0.499999
v 0.024725 -7.590566 -0.499999
v 0.082000 -7.549475 -0.499999
v 0.082000 -7.053475 -0.499999
v 0.030938 -7.115045 -0.499999
v -0.022166 -7.171698 -0.499999
v -0.077187 -7.223350 -0.499999
v -0.134000 -7.269920 -0.499999
v -0.192479 -7.311323 -0.499999
v -0.252500 -7.347475 -0.499999
v -0.313937 -7.378295 -0.499999
v -0.376666 -7.403697 -0.499999
v -0.440562 -7.423600 -0.499999
v -0.505500 -7.437920 -0.499999
v -0.571354 -7.446572 -0.499999
v -0.638000 -7.449475 -0.499999
v -0.710597 -7.445610 -0.499999
v -0.776444 -7.434549 -0.499999
v -0.835625 -7.417100 -0.499999
v -0.888222 -7.394068 -0.499999
v -0.934319 -7.366258 -0.499999
v -0.974000 -7.334476 -0.499999
v -1.007347 -7.299526 -0.499999
v -1.034444 -7.262216 -0.499999
v -1.055375 -7.223351 -0.499999
v -1.070222 -7.183734 -0.499999
v -1.079069 -7.144175 -0.499999
v -1.082000 -7.105475 -0.499999
v -1.058782 -6.974207 -0.499999
v -0.994592 -6.859661 -0.499999
v -0.897625 -6.757726 -0.499999
v -0.776074 -6.664290 -0.499999
v -0.638134 -6.575244 -0.499999
v -0.492000 -6.486475 -0.500000
v -0.345865 -6.393874 -0.500000
v -0.207926 -6.293327 -0.500000
v -0.086375 -6.180725 -0.500000
v 0.010593 -6.051957 -0.500000
v 0.074783 -5.902910 -0.500000
v 0.098000 -5.729475 -0.500000
v 0.091257 -5.621880 -0.500000
v 0.071389 -5.521382 -0.500000
v 0.038938 -5.428412 -0.500000
v -0.005555 -5.343401 -0.500000
v -0.061548 -5.266778 -0.500000
v -0.128500 -5.198975 -0.500000
v -0.205868 -5.140422 -0.500000
v -0.293111 -5.091549 -0.500000
v -0.389687 -5.052788 -0.500000
v -0.495055 -5.024568 -0.500000
v -0.608673 -5.007320 -0.500000
v -0.730000 -5.001475 -0.500000
v -0.781990 -5.002809 -0.500000
v -0.833926 -5.006808 -0.500000
v -0.885750 -5.013475 -0.500000
v -0.937407 -5.022808 -0.500000
v -0.988842 -5.034808 -0.500000
v -1.040000 -5.049475 -0.500000
v -1.090824 -5.066809 -0.500000
v -1.141259 -5.086808 -0.500000
v -1.191250 -5.109475 -0.500000
v -1.240740 -5.134809 -0.500000
v -1.289676 -5.162808 -0.500000
v -1.338000 -5.193475 -0.500000
v -1.338000 -5.637475 -0.500000
v 2.762000 -6.205475 -0.500000
v 2.726704 -6.163991 -0.500000
v 2.688963 -6.125605 -0.500000
v 2.649000 -6.090413 -0.500000
v 2.607038 -6.058512 -0.500000
v 2.563297 -6.030001 -0.500000
v 2.518001 -6.004975 -0.500000
v 2.471371 -5.983533 -0.500000
v 2.423630 -5.965772 -0.500000
v 2.375000 -5.951787 -0.500000
v 2.325704 -5.941679 -0.500000
v 2.275963 -5.935542 -0.500000
v 2.226000 -5.933475 -0.500000
v 2.140014 -5.938482 -0.500000
v 2.058445 -5.953530 -0.500000
v 1.981875 -5.978662 -0.500000
v 1.910889 -6.013919 -0.500000
v 1.846070 -6.059343 -0.500000
v 1.788000 -6.114975 -0.500000
v 1.737264 -6.180857 -0.500000
v 1.694445 -6.257030 -0.500000
v 1.660125 -6.343538 -0.500000
v 1.634889 -6.440420 -0.500000
v 1.619320 -6.547718 -0.499999
v 1.614000 -6.665475 -0.499999
v 1.614000 -7.765475 -0.499999
v 1.970000 -7.765475 -0.499999
v 1.970000 -6.653475 -0.499999
v 1.972801 -6.589438 -0.499999
v 1.981074 -6.529512 -0.499999
v 1.994625 -6.473975 -0.500000
v 2.013260 -6.423105 -0.500000
v 2.036783 -6.377179 -0.500000
v 2.065000 -6.336475 -0.500000
v 2.097718 -6.301271 -0.500000
v 2.134741 -6.271846 -0.500000
v 2.175875 -6.248475 -0.500000
v 2.220926 -6.231438 -0.500000
v 2.269699 -6.221012 -0.500000
v 2.322000 -6.217475 -0.500000
v 2.360377 -6.219000 -0.500000
v 2.397685 -6.223679 -0.500000
v 2.434187 -6.231663 -0.500000
v 2.470148 -6.243105 -0.500000
v 2.505831 -6.258158 -0.500000
v 2.541500 -6.276975 -0.500000
v 2.577419 -6.299709 -0.500000
v 2.613852 -6.326512 -0.500000
v 2.651063 -6.357538 -0.500000
v 2.689315 -6.392938 -0.500000
v 2.728873 -6.432866 -0.500000
v 2.770000 -6.477475 -0.500000
v 2.770000 -7.765475 -0.499999
v 3.126000 -7.765475 -0.499999
v 3.126000 -5.037475 -0.500000
v 2.770000 -5.037475 -0.500000
v 2.770000 -6.205475 -0.500000
v 3.663725 -6.402047 -0.500000
v 3.712797 -6.373716 -0.500000
v 3.761063 -6.348413 -0.500000
v 3.808371 -6.326068 -0.500000
v 3.854568 -6.306612 -0.500000
v 3.899500 -6.289975 -0.500000
v 3.943017 -6.276089 -0.500000
v 3.984963 -6.264883 -0.500000
v 4.025188 -6.256288 -0.500000
v 4.063538 -6.250235 -0.500000
v 4.099859 -6.246654 -0.500000
v 4.134000 -6.245475 -0.500000
v 4.168893 -6.246869 -0.500000
v 4.201481 -6.250957 -0.500000
v 4.231625 -6.257600 -0.500000
v 4.259185 -6.266661 -0.500000
v 4.284023 -6.277998 -0.500000
v 4.306000 -6.291475 -0.500000
v 4.324977 -6.306952 -0.500000
v 4.340815 -6.324290 -0.500000
v 4.353375 -6.343350 -0.500000
v 4.362519 -6.363994 -0.500000
v 4.368107 -6.386082 -0.500000
v 4.370000 -6.409475 -0.500000
v 4.367456 -6.429851 -0.500000
v 4.359648 -6.451142 -0.500000
v 4.346313 -6.473600 -0.500000
v 4.327185 -6.497476 -0.500000
v 4.302002 -6.523017 -0.499999
v 4.270500 -6.550475 -0.499999
v 4.232415 -6.580100 -0.499999
v 4.187482 -6.612142 -0.499999
v 4.135438 -6.646851 -0.499999
v 4.076019 -6.684475 -0.499999
v 4.008961 -6.725267 -0.499999
v 3.934000 -6.769475 -0.499999
v 3.863871 -6.817052 -0.499999
v 3.801296 -6.862086 -0.499999
v 3.746000 -6.905038 -0.499999
v 3.697704 -6.946364 -0.499999
v 3.656130 -6.986524 -0.499999
v 3.621000 -7.025975 -0.499999
v 3.592037 -7.065176 -0.499999
v 3.568963 -7.104586 -0.499999
v 3.551500 -7.144663 -0.499999
v 3.539371 -7.185864 -0.499999
v 3.532296 -7.228649 -0.499999
v 3.530000 -7.273475 -0.499999
v 3.535155 -7.350246 -0.499999
v 3.550241 -7.422308 -0.499999
v 3.574687 -7.489288 -0.499999
v 3.607926 -7.550808 -0.499999
v 3.649387 -7.606496 -0.499999
v 3.698500 -7.655975 -0.499999
v 3.754697 -7.698871 -0.499999
v 3.817408 -7.734808 -0.499999
v 3.886063 -7.763413 -0.499999
v 3.960093 -7.784308 -0.499999
v 4.038929 -7.797121 -0.499999
v 4.122000 -7.801476 -0.499999
v 4.176063 -7.800540 -0.499999
v 4.228501 -7.797660 -0.499999
v 4.279688 -7.792725 -0.499999
v 4.330001 -7.785624 -0.499999
v 4.379813 -7.776244 -0.499999
v 4.429501 -7.764475 -0.499999
v 4.479438 -7.750207 -0.499999
v 4.530001 -7.733327 -0.499999
v 4.581563 -7.713725 -0.499999
v 4.634501 -7.691290 -0.499999
v 4.689188 -7.665910 -0.499999
v 4.746000 -7.637475 -0.499999
v 4.746000 -7.253475 -0.499999
v 4.688445 -7.291730 -0.499999
v 4.631889 -7.326512 -0.499999
v 4.576500 -7.357850 -0.499999
v 4.522445 -7.385772 -0.499999
v 4.469889 -7.410304 -0.499999
v 4.419000 -7.431475 -0.499999
v 4.369945 -7.449313 -0.499999
v 4.322889 -7.463846 -0.499999
v 4.278000 -7.475101 -0.499999
v 4.235445 -7.483105 -0.499999
v 4.195389 -7.487887 -0.499999
v 4.158000 -7.489475 -0.499999
v 4.122556 -7.486225 -0.499999
v 4.088445 -7.480475 -0.499999
v 4.056001 -7.472225 -0.499999
v 4.025556 -7.461475 -0.499999
v 3.997445 -7.448225 -0.499999
v 3.972001 -7.432475 -0.499999
v 3.949556 -7.414225 -0.499999
v 3.930445 -7.393476 -0.499999
v 3.915000 -7.370225 -0.499999
v 3.903556 -7.344475 -0.499999
v 3.896445 -7.316225 -0.499999
v 3.894000 -7.285475 -0.499999
v 3.910528 -7.225621 -0.499999
v 3.956222 -7.168975 -0.499999
v 4.025250 -7.113913 -0.499999
v 4.111778 -7.058808 -0.499999
v 4.209972 -7.002038 -0.499999
v 4.314000 -6.941975 -0.499999
v 4.418028 -6.876996 -0.499999
v 4.516222 -6.805475 -0.499999
v 4.602750 -6.725788 -0.499999
v 4.671778 -6.636309 -0.499999
v 4.717473 -6.535413 -0.499999
v 4.734000 -6.421475 -0.500000
v 4.729228 -6.348012 -0.500000
v 4.715149 -6.279772 -0.500000
v 4.692126 -6.216975 -0.500000
v 4.660519 -6.159845 -0.500000
v 4.620690 -6.108605 -0.500000
v 4.573000 -6.063475 -0.500000
v 4.517811 -6.024679 -0.500000
v 4.455482 -5.992438 -0.500000
v 4.386375 -5.966975 -0.500000
v 4.310852 -5.948512 -0.500000
v 4.229273 -5.937272 -0.500000
v 4.142000 -5.933475 -0.500000
v 4.099910 -5.934477 -0.500000
v 4.057611 -5.937493 -0.500000
v 4.015063 -5.942537 -0.500000
v 3.972222 -5.949623 -0.500000
v 3.929049 -5.958765 -0.500000
v 3.885500 -5.969975 -0.500000
v 3.841535 -5.983269 -0.500000
v 3.797111 -5.998660 -0.500000
v 3.752188 -6.016163 -0.500000
v 3.706722 -6.035790 -0.500000
v 3.660674 -6.057556 -0.500000
v 3.614000 -6.081475 -0.500000
v 3.614000 -6.433475 -0.500000
v 5.518000 -7.537475 -0.499999
v 5.556197 -7.576281 -0.499999
v 5.596574 -7.612586 -0.499999
v 5.638813 -7.646225 -0.499999
v 5.682593 -7.677031 -0.499999
v 5.727595 -7.704836 -0.499999
v 5.773500 -7.729475 -0.499999
v 5.819989 -7.750781 -0.500000
v 5.866741 -7.768587 -0.500000
v 5.913438 -7.782725 -0.500000
v 5.959760 -7.793031 -0.500000
v 6.005387 -7.799336 -0.500000
v 6.050000 -7.801476 -0.500000
v 6.138664 -7.796095 -0.500000
v 6.222315 -7.780105 -0.500000
v 6.300437 -7.753725 -0.500000
v 6.372519 -7.717179 -0.500000
v 6.438044 -7.670688 -0.500000
v 6.496500 -7.614475 -0.500000
v 6.547373 -7.548762 -0.500000
v 6.590148 -7.473772 -0.500000
v 6.624313 -7.389725 -0.500000
v 6.649352 -7.296845 -0.500000
v 6.664752 -7.195355 -0.500000
v 6.670000 -7.085475 -0.500000
v 6.670000 -5.969475 -0.500001
v 6.314000 -5.969475 -0.500001
v 6.314000 -7.109475 -0.500000
v 6.311420 -7.170204 -0.500000
v 6.303686 -7.226309 -0.500000
v 6.290813 -7.277663 -0.500000
v 6.272816 -7.324142 -0.500000
v 6.249707 -7.365621 -0.500000
v 6.221501 -7.401975 -0.500000
v 6.188211 -7.433079 -0.500000
v 6.149853 -7.458808 -0.500000
v 6.106438 -7.479038 -0.500000
v 6.057982 -7.493642 -0.500000
v 6.004498 -7.502496 -0.500000
v 5.946000 -7.505475 -0.500000
v 5.906183 -7.503649 -0.500000
v 5.866796 -7.498198 -0.500000
v 5.827937 -7.489163 -0.500000
v 5.789703 -7.476586 -0.500000
v 5.752192 -7.460510 -0.500000
v 5.715500 -7.440975 -0.500000
v 5.679724 -7.418024 -0.500000
v 5.644963 -7.391697 -0.500000
v 5.611312 -7.362038 -0.500000
v 5.578870 -7.329086 -0.500000
v 5.547734 -7.292885 -0.499999
v 5.518000 -7.253475 -0.499999
v 5.518000 -5.969475 -0.500001
v 5.162000 -5.969475 -0.500001
v 5.162000 -7.765475 -0.499999
v 5.518000 -7.765475 -0.499999
v 7.675720 -5.044651 -0.500001
v 7.546759 -5.065549 -0.500001
v 7.430937 -5.099225 -0.500001
v 7.328074 -5.144734 -0.500001
v 7.237988 -5.201133 -0.500001
v 7.160500 -5.267475 -0.500001
v 7.095428 -5.342818 -0.500001
v 7.042593 -5.426216 -0.500001
v 7.001813 -5.516725 -0.500001
v 6.972908 -5.613401 -0.500001
v 6.955698 -5.715299 -0.500001
v 6.950001 -5.821475 -0.500001
v 6.956033 -5.926417 -0.500001
v 6.974260 -6.026679 -0.500001
v 7.004876 -6.121413 -0.500001
v 7.048075 -6.209771 -0.500001
v 7.104052 -6.290908 -0.500001
v 7.173001 -6.363975 -0.500001
v 7.255116 -6.428125 -0.500001
v 7.350594 -6.482512 -0.500001
v 7.459626 -6.526288 -0.500001
v 7.582408 -6.558605 -0.500001
v 7.719135 -6.578616 -0.500001
v 7.870001 -6.585475 -0.500001
v 8.278001 -6.585475 -0.500001
v 8.278001 -7.765475 -0.500000
v 8.670001 -7.765475 -0.500000
v 8.670001 -5.037475 -0.500001
v 7.818001 -5.037475 -0.500001
v 7.834001 -6.233475 -0.500001
v 7.763216 -6.230248 -0.500001
v 7.697056 -6.220660 -0.500001
v 7.635813 -6.204850 -0.500001
v 7.579778 -6.182957 -0.500001
v 7.529243 -6.155119 -0.500001
v 7.484500 -6.121475 -0.500001
v 7.445841 -6.082165 -0.500001
v 7.413556 -6.037327 -0.500001
v 7.387938 -5.987101 -0.500001
v 7.369278 -5.931623 -0.500001
v 7.357869 -5.871036 -0.500001
v 7.354001 -5.805475 -0.500001
v 7.356332 -5.755276 -0.500001
v 7.363649 -5.705216 -0.500001
v 7.376439 -5.656100 -0.500001
v 7.395186 -5.608735 -0.500001
v 7.420379 -5.563924 -0.500001
v 7.452501 -5.522475 -0.500001
v 7.492041 -5.485193 -0.500001
v 7.539483 -5.452883 -0.500001
v 7.595314 -5.426350 -0.500001
v 7.660019 -5.406401 -0.500001
v 7.734087 -5.393841 -0.500001
v 7.818001 -5.389475 -0.500001
v 8.278001 -5.389475 -0.500001
v 8.278001 -6.233475 -0.500001
v 10.082001 -7.069475 -0.500000
v 10.082001 -6.697475 -0.500001
v 9.110001 -6.697475 -0.500001
v 9.110001 -7.069475 -0.500000
v -9.110001 -7.069475 0.500002
v -9.110001 -6.697475 0.500001
v -10.082001 -6.697475 0.500001
v -10.082001 -7.069475 0.500002
v -8.732344 -7.623897 0.500002
v -8.679075 -7.655179 0.500002
v -8.625751 -7.683350 0.500002
v -8.571927 -7.708438 0.500002
v -8.517159 -7.730471 0.500002
v -8.461001 -7.749475 0.500002
v -8.403010 -7.765480 0.500002
v -8.342742 -7.778512 0.500002
v -8.279751 -7.788600 0.500002
v -8.213593 -7.795772 0.500002
v -8.143825 -7.800054 0.500002
v -8.070001 -7.801475 0.500002
v -7.935205 -7.792137 0.500002
v -7.810964 -7.765105 0.500002
v -7.697501 -7.721850 0.500002
v -7.595038 -7.663846 0.500002
v -7.503797 -7.592563 0.500002
v -7.424001 -7.509475 0.500002
v -7.355871 -7.416054 0.500002
v -7.299631 -7.313772 0.500002
v -7.255501 -7.204100 0.500002
v -7.223704 -7.088512 0.500002
v -7.204463 -6.968480 0.500002
v -7.198000 -6.845475 0.500002
v -7.205056 -6.713253 0.500002
v -7.225778 -6.589031 0.500001
v -7.259501 -6.473475 0.500001
v -7.305556 -6.367253 0.500001
v -7.363278 -6.271031 0.500001
v -7.432000 -6.185475 0.500001
v -7.511055 -6.111253 0.500001
v -7.599778 -6.049031 0.500001
v -7.697500 -5.999475 0.500001
v -7.803555 -5.963253 0.500001
v -7.917278 -5.941031 0.500001
v -8.038000 -5.933475 0.500001
v -8.153340 -5.940234 0.500001
v -8.261056 -5.960549 0.500001
v -8.360688 -5.994475 0.500001
v -8.451778 -6.042068 0.500001
v -8.533869 -6.103383 0.500001
v -8.606501 -6.178475 0.500001
v -8.669216 -6.267401 0.500001
v -8.721557 -6.370216 0.500001
v -8.763063 -6.486975 0.500001
v -8.793279 -6.617734 0.500001
v -8.811744 -6.762549 0.500002
v -8.818001 -6.921475 0.500002
v -7.554000 -6.921475 0.500002
v -7.571079 -7.006885 0.500002
v -7.594297 -7.085086 0.500002
v -7.623626 -7.156038 0.500002
v -7.659038 -7.219697 0.500002
v -7.700506 -7.276024 0.500002
v -7.748001 -7.324975 0.500002
v -7.801497 -7.366510 0.500002
v -7.860964 -7.400586 0.500002
v -7.926376 -7.427163 0.500002
v -7.997705 -7.446198 0.500002
v -8.074923 -7.457649 0.500002
v -8.158001 -7.461475 0.500002
v -8.211760 -7.459823 0.500002
v -8.265075 -7.454920 0.500002
v -8.318001 -7.446850 0.500002
v -8.370593 -7.435698 0.500002
v -8.422908 -7.421545 0.500002
v -8.475000 -7.404475 0.500002
v -8.526926 -7.384573 0.500002
v -8.578741 -7.361920 0.500002
v -8.630500 -7.336600 0.500002
v -8.682260 -7.308697 0.500002
v -8.734075 -7.278295 0.500002
v -8.786000 -7.245475 0.500002
v -8.786000 -7.589475 0.500002
v -8.460029 -6.619600 0.500001
v -8.448223 -6.558142 0.500001
v -8.430751 -6.501350 0.500001
v -8.407779 -6.449475 0.500001
v -8.379473 -6.402767 0.500001
v -8.346001 -6.361475 0.500001
v -8.307528 -6.325850 0.500001
v -8.264223 -6.296142 0.500001
v -8.216250 -6.272600 0.500001
v -8.163778 -6.255475 0.500001
v -8.106973 -6.245017 0.500001
v -8.046000 -6.241475 0.500001
v -7.980255 -6.244787 0.500001
v -7.919037 -6.254642 0.500001
v -7.862375 -6.270913 0.500001
v -7.810297 -6.293475 0.500001
v -7.762829 -6.322204 0.500001
v -7.720000 -6.356975 0.500001
v -7.681838 -6.397663 0.500001
v -7.648370 -6.444142 0.500001
v -7.619625 -6.496288 0.500001
v -7.595630 -6.553975 0.500001
v -7.576412 -6.617079 0.500001
v -7.562000 -6.685475 0.500001
v -8.466001 -6.685475 0.500001
v -6.804365 -6.405443 0.500001
v -6.757259 -6.377216 0.500001
v -6.712375 -6.352600 0.500001
v -6.669407 -6.331401 0.500001
v -6.628051 -6.313424 0.500001
v -6.588000 -6.298475 0.500001
v -6.548949 -6.286359 0.500001
v -6.510592 -6.276883 0.500000
v -6.472625 -6.269850 0.500000
v -6.434741 -6.265068 0.500000
v -6.396634 -6.262341 0.500000
v -6.358000 -6.261475 0.500000
v -6.279155 -6.266487 0.500000
v -6.204907 -6.281235 0.500000
v -6.135687 -6.305288 0.500000
v -6.071926 -6.338216 0.500000
v -6.014053 -6.379589 0.500000
v -5.962500 -6.428975 0.500000
v -5.917696 -6.485945 0.500000
v -5.880074 -6.550068 0.500000
v -5.850062 -6.620913 0.500000
v -5.828092 -6.698050 0.500000
v -5.814594 -6.781047 0.500001
v -5.809999 -6.869475 0.500001
v -5.814935 -6.959348 0.500001
v -5.829482 -7.042790 0.500001
v -5.853250 -7.119538 0.500001
v -5.885852 -7.189327 0.500001
v -5.926898 -7.251894 0.500001
v -5.976000 -7.306975 0.500001
v -6.032768 -7.354306 0.500002
v -6.096815 -7.393623 0.500002
v -6.167750 -7.424663 0.500002
v -6.245185 -7.447160 0.500002
v -6.328731 -7.460853 0.500002
v -6.418000 -7.465475 0.500002
v -6.455859 -7.464642 0.500002
v -6.493537 -7.462142 0.500002
v -6.531188 -7.457975 0.500002
v -6.568963 -7.452142 0.500002
v -6.607016 -7.444642 0.500002
v -6.645500 -7.435475 0.500002
v -6.684567 -7.424642 0.500002
v -6.724370 -7.412142 0.500002
v -6.765062 -7.397975 0.500002
v -6.806796 -7.382142 0.500002
v -6.849724 -7.364642 0.500002
v -6.894000 -7.345475 0.500002
v -6.894000 -7.697475 0.500002
v -6.861835 -7.711286 0.500002
v -6.825685 -7.724623 0.500002
v -6.786062 -7.737350 0.500002
v -6.743481 -7.749327 0.500002
v -6.698456 -7.760415 0.500002
v -6.651500 -7.770475 0.500002
v -6.603127 -7.779369 0.500002
v -6.553852 -7.786957 0.500002
v -6.504187 -7.793100 0.500002
v -6.454648 -7.797660 0.500002
v -6.405747 -7.800498 0.500002
v -6.358000 -7.801475 0.500002
v -6.227459 -7.793850 0.500002
v -6.104334 -7.771475 0.500002
v -5.989376 -7.735100 0.500002
v -5.883334 -7.685475 0.500002
v -5.786959 -7.623350 0.500001
v -5.701000 -7.549475 0.500001
v -5.626208 -7.464600 0.500001
v -5.563334 -7.369475 0.500001
v -5.513125 -7.264850 0.500001
v -5.476333 -7.151475 0.500001
v -5.453708 -7.030100 0.500001
v -5.446000 -6.901475 0.500001
v -5.453083 -6.758068 0.500001
v -5.473999 -6.624216 0.500000
v -5.508249 -6.500475 0.500000
v -5.555332 -6.387401 0.500000
v -5.614749 -6.285549 0.500000
v -5.685999 -6.195475 0.500000
v -5.768582 -6.117734 0.500000
v -5.861999 -6.052883 0.500000
v -5.965749 -6.001475 0.500000
v -6.079333 -5.964067 0.500000
v -6.202250 -5.941216 0.500000
v -6.334000 -5.933475 0.500000
v -6.384641 -5.934464 0.500000
v -6.432796 -5.937383 0.500000
v -6.478812 -5.942163 0.500000
v -6.523037 -5.948734 0.500000
v -6.565817 -5.957028 0.500000
v -6.607500 -5.966975 0.500000
v -6.648432 -5.978505 0.500000
v -6.688962 -5.991549 0.500001
v -6.729437 -6.006038 0.500001
v -6.770203 -6.021901 0.500001
v -6.811608 -6.039070 0.500001
v -6.854000 -6.057475 0.500001
v -6.854000 -6.437475 0.500001
v -5.178919 -7.686917 0.500001
v -5.143352 -7.709346 0.500001
v -5.110812 -7.728913 0.500001
v -5.080814 -7.745771 0.500001
v -5.052872 -7.760075 0.500001
v -5.026500 -7.771975 0.500001
v -5.001210 -7.781626 0.500001
v -4.976518 -7.789179 0.500001
v -4.951937 -7.794788 0.500001
v -4.926981 -7.798605 0.500001
v -4.901164 -7.800783 0.500001
v -4.874000 -7.801475 0.500001
v -4.836488 -7.800299 0.500001
v -4.801907 -7.796734 0.500001
v -4.770187 -7.790725 0.500001
v -4.741259 -7.782216 0.500001
v -4.715053 -7.771151 0.500001
v -4.691499 -7.757475 0.500001
v -4.670529 -7.741133 0.500001
v -4.652073 -7.722068 0.500001
v -4.636062 -7.700225 0.500001
v -4.622425 -7.675550 0.500001
v -4.611094 -7.647985 0.500001
v -4.601999 -7.617475 0.500001
v -4.562837 -7.647144 0.500001
v -4.523370 -7.674160 0.500001
v -4.483624 -7.698538 0.500001
v -4.443629 -7.720290 0.500001
v -4.403412 -7.739431 0.500001
v -4.363000 -7.755975 0.500001
v -4.322421 -7.769936 0.500001
v -4.281703 -7.781327 0.500001
v -4.240875 -7.790163 0.500001
v -4.199963 -7.796457 0.500001
v -4.158995 -7.800223 0.500001
v -4.118000 -7.801475 0.500001
v -4.053884 -7.797248 0.500001
v -3.993740 -7.784994 0.500001
v -3.937875 -7.765350 0.500001
v -3.886592 -7.738957 0.500001
v -3.840199 -7.706452 0.500001
v -3.799000 -7.668475 0.500001
v -3.763300 -7.625665 0.500001
v -3.733407 -7.578660 0.500001
v -3.709625 -7.528100 0.500001
v -3.692259 -7.474623 0.500001
v -3.681615 -7.418869 0.500001
v -3.677999 -7.361475 0.500001
v -3.684541 -7.277501 0.500001
v -3.703333 -7.203012 0.500001
v -3.733125 -7.137163 0.500001
v -3.772666 -7.079105 0.500001
v -3.820708 -7.027991 0.500001
v -3.876000 -6.982975 0.500001
v -3.937291 -6.943209 0.500001
v -4.003333 -6.907845 0.500001
v -4.072875 -6.876038 0.500001
v -4.144666 -6.846938 0.500001
v -4.217458 -6.819700 0.500001
v -4.289999 -6.793475 0.500001
v -4.605999 -6.681475 0.500000
v -4.605999 -6.585475 0.500000
v -4.603749 -6.532202 0.500000
v -4.596999 -6.484290 0.500000
v -4.585749 -6.441600 0.500000
v -4.569999 -6.403994 0.500000
v -4.549749 -6.371332 0.500000
v -4.524999 -6.343475 0.500000
v -4.495749 -6.320285 0.500000
v -4.461999 -6.301623 0.500000
v -4.423749 -6.287350 0.500000
v -4.380999 -6.277327 0.500000
v -4.333749 -6.271415 0.500000
v -4.282000 -6.269475 0.500000
v -4.232934 -6.271403 0.500000
v -4.183814 -6.277234 0.500000
v -4.134749 -6.287038 0.500000
v -4.085851 -6.300882 0.500000
v -4.037231 -6.318839 0.500000
v -3.988999 -6.340975 0.500000
v -3.941268 -6.367362 0.500000
v -3.894148 -6.398068 0.500000
v -3.847749 -6.433163 0.500000
v -3.802185 -6.472716 0.500000
v -3.757564 -6.516797 0.500000
v -3.714000 -6.565475 0.500000
v -3.714000 -6.177475 0.500000
v -3.750172 -6.138223 0.500000
v -3.788704 -6.102457 0.500000
v -3.829625 -6.070163 0.500000
v -3.872963 -6.041327 0.500000
v -3.918745 -6.015936 0.500000
v -3.967000 -5.993975 0.500000
v -4.017755 -5.975431 0.500000
v -4.071037 -5.960290 0.500000
v -4.126875 -5.948538 0.500000
v -4.185296 -5.940160 0.500000
v -4.246328 -5.935144 0.500000
v -4.309999 -5.933475 0.500000
v -4.399292 -5.937332 0.500000
v -4.484684 -5.948994 0.500000
v -4.565436 -5.968600 0.500000
v -4.640813 -5.996290 0.500000
v -4.710080 -6.032202 0.500000
v -4.772499 -6.076475 0.500000
v -4.827334 -6.129248 0.500000
v -4.873851 -6.190660 0.500000
v -4.911312 -6.260850 0.500000
v -4.938981 -6.339957 0.500000
v -4.956122 -6.428119 0.500000
v -4.961999 -6.525476 0.500000
v -4.961999 -7.449475 0.500001
v -4.962498 -7.465570 0.500001
v -4.963982 -7.479901 0.500001
v -4.966438 -7.492537 0.500001
v -4.969852 -7.503549 0.500001
v -4.974211 -7.513005 0.500001
v -4.979500 -7.520975 0.500001
v -4.985706 -7.527528 0.500001
v -4.992815 -7.532734 0.500001
v -5.000813 -7.536663 0.500001
v -5.009685 -7.539382 0.500001
v -5.019419 -7.540964 0.500001
v -5.030000 -7.541475 0.500001
v -5.039733 -7.540732 0.500001
v -5.050869 -7.538531 0.500001
v -5.063312 -7.534913 0.500001
v -5.076962 -7.529920 0.500001
v -5.091723 -7.523593 0.500001
v -5.107499 -7.515975 0.500001
v -5.124191 -7.507107 0.500001
v -5.141703 -7.497031 0.500001
v -5.159936 -7.485788 0.500001
v -5.178795 -7.473420 0.500001
v -5.198182 -7.459968 0.500001
v -5.217999 -7.445475 0.500001
v -5.217999 -7.661475 0.500001
v -4.530962 -6.903538 0.500001
v -4.458370 -6.929975 0.500001
v -4.388999 -6.957163 0.500001
v -4.323629 -6.985475 0.500001
v -4.263036 -7.015288 0.500001
v -4.207999 -7.046975 0.500001
v -4.159296 -7.080913 0.500001
v -4.117703 -7.117475 0.500001
v -4.083999 -7.157038 0.500001
v -4.058962 -7.199975 0.500001
v -4.043370 -7.246663 0.500001
v -4.038000 -7.297475 0.500001
v -4.040209 -7.333524 0.500001
v -4.046684 -7.367531 0.500001
v -4.057186 -7.399288 0.500001
v -4.071480 -7.428586 0.500001
v -4.089330 -7.455218 0.500001
v -4.110499 -7.478975 0.500001
v -4.134751 -7.499649 0.500001
v -4.161851 -7.517031 0.500001
v -4.191562 -7.530913 0.500001
v -4.223648 -7.541086 0.500001
v -4.257872 -7.547343 0.500001
v -4.294000 -7.549475 0.500001
v -4.321835 -7.548320 0.500001
v -4.349335 -7.544901 0.500001
v -4.376501 -7.539288 0.500001
v -4.403334 -7.531549 0.500001
v -4.429834 -7.521755 0.500001
v -4.456000 -7.509975 0.500001
v -4.481833 -7.496278 0.500001
v -4.507333 -7.480734 0.500001
v -4.532500 -7.463413 0.500001
v -4.557333 -7.444383 0.500001
v -4.581833 -7.423714 0.500001
v -4.605999 -7.401475 0.500001
v -4.605999 -6.877475 0.500001
v -1.801999 -8.685475 0.500001
v -1.801999 -5.969475 0.500000
v -2.418000 -5.969475 0.500000
v -2.575717 -5.976114 0.500000
v -2.720740 -5.995920 0.500000
v -2.852874 -6.028725 0.500000
v -2.971925 -6.074364 0.500000
v -3.077698 -6.132669 0.500000
v -3.169999 -6.203475 0.500000
v -3.248634 -6.286614 0.500000
v -3.313407 -6.381920 0.500000
v -3.364124 -6.489225 0.500000
v -3.400592 -6.608364 0.500000
v -3.422615 -6.739170 0.500001
v -3.429999 -6.881475 0.500001
v -3.422215 -7.013015 0.500001
v -3.399388 -7.137124 0.500001
v -3.362312 -7.253038 0.500001
v -3.311777 -7.359994 0.500001
v -3.248576 -7.457228 0.500001
v -3.173499 -7.543975 0.500001
v -3.087340 -7.619473 0.500001
v -2.990888 -7.682957 0.500001
v -2.884937 -7.733663 0.500001
v -2.770277 -7.770827 0.500001
v -2.647701 -7.793686 0.500001
v -2.517999 -7.801475 0.500001
v -2.489146 -7.800971 0.500001
v -2.460500 -7.799438 0.500001
v -2.431937 -7.796850 0.500001
v -2.403333 -7.793179 0.500001
v -2.374562 -7.788396 0.500001
v -2.345500 -7.782475 0.500001
v -2.316020 -7.775387 0.500001
v -2.286000 -7.767105 0.500001
v -2.255312 -7.757600 0.500001
v -2.223833 -7.746846 0.500001
v -2.191437 -7.734813 0.500001
v -2.158000 -7.721475 0.500001
v -2.158000 -8.685475 0.500001
v -2.185159 -7.413973 0.500001
v -2.212610 -7.425457 0.500001
v -2.240312 -7.435913 0.500001
v -2.268221 -7.445327 0.500001
v -2.296298 -7.453686 0.500001
v -2.324499 -7.460975 0.500001
v -2.352784 -7.467181 0.500001
v -2.381110 -7.472290 0.500001
v -2.409437 -7.476288 0.500001
v -2.437722 -7.479160 0.500001
v -2.465923 -7.480894 0.500001
v -2.493999 -7.481475 0.500001
v -2.574998 -7.476237 0.500001
v -2.651648 -7.460901 0.500001
v -2.723437 -7.436038 0.500001
v -2.789852 -7.402216 0.500001
v -2.850377 -7.360005 0.500001
v -2.904500 -7.309975 0.500001
v -2.951706 -7.252695 0.500001
v -2.991481 -7.188735 0.500001
v -3.023312 -7.118663 0.500001
v -3.046685 -7.043049 0.500001
v -3.061085 -6.962463 0.500001
v -3.066000 -6.877475 0.500001
v -3.061918 -6.787760 0.500001
v -3.049685 -6.704753 0.500000
v -3.029312 -6.628663 0.500000
v -3.000814 -6.559697 0.500000
v -2.964206 -6.498065 0.500000
v -2.919500 -6.443975 0.500000
v -2.866710 -6.397635 0.500000
v -2.805851 -6.359253 0.500000
v -2.736937 -6.329038 0.500000
v -2.659981 -6.307198 0.500000
v -2.574997 -6.293941 0.500000
v -2.481999 -6.289475 0.500000
v -2.158000 -6.289475 0.500000
v -2.158000 -7.401475 0.500001
v -1.280185 -5.585671 0.500000
v -1.222815 -5.540049 0.500000
v -1.166000 -5.500288 0.500000
v -1.109852 -5.466067 0.500000
v -1.054481 -5.437070 0.500000
v -1.000000 -5.412975 0.500000
v -0.946518 -5.393463 0.500000
v -0.894148 -5.378216 0.500000
v -0.843000 -5.366913 0.500000
v -0.793185 -5.359234 0.500000
v -0.744814 -5.354862 0.500000
v -0.698000 -5.353475 0.500000
v -0.636562 -5.356183 0.500000
v -0.578500 -5.364141 0.500000
v -0.524187 -5.377100 0.500000
v -0.474000 -5.394808 0.500000
v -0.428312 -5.417017 0.500000
v -0.387500 -5.443475 0.500000
v -0.351937 -5.473933 0.500000
v -0.322000 -5.508142 0.500000
v -0.298062 -5.545850 0.500000
v -0.280500 -5.586808 0.500000
v -0.269687 -5.630767 0.500000
v -0.266000 -5.677475 0.500000
v -0.289217 -5.798207 0.500000
v -0.353407 -5.901660 0.500000
v -0.450375 -5.992725 0.500000
v -0.571926 -6.076290 0.500000
v -0.709866 -6.157244 0.500000
v -0.856000 -6.240475 0.500000
v -1.002134 -6.330873 0.500000
v -1.140074 -6.433327 0.500000
v -1.261625 -6.552725 0.500000
v -1.358592 -6.693957 0.500000
v -1.422782 -6.861910 0.500001
v -1.446000 -7.061475 0.500001
v -1.439370 -7.165945 0.500001
v -1.419963 -7.264901 0.500001
v -1.388500 -7.357663 0.500001
v -1.345704 -7.443549 0.500001
v -1.292296 -7.521880 0.500001
v -1.229000 -7.591975 0.500001
v -1.156537 -7.653153 0.500001
v -1.075629 -7.704734 0.500001
v -0.987000 -7.746038 0.500001
v -0.891370 -7.776382 0.500001
v -0.789463 -7.795089 0.500001
v -0.682000 -7.801475 0.500001
v -0.609141 -7.799802 0.500001
v -0.538463 -7.794753 0.500001
v -0.469812 -7.786288 0.500001
v -0.403037 -7.774364 0.500001
v -0.337983 -7.758941 0.500001
v -0.274500 -7.739975 0.500001
v -0.212432 -7.717427 0.500001
v -0.151629 -7.691253 0.500001
v -0.091937 -7.661413 0.500001
v -0.033203 -7.627864 0.500001
v 0.024725 -7.590566 0.500001
v 0.082000 -7.549475 0.500001
v 0.082000 -7.053475 0.500001
v 0.030938 -7.115045 0.500001
v -0.022166 -7.171698 0.500001
v -0.077187 -7.223350 0.500001
v -0.133999 -7.269920 0.500001
v -0.192479 -7.311322 0.500001
v -0.252500 -7.347475 0.500001
v -0.313937 -7.378294 0.500001
v -0.376666 -7.403697 0.500001
v -0.440562 -7.423600 0.500001
v -0.505500 -7.437920 0.500001
v -0.571354 -7.446572 0.500001
v -0.638000 -7.449475 0.500001
v -0.710597 -7.445610 0.500001
v -0.776444 -7.434549 0.500001
v -0.835625 -7.417100 0.500001
v -0.888222 -7.394068 0.500001
v -0.934319 -7.366258 0.500001
v -0.974000 -7.334475 0.500001
v -1.007347 -7.299526 0.500001
v -1.034444 -7.262216 0.500001
v -1.055375 -7.223351 0.500001
v -1.070222 -7.183734 0.500001
v -1.079069 -7.144175 0.500001
v -1.082000 -7.105475 0.500001
v -1.058782 -6.974207 0.500001
v -0.994592 -6.859661 0.500001
v -0.897625 -6.757726 0.500001
v -0.776074 -6.664290 0.500000
v -0.638134 -6.575244 0.500000
v -0.492000 -6.486475 0.500000
v -0.345865 -6.393874 0.500000
v -0.207926 -6.293327 0.500000
v -0.086375 -6.180725 0.500000
v 0.010593 -6.051957 0.500000
v 0.074783 -5.902910 0.500000
v 0.098000 -5.729475 0.500000
v 0.091257 -5.621880 0.500000
v 0.071389 -5.521382 0.500000
v 0.038938 -5.428412 0.500000
v -0.005555 -5.343401 0.500000
v -0.061548 -5.266778 0.500000
v -0.128500 -5.198975 0.500000
v -0.205868 -5.140422 0.500000
v -0.293111 -5.091549 0.500000
v -0.389687 -5.052788 0.500000
v -0.495055 -5.024568 0.500000
v -0.608673 -5.007320 0.500000
v -0.730000 -5.001475 0.500000
v -0.781990 -5.002809 0.500000
v -0.833926 -5.006808 0.500000
v -0.885750 -5.013475 0.500000
v -0.937407 -5.022808 0.500000
v -0.988842 -5.034808 0.500000
v -1.040000 -5.049475 0.500000
v -1.090824 -5.066809 0.500000
v -1.141259 -5.086808 0.500000
v -1.191250 -5.109475 0.500000
v -1.240740 -5.134809 0.500000
v -1.289676 -5.162808 0.500000
v -1.338000 -5.193475 0.500000
v -1.338000 -5.637475 0.500000
v 2.762000 -6.205475 0.500000
v 2.726704 -6.163991 0.500000
v 2.688963 -6.125605 0.500000
v 2.649000 -6.090413 0.500000
v 2.607038 -6.058512 0.500000
v 2.563297 -6.030001 0.500000
v 2.518001 -6.004975 0.500000
v 2.471371 -5.983533 0.500000
v 2.423630 -5.965772 0.500000
v 2.375000 -5.951787 0.500000
v 2.325704 -5.941679 0.500000
v 2.275963 -5.935542 0.500000
v 2.226000 -5.933475 0.500000
v 2.140014 -5.938482 0.500000
v 2.058445 -5.953530 0.500000
v 1.981875 -5.978662 0.500000
v 1.910889 -6.013919 0.500000
v 1.846070 -6.059343 0.500000
v 1.788000 -6.114975 0.500000
v 1.737264 -6.180857 0.500000
v 1.694445 -6.257030 0.500000
v 1.660125 -6.343538 0.500000
v 1.634889 -6.440420 0.500000
v 1.619320 -6.547718 0.500000
v 1.614000 -6.665475 0.500000
v 1.614000 -7.765475 0.500001
v 1.970000 -7.765475 0.500001
v 1.970000 -6.653475 0.500000
v 1.972801 -6.589438 0.500000
v 1.981074 -6.529512 0.500000
v 1.994625 -6.473975 0.500000
v 2.013260 -6.423105 0.500000
v 2.036783 -6.377179 0.500000
v 2.065000 -6.336475 0.500000
v 2.097718 -6.301271 0.500000
v 2.134741 -6.271846 0.500000
v 2.175875 -6.248475 0.500000
v 2.220926 -6.231438 0.500000
v 2.269699 -6.221012 0.500000
v 2.322000 -6.217475 0.500000
v 2.360377 -6.219000 0.500000
v 2.397685 -6.223679 0.500000
v 2.434187 -6.231663 0.500000
v 2.470148 -6.243105 0.500000
v 2.505831 -6.258158 0.500000
v 2.541500 -6.276975 0.500000
v 2.577419 -6.299709 0.500000
v 2.613852 -6.326512 0.500000
v 2.651063 -6.357538 0.500000
v 2.689315 -6.392938 0.500000
v 2.728873 -6.432866 0.500000
v 2.770000 -6.477475 0.500000
v 2.770000 -7.765475 0.500001
v 3.126000 -7.765475 0.500001
v 3.126000 -5.037475 0.500000
v 2.770000 -5.037475 0.500000
v 2.770000 -6.205475 0.500000
v 3.663725 -6.402047 0.500000
v 3.712797 -6.373716 0.500000
v 3.761063 -6.348413 0.500000
v 3.808371 -6.326068 0.500000
v 3.854568 -6.306612 0.500000
v 3.899500 -6.289975 0.500000
v 3.943017 -6.276089 0.500000
v 3.984963 -6.264883 0.500000
v 4.025188 -6.256288 0.500000
v 4.063538 -6.250235 0.500000
v 4.099859 -6.246654 0.500000
v 4.134000 -6.245475 0.500000
v 4.168893 -6.246869 0.500000
v 4.201481 -6.250957 0.500000
v 4.231625 -6.257600 0.500000
v 4.259185 -6.266661 0.500000
v 4.284023 -6.277998 0.500000
v 4.306000 -6.291475 0.500000
v 4.324977 -6.306952 0.500000
v 4.340815 -6.324290 0.500000
v 4.353375 -6.343350 0.500000
v 4.362519 -6.363994 0.500000
v 4.368107 -6.386082 0.500000
v 4.370000 -6.409475 0.500000
v 4.367456 -6.429851 0.500000
v 4.359648 -6.451142 0.500000
v 4.346313 -6.473600 0.500000
v 4.327185 -6.497476 0.500000
v 4.302002 -6.523017 0.500000
v 4.270500 -6.550475 0.500000
v 4.232415 -6.580100 0.500000
v 4.187482 -6.612142 0.500000
v 4.135438 -6.646851 0.500000
v 4.076019 -6.684475 0.500000
v 4.008961 -6.725267 0.500001
v 3.934000 -6.769475 0.500001
v 3.863871 -6.817052 0.500001
v 3.801296 -6.862086 0.500001
v 3.746000 -6.905038 0.500001
v 3.697704 -6.946364 0.500001
v 3.656130 -6.986524 0.500001
v 3.621000 -7.025975 0.500001
v 3.592037 -7.065176 0.500001
v 3.568963 -7.104586 0.500001
v 3.551500 -7.144663 0.500001
v 3.539371 -7.185864 0.500001
v 3.532296 -7.228649 0.500001
v 3.530000 -7.273475 0.500001
v 3.535155 -7.350246 0.500001
v 3.550241 -7.422308 0.500001
v 3.574687 -7.489288 0.500001
v 3.607926 -7.550808 0.500001
v 3.649387 -7.606496 0.500001
v 3.698500 -7.655975 0.500001
v 3.754697 -7.698871 0.500001
v 3.817408 -7.734808 0.500001
v 3.886063 -7.763413 0.500001
v 3.960093 -7.784308 0.500001
v 4.038929 -7.797121 0.500001
v 4.122000 -7.801475 0.500001
v 4.176063 -7.800540 0.500001
v 4.228501 -7.797660 0.500001
v 4.279688 -7.792725 0.500001
v 4.330001 -7.785624 0.500001
v 4.379813 -7.776244 0.500001
v 4.429501 -7.764475 0.500001
v 4.479438 -7.750207 0.500001
v 4.530001 -7.733327 0.500001
v 4.581563 -7.713725 0.500001
v 4.634501 -7.691290 0.500001
v 4.689188 -7.665910 0.500001
v 4.746000 -7.637475 0.500001
v 4.746000 -7.253475 0.500001
v 4.688445 -7.291730 0.500001
v 4.631889 -7.326512 0.500001
v 4.576500 -7.357850 0.500001
v 4.522445 -7.385771 0.500001
v 4.469889 -7.410304 0.500001
v 4.419000 -7.431475 0.500001
v 4.369945 -7.449313 0.500001
v 4.322889 -7.463846 0.500001
v 4.278000 -7.475100 0.500001
v 4.235445 -7.483105 0.500001
v 4.195389 -7.487887 0.500001
v 4.158000 -7.489475 0.500001
v 4.122556 -7.486225 0.500001
v 4.088445 -7.480475 0.500001
v 4.056001 -7.472225 0.500001
v 4.025556 -7.461475 0.500001
v 3.997445 -7.448225 0.500001
v 3.972001 -7.432475 0.500001
v 3.949556 -7.414225 0.500001
v 3.930445 -7.393475 0.500001
v 3.915000 -7.370225 0.500001
v 3.903556 -7.344475 0.500001
v 3.896445 -7.316225 0.500001
v 3.894000 -7.285475 0.500001
v 3.910528 -7.225621 0.500001
v 3.956222 -7.168975 0.500001
v 4.025250 -7.113913 0.500001
v 4.111778 -7.058808 0.500001
v 4.209972 -7.002038 0.500001
v 4.314000 -6.941975 0.500001
v 4.418028 -6.876996 0.500001
v 4.516222 -6.805475 0.500001
v 4.602750 -6.725788 0.500001
v 4.671778 -6.636309 0.500000
v 4.717473 -6.535413 0.500000
v 4.734000 -6.421475 0.500000
v 4.729228 -6.348012 0.500000
v 4.715149 -6.279772 0.500000
v 4.692126 -6.216975 0.500000
v 4.660519 -6.159845 0.500000
v 4.620690 -6.108605 0.500000
v 4.573000 -6.063475 0.500000
v 4.517811 -6.024679 0.500000
v 4.455482 -5.992438 0.500000
v 4.386375 -5.966975 0.500000
v 4.310852 -5.948512 0.500000
v 4.229273 -5.937272 0.500000
v 4.142000 -5.933475 0.500000
v 4.099910 -5.934477 0.500000
v 4.057611 -5.937493 0.500000
v 4.015063 -5.942537 0.500000
v 3.972222 -5.949623 0.500000
v 3.929049 -5.958765 0.500000
v 3.885500 -5.969975 0.500000
v 3.841535 -5.983269 0.500000
v 3.797111 -5.998660 0.500000
v 3.752188 -6.016163 0.500000
v 3.706722 -6.035790 0.500000
v 3.660674 -6.057556 0.500000
v 3.614000 -6.081475 0.500000
v 3.614000 -6.433475 0.500000
v 5.518000 -7.537475 0.500000
v 5.556197 -7.576281 0.500000
v 5.596574 -7.612586 0.500000
v 5.638813 -7.646225 0.500000
v 5.682593 -7.677031 0.500000
v 5.727595 -7.704836 0.500000
v 5.773500 -7.729475 0.500000
v 5.819989 -7.750781 0.500000
v 5.866741 -7.768586 0.500000
v 5.913438 -7.782725 0.500000
v 5.959760 -7.793031 0.500000
v 6.005387 -7.799336 0.500000
v 6.050000 -7.801475 0.500000
v 6.138664 -7.796095 0.500000
v 6.222315 -7.780105 0.500000
v 6.300437 -7.753725 0.500000
v 6.372519 -7.717179 0.500000
v 6.438044 -7.670688 0.500000
v 6.496500 -7.614475 0.500000
v 6.547373 -7.548762 0.500000
v 6.590148 -7.473772 0.500000
v 6.624313 -7.389725 0.500000
v 6.649352 -7.296845 0.500000
v 6.664752 -7.195355 0.500000
v 6.670000 -7.085475 0.500000
v 6.670000 -5.969475 0.499999
v 6.314000 -5.969475 0.499999
v 6.314000 -7.109475 0.500000
v 6.311420 -7.170204 0.500000
v 6.303686 -7.226309 0.500000
v 6.290813 -7.277663 0.500000
v 6.272816 -7.324142 0.500000
v 6.249707 -7.365621 0.500000
v 6.221501 -7.401975 0.500000
v 6.188211 -7.433079 0.500000
v 6.149853 -7.458808 0.500000
v 6.106438 -7.479038 0.500000
v 6.057982 -7.493642 0.500000
v 6.004498 -7.502496 0.500000
v 5.946000 -7.505475 0.500000
v 5.906183 -7.503649 0.500000
v 5.866796 -7.498198 0.500000
v 5.827937 -7.489162 0.500000
v 5.789703 -7.476586 0.500000
v 5.752192 -7.460510 0.500000
v 5.715500 -7.440975 0.500000
v 5.679724 -7.418024 0.500000
v 5.644963 -7.391697 0.500000
v 5.611312 -7.362038 0.500000
v 5.578870 -7.329086 0.500000
v 5.547734 -7.292885 0.500000
v 5.518000 -7.253475 0.500000
v 5.518000 -5.969475 0.499999
v 5.162000 -5.969475 0.499999
v 5.162000 -7.765475 0.500001
v 5.518000 -7.765475 0.500001
v 7.675720 -5.044651 0.499999
v 7.546759 -5.065549 0.499999
v 7.430937 -5.099225 0.499999
v 7.328074 -5.144734 0.499999
v 7.237988 -5.201133 0.499999
v 7.160500 -5.267475 0.499999
v 7.095428 -5.342818 0.499999
v 7.042593 -5.426216 0.499999
v 7.001813 -5.516725 0.499999
v 6.972908 -5.613401 0.499999
v 6.955698 -5.715299 0.499999
v 6.950001 -5.821475 0.499999
v 6.956033 -5.926417 0.499999
v 6.974260 -6.026679 0.499999
v 7.004876 -6.121413 0.499999
v 7.048075 -6.209771 0.499999
v 7.104052 -6.290908 0.499999
v 7.173001 -6.363975 0.499999
v 7.255116 -6.428125 0.499999
v 7.350594 -6.482512 0.499999
v 7.459626 -6.526288 0.499999
v 7.582408 -6.558605 0.499999
v 7.719135 -6.578616 0.499999
v 7.870001 -6.585475 0.499999
v 8.278001 -6.585475 0.499999
v 8.278001 -7.765475 0.500000
v 8.670001 -7.765475 0.500000
v 8.670001 -5.037475 0.499999
v 7.818001 -5.037475 0.499999
v 7.834001 -6.233475 0.499999
v 7.763216 -6.230248 0.499999
v 7.697056 -6.220660 0.499999
v 7.635813 -6.204850 0.499999
v 7.579778 -6.182957 0.499999
v 7.529243 -6.155119 0.499999
v 7.484500 -6.121475 0.499999
v 7.445841 -6.082165 0.499999
v 7.413556 -6.037327 0.499999
v 7.387938 -5.987101 0.499999
v 7.369278 -5.931623 0.499999
v 7.357869 -5.871036 0.499999
v 7.354001 -5.805475 0.499999
v 7.356332 -5.755276 0.499999
v 7.363649 -5.705216 0.499999
v 7.376439 -5.656100 0.499999
v 7.395186 -5.608735 0.499999
v 7.420379 -5.563924 0.499999
v 7.452501 -5.522475 0.499999
v 7.492041 -5.485193 0.499999
v 7.539483 -5.452883 0.499999
v 7.595314 -5.426350 0.499999
v 7.660019 -5.406401 0.499999
v 7.734087 -5.393841 0.499999
v 7.818001 -5.389475 0.499999
v 8.278001 -5.389475 0.499999
v 8.278001 -6.233475 0.499999
v 10.082001 -7.069475 0.500000
v 10.082001 -6.697475 0.499999
v 9.110001 -6.697475 0.499999
v 9.110001 -7.069475 0.500000
v 10.082001 -7.069475 0.500000
v 10.082001 -7.069475 -0.500000
v 10.082001 -6.697475 0.499999
v 10.082001 -6.697475 -0.500001
v 9.110001 -6.697475 0.499999
v 9.110001 -6.697475 -0.500001
v 9.110001 -7.069475 0.500000
v 9.110001 -7.069475 -0.500000
v 7.675720 -5.044651 0.499999
v 7.675720 -5.044651 -0.500001
v 7.546759 -5.065549 0.499999
v 7.546759 -5.065549 -0.500001
v 7.430937 -5.099225 0.499999
v 7.430937 -5.099225 -0.500001
v 7.328074 -5.144734 0.499999
v 7.328074 -5.144734 -0.500001
v 7.237988 -5.201133 0.499999
v 7.237988 -5.201133 -0.500001
v 7.160500 -5.267475 0.499999
v 7.160500 -5.267475 -0.500001
v 7.095428 -5.342818 0.499999
v 7.095428 -5.342818 -0.500001
v 7.042593 -5.426216 0.499999
v 7.042593 -5.426216 -0.500001
v 7.001813 -5.516725 0.499999
v 7.001813 -5.516725 -0.500001
v 6.972908 -5.613401 0.499999
v 6.972908 -5.613401 -0.500001
v 6.955698 -5.715299 0.499999
v 6.955698 -5.715299 -0.500001
v 6.950001 -5.821475 0.499999
v 6.950001 -5.821475 -0.500001
v 6.956033 -5.926417 0.499999
v 6.956033 -5.926417 -0.500001
v 6.974260 -6.026679 0.499999
v 6.974260 -6.026679 -0.500001
v 7.004876 -6.121413 0.499999
v 7.004876 -6.121413 -0.500001
v 7.048075 -6.209771 0.499999
v 7.048075 -6.209771 -0.500001
v 7.104052 -6.290908 0.499999
v 7.104052 -6.290908 -0.500001
v 7.173001 -6.363975 0.499999
v 7.173001 -6.363975 -0.500001
v 7.255116 -6.428125 0.499999
v 7.255116 -6.428125 -0.500001
v 7.350594 -6.482512 0.499999
v 7.350594 -6.482512 -0.500001
v 7.459626 -6.526288 0.499999
v 7.459626 -6.526288 -0.500001
v 7.582408 -6.558605 0.499999
v 7.582408 -6.558605 -0.500001
v 7.719135 -6.578616 0.499999
v 7.719135 -6.578616 -0.500001
v 7.870001 -6.585475 0.499999
v 7.870001 -6.585475 -0.500001
v 8.278001 -6.585475 0.499999
v 8.278001 -6.585475 -0.500001
v 8.278001 -7.765475 0.500000
v 8.278001 -7.765475 -0.500000
v 8.670001 -7.765475 0.500000
v 8.670001 -7.765475 -0.500000
v 8.670001 -5.037475 0.499999
v 8.670001 -5.037475 -0.500001
v 7.818001 -5.037475 0.499999
v 7.818001 -5.037475 -0.500001
v 7.834001 -6.233475 0.499999
v 7.834001 -6.233475 -0.500001
v 7.763216 -6.230248 0.499999
v 7.763216 -6.230248 -0.500001
v 7.697056 -6.220660 0.499999
v 7.697056 -6.220660 -0.500001
v 7.635813 -6.204850 0.499999
v 7.635813 -6.204850 -0.500001
v 7.579778 -6.182957 0.499999
v 7.579778 -6.182957 -0.500001
v 7.529243 -6.155119 0.499999
v 7.529243 -6.155119 -0.500001
v 7.484500 -6.121475 0.499999
v 7.484500 -6.121475 -0.500001
v 7.445841 -6.082165 0.499999
v 7.445841 -6.082165 -0.500001
v 7.413556 -6.037327 0.499999
v 7.413556 -6.037327 -0.500001
v 7.387938 -5.987101 0.499999
v 7.387938 -5.987101 -0.500001
v 7.369278 -5.931623 0.499999
v 7.369278 -5.931623 -0.500001
v 7.357869 -5.871036 0.499999
v 7.357869 -5.871036 -0.500001
v 7.354001 -5.805475 0.499999
v 7.354001 -5.805475 -0.500001
v 7.356332 -5.755276 0.499999
v 7.356332 -5.755276 -0.500001
v 7.363649 -5.705216 0.499999
v 7.363649 -5.705216 -0.500001
v 7.376439 -5.656100 0.499999
v 7.376439 -5.656100 -0.500001
v 7.395186 -5.608735 0.499999
v 7.395186 -5.608735 -0.500001
v 7.420379 -5.563924 0.499999
v 7.420379 -5.563924 -0.500001
v 7.452501 -5.522475 0.499999
v 7.452501 -5.522475 -0.500001
v 7.492041 -5.485193 0.499999
v 7.492041 -5.485193 -0.500001
v 7.539483 -5.452883 0.499999
v 7.539483 -5.452883 -0.500001
v 7.595314 -5.426350 0.499999
v 7.595314 -5.426350 -0.500001
v 7.660019 -5.406401 0.499999
v 7.660019 -5.406401 -0.500001
v 7.734087 -5.393841 0.499999
v 7.734087 -5.393841 -0.500001
v 7.818001 -5.389475 0.499999
v 7.818001 -5.389475 -0.500001
v 8.278001 -5.389475 0.499999
v 8.278001 -5.389475 -0.500001
v 8.278001 -6.233475 0.499999
v 8.278001 -6.233475 -0.500001
v 5.518000 -7.537475 0.500000
v 5.518000 -7.537475 -0.499999
v 5.556197 -7.576281 0.500000
v 5.556197 -7.576281 -0.499999
v 5.596574 -7.612586 0.500000
v 5.596574 -7.612586 -0.499999
v 5.638813 -7.646225 0.500000
v 5.638813 -7.646225 -0.499999
v 5.682593 -7.677031 0.500000
v 5.682593 -7.677031 -0.499999
v 5.727595 -7.704836 0.500000
v 5.727595 -7.704836 -0.499999
v 5.773500 -7.729475 0.500000
v 5.773500 -7.729475 -0.499999
v 5.819989 -7.750781 0.500000
v 5.819989 -7.750781 -0.500000
v 5.866741 -7.768586 0.500000
v 5.866741 -7.768587 -0.500000
v 5.913438 -7.782725 0.500000
v 5.913438 -7.782725 -0.500000
v 5.959760 -7.793031 0.500000
v 5.959760 -7.793031 -0.500000
v 6.005387 -7.799336 0.500000
v 6.005387 -7.799336 -0.500000
v 6.050000 -7.801475 0.500000
v 6.050000 -7.801476 -0.500000
v 6.138664 -7.796095 0.500000
v 6.138664 -7.796095 -0.500000
v 6.222315 -7.780105 0.500000
v 6.222315 -7.780105 -0.500000
v 6.300437 -7.753725 0.500000
v 6.300437 -7.753725 -0.500000
v 6.372519 -7.717179 0.500000
v 6.372519 -7.717179 -0.500000
v 6.438044 -7.670688 0.500000
v 6.438044 -7.670688 -0.500000
v 6.496500 -7.614475 0.500000
v 6.496500 -7.614475 -0.500000
v 6.547373 -7.548762 0.500000
v 6.547373 -7.548762 -0.500000
v 6.590148 -7.473772 0.500000
v 6.590148 -7.473772 -0.500000
v 6.624313 -7.389725 0.500000
v 6.624313 -7.389725 -0.500000
v 6.649352 -7.296845 0.500000
v 6.649352 -7.296845 -0.500000
v 6.664752 -7.195355 0.500000
v 6.664752 -7.195355 -0.500000
v 6.670000 -7.085475 0.500000
v 6.670000 -7.085475 -0.500000
v 6.670000 -5.969475 0.499999
v 6.670000 -5.969475 -0.500001
v 6.314000 -5.969475 0.499999
v 6.314000 -5.969475 -0.500001
v 6.314000 -7.109475 0.500000
v 6.314000 -7.109475 -0.500000
v 6.311420 -7.170204 0.500000
v 6.311420 -7.170204 -0.500000
v 6.303686 -7.226309 0.500000
v 6.303686 -7.226309 -0.500000
v 6.290813 -7.277663 0.500000
v 6.290813 -7.277663 -0.500000
v 6.272816 -7.324142 0.500000
v 6.272816 -7.324142 -0.500000
v 6.249707 -7.365621 0.500000
v 6.249707 -7.365621 -0.500000
v 6.221501 -7.401975 0.500000
v 6.221501 -7.401975 -0.500000
v 6.188211 -7.433079 0.500000
v 6.188211 -7.433079 -0.500000
v 6.149853 -7.458808 0.500000
v 6.149853 -7.458808 -0.500000
v 6.106438 -7.479038 0.500000
v 6.106438 -7.479038 -0.500000
v 6.057982 -7.493642 0.500000
v 6.057982 -7.493642 -0.500000
v 6.004498 -7.502496 0.500000
v 6.004498 -7.502496 -0.500000
v 5.946000 -7.505475 0.500000
v 5.946000 -7.505475 -0.500000
v 5.906183 -7.503649 0.500000
v 5.906183 -7.503649 -0.500000
v 5.866796 -7.498198 0.500000
v 5.866796 -7.498198 -0.500000
v 5.827937 -7.489162 0.500000
v 5.827937 -7.489163 -0.500000
v 5.789703 -7.476586 0.500000
v 5.789703 -7.476586 -0.500000
v 5.752192 -7.460510 0.500000
v 5.752192 -7.460510 -0.500000
v 5.715500 -7.440975 0.500000
v 5.715500 -7.440975 -0.500000
v 5.679724 -7.418024 0.500000
v 5.679724 -7.418024 -0.500000
v 5.644963 -7.391697 0.500000
v 5.644963 -7.391697 -0.500000
v 5.611312 -7.362038 0.500000
v 5.611312 -7.362038 -0.500000
v 5.578870 -7.329086 0.500000
v 5.578870 -7.329086 -0.500000
v 5.547734 -7.292885 0.500000
v 5.547734 -7.292885 -0.499999
v 5.518000 -7.253475 0.500000
v 5.518000 -7.253475 -0.499999
v 5.518000 -5.969475 0.499999
v 5.518000 -5.969475 -0.500001
v 5.162000 -5.969475 0.499999
v 5.162000 -5.969475 -0.500001
v 5.162000 -7.765475 0.500001
v 5.162000 -7.765475 -0.499999
v 5.518000 -7.765475 0.500001
v 5.518000 -7.765475 -0.499999
v 3.663725 -6.402047 0.500000
v 3.663725 -6.402047 -0.500000
v 3.712797 -6.373716 0.500000
v 3.712797 -6.373716 -0.500000
v 3.761063 -6.348413 0.500000
v 3.761063 -6.348413 -0.500000
v 3.808371 -6.326068 0.500000
v 3.808371 -6.326068 -0.500000
v 3.854568 -6.306612 0.500000
v 3.854568 -6.306612 -0.500000
v 3.899500 -6.289975 0.500000
v 3.899500 -6.289975 -0.500000
v 3.943017 -6.276089 0.500000
v 3.943017 -6.276089 -0.500000
v 3.984963 -6.264883 0.500000
v 3.984963 -6.264883 -0.500000
v 4.025188 -6.256288 0.500000
v 4.025188 -6.256288 -0.500000
v 4.063538 -6.250235 0.500000
v 4.063538 -6.250235 -0.500000
v 4.099859 -6.246654 0.500000
v 4.099859 -6.246654 -0.500000
v 4.134000 -6.245475 0.500000
v 4.134000 -6.245475 -0.500000
v 4.168893 -6.246869 0.500000
v 4.168893 -6.246869 -0.500000
v 4.201481 -6.250957 0.500000
v 4.201481 -6.250957 -0.500000
v 4.231625 -6.257600 0.500000
v 4.231625 -6.257600 -0.500000
v 4.259185 -6.266661 0.500000
v 4.259185 -6.266661 -0.500000
v 4.284023 -6.277998 0.500000
v 4.284023 -6.277998 -0.500000
v 4.306000 -6.291475 0.500000
v 4.306000 -6.291475 -0.500000
v 4.324977 -6.306952 0.500000
v 4.324977 -6.306952 -0.500000
v 4.340815 -6.324290 0.500000
v 4.340815 -6.324290 -0.500000
v 4.353375 -6.343350 0.500000
v 4.353375 -6.343350 -0.500000
v 4.362519 -6.363994 0.500000
v 4.362519 -6.363994 -0.500000
v 4.368107 -6.386082 0.500000
v 4.368107 -6.386082 -0.500000
v 4.370000 -6.409475 0.500000
v 4.370000 -6.409475 -0.500000
v 4.367456 -6.429851 0.500000
v 4.367456 -6.429851 -0.500000
v 4.359648 -6.451142 0.500000
v 4.359648 -6.451142 -0.500000
v 4.346313 -6.473600 0.500000
v 4.346313 -6.473600 -0.500000
v 4.327185 -6.497476 0.500000
v 4.327185 -6.497476 -0.500000
v 4.302002 -6.523017 0.500000
v 4.302002 -6.523017 -0.499999
v 4.270500 -6.550475 0.500000
v 4.270500 -6.550475 -0.499999
v 4.232415 -6.580100 0.500000
v 4.232415 -6.580100 -0.499999
v 4.187482 -6.612142 0.500000
v 4.187482 -6.612142 -0.499999
v 4.135438 -6.646851 0.500000
v 4.135438 -6.646851 -0.499999
v 4.076019 -6.684475 0.500000
v 4.076019 -6.684475 -0.499999
v 4.008961 -6.725267 0.500001
v 4.008961 -6.725267 -0.499999
v 3.934000 -6.769475 0.500001
v 3.934000 -6.769475 -0.499999
v 3.863871 -6.817052 0.500001
v 3.863871 -6.817052 -0.499999
v 3.801296 -6.862086 0.500001
v 3.801296 -6.862086 -0.499999
v 3.746000 -6.905038 0.500001
v 3.746000 -6.905038 -0.499999
v 3.697704 -6.946364 0.500001
v 3.697704 -6.946364 -0.499999
v 3.656130 -6.986524 0.500001
v 3.656130 -6.986524 -0.499999
v 3.621000 -7.025975 0.500001
v 3.621000 -7.025975 -0.499999
v 3.592037 -7.065176 0.500001
v 3.592037 -7.065176 -0.499999
v 3.568963 -7.104586 0.500001
v 3.568963 -7.104586 -0.499999
v 3.551500 -7.144663 0.500001
v 3.551500 -7.144663 -0.499999
v 3.539371 -7.185864 0.500001
v 3.539371 -7.185864 -0.499999
v 3.532296 -7.228649 0.500001
v 3.532296 -7.228649 -0.499999
v 3.530000 -7.273475 0.500001
v 3.530000 -7.273475 -0.499999
v 3.535155 -7.350246 0.500001
v 3.535155 -7.350246 -0.499999
v 3.550241 -7.422308 0.500001
v 3.550241 -7.422308 -0.499999
v 3.574687 -7.489288 0.500001
v 3.574687 -7.489288 -0.499999
v 3.607926 -7.550808 0.500001
v 3.607926 -7.550808 -0.499999
v 3.649387 -7.606496 0.500001
v 3.649387 -7.606496 -0.499999
v 3.698500 -7.655975 0.500001
v 3.698500 -7.655975 -0.499999
v 3.754697 -7.698871 0.500001
v 3.754697 -7.698871 -0.499999
v 3.817408 -7.734808 0.500001
v 3.817408 -7.734808 -0.499999
v 3.886063 -7.763413 0.500001
v 3.886063 -7.763413 -0.499999
v 3.960093 -7.784308 0.500001
v 3.960093 -7.784308 -0.499999
v 4.038929 -7.797121 0.500001
v 4.038929 -7.797121 -0.499999
v 4.122000 -7.801475 0.500001
v 4.122000 -7.801476 -0.499999
v 4.176063 -7.800540 0.500001
v 4.176063 -7.800540 -0.499999
v 4.228501 -7.797660 0.500001
v 4.228501 -7.797660 -0.499999
v 4.279688 -7.792725 0.500001
v 4.279688 -7.792725 -0.499999
v 4.330001 -7.785624 0.500001
v 4.330001 -7.785624 -0.499999
v 4.379813 -7.776244 0.500001
v 4.379813 -7.776244 -0.499999
v 4.429501 -7.764475 0.500001
v 4.429501 -7.764475 -0.499999
v 4.479438 -7.750207 0.500001
v 4.479438 -7.750207 -0.499999
v 4.530001 -7.733327 0.500001
v 4.530001 -7.733327 -0.499999
v 4.581563 -7.713725 0.500001
v 4.581563 -7.713725 -0.499999
v 4.634501 -7.691290 0.500001
v 4.634501 -7.691290 -0.499999
v 4.689188 -7.665910 0.500001
v 4.689188 -7.665910 -0.499999
v 4.746000 -7.637475 0.500001
v 4.746000 -7.637475 -0.499999
v 4.746000 -7.253475 0.500001
v 4.746000 -7.253475 -0.499999
v 4.688445 -7.291730 0.500001
v 4.688445 -7.291730 -0.499999
v 4.631889 -7.326512 0.500001
v 4.631889 -7.326512 -0.499999
v 4.576500 -7.357850 0.500001
v 4.576500 -7.357850 -0.499999
v 4.522445 -7.385771 0.500001
v 4.522445 -7.385772 -0.499999
v 4.469889 -7.410304 0.500001
v 4.469889 -7.410304 -0.499999
v 4.419000 -7.431475 0.500001
v 4.419000 -7.431475 -0.499999
v 4.369945 -7.449313 0.500001
v 4.369945 -7.449313 -0.499999
v 4.322889 -7.463846 0.500001
v 4.322889 -7.463846 -0.499999
v 4.278000 -7.475100 0.500001
v 4.278000 -7.475101 -0.499999
v 4.235445 -7.483105 0.500001
v 4.235445 -7.483105 -0.499999
v 4.195389 -7.487887 0.500001
v 4.195389 -7.487887 -0.499999
v 4.158000 -7.489475 0.500001
v 4.158000 -7.489475 -0.499999
v 4.122556 -7.486225 0.500001
v 4.122556 -7.486225 -0.499999
v 4.088445 -7.480475 0.500001
v 4.088445 -7.480475 -0.499999
v 4.056001 -7.472225 0.500001
v 4.056001 -7.472225 -0.499999
v 4.025556 -7.461475 0.500001
v 4.025556 -7.461475 -0.499999
v 3.997445 -7.448225 0.500001
v 3.997445 -7.448225 -0.499999
v 3.972001 -7.432475 0.500001
v 3.972001 -7.432475 -0.499999
v 3.949556 -7.414225 0.500001
v 3.949556 -7.414225 -0.499999
v 3.930445 -7.393475 0.500001
v 3.930445 -7.393476 -0.499999
v 3.915000 -7.370225 0.500001
v 3.915000 -7.370225 -0.499999
v 3.903556 -7.344475 0.500001
v 3.903556 -7.344475 -0.499999
v 3.896445 -7.316225 0.500001
v 3.896445 -7.316225 -0.499999
v 3.894000 -7.285475 0.500001
v 3.894000 -7.285475 -0.499999
v 3.910528 -7.225621 0.500001
v 3.910528 -7.225621 -0.499999
v 3.956222 -7.168975 0.500001
v 3.956222 -7.168975 -0.499999
v 4.025250 -7.113913 0.500001
v 4.025250 -7.113913 -0.499999
v 4.111778 -7.058808 0.500001
v 4.111778 -7.058808 -0.499999
v 4.209972 -7.002038 0.500001
v 4.209972 -7.002038 -0.499999
v 4.314000 -6.941975 0.500001
v 4.314000 -6.941975 -0.499999
v 4.418028 -6.876996 0.500001
v 4.418028 -6.876996 -0.499999
v 4.516222 -6.805475 0.500001
v 4.516222 -6.805475 -0.499999
v 4.602750 -6.725788 0.500001
v 4.602750 -6.725788 -0.499999
v 4.671778 -6.636309 0.500000
v 4.671778 -6.636309 -0.499999
v 4.717473 -6.535413 0.500000
v 4.717473 -6.535413 -0.499999
v 4.734000 -6.421475 0.500000
v 4.734000 -6.421475 -0.500000
v 4.729228 -6.348012 0.500000
v 4.729228 -6.348012 -0.500000
v 4.715149 -6.279772 0.500000
v 4.715149 -6.279772 -0.500000
v 4.692126 -6.216975 0.500000
v 4.692126 -6.216975 -0.500000
v 4.660519 -6.159845 0.500000
v 4.660519 -6.159845 -0.500000
v 4.620690 -6.108605 0.500000
v 4.620690 -6.108605 -0.500000
v 4.573000 -6.063475 0.500000
v 4.573000 -6.063475 -0.500000
v 4.517811 -6.024679 0.500000
v 4.517811 -6.024679 -0.500000
v 4.455482 -5.992438 0.500000
v 4.455482 -5.992438 -0.500000
v 4.386375 -5.966975 0.500000
v 4.386375 -5.966975 -0.500000
v 4.310852 -5.948512 0.500000
v 4.310852 -5.948512 -0.500000
v 4.229273 -5.937272 0.500000
v 4.229273 -5.937272 -0.500000
v 4.142000 -5.933475 0.500000
v 4.142000 -5.933475 -0.500000
v 4.099910 -5.934477 0.500000
v 4.099910 -5.934477 -0.500000
v 4.057611 -5.937493 0.500000
v 4.057611 -5.937493 -0.500000
v 4.015063 -5.942537 0.500000
v 4.015063 -5.942537 -0.500000
v 3.972222 -5.949623 0.500000
v 3.972222 -5.949623 -0.500000
v 3.929049 -5.958765 0.500000
v 3.929049 -5.958765 -0.500000
v 3.885500 -5.969975 0.500000
v 3.885500 -5.969975 -0.500000
v 3.841535 -5.983269 0.500000
v 3.841535 -5.983269 -0.500000
v 3.797111 -5.998660 0.500000
v 3.797111 -5.998660 -0.500000
v 3.752188 -6.016163 0.500000
v 3.752188 -6.016163 -0.500000
v 3.706722 -6.035790 0.500000
v 3.706722 -6.035790 -0.500000
v 3.660674 -6.057556 0.500000
v 3.660674 -6.057556 -0.500000
v 3.614000 -6.081475 0.500000
v 3.614000 -6.081475 -0.500000
v 3.614000 -6.433475 0.500000
v 3.614000 -6.433475 -0.500000
v 2.762000 -6.205475 0.500000
v 2.762000 -6.205475 -0.500000
v 2.726704 -6.163991 0.500000
v 2.726704 -6.163991 -0.500000
v 2.688963 -6.125605 0.500000
v 2.688963 -6.125605 -0.500000
v 2.649000 -6.090413 0.500000
v 2.649000 -6.090413 -0.500000
v 2.607038 -6.058512 0.500000
v 2.607038 -6.058512 -0.500000
v 2.563297 -6.030001 0.500000
v 2.563297 -6.030001 -0.500000
v 2.518001 -6.004975 0.500000
v 2.518001 -6.004975 -0.500000
v 2.471371 -5.983533 0.500000
v 2.471371 -5.983533 -0.500000
v 2.423630 -5.965772 0.500000
v 2.423630 -5.965772 -0.500000
v 2.375000 -5.951787 0.500000
v 2.375000 -5.951787 -0.500000
v 2.325704 -5.941679 0.500000
v 2.325704 -5.941679 -0.500000
v 2.275963 -5.935542 0.500000
v 2.275963 -5.935542 -0.500000
v 2.226000 -5.933475 0.500000
v 2.226000 -5.933475 -0.500000
v 2.140014 -5.938482 0.500000
v 2.140014 -5.938482 -0.500000
v 2.058445 -5.953530 0.500000
v 2.058445 -5.953530 -0.500000
v 1.981875 -5.978662 0.500000
v 1.981875 -5.978662 -0.500000
v 1.910889 -6.013919 0.500000
v 1.910889 -6.013919 -0.500000
v 1.846070 -6.059343 0.500000
v 1.846070 -6.059343 -0.500000
v 1.788000 -6.114975 0.500000
v 1.788000 -6.114975 -0.500000
v 1.737264 -6.180857 0.500000
v 1.737264 -6.180857 -0.500000
v 1.694445 -6.257030 0.500000
v 1.694445 -6.257030 -0.500000
v 1.660125 -6.343538 0.500000
v 1.660125 -6.343538 -0.500000
v 1.634889 -6.440420 0.500000
v 1.634889 -6.440420 -0.500000
v 1.619320 -6.547718 0.500000
v 1.619320 -6.547718 -0.499999
v 1.614000 -6.665475 0.500000
v 1.614000 -6.665475 -0.499999
v 1.614000 -7.765475 0.500001
v 1.614000 -7.765475 -0.499999
v 1.970000 -7.765475 0.500001
v 1.970000 -7.765475 -0.499999
v 1.970000 -6.653475 0.500000
v 1.970000 -6.653475 -0.499999
v 1.972801 -6.589438 0.500000
v 1.972801 -6.589438 -0.499999
v 1.981074 -6.529512 0.500000
v 1.981074 -6.529512 -0.499999
v 1.994625 -6.473975 0.500000
v 1.994625 -6.473975 -0.500000
v 2.013260 -6.423105 0.500000
v 2.013260 -6.423105 -0.500000
v 2.036783 -6.377179 0.500000
v 2.036783 -6.377179 -0.500000
v 2.065000 -6.336475 0.500000
v 2.065000 -6.336475 -0.500000
v 2.097718 -6.301271 0.500000
v 2.097718 -6.301271 -0.500000
v 2.134741 -6.271846 0.500000
v 2.134741 -6.271846 -0.500000
v 2.175875 -6.248475 0.500000
v 2.175875 -6.248475 -0.500000
v 2.220926 -6.231438 0.500000
v 2.220926 -6.231438 -0.500000
v 2.269699 -6.221012 0.500000
v 2.269699 -6.221012 -0.500000
v 2.322000 -6.217475 0.500000
v 2.322000 -6.217475 -0.500000
v 2.360377 -6.219000 0.500000
v 2.360377 -6.219000 -0.500000
v 2.397685 -6.223679 0.500000
v 2.397685 -6.223679 -0.500000
v 2.434187 -6.231663 0.500000
v 2.434187 -6.231663 -0.500000
v 2.470148 -6.243105 0.500000
v 2.470148 -6.243105 -0.500000
v 2.505831 -6.258158 0.500000
v 2.505831 -6.258158 -0.500000
v 2.541500 -6.276975 0.500000
v 2.541500 -6.276975 -0.500000
v 2.577419 -6.299709 0.500000
v 2.577419 -6.299709 -0.500000
v 2.613852 -6.326512 0.500000
v 2.613852 -6.326512 -0.500000
v 2.651063 -6.357538 0.500000
v 2.651063 -6.357538 -0.500000
v 2.689315 -6.392938 0.500000
v 2.689315 -6.392938 -0.500000
v 2.728873 -6.432866 0.500000
v 2.728873 -6.432866 -0.500000
v 2.770000 -6.477475 0.500000
v 2.770000 -6.477475 -0.500000
v 2.770000 -7.765475 0.500001
v 2.770000 -7.765475 -0.499999
v 3.126000 -7.765475 0.500001
v 3.126000 -7.765475 -0.499999
v 3.126000 -5.037475 0.500000
v 3.126000 -5.037475 -0.500000
v 2.770000 -5.037475 0.500000
v 2.770000 -5.037475 -0.500000
v 2.770000 -6.205475 0.500000
v 2.770000 -6.205475 -0.500000
v -1.280185 -5.585671 0.500000
v -1.280185 -5.585671 -0.500000
v -1.222815 -5.540049 0.500000
v -1.222815 -5.540049 -0.500000
v -1.166000 -5.500288 0.500000
v -1.166000 -5.500288 -0.500000
v -1.109852 -5.466067 0.500000
v -1.109852 -5.466067 -0.500000
v -1.054481 -5.437070 0.500000
v -1.054481 -5.437070 -0.500000
v -1.000000 -5.412975 0.500000
v -1.000000 -5.412975 -0.500000
v -0.946518 -5.393463 0.500000
v -0.946518 -5.393463 -0.500000
v -0.894148 -5.378216 0.500000
v -0.894148 -5.378216 -0.500000
v -0.843000 -5.366913 0.500000
v -0.843000 -5.366913 -0.500000
v -0.793185 -5.359234 0.500000
v -0.793185 -5.359234 -0.500000
v -0.744814 -5.354862 0.500000
v -0.744815 -5.354862 -0.500000
v -0.698000 -5.353475 0.500000
v -0.698000 -5.353475 -0.500000
v -0.636562 -5.356183 0.500000
v -0.636562 -5.356183 -0.500000
v -0.578500 -5.364141 0.500000
v -0.578500 -5.364141 -0.500000
v -0.524187 -5.377100 0.500000
v -0.524187 -5.377100 -0.500000
v -0.474000 -5.394808 0.500000
v -0.474000 -5.394808 -0.500000
v -0.428312 -5.417017 0.500000
v -0.428312 -5.417017 -0.500000
v -0.387500 -5.443475 0.500000
v -0.387500 -5.443475 -0.500000
v -0.351937 -5.473933 0.500000
v -0.351937 -5.473933 -0.500000
v -0.322000 -5.508142 0.500000
v -0.322000 -5.508142 -0.500000
v -0.298062 -5.545850 0.500000
v -0.298062 -5.545850 -0.500000
v -0.280500 -5.586808 0.500000
v -0.280500 -5.586808 -0.500000
v -0.269687 -5.630767 0.500000
v -0.269687 -5.630767 -0.500000
v -0.266000 -5.677475 0.500000
v -0.266000 -5.677475 -0.500000
v -0.289217 -5.798207 0.500000
v -0.289217 -5.798207 -0.500000
v -0.353407 -5.901660 0.500000
v -0.353407 -5.901660 -0.500000
v -0.450375 -5.992725 0.500000
v -0.450375 -5.992725 -0.500000
v -0.571926 -6.076290 0.500000
v -0.571926 -6.076290 -0.500000
v -0.709866 -6.157244 0.500000
v -0.709866 -6.157244 -0.500000
v -0.856000 -6.240475 0.500000
v -0.856000 -6.240475 -0.500000
v -1.002134 -6.330873 0.500000
v -1.002134 -6.330873 -0.500000
v -1.140074 -6.433327 0.500000
v -1.140074 -6.433327 -0.500000
v -1.261625 -6.552725 0.500000
v -1.261625 -6.552725 -0.499999
v -1.358592 -6.693957 0.500000
v -1.358592 -6.693957 -0.499999
v -1.422782 -6.861910 0.500001
v -1.422782 -6.861910 -0.499999
v -1.446000 -7.061475 0.500001
v -1.446000 -7.061475 -0.499999
v -1.439370 -7.165945 0.500001
v -1.439370 -7.165945 -0.499999
v -1.419963 -7.264901 0.500001
v -1.419963 -7.264901 -0.499999
v -1.388500 -7.357663 0.500001
v -1.388500 -7.357663 -0.499999
v -1.345704 -7.443549 0.500001
v -1.345704 -7.443549 -0.499999
v -1.292296 -7.521880 0.500001
v -1.292296 -7.521880 -0.499999
v -1.229000 -7.591975 0.500001
v -1.229000 -7.591975 -0.499999
v -1.156537 -7.653153 0.500001
v -1.156537 -7.653153 -0.499999
v -1.075629 -7.704734 0.500001
v -1.075629 -7.704734 -0.499999
v -0.987000 -7.746038 0.500001
v -0.987000 -7.746038 -0.499999
v -0.891370 -7.776382 0.500001
v -0.891370 -7.776383 -0.499999
v -0.789463 -7.795089 0.500001
v -0.789463 -7.795089 -0.499999
v -0.682000 -7.801475 0.500001
v -0.682000 -7.801476 -0.499999
v -0.609141 -7.799802 0.500001
v -0.609141 -7.799802 -0.499999
v -0.538463 -7.794753 0.500001
v -0.538463 -7.794753 -0.499999
v -0.469812 -7.786288 0.500001
v -0.469812 -7.786288 -0.499999
v -0.403037 -7.774364 0.500001
v -0.403037 -7.774364 -0.499999
v -0.337983 -7.758941 0.500001
v -0.337983 -7.758941 -0.499999
v -0.274500 -7.739975 0.500001
v -0.274500 -7.739975 -0.499999
v -0.212432 -7.717427 0.500001
v -0.212433 -7.717427 -0.499999
v -0.151629 -7.691253 0.500001
v -0.151629 -7.691253 -0.499999
v -0.091937 -7.661413 0.500001
v -0.091937 -7.661413 -0.499999
v -0.033203 -7.627864 0.500001
v -0.033203 -7.627864 -0.499999
v 0.024725 -7.590566 0.500001
v 0.024725 -7.590566 -0.499999
v 0.082000 -7.549475 0.500001
v 0.082000 -7.549475 -0.499999
v 0.082000 -7.053475 0.500001
v 0.082000 -7.053475 -0.499999
v 0.030938 -7.115045 0.500001
v 0.030938 -7.115045 -0.499999
v -0.022166 -7.171698 0.500001
v -0.022166 -7.171698 -0.499999
v -0.077187 -7.223350 0.500001
v -0.077187 -7.223350 -0.499999
v -0.133999 -7.269920 0.500001
v -0.134000 -7.269920 -0.499999
v -0.192479 -7.311322 0.500001
v -0.192479 -7.311323 -0.499999
v -0.252500 -7.347475 0.500001
v -0.252500 -7.347475 -0.499999
v -0.313937 -7.378294 0.500001
v -0.313937 -7.378295 -0.499999
v -0.376666 -7.403697 0.500001
v -0.376666 -7.403697 -0.499999
v -0.440562 -7.423600 0.500001
v -0.440562 -7.423600 -0.499999
v -0.505500 -7.437920 0.500001
v -0.505500 -7.437920 -0.499999
v -0.571354 -7.446572 0.500001
v -0.571354 -7.446572 -0.499999
v -0.638000 -7.449475 0.500001
v -0.638000 -7.449475 -0.499999
v -0.710597 -7.445610 0.500001
v -0.710597 -7.445610 -0.499999
v -0.776444 -7.434549 0.500001
v -0.776444 -7.434549 -0.499999
v -0.835625 -7.417100 0.500001
v -0.835625 -7.417100 -0.499999
v -0.888222 -7.394068 0.500001
v -0.888222 -7.394068 -0.499999
v -0.934319 -7.366258 0.500001
v -0.934319 -7.366258 -0.499999
v -0.974000 -7.334475 0.500001
v -0.974000 -7.334476 -0.499999
v -1.007347 -7.299526 0.500001
v -1.007347 -7.299526 -0.499999
v -1.034444 -7.262216 0.500001
v -1.034444 -7.262216 -0.499999
v -1.055375 -7.223351 0.500001
v -1.055375 -7.223351 -0.499999
v -1.070222 -7.183734 0.500001
v -1.070222 -7.183734 -0.499999
v -1.079069 -7.144175 0.500001
v -1.079069 -7.144175 -0.499999
v -1.082000 -7.105475 0.500001
v -1.082000 -7.105475 -0.499999
v -1.058782 -6.974207 0.500001
v -1.058782 -6.974207 -0.499999
v -0.994592 -6.859661 0.500001
v -0.994592 -6.859661 -0.499999
v -0.897625 -6.757726 0.500001
v -0.897625 -6.757726 -0.499999
v -0.776074 -6.664290 0.500000
v -0.776074 -6.664290 -0.499999
v -0.638134 -6.575244 0.500000
v -0.638134 -6.575244 -0.499999
v -0.492000 -6.486475 0.500000
v -0.492000 -6.486475 -0.500000
v -0.345865 -6.393874 0.500000
v -0.345865 -6.393874 -0.500000
v -0.207926 -6.293327 0.500000
v -0.207926 -6.293327 -0.500000
v -0.086375 -6.180725 0.500000
v -0.086375 -6.180725 -0.500000
v 0.010593 -6.051957 0.500000
v 0.010593 -6.051957 -0.500000
v 0.074783 -5.902910 0.500000
v 0.074783 -5.902910 -0.500000
v 0.098000 -5.729475 0.500000
v 0.098000 -5.729475 -0.500000
v 0.091257 -5.621880 0.500000
v 0.091257 -5.621880 -0.500000
v 0.071389 -5.521382 0.500000
v 0.071389 -5.521382 -0.500000
v 0.038938 -5.428412 0.500000
v 0.038938 -5.428412 -0.500000
v -0.005555 -5.343401 0.500000
v -0.005555 -5.343401 -0.500000
v -0.061548 -5.266778 0.500000
v -0.061548 -5.266778 -0.500000
v -0.128500 -5.198975 0.500000
v -0.128500 -5.198975 -0.500000
v -0.205868 -5.140422 0.500000
v -0.205868 -5.140422 -0.500000
v -0.293111 -5.091549 0.500000
v -0.293111 -5.091549 -0.500000
v -0.389687 -5.052788 0.500000
v -0.389687 -5.052788 -0.500000
v -0.495055 -5.024568 0.500000
v -0.495055 -5.024568 -0.500000
v -0.608673 -5.007320 0.500000
v -0.608673 -5.007320 -0.500000
v -0.730000 -5.001475 0.500000
v -0.730000 -5.001475 -0.500000
v -0.781990 -5.002809 0.500000
v -0.781990 -5.002809 -0.500000
v -0.833926 -5.006808 0.500000
v -0.833926 -5.006808 -0.500000
v -0.885750 -5.013475 0.500000
v -0.885750 -5.013475 -0.500000
v -0.937407 -5.022808 0.500000
v -0.937407 -5.022808 -0.500000
v -0.988842 -5.034808 0.500000
v -0.988842 -5.034808 -0.500000
v -1.040000 -5.049475 0.500000
v -1.040000 -5.049475 -0.500000
v -1.090824 -5.066809 0.500000
v -1.090824 -5.066809 -0.500000
v -1.141259 -5.086808 0.500000
v -1.141259 -5.086808 -0.500000
v -1.191250 -5.109475 0.500000
v -1.191250 -5.109475 -0.500000
v -1.240740 -5.134809 0.500000
v -1.240740 -5.134809 -0.500000
v -1.289676 -5.162808 0.500000
v -1.289676 -5.162808 -0.500000
v -1.338000 -5.193475 0.500000
v -1.338000 -5.193475 -0.500000
v -1.338000 -5.637475 0.500000
v -1.338000 -5.637475 -0.500000
v -1.801999 -8.685475 0.500001
v -1.801999 -8.685475 -0.499999
v -1.801999 -5.969475 0.500000
v -1.801999 -5.969475 -0.500000
v -2.418000 -5.969475 0.500000
v -2.418000 -5.969475 -0.500000
v -2.575717 -5.976114 0.500000
v -2.575717 -5.976114 -0.500000
v -2.720740 -5.995920 0.500000
v -2.720740 -5.995920 -0.500000
v -2.852874 -6.028725 0.500000
v -2.852874 -6.028725 -0.500000
v -2.971925 -6.074364 0.500000
v -2.971925 -6.074364 -0.500000
v -3.077698 -6.132669 0.500000
v -3.077698 -6.132669 -0.500000
v -3.169999 -6.203475 0.500000
v -3.169999 -6.203475 -0.500000
v -3.248634 -6.286614 0.500000
v -3.248634 -6.286614 -0.500000
v -3.313407 -6.381920 0.500000
v -3.313407 -6.381920 -0.500000
v -3.364124 -6.489225 0.500000
v -3.364124 -6.489225 -0.500000
v -3.400592 -6.608364 0.500000
v -3.400592 -6.608364 -0.499999
v -3.422615 -6.739170 0.500001
v -3.422615 -6.739170 -0.499999
v -3.429999 -6.881475 0.500001
v -3.429999 -6.881475 -0.499999
v -3.422215 -7.013015 0.500001
v -3.422215 -7.013015 -0.499999
v -3.399388 -7.137124 0.500001
v -3.399388 -7.137124 -0.499999
v -3.362312 -7.253038 0.500001
v -3.362312 -7.253038 -0.499999
v -3.311777 -7.359994 0.500001
v -3.311777 -7.359994 -0.499999
v -3.248576 -7.457228 0.500001
v -3.248576 -7.457228 -0.499999
v -3.173499 -7.543975 0.500001
v -3.173499 -7.543975 -0.499999
v -3.087340 -7.619473 0.500001
v -3.087340 -7.619473 -0.499999
v -2.990888 -7.682957 0.500001
v -2.990888 -7.682957 -0.499999
v -2.884937 -7.733663 0.500001
v -2.884937 -7.733663 -0.499999
v -2.770277 -7.770827 0.500001
v -2.770277 -7.770827 -0.499999
v -2.647701 -7.793686 0.500001
v -2.647701 -7.793686 -0.499999
v -2.517999 -7.801475 0.500001
v -2.517999 -7.801476 -0.499999
v -2.489146 -7.800971 0.500001
v -2.489146 -7.800971 -0.499999
v -2.460500 -7.799438 0.500001
v -2.460500 -7.799438 -0.499999
v -2.431937 -7.796850 0.500001
v -2.431937 -7.796850 -0.499999
v -2.403333 -7.793179 0.500001
v -2.403333 -7.793179 -0.499999
v -2.374562 -7.788396 0.500001
v -2.374562 -7.788396 -0.499999
v -2.345500 -7.782475 0.500001
v -2.345500 -7.782475 -0.499999
v -2.316020 -7.775387 0.500001
v -2.316020 -7.775387 -0.499999
v -2.286000 -7.767105 0.500001
v -2.286000 -7.767105 -0.499999
v -2.255312 -7.757600 0.500001
v -2.255312 -7.757600 -0.499999
v -2.223833 -7.746846 0.500001
v -2.223833 -7.746846 -0.499999
v -2.191437 -7.734813 0.500001
v -2.191437 -7.734813 -0.499999
v -2.158000 -7.721475 0.500001
v -2.158000 -7.721475 -0.499999
v -2.158000 -8.685475 0.500001
v -2.158000 -8.685475 -0.499999
v -2.185159 -7.413973 0.500001
v -2.185159 -7.413973 -0.499999
v -2.212610 -7.425457 0.500001
v -2.212610 -7.425457 -0.499999
v -2.240312 -7.435913 0.500001
v -2.240312 -7.435913 -0.499999
v -2.268221 -7.445327 0.500001
v -2.268221 -7.445327 -0.499999
v -2.296298 -7.453686 0.500001
v -2.296298 -7.453686 -0.499999
v -2.324499 -7.460975 0.500001
v -2.324499 -7.460975 -0.499999
v -2.352784 -7.467181 0.500001
v -2.352784 -7.467181 -0.499999
v -2.381110 -7.472290 0.500001
v -2.381110 -7.472290 -0.499999
v -2.409437 -7.476288 0.500001
v -2.409437 -7.476288 -0.499999
v -2.437722 -7.479160 0.500001
v -2.437722 -7.479160 -0.499999
v -2.465923 -7.480894 0.500001
v -2.465923 -7.480894 -0.499999
v -2.493999 -7.481475 0.500001
v -2.493999 -7.481475 -0.499999
v -2.574998 -7.476237 0.500001
v -2.574998 -7.476237 -0.499999
v -2.651648 -7.460901 0.500001
v -2.651648 -7.460901 -0.499999
v -2.723437 -7.436038 0.500001
v -2.723437 -7.436038 -0.499999
v -2.789852 -7.402216 0.500001
v -2.789852 -7.402216 -0.499999
v -2.850377 -7.360005 0.500001
v -2.850377 -7.360005 -0.499999
v -2.904500 -7.309975 0.500001
v -2.904500 -7.309975 -0.499999
v -2.951706 -7.252695 0.500001
v -2.951706 -7.252695 -0.499999
v -2.991481 -7.188735 0.500001
v -2.991481 -7.188735 -0.499999
v -3.023312 -7.118663 0.500001
v -3.023312 -7.118663 -0.499999
v -3.046685 -7.043049 0.500001
v -3.046685 -7.043049 -0.499999
v -3.061085 -6.962463 0.500001
v -3.061085 -6.962463 -0.499999
v -3.066000 -6.877475 0.500001
v -3.066000 -6.877475 -0.499999
v -3.061918 -6.787760 0.500001
v -3.061918 -6.787760 -0.499999
v -3.049685 -6.704753 0.500000
v -3.049685 -6.704753 -0.499999
v -3.029312 -6.628663 0.500000
v -3.029312 -6.628663 -0.499999
v -3.000814 -6.559697 0.500000
v -3.000814 -6.559697 -0.499999
v -2.964206 -6.498065 0.500000
v -2.964206 -6.498065 -0.500000
v -2.919500 -6.443975 0.500000
v -2.919500 -6.443975 -0.500000
v -2.866710 -6.397635 0.500000
v -2.866710 -6.397635 -0.500000
v -2.805851 -6.359253 0.500000
v -2.805851 -6.359253 -0.500000
v -2.736937 -6.329038 0.500000
v -2.736937 -6.329038 -0.500000
v -2.659981 -6.307198 0.500000
v -2.659981 -6.307198 -0.500000
v -2.574997 -6.293941 0.500000
v -2.574997 -6.293941 -0.500000
v -2.481999 -6.289475 0.500000
v -2.481999 -6.289475 -0.500000
v -2.158000 -6.289475 0.500000
v -2.158000 -6.289475 -0.500000
v -2.158000 -7.401475 0.500001
v -2.158000 -7.401475 -0.499999
v -5.178919 -7.686917 0.500001
v -5.178919 -7.686917 -0.499999
v -5.143352 -7.709346 0.500001
v -5.143352 -7.709346 -0.499999
v -5.110812 -7.728913 0.500001
v -5.110812 -7.728913 -0.499999
v -5.080814 -7.745771 0.500001
v -5.080814 -7.745771 -0.499999
v -5.052872 -7.760075 0.500001
v -5.052872 -7.760075 -0.499999
v -5.026500 -7.771975 0.500001
v -5.026500 -7.771976 -0.499999
v -5.001210 -7.781626 0.500001
v -5.001210 -7.781626 -0.499999
v -4.976518 -7.789179 0.500001
v -4.976518 -7.789179 -0.499999
v -4.951937 -7.794788 0.500001
v -4.951937 -7.794788 -0.499999
v -4.926981 -7.798605 0.500001
v -4.926981 -7.798605 -0.499999
v -4.901164 -7.800783 0.500001
v -4.901164 -7.800783 -0.499999
v -4.874000 -7.801475 0.500001
v -4.874000 -7.801476 -0.499999
v -4.836488 -7.800299 0.500001
v -4.836488 -7.800299 -0.499999
v -4.801907 -7.796734 0.500001
v -4.801907 -7.796735 -0.499999
v -4.770187 -7.790725 0.500001
v -4.770187 -7.790725 -0.499999
v -4.741259 -7.782216 0.500001
v -4.741259 -7.782216 -0.499999
v -4.715053 -7.771151 0.500001
v -4.715053 -7.771151 -0.499999
v -4.691499 -7.757475 0.500001
v -4.691499 -7.757475 -0.499999
v -4.670529 -7.741133 0.500001
v -4.670529 -7.741133 -0.499999
v -4.652073 -7.722068 0.500001
v -4.652073 -7.722068 -0.499999
v -4.636062 -7.700225 0.500001
v -4.636062 -7.700225 -0.499999
v -4.622425 -7.675550 0.500001
v -4.622425 -7.675550 -0.499999
v -4.611094 -7.647985 0.500001
v -4.611094 -7.647985 -0.499999
v -4.601999 -7.617475 0.500001
v -4.601999 -7.617476 -0.499999
v -4.562837 -7.647144 0.500001
v -4.562837 -7.647144 -0.499999
v -4.523370 -7.674160 0.500001
v -4.523370 -7.674160 -0.499999
v -4.483624 -7.698538 0.500001
v -4.483624 -7.698538 -0.499999
v -4.443629 -7.720290 0.500001
v -4.443629 -7.720290 -0.499999
v -4.403412 -7.739431 0.500001
v -4.403412 -7.739431 -0.499999
v -4.363000 -7.755975 0.500001
v -4.363000 -7.755975 -0.499999
v -4.322421 -7.769936 0.500001
v -4.322421 -7.769936 -0.499999
v -4.281703 -7.781327 0.500001
v -4.281703 -7.781327 -0.499999
v -4.240875 -7.790163 0.500001
v -4.240875 -7.790163 -0.499999
v -4.199963 -7.796457 0.500001
v -4.199963 -7.796457 -0.499999
v -4.158995 -7.800223 0.500001
v -4.158995 -7.800223 -0.499999
v -4.118000 -7.801475 0.500001
v -4.118000 -7.801476 -0.499999
v -4.053884 -7.797248 0.500001
v -4.053884 -7.797248 -0.499999
v -3.993740 -7.784994 0.500001
v -3.993740 -7.784994 -0.499999
v -3.937875 -7.765350 0.500001
v -3.937875 -7.765350 -0.499999
v -3.886592 -7.738957 0.500001
v -3.886592 -7.738957 -0.499999
v -3.840199 -7.706452 0.500001
v -3.840199 -7.706452 -0.499999
v -3.799000 -7.668475 0.500001
v -3.799000 -7.668475 -0.499999
v -3.763300 -7.625665 0.500001
v -3.763300 -7.625665 -0.499999
v -3.733407 -7.578660 0.500001
v -3.733407 -7.578660 -0.499999
v -3.709625 -7.528100 0.500001
v -3.709625 -7.528100 -0.499999
v -3.692259 -7.474623 0.500001
v -3.692259 -7.474624 -0.499999
v -3.681615 -7.418869 0.500001
v -3.681615 -7.418869 -0.499999
v -3.677999 -7.361475 0.500001
v -3.677999 -7.361475 -0.499999
v -3.684541 -7.277501 0.500001
v -3.684541 -7.277501 -0.499999
v -3.703333 -7.203012 0.500001
v -3.703333 -7.203012 -0.499999
v -3.733125 -7.137163 0.500001
v -3.733125 -7.137163 -0.499999
v -3.772666 -7.079105 0.500001
v -3.772666 -7.079105 -0.499999
v -3.820708 -7.027991 0.500001
v -3.820708 -7.027991 -0.499999
v -3.876000 -6.982975 0.500001
v -3.876000 -6.982975 -0.499999
v -3.937291 -6.943209 0.500001
v -3.937291 -6.943209 -0.499999
v -4.003333 -6.907845 0.500001
v -4.003333 -6.907845 -0.499999
v -4.072875 -6.876038 0.500001
v -4.072875 -6.876038 -0.499999
v -4.144666 -6.846938 0.500001
v -4.144666 -6.846938 -0.499999
v -4.217458 -6.819700 0.500001
v -4.217458 -6.819700 -0.499999
v -4.289999 -6.793475 0.500001
v -4.289999 -6.793475 -0.499999
v -4.605999 -6.681475 0.500000
v -4.605999 -6.681475 -0.499999
v -4.605999 -6.585475 0.500000
v -4.605999 -6.585475 -0.499999
v -4.603749 -6.532202 0.500000
v -4.603749 -6.532202 -0.499999
v -4.596999 -6.484290 0.500000
v -4.596999 -6.484290 -0.500000
v -4.585749 -6.441600 0.500000
v -4.585749 -6.441600 -0.500000
v -4.569999 -6.403994 0.500000
v -4.569999 -6.403994 -0.500000
v -4.549749 -6.371332 0.500000
v -4.549749 -6.371332 -0.500000
v -4.524999 -6.343475 0.500000
v -4.524999 -6.343475 -0.500000
v -4.495749 -6.320285 0.500000
v -4.495749 -6.320285 -0.500000
v -4.461999 -6.301623 0.500000
v -4.461999 -6.301623 -0.500000
v -4.423749 -6.287350 0.500000
v -4.423749 -6.287350 -0.500000
v -4.380999 -6.277327 0.500000
v -4.380999 -6.277327 -0.500000
v -4.333749 -6.271415 0.500000
v -4.333749 -6.271415 -0.500000
v -4.282000 -6.269475 0.500000
v -4.282000 -6.269475 -0.500000
v -4.232934 -6.271403 0.500000
v -4.232934 -6.271403 -0.500000
v -4.183814 -6.277234 0.500000
v -4.183814 -6.277234 -0.500000
v -4.134749 -6.287038 0.500000
v -4.134749 -6.287038 -0.500000
v -4.085851 -6.300882 0.500000
v -4.085851 -6.300882 -0.500000
v -4.037231 -6.318839 0.500000
v -4.037231 -6.318839 -0.500000
v -3.988999 -6.340975 0.500000
v -3.988999 -6.340975 -0.500000
v -3.941268 -6.367362 0.500000
v -3.941268 -6.367362 -0.500000
v -3.894148 -6.398068 0.500000
v -3.894148 -6.398068 -0.500000
v -3.847749 -6.433163 0.500000
v -3.847749 -6.433163 -0.500000
v -3.802185 -6.472716 0.500000
v -3.802185 -6.472716 -0.500000
v -3.757564 -6.516797 0.500000
v -3.757564 -6.516797 -0.499999
v -3.714000 -6.565475 0.500000
v -3.714000 -6.565475 -0.499999
v -3.714000 -6.177475 0.500000
v -3.714000 -6.177475 -0.500000
v -3.750172 -6.138223 0.500000
v -3.750172 -6.138223 -0.500000
v -3.788704 -6.102457 0.500000
v -3.788704 -6.102457 -0.500000
v -3.829625 -6.070163 0.500000
v -3.829625 -6.070163 -0.500000
v -3.872963 -6.041327 0.500000
v -3.872963 -6.041327 -0.500000
v -3.918745 -6.015936 0.500000
v -3.918745 -6.015936 -0.500000
v -3.967000 -5.993975 0.500000
v -3.967000 -5.993975 -0.500000
v -4.017755 -5.975431 0.500000
v -4.017755 -5.975431 -0.500000
v -4.071037 -5.960290 0.500000
v -4.071037 -5.960290 -0.500000
v -4.126875 -5.948538 0.500000
v -4.126875 -5.948538 -0.500000
v -4.185296 -5.940160 0.500000
v -4.185296 -5.940160 -0.500000
v -4.246328 -5.935144 0.500000
v -4.246328 -5.935144 -0.500000
v -4.309999 -5.933475 0.500000
v -4.309999 -5.933475 -0.500000
v -4.399292 -5.937332 0.500000
v -4.399292 -5.937332 -0.500000
v -4.484684 -5.948994 0.500000
v -4.484684 -5.948994 -0.500000
v -4.565436 -5.968600 0.500000
v -4.565436 -5.968600 -0.500000
v -4.640813 -5.996290 0.500000
v -4.640813 -5.996290 -0.500000
v -4.710080 -6.032202 0.500000
v -4.710080 -6.032202 -0.500000
v -4.772499 -6.076475 0.500000
v -4.772499 -6.076475 -0.500000
v -4.827334 -6.129248 0.500000
v -4.827334 -6.129248 -0.500000
v -4.873851 -6.190660 0.500000
v -4.873851 -6.190660 -0.500000
v -4.911312 -6.260850 0.500000
v -4.911312 -6.260850 -0.500000
v -4.938981 -6.339957 0.500000
v -4.938981 -6.339957 -0.500000
v -4.956122 -6.428119 0.500000
v -4.956122 -6.428119 -0.500000
v -4.961999 -6.525476 0.500000
v -4.961999 -6.525476 -0.499999
v -4.961999 -7.449475 0.500001
v -4.961999 -7.449475 -0.499999
v -4.962498 -7.465570 0.500001
v -4.962498 -7.465570 -0.499999
v -4.963982 -7.479901 0.500001
v -4.963982 -7.479901 -0.499999
v -4.966438 -7.492537 0.500001
v -4.966438 -7.492538 -0.499999
v -4.969852 -7.503549 0.500001
v -4.969852 -7.503550 -0.499999
v -4.974211 -7.513005 0.500001
v -4.974211 -7.513005 -0.499999
v -4.979500 -7.520975 0.500001
v -4.979500 -7.520975 -0.499999
v -4.985706 -7.527528 0.500001
v -4.985706 -7.527529 -0.499999
v -4.992815 -7.532734 0.500001
v -4.992815 -7.532734 -0.499999
v -5.000813 -7.536663 0.500001
v -5.000813 -7.536663 -0.499999
v -5.009685 -7.539382 0.500001
v -5.009685 -7.539383 -0.499999
v -5.019419 -7.540964 0.500001
v -5.019419 -7.540964 -0.499999
v -5.030000 -7.541475 0.500001
v -5.030000 -7.541475 -0.499999
v -5.039733 -7.540732 0.500001
v -5.039733 -7.540732 -0.499999
v -5.050869 -7.538531 0.500001
v -5.050869 -7.538531 -0.499999
v -5.063312 -7.534913 0.500001
v -5.063312 -7.534913 -0.499999
v -5.076962 -7.529920 0.500001
v -5.076962 -7.529920 -0.499999
v -5.091723 -7.523593 0.500001
v -5.091723 -7.523593 -0.499999
v -5.107499 -7.515975 0.500001
v -5.107499 -7.515975 -0.499999
v -5.124191 -7.507107 0.500001
v -5.124191 -7.507107 -0.499999
v -5.141703 -7.497031 0.500001
v -5.141703 -7.497031 -0.499999
v -5.159936 -7.485788 0.500001
v -5.159936 -7.485788 -0.499999
v -5.178795 -7.473420 0.500001
v -5.178795 -7.473420 -0.499999
v -5.198182 -7.459968 0.500001
v -5.198182 -7.459969 -0.499999
v -5.217999 -7.445475 0.500001
v -5.217999 -7.445475 -0.499999
v -5.217999 -7.661475 0.500001
v -5.217999 -7.661475 -0.499999
v -4.530962 -6.903538 0.500001
v -4.530962 -6.903538 -0.499999
v -4.458370 -6.929975 0.500001
v -4.458370 -6.929975 -0.499999
v -4.388999 -6.957163 0.500001
v -4.388999 -6.957163 -0.499999
v -4.323629 -6.985475 0.500001
v -4.323629 -6.985475 -0.499999
v -4.263036 -7.015288 0.500001
v -4.263036 -7.015288 -0.499999
v -4.207999 -7.046975 0.500001
v -4.207999 -7.046975 -0.499999
v -4.159296 -7.080913 0.500001
v -4.159296 -7.080913 -0.499999
v -4.117703 -7.117475 0.500001
v -4.117703 -7.117475 -0.499999
v -4.083999 -7.157038 0.500001
v -4.083999 -7.157038 -0.499999
v -4.058962 -7.199975 0.500001
v -4.058962 -7.199975 -0.499999
v -4.043370 -7.246663 0.500001
v -4.043370 -7.246663 -0.499999
v -4.038000 -7.297475 0.500001
v -4.038000 -7.297475 -0.499999
v -4.040209 -7.333524 0.500001
v -4.040209 -7.333524 -0.499999
v -4.046684 -7.367531 0.500001
v -4.046684 -7.367531 -0.499999
v -4.057186 -7.399288 0.500001
v -4.057186 -7.399288 -0.499999
v -4.071480 -7.428586 0.500001
v -4.071480 -7.428586 -0.499999
v -4.089330 -7.455218 0.500001
v -4.089330 -7.455218 -0.499999
v -4.110499 -7.478975 0.500001
v -4.110499 -7.478975 -0.499999
v -4.134751 -7.499649 0.500001
v -4.134751 -7.499649 -0.499999
v -4.161851 -7.517031 0.500001
v -4.161851 -7.517031 -0.499999
v -4.191562 -7.530913 0.500001
v -4.191562 -7.530913 -0.499999
v -4.223648 -7.541086 0.500001
v -4.223648 -7.541086 -0.499999
v -4.257872 -7.547343 0.500001
v -4.257872 -7.547343 -0.499999
v -4.294000 -7.549475 0.500001
v -4.294000 -7.549475 -0.499999
v -4.321835 -7.548320 0.500001
v -4.321835 -7.548320 -0.499999
v -4.349335 -7.544901 0.500001
v -4.349335 -7.544901 -0.499999
v -4.376501 -7.539288 0.500001
v -4.376501 -7.539288 -0.499999
v -4.403334 -7.531549 0.500001
v -4.403334 -7.531549 -0.499999
v -4.429834 -7.521755 0.500001
v -4.429834 -7.521755 -0.499999
v -4.456000 -7.509975 0.500001
v -4.456000 -7.509975 -0.499999
v -4.481833 -7.496278 0.500001
v -4.481833 -7.496279 -0.499999
v -4.507333 -7.480734 0.500001
v -4.507333 -7.480734 -0.499999
v -4.532500 -7.463413 0.500001
v -4.532500 -7.463413 -0.499999
v -4.557333 -7.444383 0.500001
v -4.557333 -7.444383 -0.499999
v -4.581833 -7.423714 0.500001
v -4.581833 -7.423714 -0.499999
v -4.605999 -7.401475 0.500001
v -4.605999 -7.401475 -0.499999
v -4.605999 -6.877475 0.500001
v -4.605999 -6.877475 -0.499999
v -6.804365 -6.405443 0.500001
v -6.804365 -6.405443 -0.499999
v -6.757259 -6.377216 0.500001
v -6.757259 -6.377216 -0.499999
v -6.712375 -6.352600 0.500001
v -6.712375 -6.352600 -0.499999
v -6.669407 -6.331401 0.500001
v -6.669407 -6.331401 -0.499999
v -6.628051 -6.313424 0.500001
v -6.628051 -6.313424 -0.499999
v -6.588000 -6.298475 0.500001
v -6.588000 -6.298475 -0.499999
v -6.548949 -6.286359 0.500001
v -6.548949 -6.286359 -0.499999
v -6.510592 -6.276883 0.500000
v -6.510592 -6.276883 -0.499999
v -6.472625 -6.269850 0.500000
v -6.472625 -6.269850 -0.499999
v -6.434741 -6.265068 0.500000
v -6.434741 -6.265068 -0.499999
v -6.396634 -6.262341 0.500000
v -6.396634 -6.262341 -0.499999
v -6.358000 -6.261475 0.500000
v -6.358000 -6.261475 -0.500000
v -6.279155 -6.266487 0.500000
v -6.279155 -6.266487 -0.500000
v -6.204907 -6.281235 0.500000
v -6.204907 -6.281235 -0.500000
v -6.135687 -6.305288 0.500000
v -6.135687 -6.305288 -0.500000
v -6.071926 -6.338216 0.500000
v -6.071926 -6.338216 -0.500000
v -6.014053 -6.379589 0.500000
v -6.014053 -6.379589 -0.500000
v -5.962500 -6.428975 0.500000
v -5.962500 -6.428975 -0.500000
v -5.917696 -6.485945 0.500000
v -5.917696 -6.485945 -0.500000
v -5.880074 -6.550068 0.500000
v -5.880074 -6.550068 -0.499999
v -5.850062 -6.620913 0.500000
v -5.850062 -6.620913 -0.499999
v -5.828092 -6.698050 0.500000
v -5.828092 -6.698050 -0.499999
v -5.814594 -6.781047 0.500001
v -5.814594 -6.781047 -0.499999
v -5.809999 -6.869475 0.500001
v -5.809999 -6.869475 -0.499999
v -5.814935 -6.959348 0.500001
v -5.814935 -6.959348 -0.499999
v -5.829482 -7.042790 0.500001
v -5.829482 -7.042790 -0.499999
v -5.853250 -7.119538 0.500001
v -5.853250 -7.119538 -0.499999
v -5.885852 -7.189327 0.500001
v -5.885852 -7.189327 -0.499999
v -5.926898 -7.251894 0.500001
v -5.926898 -7.251894 -0.499998
v -5.976000 -7.306975 0.500001
v -5.976000 -7.306975 -0.499998
v -6.032768 -7.354306 0.500002
v -6.032768 -7.354306 -0.499998
v -6.096815 -7.393623 0.500002
v -6.096815 -7.393623 -0.499998
v -6.167750 -7.424663 0.500002
v -6.167750 -7.424663 -0.499998
v -6.245185 -7.447160 0.500002
v -6.245185 -7.447160 -0.499998
v -6.328731 -7.460853 0.500002
v -6.328731 -7.460853 -0.499998
v -6.418000 -7.465475 0.500002
v -6.418000 -7.465475 -0.499998
v -6.455859 -7.464642 0.500002
v -6.455859 -7.464642 -0.499998
v -6.493537 -7.462142 0.500002
v -6.493537 -7.462142 -0.499998
v -6.531188 -7.457975 0.500002
v -6.531188 -7.457975 -0.499998
v -6.568963 -7.452142 0.500002
v -6.568963 -7.452142 -0.499998
v -6.607016 -7.444642 0.500002
v -6.607016 -7.444642 -0.499998
v -6.645500 -7.435475 0.500002
v -6.645500 -7.435475 -0.499998
v -6.684567 -7.424642 0.500002
v -6.684567 -7.424642 -0.499998
v -6.724370 -7.412142 0.500002
v -6.724370 -7.412142 -0.499998
v -6.765062 -7.397975 0.500002
v -6.765062 -7.397975 -0.499998
v -6.806796 -7.382142 0.500002
v -6.806796 -7.382142 -0.499998
v -6.849724 -7.364642 0.500002
v -6.849724 -7.364642 -0.499998
v -6.894000 -7.345475 0.500002
v -6.894000 -7.345475 -0.499998
v -6.894000 -7.697475 0.500002
v -6.894000 -7.697475 -0.499998
v -6.861835 -7.711286 0.500002
v -6.861835 -7.711286 -0.499998
v -6.825685 -7.724623 0.500002
v -6.825685 -7.724623 -0.499998
v -6.786062 -7.737350 0.500002
v -6.786062 -7.737350 -0.499998
v -6.743481 -7.749327 0.500002
v -6.743481 -7.749327 -0.499998
v -6.698456 -7.760415 0.500002
v -6.698456 -7.760415 -0.499998
v -6.651500 -7.770475 0.500002
v -6.651500 -7.770475 -0.499998
v -6.603127 -7.779369 0.500002
v -6.603127 -7.779369 -0.499998
v -6.553852 -7.786957 0.500002
v -6.553852 -7.786957 -0.499998
v -6.504187 -7.793100 0.500002
v -6.504187 -7.793100 -0.499998
v -6.454648 -7.797660 0.500002
v -6.454648 -7.797660 -0.499998
v -6.405747 -7.800498 0.500002
v -6.405747 -7.800498 -0.499998
v -6.358000 -7.801475 0.500002
v -6.358000 -7.801476 -0.499998
v -6.227459 -7.793850 0.500002
v -6.227459 -7.793850 -0.499998
v -6.104334 -7.771475 0.500002
v -6.104334 -7.771475 -0.499998
v -5.989376 -7.735100 0.500002
v -5.989376 -7.735100 -0.499998
v -5.883334 -7.685475 0.500002
v -5.883334 -7.685475 -0.499998
v -5.786959 -7.623350 0.500001
v -5.786959 -7.623350 -0.499998
v -5.701000 -7.549475 0.500001
v -5.701000 -7.549475 -0.499999
v -5.626208 -7.464600 0.500001
v -5.626208 -7.464600 -0.499999
v -5.563334 -7.369475 0.500001
v -5.563334 -7.369475 -0.499999
v -5.513125 -7.264850 0.500001
v -5.513125 -7.264850 -0.499999
v -5.476333 -7.151475 0.500001
v -5.476333 -7.151475 -0.499999
v -5.453708 -7.030100 0.500001
v -5.453708 -7.030100 -0.499999
v -5.446000 -6.901475 0.500001
v -5.446000 -6.901475 -0.499999
v -5.453083 -6.758068 0.500001
v -5.453083 -6.758068 -0.499999
v -5.473999 -6.624216 0.500000
v -5.473999 -6.624216 -0.499999
v -5.508249 -6.500475 0.500000
v -5.508249 -6.500475 -0.500000
v -5.555332 -6.387401 0.500000
v -5.555332 -6.387401 -0.500000
v -5.614749 -6.285549 0.500000
v -5.614749 -6.285549 -0.500000
v -5.685999 -6.195475 0.500000
v -5.685999 -6.195475 -0.500000
v -5.768582 -6.117734 0.500000
v -5.768582 -6.117734 -0.500000
v -5.861999 -6.052883 0.500000
v -5.861999 -6.052883 -0.500000
v -5.965749 -6.001475 0.500000
v -5.965749 -6.001475 -0.500000
v -6.079333 -5.964067 0.500000
v -6.079333 -5.964067 -0.500000
v -6.202250 -5.941216 0.500000
v -6.202250 -5.941216 -0.500000
v -6.334000 -5.933475 0.500000
v -6.334000 -5.933475 -0.500000
v -6.384641 -5.934464 0.500000
v -6.384641 -5.934464 -0.500000
v -6.432796 -5.937383 0.500000
v -6.432796 -5.937383 -0.500000
v -6.478812 -5.942163 0.500000
v -6.478812 -5.942163 -0.500000
v -6.523037 -5.948734 0.500000
v -6.523037 -5.948734 -0.500000
v -6.565817 -5.957028 0.500000
v -6.565817 -5.957028 -0.499999
v -6.607500 -5.966975 0.500000
v -6.607500 -5.966975 -0.499999
v -6.648432 -5.978505 0.500000
v -6.648432 -5.978505 -0.499999
v -6.688962 -5.991549 0.500001
v -6.688962 -5.991549 -0.499999
v -6.729437 -6.006038 0.500001
v -6.729437 -6.006038 -0.499999
v -6.770203 -6.021901 0.500001
v -6.770203 -6.021901 -0.499999
v -6.811608 -6.039070 0.500001
v -6.811608 -6.039070 -0.499999
v -6.854000 -6.057475 0.500001
v -6.854000 -6.057475 -0.499999
v -6.854000 -6.437475 0.500001
v -6.854000 -6.437475 -0.499999
v -8.732344 -7.623897 0.500002
v -8.732344 -7.623897 -0.499998
v -8.679075 -7.655179 0.500002
v -8.679075 -7.655179 -0.499998
v -8.625751 -7.683350 0.500002
v -8.625751 -7.683350 -0.499998
v -8.571927 -7.708438 0.500002
v -8.571927 -7.708438 -0.499998
v -8.517159 -7.730471 0.500002
v -8.517159 -7.730471 -0.499998
v -8.461001 -7.749475 0.500002
v -8.461001 -7.749475 -0.499998
v -8.403010 -7.765480 0.500002
v -8.403010 -7.765480 -0.499998
v -8.342742 -7.778512 0.500002
v -8.342742 -7.778512 -0.499998
v -8.279751 -7.788600 0.500002
v -8.279751 -7.788600 -0.499998
v -8.213593 -7.795772 0.500002
v -8.213593 -7.795772 -0.499998
v -8.143825 -7.800054 0.500002
v -8.143825 -7.800054 -0.499998
v -8.070001 -7.801475 0.500002
v -8.070001 -7.801476 -0.499998
v -7.935205 -7.792137 0.500002
v -7.935205 -7.792137 -0.499998
v -7.810964 -7.765105 0.500002
v -7.810964 -7.765105 -0.499998
v -7.697501 -7.721850 0.500002
v -7.697501 -7.721850 -0.499998
v -7.595038 -7.663846 0.500002
v -7.595038 -7.663846 -0.499998
v -7.503797 -7.592563 0.500002
v -7.503797 -7.592563 -0.499998
v -7.424001 -7.509475 0.500002
v -7.424001 -7.509475 -0.499998
v -7.355871 -7.416054 0.500002
v -7.355871 -7.416054 -0.499998
v -7.299631 -7.313772 0.500002
v -7.299631 -7.313772 -0.499998
v -7.255501 -7.204100 0.500002
v -7.255501 -7.204100 -0.499998
v -7.223704 -7.088512 0.500002
v -7.223704 -7.088512 -0.499998
v -7.204463 -6.968480 0.500002
v -7.204463 -6.968480 -0.499998
v -7.198000 -6.845475 0.500002
v -7.198000 -6.845475 -0.499998
v -7.205056 -6.713253 0.500002
v -7.205056 -6.713253 -0.499998
v -7.225778 -6.589031 0.500001
v -7.225778 -6.589031 -0.499998
v -7.259501 -6.473475 0.500001
v -7.259501 -6.473475 -0.499999
v -7.305556 -6.367253 0.500001
v -7.305556 -6.367253 -0.499999
v -7.363278 -6.271031 0.500001
v -7.363278 -6.271031 -0.499999
v -7.432000 -6.185475 0.500001
v -7.432000 -6.185475 -0.499999
v -7.511055 -6.111253 0.500001
v -7.511055 -6.111253 -0.499999
v -7.599778 -6.049031 0.500001
v -7.599778 -6.049031 -0.499999
v -7.697500 -5.999475 0.500001
v -7.697500 -5.999475 -0.499999
v -7.803555 -5.963253 0.500001
v -7.803555 -5.963253 -0.499999
v -7.917278 -5.941031 0.500001
v -7.917278 -5.941031 -0.499999
v -8.038000 -5.933475 0.500001
v -8.038000 -5.933475 -0.499999
v -8.153340 -5.940234 0.500001
v -8.153340 -5.940234 -0.499999
v -8.261056 -5.960549 0.500001
v -8.261056 -5.960549 -0.499999
v -8.360688 -5.994475 0.500001
v -8.360688 -5.994475 -0.499999
v -8.451778 -6.042068 0.500001
v -8.451778 -6.042068 -0.499999
v -8.533869 -6.103383 0.500001
v -8.533869 -6.103383 -0.499999
v -8.606501 -6.178475 0.500001
v -8.606501 -6.178475 -0.499999
v -8.669216 -6.267401 0.500001
v -8.669216 -6.267401 -0.499999
v -8.721557 -6.370216 0.500001
v -8.721557 -6.370216 -0.499999
v -8.763063 -6.486975 0.500001
v -8.763063 -6.486975 -0.499999
v -8.793279 -6.617734 0.500001
v -8.793279 -6.617734 -0.499998
v -8.811744 -6.762549 0.500002
v -8.811744 -6.762549 -0.499998
v -8.818001 -6.921475 0.500002
v -8.818001 -6.921475 -0.499998
v -7.554000 -6.921475 0.500002
v -7.554000 -6.921475 -0.499998
v -7.571079 -7.006885 0.500002
v -7.571079 -7.006885 -0.499998
v -7.594297 -7.085086 0.500002
v -7.594297 -7.085086 -0.499998
v -7.623626 -7.156038 0.500002
v -7.623626 -7.156038 -0.499998
v -7.659038 -7.219697 0.500002
v -7.659038 -7.219697 -0.499998
v -7.700506 -7.276024 0.500002
v -7.700506 -7.276024 -0.499998
v -7.748001 -7.324975 0.500002
v -7.748001 -7.324975 -0.499998
v -7.801497 -7.366510 0.500002
v -7.801497 -7.366510 -0.499998
v -7.860964 -7.400586 0.500002
v -7.860964 -7.400587 -0.499998
v -7.926376 -7.427163 0.500002
v -7.926376 -7.427163 -0.499998
v -7.997705 -7.446198 0.500002
v -7.997705 -7.446198 -0.499998
v -8.074923 -7.457649 0.500002
v -8.074923 -7.457649 -0.499998
v -8.158001 -7.461475 0.500002
v -8.158001 -7.461475 -0.499998
v -8.211760 -7.459823 0.500002
v -8.211760 -7.459823 -0.499998
v -8.265075 -7.454920 0.500002
v -8.265075 -7.454920 -0.499998
v -8.318001 -7.446850 0.500002
v -8.318001 -7.446850 -0.499998
v -8.370593 -7.435698 0.500002
v -8.370593 -7.435698 -0.499998
v -8.422908 -7.421545 0.500002
v -8.422908 -7.421545 -0.499998
v -8.475000 -7.404475 0.500002
v -8.475000 -7.404475 -0.499998
v -8.526926 -7.384573 0.500002
v -8.526926 -7.384573 -0.499998
v -8.578741 -7.361920 0.500002
v -8.578741 -7.361920 -0.499998
v -8.630500 -7.336600 0.500002
v -8.630500 -7.336600 -0.499998
v -8.682260 -7.308697 0.500002
v -8.682260 -7.308698 -0.499998
v -8.734075 -7.278295 0.500002
v -8.734075 -7.278295 -0.499998
v -8.786000 -7.245475 0.500002
v -8.786000 -7.245475 -0.499998
v -8.786000 -7.589475 0.500002
v -8.786000 -7.589475 -0.499998
v -8.460029 -6.619600 0.500001
v -8.460029 -6.619600 -0.499998
v -8.448223 -6.558142 0.500001
v -8.448223 -6.558142 -0.499998
v -8.430751 -6.501350 0.500001
v -8.430751 -6.501350 -0.499999
v -8.407779 -6.449475 0.500001
v -8.407779 -6.449475 -0.499999
v -8.379473 -6.402767 0.500001
v -8.379473 -6.402767 -0.499999
v -8.346001 -6.361475 0.500001
v -8.346001 -6.361475 -0.499999
v -8.307528 -6.325850 0.500001
v -8.307528 -6.325850 -0.499999
v -8.264223 -6.296142 0.500001
v -8.264223 -6.296142 -0.499999
v -8.216250 -6.272600 0.500001
v -8.216250 -6.272600 -0.499999
v -8.163778 -6.255475 0.500001
v -8.163778 -6.255475 -0.499999
v -8.106973 -6.245017 0.500001
v -8.106973 -6.245017 -0.499999
v -8.046000 -6.241475 0.500001
v -8.046000 -6.241475 -0.499999
v -7.980255 -6.244787 0.500001
v -7.980255 -6.244787 -0.499999
v -7.919037 -6.254642 0.500001
v -7.919037 -6.254642 -0.499999
v -7.862375 -6.270913 0.500001
v -7.862375 -6.270913 -0.499999
v -7.810297 -6.293475 0.500001
v -7.810297 -6.293475 -0.499999
v -7.762829 -6.322204 0.500001
v -7.762829 -6.322204 -0.499999
v -7.720000 -6.356975 0.500001
v -7.720000 -6.356975 -0.499999
v -7.681838 -6.397663 0.500001
v -7.681838 -6.397663 -0.499999
v -7.648370 -6.444142 0.500001
v -7.648370 -6.444142 -0.499999
v -7.619625 -6.496288 0.500001
v -7.619625 -6.496288 -0.499999
v -7.595630 -6.553975 0.500001
v -7.595630 -6.553975 -0.499998
v -7.576412 -6.617079 0.500001
v -7.576412 -6.617079 -0.499998
v -7.562000 -6.685475 0.500001
v -7.562000 -6.685475 -0.499998
v -8.466001 -6.685475 0.500001
v -8.466001 -6.685475 -0.499998
v -9.110001 -7.069475 0.500002
v -9.110001 -7.069475 -0.499998
v -9.110001 -6.697475 0.500001
v -9.110001 -6.697475 -0.499998
v -10.082001 -6.697475 0.500001
v -10.082001 -6.697475 -0.499998
v -10.082001 -7.069475 0.500002
v -10.082001 -7.069475 -0.499998
vn -0.0000 -0.0000 -1.0000
vn -0.0000 -0.0001 -1.0000
vn -0.0000 0.0003 -1.0000
vn -0.0000 -0.0000 1.0000
vn -0.0000 0.0001 1.0000
vn 1.0000 -0.0000 -0.0000
vn -0.0000 1.0000 -0.0000
vn -1.0000 -0.0000 -0.0000
vn -0.0000 -1.0000 -0.0000
vn -0.2200 0.9755 -0.0000
vn -0.1053 0.9944 -0.0000
vn -0.3427 0.9395 -0.0000
vn -0.4688 0.8833 -0.0000
vn -0.5921 0.8058 -0.0000
vn -0.7056 0.7086 -0.0000
vn -0.8030 0.5960 -0.0000
vn -0.8804 0.4742 -0.0000
vn -0.9370 0.3494 -0.0000
vn -0.9739 0.2269 -0.0000
vn -0.9939 0.1102 -0.0000
vn -1.0000 -0.0019 -0.0000
vn -0.9930 -0.1183 -0.0000
vn -0.9698 -0.2437 -0.0000
vn -0.9273 -0.3743 -0.0000
vn -0.8631 -0.5050 -0.0000
vn -0.7775 -0.6289 -0.0000
vn -0.6734 -0.7393 -0.0000
vn -0.5568 -0.8307 -0.0000
vn -0.4348 -0.9005 -0.0000
vn -0.3142 -0.9494 -0.0000
vn -0.2000 -0.9798 -0.0000
vn -0.0952 -0.9955 -0.0000
vn -0.0227 -0.9997 -0.0000
vn -0.0252 0.9997 -0.0000
vn 0.0946 0.9955 -0.0000
vn 0.0228 0.9997 -0.0000
vn 0.1970 0.9804 -0.0000
vn 0.3075 0.9516 -0.0000
vn 0.4241 0.9056 -0.0000
vn 0.5431 0.8397 -0.0000
vn 0.6588 0.7523 -0.0000
vn 0.7645 0.6446 -0.0000
vn 0.8536 0.5209 -0.0000
vn 0.9218 0.3876 -0.0000
vn 0.9676 0.2525 -0.0000
vn 0.9925 0.1222 -0.0000
vn 1.0000 0.0063 -0.0000
vn 0.9954 -0.0956 -0.0000
vn 0.9801 -0.1986 -0.0000
vn 0.9505 -0.3106 -0.0000
vn 0.9028 -0.4300 -0.0000
vn 0.8333 -0.5528 -0.0000
vn 0.7405 -0.6721 -0.0000
vn 0.6264 -0.7795 -0.0000
vn 0.4975 -0.8674 -0.0000
vn 0.3629 -0.9318 -0.0000
vn 0.2314 -0.9729 -0.0000
vn 0.1098 -0.9940 -0.0000
vn 0.0260 -0.9997 -0.0000
vn -0.6910 -0.7229 -0.0000
vn -0.7127 -0.7015 -0.0000
vn -0.6461 -0.7633 -0.0000
vn -0.5995 -0.8004 -0.0000
vn -0.5508 -0.8346 -0.0000
vn -0.4995 -0.8663 -0.0000
vn -0.4450 -0.8955 -0.0000
vn -0.3865 -0.9223 -0.0000
vn -0.3230 -0.9464 -0.0000
vn -0.2537 -0.9673 -0.0000
vn -0.1772 -0.9842 -0.0000
vn -0.0925 -0.9957 -0.0000
vn 0.0063 -1.0000 -0.0000
vn 0.1244 -0.9922 -0.0000
vn 0.2544 -0.9671 -0.0000
vn 0.3871 -0.9221 -0.0000
vn 0.5168 -0.8561 -0.0000
vn 0.6377 -0.7703 -0.0000
vn 0.7439 -0.6683 -0.0000
vn 0.8317 -0.5552 -0.0000
vn 0.8995 -0.4370 -0.0000
vn 0.9477 -0.3190 -0.0000
vn 0.9787 -0.2055 -0.0000
vn 0.9951 -0.0990 -0.0000
vn 0.9997 -0.0239 -0.0000
vn -0.9998 0.0212 -0.0000
vn -0.9960 0.0896 -0.0000
vn -0.9818 0.1901 -0.0000
vn -0.9531 0.3027 -0.0000
vn -0.9052 0.4249 -0.0000
vn -0.8342 0.5514 -0.0000
vn -0.7387 0.6740 -0.0000
vn -0.6219 0.7831 -0.0000
vn -0.4912 0.8711 -0.0000
vn -0.3564 0.9343 -0.0000
vn -0.2264 0.9740 -0.0000
vn -0.1073 0.9942 -0.0000
vn -0.0025 1.0000 -0.0000
vn 0.0915 0.9958 -0.0000
vn 0.1820 0.9833 -0.0000
vn 0.2697 0.9629 -0.0000
vn 0.3535 0.9354 -0.0000
vn 0.4323 0.9017 -0.0000
vn 0.5054 0.8629 -0.0000
vn 0.5723 0.8201 -0.0000
vn 0.6329 0.7742 -0.0000
vn 0.5723 0.8200 -0.0000
vn 0.6873 0.7263 -0.0000
vn 0.7358 0.6772 -0.0000
vn 0.7786 0.6275 -0.0000
vn 0.7983 0.6023 -0.0000
vn 0.4822 -0.8760 -0.0000
vn 0.5172 -0.8558 -0.0000
vn 0.4458 -0.8951 -0.0000
vn 0.4077 -0.9131 -0.0000
vn 0.3678 -0.9299 -0.0000
vn 0.3257 -0.9455 -0.0000
vn 0.2811 -0.9597 -0.0000
vn 0.2336 -0.9723 -0.0000
vn 0.1825 -0.9832 -0.0000
vn 0.1271 -0.9919 -0.0000
vn 0.0664 -0.9978 -0.0000
vn -0.0027 -1.0000 -0.0000
vn -0.0823 -0.9966 -0.0000
vn -0.1700 -0.9854 -0.0000
vn -0.2641 -0.9645 -0.0000
vn -0.3643 -0.9313 -0.0000
vn -0.4699 -0.8827 -0.0000
vn -0.5787 -0.8155 -0.0000
vn -0.6870 -0.7267 -0.0000
vn -0.7891 -0.6143 -0.0000
vn -0.6870 -0.7266 -0.0000
vn -0.8777 -0.4793 -0.0000
vn -0.7891 -0.6142 -0.0000
vn -0.9453 -0.3263 -0.0000
vn -0.9865 -0.1635 -0.0000
vn -0.9998 0.0217 -0.0000
vn -0.9718 0.2356 -0.0000
vn -0.9032 0.4293 -0.0000
vn -0.8221 0.5693 -0.0000
vn -0.7472 0.6646 -0.0000
vn -0.6851 0.7285 -0.0000
vn -0.7472 0.6645 -0.0000
vn -0.6358 0.7719 -0.0000
vn -0.5974 0.8019 -0.0000
vn -0.5678 0.8232 -0.0000
vn -0.5449 0.8385 -0.0000
vn -0.5274 0.8496 -0.0000
vn -0.5139 0.8579 -0.0000
vn -0.5350 0.8449 -0.0000
vn -0.5728 0.8197 -0.0000
vn -0.5989 0.8008 -0.0000
vn -0.6320 0.7750 -0.0000
vn -0.6728 0.7399 -0.0000
vn -0.7213 0.6926 -0.0000
vn -0.7764 0.6303 -0.0000
vn -0.8348 0.5505 -0.0000
vn -0.8914 0.4532 -0.0000
vn -0.9398 0.3416 -0.0000
vn -0.9748 0.2232 -0.0000
vn -0.9942 0.1073 -0.0000
vn -1.0000 -0.0079 -0.0000
vn -0.9907 -0.1363 -0.0000
vn -0.9616 -0.2746 -0.0000
vn -0.9120 -0.4102 -0.0000
vn -0.8432 -0.5377 -0.0000
vn -0.7578 -0.6525 -0.0000
vn -0.6598 -0.7514 -0.0000
vn -0.5532 -0.8331 -0.0000
vn -0.4418 -0.8971 -0.0000
vn -0.3287 -0.9444 -0.0000
vn -0.2164 -0.9763 -0.0000
vn -0.1065 -0.9943 -0.0000
vn -0.0175 -0.9998 -0.0000
vn 0.0361 -0.9993 -0.0000
vn 0.0754 -0.9972 -0.0000
vn 0.1179 -0.9930 -0.0000
vn 0.1624 -0.9867 -0.0000
vn 0.2078 -0.9782 -0.0000
vn 0.2527 -0.9676 -0.0000
vn 0.2958 -0.9553 -0.0000
vn 0.3361 -0.9418 -0.0000
vn 0.3728 -0.9279 -0.0000
vn 0.4056 -0.9140 -0.0000
vn 0.4343 -0.9008 -0.0000
vn 0.4476 -0.8942 -0.0000
vn -0.5388 0.8424 -0.0000
vn -0.5535 0.8328 -0.0000
vn -0.5082 0.8612 -0.0000
vn -0.4758 0.8796 -0.0000
vn -0.4410 0.8975 -0.0000
vn -0.4036 0.9149 -0.0000
vn -0.3630 0.9318 -0.0000
vn -0.3185 0.9479 -0.0000
vn -0.2692 0.9631 -0.0000
vn -0.2141 0.9768 -0.0000
vn -0.1518 0.9884 -0.0000
vn -0.0805 0.9968 -0.0000
vn 0.0245 0.9997 -0.0000
vn 0.1289 0.9917 -0.0000
vn 0.2065 0.9784 -0.0000
vn 0.2900 0.9570 -0.0000
vn 0.3801 0.9249 -0.0000
vn 0.4771 0.8788 -0.0000
vn 0.5798 0.8148 -0.0000
vn 0.6850 0.7286 -0.0000
vn 0.7867 0.6173 -0.0000
vn 0.8765 0.4814 -0.0000
vn 0.9453 0.3263 -0.0000
vn 0.9868 0.1622 -0.0000
vn 0.9955 -0.0949 -0.0000
vn 0.9867 0.1623 -0.0000
vn 0.8897 -0.4565 -0.0000
vn 0.7052 -0.7090 -0.0000
vn 0.5812 -0.8138 -0.0000
vn 0.5190 -0.8548 -0.0000
vn 0.5003 -0.8659 -0.0000
vn 0.5150 -0.8572 -0.0000
vn 0.5596 -0.8288 -0.0000
vn 0.6341 -0.7732 -0.0000
vn 0.7372 -0.6756 -0.0000
vn 0.8571 -0.5151 -0.0000
vn 0.9598 -0.2808 -0.0000
vn 0.9992 -0.0396 -0.0000
vn 0.9910 0.1338 -0.0000
vn 0.9618 0.2739 -0.0000
vn 0.9096 0.4154 -0.0000
vn 0.8348 0.5506 -0.0000
vn 0.7406 0.6720 -0.0000
vn 0.6329 0.7743 -0.0000
vn 0.5185 0.8551 -0.0000
vn 0.4034 0.9150 -0.0000
vn 0.2921 0.9564 -0.0000
vn 0.1872 0.9823 -0.0000
vn 0.0901 0.9959 -0.0000
vn 0.0098 1.0000 -0.0000
vn -0.0475 0.9989 -0.0000
vn -0.0944 0.9955 -0.0000
vn -0.1405 0.9901 -0.0000
vn -0.1852 0.9827 -0.0000
vn -0.2283 0.9736 -0.0000
vn -0.2694 0.9630 -0.0000
vn -0.3085 0.9512 -0.0000
vn -0.3453 0.9385 -0.0000
vn -0.3797 0.9251 -0.0000
vn -0.4119 0.9112 -0.0000
vn -0.4418 0.8971 -0.0000
vn -0.4561 0.8899 -0.0000
vn 0.5172 -0.8559 -0.0000
vn 0.5343 -0.8453 -0.0000
vn 0.7378 0.6750 -0.0000
vn 0.7616 0.6480 -0.0000
vn 0.6874 0.7263 -0.0000
vn 0.6335 0.7738 -0.0000
vn 0.5760 0.8174 -0.0000
vn 0.5152 0.8571 -0.0000
vn 0.4510 0.8925 -0.0000
vn 0.3835 0.9235 -0.0000
vn 0.3128 0.9498 -0.0000
vn 0.2388 0.9711 -0.0000
vn 0.1618 0.9868 -0.0000
vn 0.0820 0.9966 -0.0000
vn -0.0084 1.0000 -0.0000
vn -0.1200 0.9928 -0.0000
vn -0.2472 0.9690 -0.0000
vn -0.3793 0.9253 -0.0000
vn -0.5108 0.8597 -0.0000
vn -0.6347 0.7728 -0.0000
vn -0.7441 0.6680 -0.0000
vn -0.8342 0.5515 -0.0000
vn -0.9027 0.4304 -0.0000
vn -0.9504 0.3110 -0.0000
vn -0.9802 0.1981 -0.0000
vn -0.9955 0.0945 -0.0000
vn -0.9997 0.0226 -0.0000
vn 0.9998 -0.0219 -0.0000
vn 0.9959 -0.0903 -0.0000
vn 0.9823 -0.1871 -0.0000
vn 0.9567 -0.2910 -0.0000
vn 0.9162 -0.4007 -0.0000
vn 0.8578 -0.5139 -0.0000
vn 0.7792 -0.6268 -0.0000
vn 0.6793 -0.7339 -0.0000
vn 0.7791 -0.6268 -0.0000
vn 0.5598 -0.8286 -0.0000
vn 0.4251 -0.9051 -0.0000
vn 0.2822 -0.9594 -0.0000
vn 0.1386 -0.9903 -0.0000
vn 0.0139 -0.9999 -0.0000
vn -0.0821 -0.9966 -0.0000
vn -0.1692 -0.9856 -0.0000
vn -0.2587 -0.9660 -0.0000
vn -0.3463 -0.9381 -0.0000
vn -0.4280 -0.9038 -0.0000
vn -0.5011 -0.8654 -0.0000
vn -0.5640 -0.8257 -0.0000
vn -0.6168 -0.7871 -0.0000
vn -0.6600 -0.7512 -0.0000
vn -0.6950 -0.7190 -0.0000
vn -0.7229 -0.6909 -0.0000
vn -0.7352 -0.6778 -0.0000
vn 0.5982 -0.8014 -0.0000
vn 0.6451 -0.7641 -0.0000
vn 0.5472 -0.8370 -0.0000
vn 0.4924 -0.8703 -0.0000
vn 0.4344 -0.9007 -0.0000
vn 0.3738 -0.9275 -0.0000
vn 0.3113 -0.9503 -0.0000
vn 0.2478 -0.9688 -0.0000
vn 0.1842 -0.9829 -0.0000
vn 0.1212 -0.9926 -0.0000
vn 0.0598 -0.9982 -0.0000
vn -0.0072 -1.0000 -0.0000
vn -0.0900 -0.9959 -0.0000
vn -0.1842 -0.9829 -0.0000
vn -0.2828 -0.9592 -0.0000
vn -0.3856 -0.9227 -0.0000
vn -0.4915 -0.8709 -0.0000
vn -0.5986 -0.8011 -0.0000
vn -0.7033 -0.7109 -0.0000
vn -0.8007 -0.5990 -0.0000
vn -0.8845 -0.4665 -0.0000
vn -0.9482 -0.3175 -0.0000
vn -0.9872 -0.1593 -0.0000
vn -0.9985 0.0556 -0.0000
vn -0.9314 0.3641 -0.0000
vn -0.7737 0.6335 -0.0000
vn -0.6274 0.7787 -0.0000
vn -0.5367 0.8438 -0.0000
vn -0.5005 0.8657 -0.0000
vn -0.5106 0.8598 -0.0000
vn -0.5617 0.8274 -0.0000
vn -0.6501 0.7599 -0.0000
vn -0.7661 0.6427 -0.0000
vn -0.8854 0.4648 -0.0000
vn -0.9712 0.2381 -0.0000
vn -0.9997 0.0262 -0.0000
vn -0.9918 -0.1282 -0.0000
vn -0.9663 -0.2574 -0.0000
vn -0.9231 -0.3845 -0.0000
vn -0.8626 -0.5058 -0.0000
vn -0.7860 -0.6182 -0.0000
vn -0.6952 -0.7188 -0.0000
vn -0.5927 -0.8055 -0.0000
vn -0.4810 -0.8767 -0.0000
vn -0.3632 -0.9317 -0.0000
vn -0.2420 -0.9703 -0.0000
vn -0.1202 -0.9928 -0.0000
vn -0.0182 -0.9998 -0.0000
vn 0.0471 -0.9989 -0.0000
vn 0.0968 -0.9953 -0.0000
vn 0.1491 -0.9888 -0.0000
vn 0.2033 -0.9791 -0.0000
vn 0.2586 -0.9660 -0.0000
vn 0.3140 -0.9494 -0.0000
vn 0.3686 -0.9296 -0.0000
vn 0.4214 -0.9069 -0.0000
vn 0.4717 -0.8817 -0.0000
vn 0.5189 -0.8549 -0.0000
vn 0.5623 -0.8269 -0.0000
vn 0.5829 -0.8125 -0.0000
vn -0.7500 0.6614 -0.0000
vn -0.7697 0.6384 -0.0000
vn -0.7074 0.7068 -0.0000
vn -0.6596 0.7517 -0.0000
vn -0.6063 0.7953 -0.0000
vn -0.6596 0.7516 -0.0000
vn -0.5473 0.8370 -0.0000
vn -0.4825 0.8759 -0.0000
vn -0.4122 0.9111 -0.0000
vn -0.3367 0.9416 -0.0000
vn -0.2566 0.9665 -0.0000
vn -0.1730 0.9849 -0.0000
vn -0.0870 0.9962 -0.0000
vn 0.0048 1.0000 -0.0000
vn 0.1096 0.9940 -0.0000
vn 0.2246 0.9744 -0.0000
vn 0.3426 0.9395 -0.0000
vn 0.4598 0.8880 -0.0000
vn 0.5721 0.8202 -0.0000
vn 0.6758 0.7371 -0.0000
vn 0.7680 0.6404 -0.0000
vn 0.8467 0.5321 -0.0000
vn 0.9105 0.4135 -0.0000
vn 0.9584 0.2853 -0.0000
vn 0.9891 0.1473 -0.0000
vn 0.9988 -0.0497 -0.0000
vn 0.9418 -0.3362 -0.0000
vn 0.8047 -0.5937 -0.0000
vn 0.6690 -0.7433 -0.0000
vn 0.5764 -0.8172 -0.0000
vn 0.5308 -0.8475 -0.0000
vn 0.5272 -0.8497 -0.0000
vn 0.5624 -0.8268 -0.0000
vn 0.6354 -0.7722 -0.0000
vn 0.7422 -0.6702 -0.0000
vn 0.8648 -0.5021 -0.0000
vn 0.9638 -0.2666 -0.0000
vn 0.9994 -0.0352 -0.0000
vn 0.9917 0.1285 -0.0000
vn 0.9650 0.2624 -0.0000
vn 0.9175 0.3977 -0.0000
vn 0.8490 0.5283 -0.0000
vn 0.7616 0.6481 -0.0000
vn 0.6592 0.7520 -0.0000
vn 0.5474 0.8369 -0.0000
vn 0.4315 0.9021 -0.0000
vn 0.3162 0.9487 -0.0000
vn 0.2047 0.9788 -0.0000
vn 0.0992 0.9951 -0.0000
vn 0.0112 0.9999 -0.0000
vn -0.0512 0.9987 -0.0000
vn -0.1022 0.9948 -0.0000
vn -0.1527 0.9883 -0.0000
vn -0.2026 0.9793 -0.0000
vn -0.2515 0.9679 -0.0000
vn -0.2993 0.9542 -0.0000
vn -0.3458 0.9383 -0.0000
vn -0.3909 0.9204 -0.0000
vn -0.4344 0.9007 -0.0000
vn -0.4763 0.8793 -0.0000
vn -0.5164 0.8564 -0.0000
vn -0.5358 0.8443 -0.0000
vn 0.6673 -0.7448 -0.0000
vn -0.0210 0.9998 -0.0000
vn -0.0888 0.9961 -0.0000
vn -0.1884 0.9821 -0.0000
vn -0.3000 0.9539 -0.0000
vn -0.4213 0.9069 -0.0000
vn -0.6697 0.7426 -0.0000
vn -0.7793 0.6266 -0.0000
vn -0.8682 0.4962 -0.0000
vn -0.9326 0.3609 -0.0000
vn -0.9732 0.2298 -0.0000
vn -0.9940 0.1091 -0.0000
vn -1.0000 -0.0036 -0.0000
vn -0.9927 -0.1202 -0.0000
vn -0.9700 -0.2433 -0.0000
vn -0.9303 -0.3667 -0.0000
vn -0.8733 -0.4872 -0.0000
vn -0.7992 -0.6011 -0.0000
vn -0.7093 -0.7049 -0.0000
vn -0.6058 -0.7956 -0.0000
vn -0.4919 -0.8707 -0.0000
vn -0.3708 -0.9287 -0.0000
vn -0.2463 -0.9692 -0.0000
vn -0.1219 -0.9925 -0.0000
vn -0.0212 -0.9998 -0.0000
vn 0.0355 -0.9994 -0.0000
vn -0.0213 -0.9998 -0.0000
vn 0.0718 -0.9974 -0.0000
vn 0.1088 -0.9941 -0.0000
vn 0.1457 -0.9893 -0.0000
vn 0.1818 -0.9833 -0.0000
vn 0.2167 -0.9762 -0.0000
vn 0.2499 -0.9683 -0.0000
vn 0.2809 -0.9597 -0.0000
vn 0.3096 -0.9509 -0.0000
vn 0.3358 -0.9419 -0.0000
vn 0.3594 -0.9332 -0.0000
vn 0.3705 -0.9288 -0.0000
vn -0.3696 0.9292 -0.0000
vn -0.4020 0.9156 -0.0000
vn -0.3364 0.9417 -0.0000
vn -0.3025 0.9531 -0.0000
vn -0.2678 0.9635 -0.0000
vn -0.2323 0.9726 -0.0000
vn -0.1959 0.9806 -0.0000
vn -0.1586 0.9873 -0.0000
vn -0.1204 0.9927 -0.0000
vn -0.0812 0.9967 -0.0000
vn -0.0410 0.9992 -0.0000
vn 0.0219 0.9998 -0.0000
vn 0.1306 0.9914 -0.0000
vn 0.2623 0.9650 -0.0000
vn 0.1307 0.9914 -0.0000
vn 0.3915 0.9202 -0.0000
vn 0.5141 0.8577 -0.0000
vn 0.6269 0.7791 -0.0000
vn 0.7269 0.6867 -0.0000
vn 0.8122 0.5833 -0.0000
vn 0.8817 0.4718 -0.0000
vn 0.9348 0.3552 -0.0000
vn 0.9717 0.2361 -0.0000
vn 0.9931 0.1170 -0.0000
vn 1.0000 0.0062 -0.0000
vn 0.9954 -0.0957 -0.0000
vn 1.0000 0.0061 -0.0000
vn 0.9793 -0.2026 -0.0000
vn 0.9471 -0.3210 -0.0000
vn 0.8943 -0.4475 -0.0000
vn 0.9471 -0.3209 -0.0000
vn 0.8177 -0.5756 -0.0000
vn 0.7175 -0.6965 -0.0000
vn 0.5984 -0.8012 -0.0000
vn 0.4688 -0.8833 -0.0000
vn 0.3381 -0.9411 -0.0000
vn 0.2140 -0.9768 -0.0000
vn 0.1012 -0.9949 -0.0000
vn 0.0240 -0.9997 -0.0000
vn -0.4180 0.9084 -0.0000
vn -0.5244 -0.8515 -0.0000
vn -0.5395 -0.8420 -0.0000
vn -0.5027 -0.8645 -0.0000
vn -0.4729 -0.8811 -0.0000
vn -0.4336 -0.9011 -0.0000
vn -0.3841 -0.9233 -0.0000
vn -0.3247 -0.9458 -0.0000
vn -0.2576 -0.9662 -0.0000
vn -0.1870 -0.9824 -0.0000
vn -0.2577 -0.9662 -0.0000
vn -0.1177 -0.9930 -0.0000
vn -0.0548 -0.9985 -0.0000
vn 0.0029 -1.0000 -0.0000
vn 0.0670 -0.9978 -0.0000
vn 0.1445 -0.9895 -0.0000
vn 0.2345 -0.9721 -0.0000
vn 0.2344 -0.9721 -0.0000
vn 0.4464 -0.8948 -0.0000
vn 0.5597 -0.8287 -0.0000
vn 0.6682 -0.7440 -0.0000
vn 0.7643 -0.6449 -0.0000
vn 0.8426 -0.5385 -0.0000
vn 0.9016 -0.4327 -0.0000
vn 0.8426 -0.5386 -0.0000
vn 0.9428 -0.3334 -0.0000
vn 0.9583 -0.2857 -0.0000
vn -0.5845 -0.8114 -0.0000
vn -0.6039 -0.7971 -0.0000
vn -0.5440 -0.8391 -0.0000
vn -0.5005 -0.8657 -0.0000
vn -0.4539 -0.8910 -0.0000
vn -0.5005 -0.8658 -0.0000
vn -0.4045 -0.9146 -0.0000
vn -0.3522 -0.9359 -0.0000
vn -0.2975 -0.9547 -0.0000
vn -0.2406 -0.9706 -0.0000
vn -0.1819 -0.9833 -0.0000
vn -0.0611 -0.9981 -0.0000
vn 0.0176 -0.9998 -0.0000
vn 0.1330 -0.9911 -0.0000
vn 0.2663 -0.9639 -0.0000
vn 0.3956 -0.9184 -0.0000
vn 0.5169 -0.8560 -0.0000
vn 0.6272 -0.7789 -0.0000
vn 0.7244 -0.6893 -0.0000
vn 0.8076 -0.5898 -0.0000
vn 0.8761 -0.4821 -0.0000
vn 0.9298 -0.3680 -0.0000
vn 0.9686 -0.2487 -0.0000
vn 0.9921 -0.1254 -0.0000
vn 1.0000 0.0074 -0.0000
vn 0.9921 -0.1255 -0.0000
vn 0.9868 0.1617 -0.0000
vn 0.9441 0.3297 -0.0000
vn 0.8721 0.4894 -0.0000
vn 0.7800 0.6258 -0.0000
vn 0.6815 0.7318 -0.0000
vn 0.5887 0.8084 -0.0000
vn 0.5086 0.8610 -0.0000
vn 0.4442 0.8959 -0.0000
vn 0.3959 0.9183 -0.0000
vn 0.3631 0.9318 -0.0000
vn 0.3452 0.9385 -0.0000
vn 0.3370 0.9415 -0.0000
vn 0.3341 0.9425 -0.0000
vn 0.9998 -0.0211 -0.0000
vn 0.9959 -0.0910 -0.0000
vn 0.9803 -0.1975 -0.0000
vn 0.9470 -0.3213 -0.0000
vn 0.8889 -0.4581 -0.0000
vn 0.8017 -0.5978 -0.0000
vn 0.6870 -0.7266 -0.0000
vn 0.5545 -0.8322 -0.0000
vn 0.4179 -0.9085 -0.0000
vn 0.2895 -0.9572 -0.0000
vn 0.1765 -0.9843 -0.0000
vn 0.0809 -0.9967 -0.0000
vn -0.0009 -1.0000 -0.0000
vn -0.0786 -0.9969 -0.0000
vn -0.1570 -0.9876 -0.0000
vn -0.2344 -0.9722 -0.0000
vn -0.3097 -0.9508 -0.0000
vn -0.3821 -0.9241 -0.0000
vn -0.4508 -0.8926 -0.0000
vn -0.5152 -0.8571 -0.0000
vn -0.5750 -0.8182 -0.0000
vn -0.6297 -0.7768 -0.0000
vn -0.6795 -0.7337 -0.0000
vn -0.6298 -0.7768 -0.0000
vn -0.7243 -0.6895 -0.0000
vn -0.7452 -0.6669 -0.0000
vn 0.7084 0.7058 -0.0000
vn 0.7354 0.6777 -0.0000
vn 0.6504 0.7596 -0.0000
vn 0.5872 0.8094 -0.0000
vn 0.5199 0.8542 -0.0000
vn 0.4500 0.8930 -0.0000
vn 0.3790 0.9254 -0.0000
vn 0.3085 0.9512 -0.0000
vn 0.2398 0.9708 -0.0000
vn 0.1740 0.9847 -0.0000
vn 0.1120 0.9937 -0.0000
vn 0.0541 0.9985 -0.0000
vn -0.0085 1.0000 -0.0000
vn -0.0893 0.9960 -0.0000
vn -0.1859 0.9826 -0.0000
vn -0.2909 0.9568 -0.0000
vn -0.4033 0.9150 -0.0000
vn -0.5207 0.8538 -0.0000
vn -0.4034 0.9150 -0.0000
vn -0.6378 0.7702 -0.0000
vn -0.7476 0.6642 -0.0000
vn -0.8423 0.5390 -0.0000
vn -0.9158 0.4017 -0.0000
vn -0.9653 0.2612 -0.0000
vn -0.9921 0.1258 -0.0000
vn -0.9995 0.0301 -0.0000
vn -0.9999 0.0155 -0.0000
vn -0.9977 0.0671 -0.0000
vn -0.9891 0.1470 -0.0000
vn -0.9978 0.0670 -0.0000
vn -0.9698 0.2438 -0.0000
vn -0.9336 0.3582 -0.0000
vn -0.8733 0.4872 -0.0000
vn -0.9337 0.3582 -0.0000
vn -0.7826 0.6225 -0.0000
vn -0.6611 0.7503 -0.0000
vn -0.7826 0.6226 -0.0000
vn -0.5178 0.8555 -0.0000
vn -0.6612 0.7502 -0.0000
vn -0.3682 0.9297 -0.0000
vn -0.5179 0.8555 -0.0000
vn -0.2272 0.9738 -0.0000
vn -0.3681 0.9298 -0.0000
vn -0.1044 0.9945 -0.0000
vn 0.0140 0.9999 -0.0000
vn -0.1045 0.9945 -0.0000
vn 0.1352 0.9908 -0.0000
vn 0.2368 0.9716 -0.0000
vn 0.3115 0.9502 -0.0000
vn 0.3689 0.9295 -0.0000
vn 0.4145 0.9100 -0.0000
vn 0.4521 0.8920 -0.0000
vn 0.4840 0.8751 -0.0000
vn 0.5118 0.8591 -0.0000
vn 0.5367 0.8438 -0.0000
vn 0.5119 0.8591 -0.0000
vn 0.5593 0.8290 -0.0000
vn 0.5802 0.8144 -0.0000
vn 0.5903 0.8072 -0.0000
vn 0.5802 0.8145 -0.0000
vn -0.5456 -0.8381 -0.0000
vn -0.3536 -0.9354 -0.0000
vn -0.3352 -0.9422 -0.0000
vn -0.3352 -0.9421 -0.0000
vn -0.3812 -0.9245 -0.0000
vn -0.4196 -0.9077 -0.0000
vn -0.4705 -0.8824 -0.0000
vn -0.5358 -0.8443 -0.0000
vn -0.6169 -0.7870 -0.0000
vn -0.7126 -0.7016 -0.0000
vn -0.8158 -0.5784 -0.0000
vn -0.9110 -0.4124 -0.0000
vn -0.9772 -0.2122 -0.0000
vn -0.9998 -0.0221 -0.0000
vn -0.9922 0.1244 -0.0000
vn -0.9998 -0.0220 -0.0000
vn -0.9680 0.2511 -0.0000
vn -0.9922 0.1243 -0.0000
vn -0.9262 0.3771 -0.0000
vn -0.9680 0.2510 -0.0000
vn -0.8667 0.4988 -0.0000
vn -0.7905 0.6125 -0.0000
vn -0.6993 0.7148 -0.0000
vn -0.5957 0.8032 -0.0000
vn -0.4827 0.8758 -0.0000
vn -0.3635 0.9316 -0.0000
vn -0.2415 0.9704 -0.0000
vn -0.1196 0.9928 -0.0000
vn -0.0087 1.0000 -0.0000
vn 0.0825 0.9966 -0.0000
vn 0.1630 0.9866 -0.0000
vn 0.2399 0.9708 -0.0000
vn 0.3121 0.9500 -0.0000
vn 0.3788 0.9255 -0.0000
vn 0.4397 0.8981 -0.0000
vn 0.4947 0.8691 -0.0000
vn 0.5439 0.8391 -0.0000
vn 0.5878 0.8090 -0.0000
vn 0.6267 0.7793 -0.0000
vn 0.6611 0.7503 -0.0000
vn 0.6772 0.7358 -0.0000
vn -0.3281 -0.9446 -0.0000
vn 0.5282 -0.8491 -0.0000
vn 0.4618 -0.8870 -0.0000
vn 0.4207 -0.9072 -0.0000
vn 0.3743 -0.9273 -0.0000
vn 0.3231 -0.9464 -0.0000
vn 0.2682 -0.9634 -0.0000
vn 0.2111 -0.9775 -0.0000
vn 0.1538 -0.9881 -0.0000
vn 0.0983 -0.9952 -0.0000
vn 0.0469 -0.9989 -0.0000
vn -0.0205 -0.9998 -0.0000
vn -0.1294 -0.9916 -0.0000
vn -0.2622 -0.9650 -0.0000
vn -0.3945 -0.9189 -0.0000
vn -0.5216 -0.8532 -0.0000
vn -0.6383 -0.7698 -0.0000
vn -0.7407 -0.6718 -0.0000
vn -0.8262 -0.5634 -0.0000
vn -0.8935 -0.4490 -0.0000
vn -0.9431 -0.3326 -0.0000
vn -0.9760 -0.2176 -0.0000
vn -0.9943 -0.1064 -0.0000
vn -1.0000 0.0015 -0.0000
vn -0.9935 0.1135 -0.0000
vn -0.9722 0.2343 -0.0000
vn -0.9328 0.3604 -0.0000
vn -0.8733 0.4871 -0.0000
vn -0.7935 0.6086 -0.0000
vn -0.6953 0.7187 -0.0000
vn -0.5833 0.8123 -0.0000
vn -0.4631 0.8863 -0.0000
vn -0.3407 0.9402 -0.0000
vn -0.2208 0.9753 -0.0000
vn -0.1069 0.9943 -0.0000
vn -0.0149 0.9999 -0.0000
vn 0.0441 0.9990 -0.0000
vn 0.0881 0.9961 -0.0000
vn 0.1313 0.9913 -0.0000
vn 0.1730 0.9849 -0.0000
vn 0.2126 0.9771 -0.0000
vn 0.2495 0.9684 -0.0000
vn 0.2835 0.9590 -0.0000
vn 0.3142 0.9493 -0.0000
vn 0.3418 0.9398 -0.0000
vn 0.3661 0.9306 -0.0000
vn 0.3874 0.9219 -0.0000
vn 0.3973 0.9177 -0.0000
vn -0.3705 -0.9288 -0.0000
vn -0.3260 -0.9454 -0.0000
vn -0.2883 -0.9575 -0.0000
vn -0.2550 -0.9669 -0.0000
vn -0.2243 -0.9745 -0.0000
vn -0.1952 -0.9808 -0.0000
vn -0.1665 -0.9860 -0.0000
vn -0.1375 -0.9905 -0.0000
vn -0.1072 -0.9942 -0.0000
vn -0.0748 -0.9972 -0.0000
vn -0.0392 -0.9992 -0.0000
vn 0.0189 -0.9998 -0.0000
vn 0.1188 -0.9929 -0.0000
vn 0.2407 -0.9706 -0.0000
vn 0.3636 -0.9316 -0.0000
vn 0.4839 -0.8751 -0.0000
vn 0.5982 -0.8013 -0.0000
vn 0.7027 -0.7115 -0.0000
vn 0.7941 -0.6077 -0.0000
vn 0.8699 -0.4932 -0.0000
vn 0.7942 -0.6077 -0.0000
vn 0.9284 -0.3715 -0.0000
vn 0.9691 -0.2465 -0.0000
vn 0.9926 -0.1218 -0.0000
vn 1.0000 -0.0053 -0.0000
vn 0.9948 0.1020 -0.0000
vn 0.9775 0.2109 -0.0000
vn 0.9453 0.3262 -0.0000
vn 0.8955 0.4451 -0.0000
vn 0.8261 0.5635 -0.0000
vn 0.7368 0.6761 -0.0000
vn 0.6296 0.7769 -0.0000
vn 0.5085 0.8611 -0.0000
vn 0.3794 0.9253 -0.0000
vn 0.2484 0.9687 -0.0000
vn 0.1210 0.9927 -0.0000
vn 0.0196 0.9998 -0.0000
vn -0.0400 0.9992 -0.0000
vn -0.0819 0.9966 -0.0000
vn -0.1252 0.9921 -0.0000
vn -0.1687 0.9857 -0.0000
vn -0.2113 0.9774 -0.0000
vn -0.2517 0.9678 -0.0000
vn -0.2888 0.9574 -0.0000
vn -0.3217 0.9468 -0.0000
vn -0.3499 0.9368 -0.0000
vn -0.3729 0.9279 -0.0000
vn -0.3907 0.9205 -0.0000
vn -0.3982 0.9173 -0.0000
vn 0.5422 -0.8402 -0.0000
vn -0.4869 -0.8735 -0.0000
vn -0.5233 -0.8522 -0.0000
vn -0.4449 -0.8956 -0.0000
vn -0.3980 -0.9174 -0.0000
vn -0.3470 -0.9379 -0.0000
vn -0.2934 -0.9560 -0.0000
vn -0.2388 -0.9711 -0.0000
vn -0.1848 -0.9828 -0.0000
vn -0.1330 -0.9911 -0.0000
vn -0.0845 -0.9964 -0.0000
vn -0.0403 -0.9992 -0.0000
vn 0.0250 -0.9997 -0.0000
vn 0.1412 -0.9900 -0.0000
vn 0.2852 -0.9585 -0.0000
vn 0.4256 -0.9049 -0.0000
vn 0.5557 -0.8314 -0.0000
vn 0.6701 -0.7422 -0.0000
vn 0.7664 -0.6424 -0.0000
vn 0.8438 -0.5366 -0.0000
vn 0.9036 -0.4283 -0.0000
vn 0.9475 -0.3198 -0.0000
vn 0.9773 -0.2121 -0.0000
vn 0.9944 -0.1055 -0.0000
vn 1.0000 0.0004 -0.0000
vn 0.9940 0.1091 -0.0000
vn 0.9749 0.2227 -0.0000
vn 0.9406 0.3396 -0.0000
vn 0.8894 0.4571 -0.0000
vn 0.8205 0.5717 -0.0000
vn 0.7339 0.6793 -0.0000
vn 0.6309 0.7758 -0.0000
vn 0.5145 0.8575 -0.0000
vn 0.3887 0.9214 -0.0000
vn 0.2581 0.9661 -0.0000
vn 0.1274 0.9919 -0.0000
vn 0.0020 1.0000 -0.0000
vn -0.1222 0.9925 -0.0000
vn -0.2545 0.9671 -0.0000
vn -0.3939 0.9192 -0.0000
vn -0.5325 0.8465 -0.0000
vn -0.6607 0.7506 -0.0000
vn -0.7703 0.6377 -0.0000
vn -0.8564 0.5163 -0.0000
vn -0.9186 0.3951 -0.0000
vn -0.9599 0.2805 -0.0000
vn -0.9844 0.1760 -0.0000
vn -0.9966 0.0830 -0.0000
vn -0.9992 0.0393 -0.0000
vn -0.9706 0.2406 -0.0000
vn -0.9806 0.1961 -0.0000
vn -0.9427 0.3338 -0.0000
vn -0.9005 0.4348 -0.0000
vn -0.8413 0.5406 -0.0000
vn -0.7633 0.6461 -0.0000
vn -0.6671 0.7449 -0.0000
vn -0.5566 0.8308 -0.0000
vn -0.4378 0.8991 -0.0000
vn -0.3177 0.9482 -0.0000
vn -0.0965 0.9953 -0.0000
vn -0.0077 1.0000 -0.0000
vn 0.0612 0.9981 -0.0000
vn -0.0076 1.0000 -0.0000
vn 0.1212 0.9926 -0.0000
vn 0.1792 0.9838 -0.0000
vn 0.2344 0.9721 -0.0000
vn 0.2864 0.9581 -0.0000
vn 0.3347 0.9423 -0.0000
vn 0.3793 0.9253 -0.0000
vn 0.4201 0.9075 -0.0000
vn 0.4571 0.8894 -0.0000
vn 0.4904 0.8715 -0.0000
vn 0.5203 0.8540 -0.0000
vn 0.5343 0.8453 -0.0000
vn 0.5202 0.8540 -0.0000
vn -0.5400 -0.8417 -0.0000
vn 0.9704 -0.2417 -0.0000
vn 0.9902 -0.1396 -0.0000
vn 0.9367 -0.3501 -0.0000
vn 0.9703 -0.2417 -0.0000
vn 0.8866 -0.4625 -0.0000
vn 0.8179 -0.5753 -0.0000
vn 0.7300 -0.6835 -0.0000
vn 0.6242 -0.7812 -0.0000
vn 0.5044 -0.8634 -0.0000
vn 0.3763 -0.9265 -0.0000
vn 0.5045 -0.8634 -0.0000
vn 0.2462 -0.9692 -0.0000
vn 0.1198 -0.9928 -0.0000
vn 0.0038 -1.0000 -0.0000
vn -0.1048 -0.9945 -0.0000
vn -0.2179 -0.9760 -0.0000
vn -0.3375 -0.9413 -0.0000
vn -0.4587 -0.8886 -0.0000
vn -0.5754 -0.8179 -0.0000
vn -0.6814 -0.7319 -0.0000
vn -0.7721 -0.6355 -0.0000
vn -0.8452 -0.5345 -0.0000
vn -0.7721 -0.6356 -0.0000
vn -0.9009 -0.4340 -0.0000
vn -0.9411 -0.3381 -0.0000
vn -0.9009 -0.4341 -0.0000
vn -0.9685 -0.2490 -0.0000
vn -0.9785 -0.2062 -0.0000
vn -0.5536 0.8328 -0.0000
vn -0.3946 -0.9189 -0.0000
vt 0.225676 0.393666
vt 0.208161 0.439433
vt 0.208161 0.393666
vt 0.225676 0.439433
vt 0.864734 0.802053
vt 0.871049 0.798479
vt 0.868245 0.800745
vt 0.873459 0.796067
vt 0.861279 0.802978
vt 0.875440 0.793462
vt 0.857852 0.803432
vt 0.876973 0.790654
vt 0.854471 0.803412
vt 0.878044 0.787644
vt 0.851164 0.802924
vt 0.878641 0.784440
vt 0.847958 0.801977
vt 0.878755 0.781050
vt 0.845344 0.800579
vt 0.863190 0.790560
vt 0.863750 0.790103
vt 0.864686 0.789501
vt 0.861771 0.790960
vt 0.865959 0.788336
vt 0.859802 0.791545
vt 0.867019 0.787064
vt 0.879144 0.777412
vt 0.857846 0.791864
vt 0.841781 0.798913
vt 0.867942 0.785700
vt 0.855899 0.791940
vt 0.868653 0.784238
vt 0.853978 0.791758
vt 0.869157 0.782681
vt 0.852089 0.791322
vt 0.869453 0.781038
vt 0.838418 0.796668
vt 0.879031 0.773396
vt 0.850226 0.790649
vt 0.869594 0.779316
vt 0.848409 0.789730
vt 0.869512 0.777522
vt 0.835314 0.793852
vt 0.878250 0.768981
vt 0.846633 0.788576
vt 0.869250 0.775657
vt 0.844920 0.787188
vt 0.868753 0.773744
vt 0.832562 0.790488
vt 0.843258 0.785578
vt 0.876682 0.764263
vt 0.868051 0.771775
vt 0.830029 0.786848
vt 0.874492 0.759413
vt 0.827195 0.783934
vt 0.839055 0.777841
vt 0.837974 0.773522
vt 0.824134 0.780317
vt 0.836874 0.769108
vt 0.835766 0.764581
vt 0.820917 0.775879
vt 0.834902 0.759964
vt 0.817866 0.770769
vt 0.834369 0.755259
vt 0.875385 0.697155
vt 0.860619 0.682420
vt 0.879144 0.695618
vt 0.834123 0.750499
vt 0.871759 0.698779
vt 0.868271 0.700496
vt 0.815088 0.764856
vt 0.834370 0.745664
vt 0.864922 0.702311
vt 0.861714 0.704233
vt 0.835051 0.740800
vt 0.858650 0.706265
vt 0.836236 0.735924
vt 0.855732 0.708416
vt 0.812786 0.758083
vt 0.852963 0.710690
vt 0.838048 0.731013
vt 0.850344 0.713094
vt 0.840432 0.726087
vt 0.847879 0.715635
vt 0.845570 0.718318
vt 0.843418 0.721150
vt 0.811259 0.750495
vt 0.856701 0.683773
vt 0.810810 0.742726
vt 0.852955 0.685236
vt 0.849363 0.686823
vt 0.811505 0.734834
vt 0.845908 0.688569
vt 0.842571 0.690485
vt 0.813414 0.726880
vt 0.839337 0.692609
vt 0.836186 0.694948
vt 0.816605 0.718913
vt 0.833104 0.697549
vt 0.830068 0.700408
vt 0.827057 0.703547
vt 0.821079 0.710854
vt 0.824073 0.707038
vt 0.724391 0.909551
vt 0.724442 0.900957
vt 0.724563 0.903339
vt 0.724234 0.898695
vt 0.723942 0.896536
vt 0.723495 0.915369
vt 0.723568 0.894465
vt 0.723115 0.892463
vt 0.722586 0.890516
vt 0.721901 0.920769
vt 0.721984 0.888607
vt 0.721311 0.886718
vt 0.720570 0.884835
vt 0.719633 0.925727
vt 0.719763 0.882939
vt 0.718895 0.881016
vt 0.717967 0.879048
vt 0.716717 0.930219
vt 0.708143 0.895530
vt 0.707641 0.893739
vt 0.707013 0.891918
vt 0.706251 0.890055
vt 0.705345 0.888135
vt 0.704284 0.886144
vt 0.703060 0.884068
vt 0.701663 0.881892
vt 0.700083 0.879603
vt 0.713179 0.934219
vt 0.708810 0.899082
vt 0.708529 0.897307
vt 0.709044 0.937704
vt 0.709091 0.902689
vt 0.708994 0.900872
vt 0.708970 0.906407
vt 0.708385 0.909923
vt 0.707354 0.913216
vt 0.704337 0.940649
vt 0.705897 0.916265
vt 0.704035 0.919049
vt 0.701786 0.921547
vt 0.699085 0.943030
vt 0.699170 0.923739
vt 0.696207 0.925603
vt 0.693311 0.944823
vt 0.692917 0.927119
vt 0.689319 0.928266
vt 0.687042 0.946003
vt 0.685432 0.929023
vt 0.680303 0.946546
vt 0.681277 0.929368
vt 0.677041 0.929267
vt 0.674239 0.946371
vt 0.673092 0.928704
vt 0.668493 0.945484
vt 0.669446 0.927698
vt 0.666113 0.926266
vt 0.663104 0.943918
vt 0.663109 0.924425
vt 0.660445 0.922195
vt 0.658106 0.941708
vt 0.658134 0.919592
vt 0.656454 0.881159
vt 0.640725 0.879562
vt 0.657291 0.879048
vt 0.656190 0.916636
vt 0.655693 0.883205
vt 0.653538 0.938888
vt 0.655009 0.885192
vt 0.654626 0.913343
vt 0.654402 0.887128
vt 0.653871 0.889020
vt 0.653419 0.890874
vt 0.653454 0.909731
vt 0.653043 0.892699
vt 0.652746 0.894501
vt 0.652687 0.905819
vt 0.652527 0.896287
vt 0.652386 0.898065
vt 0.652339 0.901625
vt 0.652323 0.899842
vt 0.649434 0.935492
vt 0.645832 0.931554
vt 0.642767 0.927109
vt 0.640276 0.922191
vt 0.640122 0.881096
vt 0.639547 0.882817
vt 0.639006 0.884700
vt 0.638396 0.916834
vt 0.638505 0.886722
vt 0.638049 0.888857
vt 0.637644 0.891081
vt 0.637296 0.893371
vt 0.637164 0.911072
vt 0.637011 0.895701
vt 0.636794 0.898048
vt 0.636652 0.900386
vt 0.636614 0.904940
vt 0.636590 0.902691
vt 0.841481 0.600225
vt 0.848683 0.600114
vt 0.844479 0.600300
vt 0.838608 0.599991
vt 0.852703 0.599561
vt 0.835857 0.599600
vt 0.833227 0.599049
vt 0.856504 0.598634
vt 0.830718 0.598339
vt 0.860051 0.597327
vt 0.828327 0.597468
vt 0.826055 0.596437
vt 0.863311 0.595633
vt 0.823898 0.595243
vt 0.866247 0.593545
vt 0.821856 0.593888
vt 0.819928 0.592369
vt 0.868826 0.591058
vt 0.818112 0.590687
vt 0.871013 0.588165
vt 0.816407 0.588841
vt 0.816389 0.570574
vt 0.818442 0.572863
vt 0.820545 0.574937
vt 0.822692 0.576797
vt 0.824878 0.578447
vt 0.827098 0.579890
vt 0.829347 0.581130
vt 0.831619 0.582170
vt 0.833908 0.583013
vt 0.836211 0.583662
vt 0.838522 0.584122
vt 0.840837 0.584372
vt 0.843147 0.584462
vt 0.872776 0.584860
vt 0.845584 0.584370
vt 0.874078 0.581135
vt 0.847807 0.584081
vt 0.849820 0.583609
vt 0.851621 0.582938
vt 0.853210 0.582059
vt 0.854587 0.580967
vt 0.874885 0.576984
vt 0.855752 0.579656
vt 0.856706 0.578118
vt 0.857448 0.576348
vt 0.875162 0.572400
vt 0.857978 0.574338
vt 0.858296 0.572082
vt 0.875166 0.528897
vt 0.858402 0.569574
vt 0.858402 0.565054
vt 0.843525 0.559780
vt 0.858403 0.555826
vt 0.840110 0.558545
vt 0.836683 0.557262
vt 0.833303 0.555892
vt 0.830029 0.554394
vt 0.854870 0.554599
vt 0.858405 0.531156
vt 0.851452 0.553354
vt 0.826920 0.552729
vt 0.848187 0.552074
vt 0.824034 0.550857
vt 0.845109 0.550741
vt 0.821431 0.548737
vt 0.842256 0.549337
vt 0.839665 0.547845
vt 0.819169 0.546331
vt 0.837372 0.546247
vt 0.817308 0.543597
vt 0.835414 0.544525
vt 0.833827 0.542662
vt 0.815905 0.540497
vt 0.832649 0.540641
vt 0.831915 0.538442
vt 0.815021 0.536990
vt 0.831662 0.536050
vt 0.814713 0.533036
vt 0.831766 0.534353
vt 0.832071 0.532752
vt 0.814883 0.530334
vt 0.832566 0.531257
vt 0.833239 0.529877
vt 0.857267 0.530108
vt 0.815384 0.527709
vt 0.856114 0.529135
vt 0.834079 0.528623
vt 0.854945 0.528239
vt 0.886287 0.528399
vt 0.887220 0.518912
vt 0.887220 0.529082
vt 0.875190 0.528140
vt 0.835076 0.527505
vt 0.885374 0.527766
vt 0.853760 0.527423
vt 0.875260 0.527465
vt 0.884486 0.527184
vt 0.816202 0.525192
vt 0.836218 0.526532
vt 0.875376 0.526870
vt 0.852559 0.526691
vt 0.883628 0.526654
vt 0.875536 0.526352
vt 0.851343 0.526046
vt 0.882803 0.526180
vt 0.837494 0.525713
vt 0.875742 0.525907
vt 0.882017 0.525762
vt 0.850111 0.525492
vt 0.875991 0.525531
vt 0.881275 0.525404
vt 0.838893 0.525060
vt 0.876283 0.525223
vt 0.848863 0.525030
vt 0.880580 0.525106
vt 0.876618 0.524978
vt 0.817322 0.522811
vt 0.879937 0.524871
vt 0.840403 0.524581
vt 0.847600 0.524666
vt 0.876994 0.524793
vt 0.879351 0.524701
vt 0.877412 0.524665
vt 0.878827 0.524597
vt 0.846321 0.524401
vt 0.877870 0.524591
vt 0.878368 0.524562
vt 0.842015 0.524286
vt 0.845026 0.524240
vt 0.843716 0.524186
vt 0.858217 0.520984
vt 0.818729 0.520598
vt 0.856373 0.519587
vt 0.858645 0.519548
vt 0.820410 0.518582
vt 0.854515 0.518315
vt 0.859179 0.518250
vt 0.885380 0.517714
vt 0.822350 0.516795
vt 0.852644 0.517167
vt 0.859821 0.517088
vt 0.883705 0.516658
vt 0.850761 0.516143
vt 0.860575 0.516060
vt 0.824534 0.515264
vt 0.882173 0.515737
vt 0.848867 0.515242
vt 0.861444 0.515162
vt 0.880761 0.514943
vt 0.826949 0.514022
vt 0.846965 0.514463
vt 0.862431 0.514393
vt 0.879445 0.514270
vt 0.845054 0.513806
vt 0.863540 0.513749
vt 0.878204 0.513710
vt 0.829579 0.513097
vt 0.843137 0.513269
vt 0.864774 0.513228
vt 0.877013 0.513255
vt 0.841215 0.512853
vt 0.875850 0.512900
vt 0.866136 0.512827
vt 0.832411 0.512520
vt 0.874693 0.512636
vt 0.839288 0.512557
vt 0.867629 0.512544
vt 0.873518 0.512456
vt 0.837360 0.512380
vt 0.869257 0.512376
vt 0.835429 0.512321
vt 0.872302 0.512353
vt 0.871023 0.512321
vt 0.700347 0.512321
vt 0.717082 0.625207
vt 0.700351 0.640251
vt 0.729311 0.640251
vt 0.736725 0.639944
vt 0.743545 0.639018
vt 0.749759 0.637482
vt 0.755360 0.635343
vt 0.760336 0.632608
vt 0.764681 0.629285
vt 0.768383 0.625383
vt 0.732335 0.625153
vt 0.736673 0.624946
vt 0.771444 0.620900
vt 0.717087 0.572820
vt 0.740673 0.624333
vt 0.744297 0.623315
vt 0.747543 0.621901
vt 0.750412 0.620103
vt 0.773844 0.615849
vt 0.752901 0.617927
vt 0.755011 0.615386
vt 0.775575 0.610239
vt 0.756740 0.612489
vt 0.758088 0.609244
vt 0.776624 0.604077
vt 0.759053 0.605663
vt 0.759636 0.601756
vt 0.776984 0.597373
vt 0.759835 0.597532
vt 0.759610 0.593529
vt 0.776627 0.591174
vt 0.758936 0.589733
vt 0.775560 0.585324
vt 0.757840 0.586171
vt 0.756345 0.582869
vt 0.773820 0.579860
vt 0.754474 0.579855
vt 0.752254 0.577155
vt 0.771444 0.574818
vt 0.749707 0.574796
vt 0.768472 0.570233
vt 0.746858 0.572806
vt 0.718369 0.572232
vt 0.743731 0.571210
vt 0.719664 0.571692
vt 0.720972 0.571200
vt 0.717102 0.557744
vt 0.722288 0.570758
vt 0.740351 0.570036
vt 0.723612 0.570365
vt 0.724942 0.570023
vt 0.764939 0.566143
vt 0.736741 0.569311
vt 0.726276 0.569732
vt 0.727610 0.569492
vt 0.728944 0.569304
vt 0.732926 0.569062
vt 0.730276 0.569170
vt 0.731604 0.569089
vt 0.760882 0.562583
vt 0.756340 0.559588
vt 0.751351 0.557196
vt 0.717119 0.512327
vt 0.718678 0.557117
vt 0.745950 0.555441
vt 0.720204 0.556551
vt 0.721688 0.556046
vt 0.723134 0.555599
vt 0.724549 0.555210
vt 0.740176 0.554359
vt 0.725938 0.554877
vt 0.727307 0.554599
vt 0.728663 0.554375
vt 0.730011 0.554203
vt 0.734065 0.553988
vt 0.731356 0.554082
vt 0.732706 0.554011
vt 0.409716 0.815176
vt 0.409859 0.807014
vt 0.409943 0.809461
vt 0.409650 0.804570
vt 0.409315 0.802133
vt 0.408950 0.820532
vt 0.408855 0.799704
vt 0.408269 0.797287
vt 0.407663 0.825505
vt 0.407558 0.794885
vt 0.406722 0.792499
vt 0.405877 0.830067
vt 0.405760 0.790132
vt 0.404673 0.787787
vt 0.403611 0.834195
vt 0.403460 0.785467
vt 0.402122 0.783175
vt 0.400885 0.837861
vt 0.400659 0.780912
vt 0.392139 0.801884
vt 0.391400 0.799424
vt 0.390460 0.796914
vt 0.389303 0.794358
vt 0.387916 0.791763
vt 0.386282 0.789133
vt 0.384387 0.786474
vt 0.382216 0.783791
vt 0.379754 0.781090
vt 0.397720 0.841041
vt 0.393064 0.806632
vt 0.392682 0.804289
vt 0.394136 0.843709
vt 0.393375 0.811111
vt 0.393290 0.808907
vt 0.390152 0.845839
vt 0.393273 0.814005
vt 0.392922 0.816742
vt 0.392335 0.819304
vt 0.391522 0.821675
vt 0.390495 0.823835
vt 0.389266 0.825767
vt 0.385788 0.847406
vt 0.387847 0.827454
vt 0.386248 0.828878
vt 0.384483 0.830021
vt 0.381064 0.848383
vt 0.382562 0.830865
vt 0.380497 0.831392
vt 0.376001 0.848745
vt 0.378299 0.831585
vt 0.372605 0.830542
vt 0.367826 0.847723
vt 0.367707 0.827562
vt 0.363380 0.823034
vt 0.360782 0.844763
vt 0.359395 0.817346
vt 0.354679 0.840250
vt 0.355526 0.810885
vt 0.351547 0.804039
vt 0.349327 0.834574
vt 0.347230 0.797196
vt 0.344536 0.828121
vt 0.342349 0.790744
vt 0.340115 0.821279
vt 0.336678 0.785070
vt 0.335875 0.814435
vt 0.329988 0.780563
vt 0.331626 0.807978
vt 0.327176 0.802293
vt 0.322054 0.777610
vt 0.322337 0.797770
vt 0.316917 0.794795
vt 0.312648 0.776600
vt 0.310727 0.793756
vt 0.290304 0.848745
vt 0.310737 0.846161
vt 0.313657 0.848539
vt 0.307732 0.776955
vt 0.308906 0.793910
vt 0.308048 0.843684
vt 0.307047 0.794343
vt 0.303081 0.777910
vt 0.305593 0.841115
vt 0.305188 0.795059
vt 0.303377 0.838459
vt 0.303367 0.796060
vt 0.301621 0.797352
vt 0.298726 0.779430
vt 0.301403 0.835723
vt 0.299990 0.798936
vt 0.299676 0.832912
vt 0.298510 0.800817
vt 0.298200 0.830032
vt 0.294700 0.781480
vt 0.297219 0.802999
vt 0.296978 0.827089
vt 0.296157 0.805485
vt 0.296014 0.824089
vt 0.295360 0.808279
vt 0.295313 0.821037
vt 0.294866 0.811384
vt 0.294878 0.817940
vt 0.291034 0.784027
vt 0.294714 0.814804
vt 0.287760 0.787036
vt 0.288345 0.846065
vt 0.286565 0.843353
vt 0.284910 0.790474
vt 0.284961 0.840601
vt 0.282515 0.794304
vt 0.283532 0.837803
vt 0.282274 0.834951
vt 0.280607 0.798494
vt 0.281187 0.832038
vt 0.280268 0.829057
vt 0.279217 0.803009
vt 0.279515 0.826001
vt 0.278926 0.822862
vt 0.278379 0.807815
vt 0.278499 0.819633
vt 0.278232 0.816307
vt 0.278123 0.812878
vt 0.787717 0.018879
vt 0.804479 0.147321
vt 0.787717 0.147321
vt 0.804479 0.092329
vt 0.827740 0.105038
vt 0.834140 0.104899
vt 0.830092 0.105135
vt 0.825398 0.104749
vt 0.837981 0.104191
vt 0.823077 0.104273
vt 0.820787 0.103615
vt 0.841586 0.103008
vt 0.818539 0.102778
vt 0.844928 0.101348
vt 0.816344 0.101769
vt 0.814211 0.100590
vt 0.847980 0.099209
vt 0.812152 0.099248
vt 0.810176 0.097746
vt 0.850714 0.096590
vt 0.808294 0.096089
vt 0.853103 0.093488
vt 0.806517 0.094282
vt 0.804855 0.092329
vt 0.825572 0.091764
vt 0.855119 0.089901
vt 0.804479 0.079522
vt 0.806415 0.081622
vt 0.808278 0.083502
vt 0.810079 0.085169
vt 0.811831 0.086630
vt 0.813546 0.087892
vt 0.815237 0.088962
vt 0.816917 0.089848
vt 0.818597 0.090557
vt 0.820290 0.091096
vt 0.822008 0.091472
vt 0.823765 0.091692
vt 0.828032 0.091569
vt 0.830329 0.091081
vt 0.832451 0.090281
vt 0.834389 0.089182
vt 0.856739 0.085830
vt 0.836134 0.087798
vt 0.837676 0.086143
vt 0.839006 0.084227
vt 0.857932 0.081269
vt 0.840116 0.082066
vt 0.840996 0.079672
vt 0.858671 0.076218
vt 0.841637 0.077058
vt 0.804479 0.018879
vt 0.842029 0.074237
vt 0.858927 0.070674
vt 0.842164 0.071222
vt 0.842219 0.018864
vt 0.858981 0.018882
vt 0.558086 0.943686
vt 0.558306 0.937598
vt 0.558325 0.939580
vt 0.558193 0.935604
vt 0.557502 0.947520
vt 0.557985 0.933598
vt 0.557680 0.931576
vt 0.556581 0.951063
vt 0.557279 0.929537
vt 0.556781 0.927479
vt 0.555335 0.954299
vt 0.556185 0.925400
vt 0.555491 0.923298
vt 0.553775 0.957211
vt 0.554697 0.921171
vt 0.553804 0.919017
vt 0.551910 0.959783
vt 0.552811 0.916834
vt 0.551717 0.914621
vt 0.549753 0.961998
vt 0.542829 0.931961
vt 0.542330 0.929978
vt 0.541706 0.927920
vt 0.540953 0.925793
vt 0.540069 0.923605
vt 0.539049 0.921363
vt 0.537890 0.919073
vt 0.536590 0.916743
vt 0.535144 0.914381
vt 0.547313 0.963838
vt 0.543465 0.935670
vt 0.543206 0.933861
vt 0.544602 0.965287
vt 0.543609 0.937383
vt 0.541630 0.966328
vt 0.543550 0.940633
vt 0.543639 0.938991
vt 0.543336 0.942164
vt 0.543002 0.943579
vt 0.542557 0.944870
vt 0.542006 0.946032
vt 0.541357 0.947058
vt 0.538408 0.966945
vt 0.540615 0.947940
vt 0.539789 0.948674
vt 0.538883 0.949253
vt 0.537904 0.949669
vt 0.534946 0.967120
vt 0.536861 0.949917
vt 0.535758 0.949991
vt 0.534801 0.949857
vt 0.529593 0.966264
vt 0.533803 0.949475
vt 0.532755 0.948832
vt 0.531644 0.947915
vt 0.530459 0.946712
vt 0.529187 0.945210
vt 0.524874 0.964044
vt 0.527818 0.943397
vt 0.526340 0.941260
vt 0.524742 0.938786
vt 0.520708 0.960734
vt 0.523011 0.935963
vt 0.521136 0.932778
vt 0.519105 0.929219
vt 0.517015 0.956606
vt 0.516913 0.925885
vt 0.513714 0.951934
vt 0.514835 0.922908
vt 0.512850 0.920276
vt 0.510726 0.946992
vt 0.510938 0.917974
vt 0.507969 0.942054
vt 0.509075 0.915989
vt 0.507242 0.914309
vt 0.505363 0.937392
vt 0.505416 0.912918
vt 0.502827 0.933281
vt 0.503576 0.911805
vt 0.501701 0.910956
vt 0.500282 0.929994
vt 0.499769 0.910357
vt 0.497646 0.927804
vt 0.497760 0.909995
vt 0.494839 0.926985
vt 0.495651 0.909856
vt 0.477688 0.966859
vt 0.494005 0.964384
vt 0.495767 0.967120
vt 0.492033 0.910047
vt 0.493389 0.927079
vt 0.492406 0.961698
vt 0.492055 0.927395
vt 0.490968 0.959069
vt 0.490834 0.927916
vt 0.488630 0.910708
vt 0.489690 0.956505
vt 0.489729 0.928628
vt 0.488571 0.954014
vt 0.488739 0.929513
vt 0.487609 0.951603
vt 0.487865 0.930558
vt 0.485460 0.911813
vt 0.486802 0.949282
vt 0.487106 0.931745
vt 0.486463 0.933060
vt 0.486150 0.947056
vt 0.485936 0.934486
vt 0.485650 0.944935
vt 0.485526 0.936007
vt 0.485302 0.942926
vt 0.485232 0.937610
vt 0.485104 0.941037
vt 0.485055 0.939276
vt 0.482541 0.913337
vt 0.479891 0.915251
vt 0.477528 0.917529
vt 0.476388 0.964165
vt 0.475471 0.920146
vt 0.475230 0.961573
vt 0.474210 0.959065
vt 0.473736 0.923074
vt 0.473322 0.956624
vt 0.472561 0.954233
vt 0.472343 0.926287
vt 0.471924 0.951872
vt 0.471309 0.929758
vt 0.471403 0.949524
vt 0.470995 0.947173
vt 0.470652 0.933461
vt 0.470695 0.944799
vt 0.470498 0.942386
vt 0.470390 0.937369
vt 0.470398 0.939915
vt 0.844523 0.912166
vt 0.897071 0.895404
vt 0.897071 0.912166
vt 0.843393 0.895404
vt 0.836613 0.857924
vt 0.897071 0.841161
vt 0.897071 0.857924
vt 0.812505 0.841161
vt 0.839350 0.911919
vt 0.840534 0.895282
vt 0.837892 0.894918
vt 0.834571 0.911194
vt 0.835474 0.894312
vt 0.834758 0.859324
vt 0.833286 0.893465
vt 0.833053 0.860790
vt 0.830198 0.910015
vt 0.831333 0.892376
vt 0.831501 0.862317
vt 0.830105 0.863902
vt 0.829621 0.891048
vt 0.826240 0.908406
vt 0.828865 0.865539
vt 0.828156 0.889481
vt 0.827785 0.867223
vt 0.823241 0.857924
vt 0.826945 0.887675
vt 0.826865 0.868951
vt 0.825992 0.885631
vt 0.826108 0.870717
vt 0.822709 0.906392
vt 0.825516 0.872517
vt 0.825305 0.883349
vt 0.825090 0.874347
vt 0.824888 0.880831
vt 0.824834 0.876202
vt 0.824748 0.878076
vt 0.821414 0.859722
vt 0.812505 0.857924
vt 0.819615 0.903997
vt 0.819704 0.861623
vt 0.818120 0.863612
vt 0.816968 0.901245
vt 0.816670 0.865674
vt 0.814779 0.898159
vt 0.815360 0.867793
vt 0.814200 0.869954
vt 0.813059 0.894765
vt 0.813197 0.872143
vt 0.812359 0.874344
vt 0.811816 0.891087
vt 0.811693 0.876543
vt 0.811063 0.887148
vt 0.811208 0.878724
vt 0.810911 0.880873
vt 0.810810 0.882973
vt 0.018864 0.760865
vt 0.130763 0.742409
vt 0.147335 0.760865
vt 0.147327 0.720756
vt 0.146988 0.714059
vt 0.146004 0.707990
vt 0.144418 0.702540
vt 0.142275 0.697699
vt 0.139620 0.693460
vt 0.136498 0.689814
vt 0.132951 0.686752
vt 0.130760 0.720750
vt 0.129033 0.684270
vt 0.091004 0.742408
vt 0.130512 0.716801
vt 0.129926 0.713320
vt 0.128992 0.710276
vt 0.124771 0.682344
vt 0.127747 0.707651
vt 0.126229 0.705419
vt 0.124477 0.703558
vt 0.120219 0.680978
vt 0.122528 0.702045
vt 0.120420 0.700858
vt 0.118191 0.699974
vt 0.115420 0.680163
vt 0.115880 0.699371
vt 0.113524 0.699025
vt 0.110420 0.679892
vt 0.111161 0.698914
vt 0.108075 0.699095
vt 0.105477 0.680173
vt 0.105222 0.699630
vt 0.100754 0.681029
vt 0.102611 0.700508
vt 0.100246 0.701713
vt 0.096292 0.682470
vt 0.098134 0.703232
vt 0.096283 0.705052
vt 0.092131 0.684503
vt 0.094699 0.707158
vt 0.093388 0.709537
vt 0.092356 0.712175
vt 0.091611 0.715058
vt 0.088310 0.687138
vt 0.091159 0.718177
vt 0.091006 0.721507
vt 0.074431 0.742407
vt 0.084869 0.690383
vt 0.081848 0.694249
vt 0.079287 0.698744
vt 0.077224 0.703877
vt 0.075702 0.709657
vt 0.074758 0.716095
vt 0.074434 0.723198
vt 0.018865 0.742406
vt 0.185064 0.679892
vt 0.230832 0.697408
vt 0.185064 0.697408
vt 0.230832 0.679892
vt 0.185064 0.752652
vt 0.185064 0.735137
vt 0.230831 0.735137
vt 0.230831 0.752652
vt 0.059338 0.886950
vt 0.053676 0.887230
vt 0.048278 0.886824
vt 0.043246 0.885790
vt 0.064681 0.885982
vt 0.038603 0.884125
vt 0.069674 0.884354
vt 0.034371 0.881827
vt 0.074285 0.882096
vt 0.030570 0.878892
vt 0.078482 0.879238
vt 0.027223 0.875320
vt 0.082235 0.875812
vt 0.024350 0.871106
vt 0.085508 0.872123
vt 0.055448 0.872957
vt 0.058375 0.872810
vt 0.052388 0.872778
vt 0.061019 0.872334
vt 0.049549 0.872264
vt 0.063520 0.871604
vt 0.046929 0.871420
vt 0.022062 0.865946
vt 0.065821 0.870594
vt 0.088364 0.867940
vt 0.044560 0.870245
vt 0.067943 0.869320
vt 0.042430 0.868772
vt 0.069865 0.867770
vt 0.040549 0.867015
vt 0.071591 0.865947
vt 0.038926 0.864989
vt 0.090768 0.863246
vt 0.020403 0.860173
vt 0.073134 0.863864
vt 0.037586 0.862697
vt 0.074479 0.861511
vt 0.036514 0.860169
vt 0.092659 0.858030
vt 0.019342 0.853844
vt 0.075635 0.858900
vt 0.035732 0.857413
vt 0.076587 0.856025
vt 0.035227 0.854453
vt 0.093975 0.852305
vt 0.077340 0.852894
vt 0.018864 0.846979
vt 0.035022 0.851301
vt 0.094560 0.846125
vt 0.018864 0.839522
vt 0.094521 0.840357
vt 0.078018 0.841870
vt 0.077366 0.837800
vt 0.093886 0.834683
vt 0.076417 0.834047
vt 0.075173 0.830615
vt 0.092659 0.829171
vt 0.073629 0.827506
vt 0.090843 0.823895
vt 0.071784 0.824726
vt 0.022659 0.821861
vt 0.020107 0.823283
vt 0.021013 0.806951
vt 0.069641 0.822276
vt 0.025199 0.820554
vt 0.027730 0.819366
vt 0.088441 0.818920
vt 0.067197 0.820160
vt 0.030254 0.818300
vt 0.032773 0.817361
vt 0.064454 0.818380
vt 0.035291 0.816553
vt 0.061412 0.816940
vt 0.037809 0.815879
vt 0.085455 0.814318
vt 0.040330 0.815345
vt 0.058070 0.815842
vt 0.042856 0.814954
vt 0.054429 0.815088
vt 0.045390 0.814710
vt 0.047935 0.814618
vt 0.050491 0.814681
vt 0.081886 0.810160
vt 0.023648 0.805453
vt 0.077743 0.806531
vt 0.026258 0.804103
vt 0.028862 0.802901
vt 0.073032 0.803503
vt 0.031482 0.801847
vt 0.034139 0.800940
vt 0.067760 0.801145
vt 0.036855 0.800181
vt 0.039650 0.799569
vt 0.061932 0.799528
vt 0.042545 0.799105
vt 0.045563 0.798788
vt 0.048723 0.798617
vt 0.055556 0.798718
vt 0.052047 0.798594
vt 0.865961 0.283458
vt 0.859749 0.283629
vt 0.857367 0.283509
vt 0.855105 0.283301
vt 0.852946 0.283009
vt 0.871779 0.282562
vt 0.850875 0.282635
vt 0.848874 0.282182
vt 0.846926 0.281653
vt 0.877180 0.280967
vt 0.845017 0.281050
vt 0.843129 0.280377
vt 0.841245 0.279636
vt 0.882137 0.278700
vt 0.839350 0.278830
vt 0.837426 0.277962
vt 0.835458 0.277033
vt 0.886629 0.275784
vt 0.851940 0.267209
vt 0.850149 0.266707
vt 0.848329 0.266080
vt 0.846466 0.265318
vt 0.844546 0.264411
vt 0.842555 0.263351
vt 0.840478 0.262127
vt 0.838302 0.260730
vt 0.836013 0.259149
vt 0.890629 0.272246
vt 0.855493 0.267876
vt 0.853717 0.267596
vt 0.894114 0.268111
vt 0.859099 0.268158
vt 0.857282 0.268060
vt 0.862817 0.268037
vt 0.866333 0.267451
vt 0.869626 0.266421
vt 0.897059 0.263405
vt 0.872675 0.264964
vt 0.875459 0.263102
vt 0.877957 0.260853
vt 0.899440 0.258152
vt 0.880149 0.258237
vt 0.882013 0.255274
vt 0.901233 0.252378
vt 0.883529 0.251984
vt 0.884676 0.248386
vt 0.902413 0.246109
vt 0.885433 0.244499
vt 0.902956 0.239370
vt 0.885778 0.240344
vt 0.885677 0.236108
vt 0.902781 0.233306
vt 0.885115 0.232159
vt 0.901894 0.227560
vt 0.884108 0.228513
vt 0.882676 0.225180
vt 0.900328 0.222171
vt 0.880836 0.222176
vt 0.878605 0.219512
vt 0.898118 0.217174
vt 0.876003 0.217201
vt 0.837570 0.215520
vt 0.835458 0.216358
vt 0.835972 0.199791
vt 0.873046 0.215257
vt 0.839615 0.214760
vt 0.895298 0.212605
vt 0.841603 0.214075
vt 0.869753 0.213693
vt 0.843539 0.213468
vt 0.845430 0.212938
vt 0.847285 0.212485
vt 0.866142 0.212521
vt 0.849109 0.212110
vt 0.850911 0.211813
vt 0.862230 0.211754
vt 0.852697 0.211594
vt 0.854475 0.211452
vt 0.858035 0.211406
vt 0.856252 0.211390
vt 0.891902 0.208501
vt 0.887965 0.204898
vt 0.883520 0.201834
vt 0.878602 0.199343
vt 0.837506 0.199189
vt 0.839227 0.198614
vt 0.841111 0.198073
vt 0.873245 0.197463
vt 0.843132 0.197571
vt 0.845267 0.197115
vt 0.847492 0.196710
vt 0.849782 0.196363
vt 0.867483 0.196230
vt 0.852112 0.196078
vt 0.854458 0.195861
vt 0.856796 0.195719
vt 0.861350 0.195681
vt 0.859102 0.195657
vt 0.178075 0.886486
vt 0.175078 0.886561
vt 0.170877 0.886374
vt 0.180947 0.886254
vt 0.166859 0.885820
vt 0.183697 0.885863
vt 0.186325 0.885314
vt 0.163060 0.884893
vt 0.188834 0.884604
vt 0.159514 0.883585
vt 0.191223 0.883735
vt 0.193495 0.882704
vt 0.156257 0.881891
vt 0.195651 0.881512
vt 0.153322 0.879804
vt 0.197693 0.880158
vt 0.199620 0.878640
vt 0.150745 0.877317
vt 0.201436 0.876960
vt 0.148560 0.874424
vt 0.203140 0.875115
vt 0.203164 0.856856
vt 0.201111 0.859144
vt 0.199008 0.861216
vt 0.196862 0.863074
vt 0.194676 0.864723
vt 0.192457 0.866165
vt 0.190209 0.867404
vt 0.187938 0.868443
vt 0.185649 0.869285
vt 0.183347 0.869933
vt 0.181037 0.870392
vt 0.178723 0.870641
vt 0.176414 0.870731
vt 0.146799 0.871120
vt 0.173979 0.870638
vt 0.145499 0.867397
vt 0.171756 0.870349
vt 0.169745 0.869877
vt 0.167945 0.869205
vt 0.166357 0.868326
vt 0.164980 0.867235
vt 0.144693 0.863248
vt 0.163816 0.865923
vt 0.162863 0.864386
vt 0.162122 0.862616
vt 0.144417 0.858666
vt 0.161593 0.860607
vt 0.161276 0.858352
vt 0.144425 0.815183
vt 0.161171 0.855846
vt 0.161171 0.851328
vt 0.176046 0.846061
vt 0.161174 0.842103
vt 0.179461 0.844828
vt 0.182889 0.843547
vt 0.186269 0.842179
vt 0.189543 0.840682
vt 0.164705 0.840877
vt 0.161176 0.817443
vt 0.168122 0.839634
vt 0.192653 0.839019
vt 0.171388 0.838355
vt 0.195540 0.837148
vt 0.174465 0.837023
vt 0.198144 0.835029
vt 0.177318 0.835621
vt 0.179909 0.834129
vt 0.200407 0.832624
vt 0.182202 0.832532
vt 0.202271 0.829890
vt 0.184160 0.830811
vt 0.185748 0.828948
vt 0.203676 0.826790
vt 0.186927 0.826927
vt 0.187661 0.824728
vt 0.204563 0.823282
vt 0.187914 0.822335
vt 0.204874 0.819327
vt 0.187810 0.820638
vt 0.187506 0.819036
vt 0.204705 0.816623
vt 0.187011 0.817541
vt 0.186337 0.816161
vt 0.162312 0.816397
vt 0.204205 0.813996
vt 0.163464 0.815423
vt 0.185497 0.814907
vt 0.164631 0.814528
vt 0.133224 0.814696
vt 0.132290 0.815379
vt 0.132289 0.805198
vt 0.144403 0.814426
vt 0.184499 0.813788
vt 0.134137 0.814062
vt 0.165815 0.813712
vt 0.144335 0.813752
vt 0.135026 0.813479
vt 0.203388 0.811475
vt 0.183357 0.812815
vt 0.144221 0.813158
vt 0.167013 0.812980
vt 0.135886 0.812949
vt 0.144062 0.812640
vt 0.168228 0.812334
vt 0.136711 0.812474
vt 0.182080 0.811997
vt 0.143858 0.812196
vt 0.137498 0.812056
vt 0.169458 0.811779
vt 0.143611 0.811821
vt 0.138242 0.811697
vt 0.180680 0.811343
vt 0.143321 0.811513
vt 0.170703 0.811318
vt 0.138937 0.811398
vt 0.142988 0.811268
vt 0.202269 0.809093
vt 0.139581 0.811163
vt 0.179168 0.810865
vt 0.171965 0.810953
vt 0.142613 0.811084
vt 0.140167 0.810992
vt 0.142197 0.810956
vt 0.140692 0.810888
vt 0.173242 0.810688
vt 0.141741 0.810882
vt 0.141151 0.810853
vt 0.177556 0.810571
vt 0.174543 0.810526
vt 0.175853 0.810471
vt 0.161334 0.807268
vt 0.200860 0.806878
vt 0.163180 0.805869
vt 0.160905 0.805829
vt 0.199177 0.804860
vt 0.165039 0.804596
vt 0.160371 0.804530
vt 0.134131 0.803998
vt 0.197235 0.803071
vt 0.166912 0.803447
vt 0.159727 0.803366
vt 0.135808 0.802940
vt 0.168797 0.802422
vt 0.158972 0.802337
vt 0.195049 0.801539
vt 0.137342 0.802017
vt 0.170692 0.801519
vt 0.158102 0.801438
vt 0.138757 0.801222
vt 0.192632 0.800296
vt 0.172597 0.800739
vt 0.157113 0.800667
vt 0.140074 0.800547
vt 0.174509 0.800081
vt 0.156002 0.800023
vt 0.141317 0.799986
vt 0.189999 0.799370
vt 0.176428 0.799544
vt 0.154767 0.799501
vt 0.142510 0.799531
vt 0.178352 0.799128
vt 0.143674 0.799175
vt 0.153403 0.799100
vt 0.187165 0.798793
vt 0.144833 0.798910
vt 0.180280 0.798831
vt 0.151907 0.798817
vt 0.146010 0.798730
vt 0.182211 0.798653
vt 0.150276 0.798649
vt 0.184143 0.798594
vt 0.147227 0.798627
vt 0.148508 0.798594
vt 0.638210 0.682420
vt 0.772143 0.682420
vt 0.757204 0.700147
vt 0.773081 0.710321
vt 0.772128 0.715503
vt 0.771233 0.719813
vt 0.770189 0.723555
vt 0.768894 0.726837
vt 0.767300 0.729705
vt 0.765389 0.732186
vt 0.763153 0.734296
vt 0.756515 0.705974
vt 0.756966 0.709565
vt 0.760171 0.738092
vt 0.704495 0.700134
vt 0.757038 0.712914
vt 0.756721 0.716018
vt 0.756021 0.718883
vt 0.754939 0.721514
vt 0.756644 0.741606
vt 0.753513 0.723990
vt 0.751698 0.726256
vt 0.752386 0.744787
vt 0.749516 0.728347
vt 0.746935 0.730210
vt 0.747337 0.747596
vt 0.743963 0.731870
vt 0.740578 0.733290
vt 0.741444 0.749975
vt 0.736780 0.734468
vt 0.733022 0.735219
vt 0.735628 0.751554
vt 0.729308 0.735512
vt 0.729809 0.752336
vt 0.725678 0.735345
vt 0.722165 0.734724
vt 0.724055 0.752312
vt 0.718825 0.733655
vt 0.715687 0.732160
vt 0.718466 0.751484
vt 0.712806 0.730244
vt 0.713111 0.749896
vt 0.710227 0.727923
vt 0.704037 0.701602
vt 0.707971 0.725229
vt 0.703632 0.703087
vt 0.703280 0.704586
vt 0.688441 0.701354
vt 0.703025 0.705748
vt 0.706072 0.722183
vt 0.702847 0.706923
vt 0.702746 0.708104
vt 0.708110 0.747555
vt 0.704588 0.718793
vt 0.702721 0.709289
vt 0.702751 0.710470
vt 0.702850 0.711645
vt 0.703532 0.715094
vt 0.703015 0.712809
vt 0.703243 0.713960
vt 0.703574 0.744305
vt 0.699494 0.740433
vt 0.695916 0.735969
vt 0.636590 0.700912
vt 0.688178 0.703087
vt 0.692882 0.730942
vt 0.687967 0.704757
vt 0.687805 0.706370
vt 0.687694 0.707931
vt 0.687634 0.709446
vt 0.690440 0.725381
vt 0.687624 0.710923
vt 0.687666 0.712367
vt 0.687757 0.713785
vt 0.687900 0.715182
vt 0.688634 0.719316
vt 0.688094 0.716566
vt 0.688338 0.717941
vt 0.797502 0.245053
vt 0.797729 0.250768
vt 0.797645 0.253215
vt 0.797436 0.255659
vt 0.797101 0.258096
vt 0.796736 0.239697
vt 0.796641 0.260525
vt 0.796056 0.262941
vt 0.795449 0.234724
vt 0.795345 0.265344
vt 0.794508 0.267730
vt 0.793663 0.230162
vt 0.793546 0.270097
vt 0.792459 0.272441
vt 0.791397 0.226035
vt 0.791246 0.274761
vt 0.789908 0.277054
vt 0.788671 0.222369
vt 0.788445 0.279317
vt 0.779925 0.258345
vt 0.779186 0.260805
vt 0.778246 0.263315
vt 0.777090 0.265871
vt 0.775702 0.268466
vt 0.774069 0.271096
vt 0.772174 0.273755
vt 0.770003 0.276438
vt 0.767540 0.279139
vt 0.785507 0.219188
vt 0.780851 0.253597
vt 0.780469 0.255939
vt 0.781922 0.216520
vt 0.781161 0.249118
vt 0.781077 0.251322
vt 0.777938 0.214390
vt 0.781059 0.246224
vt 0.780709 0.243487
vt 0.780121 0.240925
vt 0.779308 0.238555
vt 0.778281 0.236394
vt 0.777052 0.234462
vt 0.773574 0.212824
vt 0.775633 0.232775
vt 0.774035 0.231351
vt 0.772269 0.230208
vt 0.768851 0.211847
vt 0.770348 0.229365
vt 0.768283 0.228837
vt 0.763788 0.211485
vt 0.766085 0.228644
vt 0.760391 0.229688
vt 0.755612 0.212506
vt 0.755494 0.232667
vt 0.751166 0.237195
vt 0.748568 0.215467
vt 0.747181 0.242883
vt 0.742465 0.219979
vt 0.743313 0.249344
vt 0.739333 0.256190
vt 0.737113 0.225655
vt 0.735017 0.263033
vt 0.732322 0.232108
vt 0.730136 0.269485
vt 0.727902 0.238950
vt 0.724464 0.275159
vt 0.723662 0.245794
vt 0.717774 0.279666
vt 0.719412 0.252252
vt 0.714962 0.257936
vt 0.709840 0.282619
vt 0.710123 0.262459
vt 0.704703 0.265434
vt 0.700434 0.283629
vt 0.698513 0.266473
vt 0.678090 0.211485
vt 0.701443 0.211690
vt 0.698523 0.214069
vt 0.695518 0.283274
vt 0.696692 0.266319
vt 0.695834 0.216545
vt 0.694833 0.265886
vt 0.690867 0.282319
vt 0.693379 0.219115
vt 0.692974 0.265171
vt 0.691163 0.221770
vt 0.691153 0.264169
vt 0.689407 0.262878
vt 0.686512 0.280799
vt 0.689189 0.224506
vt 0.687776 0.261293
vt 0.687462 0.227317
vt 0.686296 0.259412
vt 0.685986 0.230197
vt 0.682486 0.278749
vt 0.685005 0.257230
vt 0.684764 0.233140
vt 0.683943 0.254744
vt 0.683800 0.236140
vt 0.683146 0.251950
vt 0.683099 0.239192
vt 0.682652 0.248845
vt 0.682665 0.242289
vt 0.678820 0.276202
vt 0.682500 0.245426
vt 0.675546 0.273193
vt 0.676132 0.214164
vt 0.674352 0.216876
vt 0.672696 0.269756
vt 0.672748 0.219628
vt 0.670301 0.265925
vt 0.671318 0.222426
vt 0.670061 0.225278
vt 0.668393 0.261735
vt 0.668973 0.228191
vt 0.668054 0.231172
vt 0.667004 0.257220
vt 0.667301 0.234228
vt 0.666712 0.237368
vt 0.666165 0.252414
vt 0.666285 0.240596
vt 0.666018 0.243922
vt 0.665909 0.247352
vt 0.873395 0.325608
vt 0.873395 0.454051
vt 0.856633 0.454051
vt 0.856633 0.399058
vt 0.833373 0.411767
vt 0.831020 0.411864
vt 0.826972 0.411628
vt 0.835715 0.411478
vt 0.823131 0.410920
vt 0.838036 0.411002
vt 0.840325 0.410344
vt 0.819526 0.409737
vt 0.842573 0.409507
vt 0.816184 0.408077
vt 0.844768 0.408498
vt 0.846901 0.407319
vt 0.813132 0.405938
vt 0.848961 0.405977
vt 0.850936 0.404475
vt 0.810398 0.403319
vt 0.852818 0.402818
vt 0.808009 0.400217
vt 0.854595 0.401011
vt 0.856257 0.399058
vt 0.835540 0.398493
vt 0.805993 0.396630
vt 0.856633 0.386251
vt 0.854697 0.388351
vt 0.852834 0.390231
vt 0.851033 0.391898
vt 0.849281 0.393359
vt 0.847566 0.394621
vt 0.845875 0.395691
vt 0.844195 0.396577
vt 0.842515 0.397286
vt 0.840822 0.397825
vt 0.839104 0.398201
vt 0.837347 0.398421
vt 0.833080 0.398298
vt 0.830783 0.397810
vt 0.828661 0.397010
vt 0.826723 0.395911
vt 0.804373 0.392559
vt 0.824978 0.394528
vt 0.823436 0.392872
vt 0.822105 0.390957
vt 0.803180 0.387999
vt 0.820996 0.388795
vt 0.820116 0.386401
vt 0.802442 0.382947
vt 0.819475 0.383787
vt 0.856633 0.325608
vt 0.819083 0.380966
vt 0.802185 0.377403
vt 0.818948 0.377951
vt 0.818893 0.325594
vt 0.802132 0.325612
vt 0.365819 0.909907
vt 0.366057 0.914013
vt 0.366039 0.915995
vt 0.365925 0.917989
vt 0.365234 0.906074
vt 0.365717 0.919995
vt 0.365413 0.922017
vt 0.364313 0.902531
vt 0.365012 0.924056
vt 0.364513 0.926114
vt 0.363067 0.899294
vt 0.363917 0.928193
vt 0.363223 0.930295
vt 0.361507 0.896382
vt 0.362430 0.932422
vt 0.361537 0.934576
vt 0.359643 0.893810
vt 0.360543 0.936759
vt 0.359449 0.938972
vt 0.357486 0.891596
vt 0.350561 0.921632
vt 0.350062 0.923615
vt 0.349438 0.925673
vt 0.348686 0.927800
vt 0.347801 0.929988
vt 0.346781 0.932230
vt 0.345623 0.934520
vt 0.344322 0.936850
vt 0.342877 0.939212
vt 0.355046 0.889755
vt 0.351197 0.917923
vt 0.350939 0.919733
vt 0.352335 0.888306
vt 0.351341 0.916211
vt 0.349363 0.887265
vt 0.351283 0.912961
vt 0.351372 0.914602
vt 0.351068 0.911429
vt 0.350735 0.910015
vt 0.350290 0.908723
vt 0.349739 0.907561
vt 0.349090 0.906536
vt 0.346140 0.886648
vt 0.348348 0.905653
vt 0.347521 0.904919
vt 0.346615 0.904341
vt 0.345637 0.903924
vt 0.342679 0.886474
vt 0.344593 0.903676
vt 0.343491 0.903603
vt 0.342533 0.903736
vt 0.337326 0.887329
vt 0.341536 0.904118
vt 0.340488 0.904762
vt 0.339377 0.905678
vt 0.338191 0.906881
vt 0.336920 0.908383
vt 0.332606 0.889549
vt 0.335551 0.910196
vt 0.334073 0.912333
vt 0.332474 0.914807
vt 0.328440 0.892859
vt 0.330743 0.917630
vt 0.328868 0.920815
vt 0.326838 0.924374
vt 0.324747 0.896987
vt 0.324645 0.927708
vt 0.321447 0.901659
vt 0.322567 0.930685
vt 0.320583 0.933318
vt 0.318458 0.906601
vt 0.318670 0.935619
vt 0.315701 0.911539
vt 0.316807 0.937604
vt 0.314974 0.939285
vt 0.313095 0.916201
vt 0.313148 0.940675
vt 0.310559 0.920312
vt 0.311308 0.941788
vt 0.309433 0.942637
vt 0.308014 0.923599
vt 0.307501 0.943236
vt 0.305378 0.925789
vt 0.305492 0.943599
vt 0.302571 0.926608
vt 0.303383 0.943737
vt 0.285420 0.886734
vt 0.303499 0.886474
vt 0.301737 0.889209
vt 0.299765 0.943547
vt 0.301122 0.926514
vt 0.300138 0.891896
vt 0.299787 0.926198
vt 0.298700 0.894525
vt 0.298567 0.925677
vt 0.296362 0.942885
vt 0.297422 0.897088
vt 0.297462 0.924965
vt 0.296303 0.899579
vt 0.296472 0.924080
vt 0.295341 0.901990
vt 0.295597 0.923035
vt 0.293192 0.941780
vt 0.294534 0.904311
vt 0.294838 0.921848
vt 0.294195 0.920534
vt 0.293882 0.906537
vt 0.293669 0.919108
vt 0.293383 0.908658
vt 0.293258 0.917586
vt 0.293035 0.910667
vt 0.292964 0.915984
vt 0.292837 0.912556
vt 0.292787 0.914317
vt 0.290273 0.940257
vt 0.287623 0.938342
vt 0.285260 0.936064
vt 0.284120 0.889428
vt 0.283203 0.933447
vt 0.282962 0.892020
vt 0.281942 0.894528
vt 0.281468 0.930519
vt 0.281054 0.896969
vt 0.280294 0.899361
vt 0.280075 0.927306
vt 0.279656 0.901721
vt 0.279041 0.923835
vt 0.279135 0.904069
vt 0.278728 0.906420
vt 0.278384 0.920132
vt 0.278428 0.908794
vt 0.278230 0.911207
vt 0.278123 0.916224
vt 0.278130 0.913678
vt 0.504104 0.801122
vt 0.556651 0.801122
vt 0.556651 0.817884
vt 0.502974 0.817884
vt 0.496193 0.855365
vt 0.556651 0.855365
vt 0.556651 0.872127
vt 0.472085 0.872127
vt 0.498930 0.801369
vt 0.500114 0.818006
vt 0.497472 0.818370
vt 0.494151 0.802094
vt 0.495054 0.818976
vt 0.494338 0.853965
vt 0.492866 0.819824
vt 0.492633 0.852498
vt 0.489778 0.803273
vt 0.490913 0.820912
vt 0.491081 0.850971
vt 0.489685 0.849386
vt 0.489201 0.822240
vt 0.485820 0.804882
vt 0.488445 0.847750
vt 0.487736 0.823807
vt 0.487365 0.846065
vt 0.482821 0.855365
vt 0.486525 0.825613
vt 0.486445 0.844337
vt 0.485572 0.827658
vt 0.485688 0.842571
vt 0.482289 0.806896
vt 0.485096 0.840771
vt 0.484885 0.829939
vt 0.484670 0.838941
vt 0.484468 0.832457
vt 0.484414 0.837087
vt 0.484328 0.835212
vt 0.480994 0.853566
vt 0.472085 0.855365
vt 0.479195 0.809291
vt 0.479284 0.851665
vt 0.477700 0.849676
vt 0.476548 0.812044
vt 0.476250 0.847615
vt 0.474360 0.815129
vt 0.474941 0.845496
vt 0.473780 0.843334
vt 0.472639 0.818523
vt 0.472777 0.841145
vt 0.471939 0.838944
vt 0.471397 0.822201
vt 0.471273 0.836745
vt 0.470644 0.826140
vt 0.470788 0.834564
vt 0.470491 0.832416
vt 0.470390 0.830315
vt 0.470390 0.682420
vt 0.598861 0.682420
vt 0.582288 0.700876
vt 0.598853 0.722529
vt 0.598514 0.729225
vt 0.597530 0.735294
vt 0.595944 0.740745
vt 0.593801 0.745585
vt 0.591146 0.749825
vt 0.588023 0.753471
vt 0.584477 0.756533
vt 0.582286 0.722534
vt 0.580559 0.759015
vt 0.542530 0.700877
vt 0.582038 0.726484
vt 0.581452 0.729965
vt 0.580518 0.733008
vt 0.576297 0.760941
vt 0.579273 0.735634
vt 0.577755 0.737866
vt 0.576003 0.739727
vt 0.571745 0.762307
vt 0.574054 0.741240
vt 0.571946 0.742427
vt 0.569717 0.743310
vt 0.566946 0.763121
vt 0.567406 0.743914
vt 0.565050 0.744260
vt 0.561946 0.763393
vt 0.562687 0.744371
vt 0.559601 0.744190
vt 0.557003 0.763112
vt 0.556748 0.743654
vt 0.552280 0.762255
vt 0.554136 0.742777
vt 0.551771 0.741572
vt 0.547818 0.760815
vt 0.549660 0.740052
vt 0.547809 0.738233
vt 0.543657 0.758782
vt 0.546225 0.736127
vt 0.544913 0.733748
vt 0.543882 0.731110
vt 0.543137 0.728226
vt 0.539836 0.756147
vt 0.542685 0.725108
vt 0.542532 0.721777
vt 0.525957 0.700877
vt 0.536395 0.752901
vt 0.533374 0.749036
vt 0.530812 0.744541
vt 0.528750 0.739408
vt 0.527228 0.733627
vt 0.526284 0.727190
vt 0.525960 0.720087
vt 0.470391 0.700879
vt 0.132289 0.941806
vt 0.132289 0.924290
vt 0.178056 0.924290
vt 0.178056 0.941806
vt 0.636590 0.790065
vt 0.701172 0.814838
vt 0.647736 0.841319
vt 0.753593 0.790893
vt 0.702502 0.815680
vt 0.764135 0.841319
vt 0.700813 0.817076
vt 0.699213 0.816256
vt 0.339971 0.520245
vt 0.366524 0.486883
vt 0.345753 0.524027
vt 0.334960 0.516513
vt 0.362493 0.485956
vt 0.330584 0.512820
vt 0.359041 0.484815
vt 0.326723 0.509140
vt 0.356061 0.483506
vt 0.323273 0.505432
vt 0.353471 0.482058
vt 0.320153 0.501644
vt 0.351206 0.480486
vt 0.317309 0.497717
vt 0.349219 0.478796
vt 0.314710 0.493596
vt 0.347478 0.476987
vt 0.312352 0.489228
vt 0.345958 0.475056
vt 0.310256 0.484573
vt 0.344647 0.473001
vt 0.308461 0.479603
vt 0.343532 0.470869
vt 0.307084 0.474581
vt 0.342616 0.468621
vt 0.306134 0.469657
vt 0.341928 0.466331
vt 0.305563 0.464815
vt 0.341492 0.464042
vt 0.305337 0.460011
vt 0.341323 0.461754
vt 0.305442 0.455185
vt 0.341444 0.459458
vt 0.305884 0.450257
vt 0.341893 0.457142
vt 0.306694 0.445142
vt 0.342727 0.454787
vt 0.307926 0.439750
vt 0.344024 0.452374
vt 0.309655 0.433998
vt 0.345889 0.449885
vt 0.311963 0.427810
vt 0.348449 0.447315
vt 0.314919 0.421126
vt 0.351799 0.444712
vt 0.318599 0.413847
vt 0.356123 0.441385
vt 0.331895 0.391888
vt 0.360684 0.437645
vt 0.380319 0.325802
vt 0.378874 0.430735
vt 0.432661 0.326822
vt 0.387032 0.398029
vt 0.432661 0.535669
vt 0.402270 0.402505
vt 0.352411 0.527836
vt 0.385605 0.486792
vt 0.371273 0.487522
vt 0.670551 0.096910
vt 0.709700 0.086587
vt 0.665909 0.103740
vt 0.675730 0.091081
vt 0.712653 0.080487
vt 0.681322 0.086240
vt 0.715773 0.074402
vt 0.687220 0.082360
vt 0.719045 0.068326
vt 0.693323 0.079415
vt 0.722457 0.062254
vt 0.699538 0.077375
vt 0.726003 0.056178
vt 0.705767 0.076222
vt 0.729675 0.050089
vt 0.711902 0.075943
vt 0.733471 0.043975
vt 0.717818 0.076546
vt 0.737389 0.037822
vt 0.723361 0.078054
vt 0.741434 0.031609
vt 0.728342 0.080507
vt 0.745622 0.025306
vt 0.732526 0.083956
vt 0.749988 0.018864
vt 0.736994 0.088545
vt 0.749595 0.027517
vt 0.740883 0.093823
vt 0.749231 0.035104
vt 0.744156 0.099727
vt 0.748926 0.042492
vt 0.746769 0.106187
vt 0.748621 0.049727
vt 0.748664 0.113136
vt 0.748274 0.056823
vt 0.749770 0.120508
vt 0.747843 0.063807
vt 0.749988 0.128241
vt 0.747290 0.070713
vt 0.749193 0.136269
vt 0.746590 0.077582
vt 0.747224 0.144517
vt 0.745748 0.084447
vt 0.743885 0.152886
vt 0.744907 0.091272
vt 0.738953 0.161230
vt 0.743207 0.098259
vt 0.732190 0.169339
vt 0.740939 0.105431
vt 0.699639 0.173756
vt 0.738071 0.112867
vt 0.669789 0.129776
vt 0.724053 0.122739
vt 0.705024 0.102586
vt 0.120881 0.292173
vt 0.154534 0.274713
vt 0.120565 0.294283
vt 0.121157 0.290112
vt 0.150406 0.270291
vt 0.121374 0.288045
vt 0.145994 0.266209
vt 0.121590 0.286037
vt 0.141312 0.262487
vt 0.121441 0.283885
vt 0.136377 0.259143
vt 0.120954 0.282002
vt 0.131209 0.256194
vt 0.120559 0.280212
vt 0.125828 0.253654
vt 0.120236 0.278513
vt 0.120260 0.251533
vt 0.119990 0.276900
vt 0.114530 0.249837
vt 0.119823 0.275368
vt 0.108661 0.248567
vt 0.119738 0.273909
vt 0.102676 0.247720
vt 0.119735 0.272517
vt 0.096595 0.247294
vt 0.114559 0.276479
vt 0.090437 0.247281
vt 0.109689 0.280338
vt 0.083017 0.249240
vt 0.105103 0.284110
vt 0.075629 0.251959
vt 0.100755 0.287919
vt 0.068358 0.255416
vt 0.096636 0.291813
vt 0.061269 0.259602
vt 0.092735 0.295844
vt 0.054415 0.264526
vt 0.089050 0.300063
vt 0.047845 0.270209
vt 0.085583 0.304528
vt 0.041617 0.276688
vt 0.082341 0.309292
vt 0.035801 0.284006
vt 0.079342 0.314408
vt 0.030486 0.292208
vt 0.076606 0.319923
vt 0.025790 0.301332
vt 0.074210 0.325741
vt 0.021857 0.311404
vt 0.071106 0.380309
vt 0.018864 0.322426
vt 0.079325 0.389104
vt 0.018864 0.391652
vt 0.096046 0.435602
vt 0.031239 0.409350
vt 0.096954 0.437150
vt 0.057815 0.457613
vt 0.097900 0.438461
vt 0.062197 0.461057
vt 0.098879 0.439567
vt 0.066614 0.464005
vt 0.099891 0.440497
vt 0.071047 0.466505
vt 0.100941 0.441279
vt 0.075486 0.468605
vt 0.102038 0.441940
vt 0.079929 0.470349
vt 0.103197 0.442499
vt 0.084385 0.471773
vt 0.104435 0.442974
vt 0.088871 0.472904
vt 0.105768 0.443375
vt 0.093407 0.473758
vt 0.107210 0.443709
vt 0.098015 0.474338
vt 0.108774 0.443975
vt 0.102712 0.474630
vt 0.110464 0.444171
vt 0.107511 0.474611
vt 0.111626 0.444236
vt 0.112414 0.474245
vt 0.112780 0.444249
vt 0.116712 0.473608
vt 0.113925 0.444213
vt 0.120962 0.472725
vt 0.115063 0.444128
vt 0.125162 0.471595
vt 0.116192 0.443995
vt 0.129308 0.470214
vt 0.117312 0.443815
vt 0.133392 0.468577
vt 0.118419 0.443588
vt 0.137408 0.466677
vt 0.119508 0.443315
vt 0.141346 0.464505
vt 0.120575 0.442996
vt 0.145192 0.462049
vt 0.121611 0.442634
vt 0.148932 0.459299
vt 0.122605 0.442230
vt 0.152548 0.456243
vt 0.123534 0.441794
vt 0.156019 0.452867
vt 0.129746 0.393589
vt 0.159321 0.449157
vt 0.129033 0.379434
vt 0.168937 0.397483
vt 0.131101 0.307871
vt 0.170432 0.380396
vt 0.124828 0.301317
vt 0.168041 0.303092
vt 0.161286 0.285852
vt 0.612894 0.401560
vt 0.645046 0.395420
vt 0.613929 0.401104
vt 0.611856 0.401736
vt 0.643829 0.392194
vt 0.610698 0.401835
vt 0.642474 0.389121
vt 0.609429 0.401884
vt 0.641001 0.386193
vt 0.608061 0.401901
vt 0.639428 0.383406
vt 0.606601 0.401907
vt 0.637774 0.380755
vt 0.605059 0.401912
vt 0.636056 0.378235
vt 0.603446 0.401916
vt 0.634289 0.375844
vt 0.601772 0.401931
vt 0.632489 0.373577
vt 0.600048 0.401959
vt 0.630672 0.371431
vt 0.598277 0.401991
vt 0.628850 0.369404
vt 0.596362 0.402023
vt 0.627037 0.367490
vt 0.594408 0.402042
vt 0.625135 0.365601
vt 0.592419 0.402033
vt 0.623250 0.363816
vt 0.590417 0.402011
vt 0.621389 0.362131
vt 0.588392 0.401943
vt 0.619555 0.360538
vt 0.586352 0.401818
vt 0.617752 0.359031
vt 0.584303 0.401630
vt 0.615977 0.357604
vt 0.582248 0.401344
vt 0.614227 0.356248
vt 0.580200 0.400983
vt 0.612494 0.354953
vt 0.578181 0.400525
vt 0.610764 0.353708
vt 0.576186 0.399984
vt 0.609022 0.352501
vt 0.574222 0.399356
vt 0.607248 0.351318
vt 0.572448 0.398713
vt 0.605419 0.350146
vt 0.570638 0.397914
vt 0.603716 0.349094
vt 0.568756 0.396935
vt 0.601890 0.348006
vt 0.566982 0.395744
vt 0.599874 0.346844
vt 0.565091 0.394336
vt 0.597615 0.345584
vt 0.563066 0.392709
vt 0.595071 0.344211
vt 0.560891 0.390861
vt 0.592210 0.342719
vt 0.558553 0.388794
vt 0.589004 0.341110
vt 0.556039 0.386511
vt 0.585431 0.339389
vt 0.553344 0.384021
vt 0.581471 0.337572
vt 0.550464 0.381334
vt 0.577109 0.335677
vt 0.547402 0.378469
vt 0.572329 0.333734
vt 0.544439 0.375845
vt 0.567118 0.331778
vt 0.541832 0.373551
vt 0.561991 0.330067
vt 0.539536 0.371549
vt 0.557194 0.328693
vt 0.537509 0.369803
vt 0.552703 0.327626
vt 0.535711 0.368283
vt 0.548488 0.326834
vt 0.534100 0.366964
vt 0.544522 0.326285
vt 0.532635 0.365822
vt 0.540770 0.325949
vt 0.531273 0.364836
vt 0.537195 0.325802
vt 0.529973 0.363988
vt 0.533758 0.325821
vt 0.528695 0.363267
vt 0.530416 0.325992
vt 0.527398 0.362660
vt 0.527125 0.326308
vt 0.526050 0.362158
vt 0.523847 0.326770
vt 0.523439 0.361878
vt 0.520549 0.327388
vt 0.521013 0.361774
vt 0.516190 0.328392
vt 0.518742 0.361839
vt 0.512029 0.329634
vt 0.516600 0.362068
vt 0.508046 0.331107
vt 0.514566 0.362459
vt 0.504223 0.332810
vt 0.512625 0.363014
vt 0.500548 0.334745
vt 0.510764 0.363729
vt 0.497015 0.336918
vt 0.508976 0.364605
vt 0.493625 0.339335
vt 0.507253 0.365646
vt 0.490384 0.342003
vt 0.505591 0.366856
vt 0.487306 0.344931
vt 0.503987 0.368239
vt 0.484410 0.348126
vt 0.502438 0.369801
vt 0.481720 0.351590
vt 0.503072 0.371406
vt 0.479266 0.355327
vt 0.503724 0.372990
vt 0.477494 0.358539
vt 0.504400 0.374564
vt 0.475942 0.361816
vt 0.505101 0.376143
vt 0.474596 0.365152
vt 0.505829 0.377742
vt 0.473445 0.368548
vt 0.506585 0.379378
vt 0.472479 0.372009
vt 0.507368 0.381070
vt 0.471695 0.375542
vt 0.508180 0.382834
vt 0.471090 0.379156
vt 0.509019 0.384686
vt 0.470666 0.382864
vt 0.509886 0.386644
vt 0.470430 0.386677
vt 0.510781 0.388719
vt 0.470390 0.390609
vt 0.511703 0.390924
vt 0.470558 0.394672
vt 0.518089 0.406948
vt 0.470949 0.398876
vt 0.517553 0.409690
vt 0.474611 0.416146
vt 0.517076 0.412163
vt 0.475584 0.419587
vt 0.516706 0.414319
vt 0.476600 0.422870
vt 0.516379 0.416276
vt 0.477661 0.425997
vt 0.516140 0.417981
vt 0.478767 0.428970
vt 0.515978 0.419453
vt 0.479915 0.431792
vt 0.515856 0.420805
vt 0.481103 0.434466
vt 0.515792 0.421970
vt 0.482324 0.436995
vt 0.515716 0.423127
vt 0.483575 0.439383
vt 0.515645 0.424147
vt 0.484849 0.441633
vt 0.515583 0.425047
vt 0.486139 0.443752
vt 0.515529 0.425837
vt 0.487440 0.445742
vt 0.515511 0.426549
vt 0.488746 0.447612
vt 0.515512 0.427208
vt 0.490073 0.449395
vt 0.515529 0.427814
vt 0.491438 0.451114
vt 0.515560 0.428364
vt 0.492835 0.452768
vt 0.515603 0.428860
vt 0.494260 0.454356
vt 0.515658 0.429304
vt 0.495710 0.455879
vt 0.515728 0.429698
vt 0.497182 0.457340
vt 0.515815 0.430045
vt 0.498679 0.458744
vt 0.515929 0.430351
vt 0.500205 0.460097
vt 0.516080 0.430619
vt 0.501773 0.461405
vt 0.516281 0.430852
vt 0.503399 0.462677
vt 0.516549 0.431052
vt 0.505107 0.463918
vt 0.517704 0.431287
vt 0.506925 0.465132
vt 0.519185 0.431202
vt 0.509891 0.466573
vt 0.521166 0.430789
vt 0.513356 0.467985
vt 0.523713 0.429960
vt 0.517541 0.469350
vt 0.526851 0.428656
vt 0.522462 0.470601
vt 0.530592 0.426756
vt 0.528046 0.471681
vt 0.534986 0.424227
vt 0.534181 0.472558
vt 0.540086 0.421284
vt 0.540727 0.473237
vt 0.546582 0.419529
vt 0.547532 0.473754
vt 0.552991 0.418191
vt 0.554457 0.474157
vt 0.559268 0.417424
vt 0.561420 0.474447
vt 0.565815 0.418551
vt 0.568515 0.474592
vt 0.569746 0.419191
vt 0.576102 0.474497
vt 0.573297 0.419609
vt 0.581545 0.474592
vt 0.576563 0.419830
vt 0.586892 0.474529
vt 0.579643 0.419821
vt 0.592192 0.474289
vt 0.582598 0.419643
vt 0.597497 0.473848
vt 0.585490 0.419296
vt 0.602859 0.473179
vt 0.588389 0.418722
vt 0.608330 0.472242
vt 0.591323 0.417966
vt 0.613954 0.470996
vt 0.594314 0.417017
vt 0.619766 0.469388
vt 0.597370 0.415859
vt 0.625790 0.467362
vt 0.600427 0.414531
vt 0.632038 0.464855
vt 0.603458 0.412950
vt 0.638512 0.461799
vt 0.604495 0.412683
vt 0.645200 0.458115
vt 0.605519 0.412393
vt 0.646303 0.453998
vt 0.606525 0.412095
vt 0.647222 0.449931
vt 0.607511 0.411790
vt 0.647964 0.445911
vt 0.608477 0.411480
vt 0.648535 0.441937
vt 0.609426 0.411163
vt 0.648939 0.438006
vt 0.610353 0.410850
vt 0.649177 0.434118
vt 0.611256 0.410548
vt 0.649250 0.430272
vt 0.612135 0.410268
vt 0.649156 0.426469
vt 0.612995 0.410013
vt 0.648893 0.422709
vt 0.613835 0.409803
vt 0.648457 0.418995
vt 0.614657 0.409656
vt 0.647841 0.415329
vt 0.614818 0.400650
vt 0.647039 0.411714
vt 0.646100 0.398806
vt 0.220984 0.156394
vt 0.175811 0.117920
vt 0.222821 0.154074
vt 0.218932 0.158963
vt 0.175554 0.121677
vt 0.216903 0.161464
vt 0.175206 0.124979
vt 0.214886 0.163898
vt 0.174718 0.127965
vt 0.212874 0.166269
vt 0.174106 0.130682
vt 0.210860 0.168576
vt 0.173382 0.133167
vt 0.208838 0.170822
vt 0.172555 0.135445
vt 0.206803 0.173008
vt 0.171630 0.137540
vt 0.204751 0.175136
vt 0.170612 0.139469
vt 0.202678 0.177210
vt 0.169510 0.141238
vt 0.200578 0.179231
vt 0.168300 0.142877
vt 0.198448 0.181204
vt 0.166989 0.144385
vt 0.194210 0.184805
vt 0.165574 0.145765
vt 0.189977 0.188017
vt 0.163123 0.147714
vt 0.185745 0.190906
vt 0.160837 0.149297
vt 0.181473 0.193536
vt 0.158438 0.150631
vt 0.177097 0.195964
vt 0.155904 0.151732
vt 0.172537 0.198238
vt 0.153201 0.152611
vt 0.167699 0.200393
vt 0.150287 0.153278
vt 0.162482 0.202449
vt 0.147106 0.153729
vt 0.156781 0.204410
vt 0.143589 0.153949
vt 0.150494 0.206263
vt 0.139654 0.153906
vt 0.143528 0.207985
vt 0.135195 0.153548
vt 0.135803 0.209552
vt 0.130078 0.152798
vt 0.060184 0.171950
vt 0.123911 0.151399
vt 0.046888 0.151381
vt 0.095152 0.136401
vt 0.019092 0.103612
vt 0.096445 0.121338
vt 0.018990 0.101664
vt 0.047008 0.101888
vt 0.018918 0.099850
vt 0.045661 0.100300
vt 0.018877 0.098166
vt 0.044570 0.098899
vt 0.018864 0.096596
vt 0.043635 0.097661
vt 0.018880 0.095121
vt 0.042883 0.096560
vt 0.018921 0.093719
vt 0.042299 0.095574
vt 0.018988 0.092368
vt 0.041876 0.094678
vt 0.019082 0.091043
vt 0.041600 0.093852
vt 0.019205 0.089718
vt 0.041458 0.093066
vt 0.019362 0.088367
vt 0.041439 0.092300
vt 0.019558 0.086961
vt 0.041542 0.091538
vt 0.019805 0.085474
vt 0.041759 0.090766
vt 0.020005 0.084448
vt 0.042089 0.089962
vt 0.020214 0.083451
vt 0.042400 0.089322
vt 0.020434 0.082460
vt 0.042759 0.088691
vt 0.020670 0.081459
vt 0.043166 0.088048
vt 0.020924 0.080427
vt 0.043639 0.087395
vt 0.021203 0.079346
vt 0.044177 0.086709
vt 0.021512 0.078199
vt 0.044804 0.085990
vt 0.021857 0.076968
vt 0.045541 0.085226
vt 0.022244 0.075636
vt 0.046389 0.084390
vt 0.022679 0.074188
vt 0.047361 0.083467
vt 0.023169 0.072615
vt 0.048217 0.082362
vt 0.023719 0.070904
vt 0.049190 0.081158
vt 0.066190 0.029227
vt 0.050284 0.079829
vt 0.077920 0.018864
vt 0.101505 0.073106
vt 0.249215 0.018864
vt 0.103793 0.054540
vt 0.267608 0.055081
vt 0.195475 0.064423
vt 0.223099 0.153713
vt 0.198499 0.080593
vt 0.176084 0.117563
vt 0.319103 0.272766
vt 0.357286 0.256597
vt 0.321122 0.276671
vt 0.317466 0.269023
vt 0.357062 0.255281
vt 0.316159 0.265545
vt 0.356912 0.253674
vt 0.315073 0.262190
vt 0.357124 0.252134
vt 0.314169 0.258989
vt 0.357396 0.250423
vt 0.313411 0.255928
vt 0.357722 0.248657
vt 0.312767 0.252993
vt 0.358091 0.246785
vt 0.312214 0.250170
vt 0.358490 0.244886
vt 0.311734 0.247449
vt 0.358906 0.242923
vt 0.311316 0.244822
vt 0.359333 0.240952
vt 0.310947 0.242283
vt 0.359757 0.238946
vt 0.310448 0.238829
vt 0.360171 0.236914
vt 0.310034 0.235531
vt 0.360884 0.234170
vt 0.309686 0.232379
vt 0.361613 0.231455
vt 0.309392 0.229367
vt 0.362250 0.228704
vt 0.309139 0.226485
vt 0.362876 0.225985
vt 0.308919 0.223721
vt 0.363470 0.223306
vt 0.308723 0.221055
vt 0.364016 0.220666
vt 0.308544 0.218463
vt 0.364498 0.218057
vt 0.308377 0.215912
vt 0.364904 0.215465
vt 0.308216 0.213363
vt 0.365223 0.212865
vt 0.308056 0.210769
vt 0.365446 0.210228
vt 0.307894 0.208078
vt 0.365567 0.207517
vt 0.307364 0.200952
vt 0.365704 0.204709
vt 0.306895 0.193981
vt 0.365829 0.196861
vt 0.306411 0.186271
vt 0.365428 0.189356
vt 0.305943 0.177652
vt 0.364244 0.181332
vt 0.305560 0.168310
vt 0.362615 0.172805
vt 0.305337 0.158553
vt 0.360788 0.164014
vt 0.305343 0.148695
vt 0.358929 0.155246
vt 0.305627 0.138964
vt 0.357296 0.146764
vt 0.306232 0.129440
vt 0.355967 0.138727
vt 0.307231 0.119975
vt 0.355021 0.131196
vt 0.308797 0.110145
vt 0.354511 0.124055
vt 0.311308 0.099305
vt 0.354685 0.116943
vt 0.312677 0.094107
vt 0.355292 0.109853
vt 0.314098 0.089189
vt 0.355773 0.105737
vt 0.315595 0.084462
vt 0.356377 0.101892
vt 0.317182 0.079877
vt 0.357098 0.098286
vt 0.318876 0.075392
vt 0.357933 0.094877
vt 0.320700 0.070967
vt 0.358882 0.091631
vt 0.322679 0.066567
vt 0.359948 0.088521
vt 0.324846 0.062160
vt 0.361135 0.085529
vt 0.327239 0.057717
vt 0.362445 0.082643
vt 0.329909 0.053210
vt 0.363883 0.079859
vt 0.332920 0.048615
vt 0.365454 0.077182
vt 0.336359 0.043910
vt 0.367154 0.074632
vt 0.338922 0.041158
vt 0.367456 0.074687
vt 0.341443 0.038573
vt 0.368858 0.071420
vt 0.343943 0.036131
vt 0.370223 0.068605
vt 0.346434 0.033818
vt 0.371594 0.066001
vt 0.348929 0.031624
vt 0.372982 0.063583
vt 0.351442 0.029537
vt 0.374391 0.061340
vt 0.353986 0.027548
vt 0.375837 0.059207
vt 0.356576 0.025649
vt 0.377321 0.057188
vt 0.359226 0.023833
vt 0.378847 0.055270
vt 0.361951 0.022097
vt 0.380420 0.053440
vt 0.364766 0.020440
vt 0.382040 0.051689
vt 0.367683 0.018864
vt 0.383711 0.050002
vt 0.417192 0.028803
vt 0.385370 0.048499
vt 0.419850 0.033967
vt 0.385655 0.048221
vt 0.421330 0.037763
vt 0.385253 0.049686
vt 0.422552 0.041492
vt 0.384289 0.051674
vt 0.423568 0.045108
vt 0.383127 0.053716
vt 0.424437 0.048642
vt 0.382094 0.055787
vt 0.425196 0.052101
vt 0.381229 0.057888
vt 0.425873 0.055500
vt 0.380530 0.060036
vt 0.426489 0.058859
vt 0.379996 0.062251
vt 0.427060 0.062200
vt 0.379620 0.064555
vt 0.427595 0.065548
vt 0.379386 0.066971
vt 0.428100 0.068926
vt 0.379263 0.069524
vt 0.428580 0.072359
vt 0.379205 0.072229
vt 0.429058 0.076163
vt 0.379154 0.075090
vt 0.429478 0.079671
vt 0.379058 0.078353
vt 0.429855 0.082935
vt 0.378558 0.081416
vt 0.430203 0.085997
vt 0.378016 0.084397
vt 0.430531 0.088893
vt 0.377478 0.087294
vt 0.430843 0.091654
vt 0.376970 0.090110
vt 0.431143 0.094301
vt 0.376509 0.092851
vt 0.431434 0.096850
vt 0.376101 0.095520
vt 0.431719 0.099313
vt 0.375753 0.098121
vt 0.431997 0.101693
vt 0.375466 0.100650
vt 0.432269 0.103991
vt 0.375243 0.103103
vt 0.432537 0.106207
vt 0.375086 0.105470
vt 0.433019 0.113759
vt 0.375000 0.107740
vt 0.433485 0.121121
vt 0.375277 0.116178
vt 0.433962 0.129097
vt 0.376185 0.124152
vt 0.434408 0.137872
vt 0.377187 0.132635
vt 0.434767 0.147297
vt 0.378570 0.141480
vt 0.434975 0.157087
vt 0.380109 0.150523
vt 0.434975 0.166922
vt 0.381671 0.159544
vt 0.434726 0.176539
vt 0.383194 0.168152
vt 0.434192 0.185794
vt 0.384556 0.176122
vt 0.433323 0.194742
vt 0.385633 0.183370
vt 0.432001 0.203719
vt 0.386325 0.190042
vt 0.429929 0.213409
vt 0.386335 0.196206
vt 0.428478 0.218922
vt 0.385938 0.202391
vt 0.426962 0.224041
vt 0.385448 0.206621
vt 0.425356 0.228901
vt 0.384831 0.210481
vt 0.423644 0.233579
vt 0.384127 0.214086
vt 0.421795 0.238148
vt 0.383326 0.217497
vt 0.419770 0.242677
vt 0.382417 0.220772
vt 0.417520 0.247223
vt 0.381394 0.223962
vt 0.414987 0.251830
vt 0.380255 0.227109
vt 0.412097 0.256526
vt 0.379003 0.230247
vt 0.408768 0.261312
vt 0.377645 0.233396
vt 0.404897 0.266162
vt 0.376196 0.236561
vt 0.400374 0.270994
vt 0.374680 0.239861
vt 0.398636 0.272631
vt 0.373095 0.243166
vt 0.396877 0.274227
vt 0.372199 0.244733
vt 0.395088 0.275787
vt 0.371301 0.246231
vt 0.393262 0.277312
vt 0.370400 0.247666
vt 0.391395 0.278801
vt 0.369491 0.249009
vt 0.389481 0.280254
vt 0.368579 0.250290
vt 0.387515 0.281668
vt 0.367662 0.251509
vt 0.385490 0.283043
vt 0.366741 0.252641
vt 0.383400 0.284376
vt 0.365819 0.253705
vt 0.381238 0.285662
vt 0.364895 0.254699
vt 0.378996 0.286896
vt 0.363978 0.255599
vt 0.376665 0.288073
vt 0.363071 0.256417
vt 0.324547 0.282011
vt 0.362188 0.257138
vt 0.357514 0.257512
vt 0.213485 0.512359
vt 0.093988 0.545363
vt 0.026583 0.512359
vt 0.223552 0.567573
vt 0.172521 0.553641
vt 0.222199 0.576708
vt 0.175877 0.564767
vt 0.220244 0.585030
vt 0.176981 0.569093
vt 0.217777 0.592541
vt 0.177577 0.573144
vt 0.214872 0.599310
vt 0.177648 0.576867
vt 0.211582 0.605431
vt 0.177212 0.580246
vt 0.207917 0.611024
vt 0.176298 0.583290
vt 0.203838 0.616208
vt 0.174937 0.586017
vt 0.199253 0.621085
vt 0.173153 0.588456
vt 0.194029 0.625717
vt 0.170958 0.590629
vt 0.187997 0.630096
vt 0.168354 0.592552
vt 0.180977 0.634130
vt 0.165334 0.594220
vt 0.172803 0.637615
vt 0.161890 0.595612
vt 0.165084 0.639888
vt 0.158016 0.596687
vt 0.157596 0.641306
vt 0.154177 0.597345
vt 0.150361 0.642023
vt 0.150310 0.597599
vt 0.143361 0.642163
vt 0.146431 0.597458
vt 0.136560 0.641815
vt 0.142547 0.596928
vt 0.129910 0.641045
vt 0.138662 0.596007
vt 0.123357 0.639899
vt 0.134776 0.594685
vt 0.116843 0.638411
vt 0.130888 0.592938
vt 0.110695 0.636761
vt 0.126995 0.590726
vt 0.104564 0.634945
vt 0.122966 0.587531
vt 0.097979 0.632796
vt 0.118006 0.586442
vt 0.091510 0.630486
vt 0.112783 0.585724
vt 0.090146 0.630007
vt 0.106880 0.585347
vt 0.088802 0.629531
vt 0.105575 0.585166
vt 0.087461 0.629052
vt 0.104298 0.584941
vt 0.086115 0.628567
vt 0.103046 0.584674
vt 0.084755 0.628072
vt 0.101807 0.584360
vt 0.083374 0.627564
vt 0.100575 0.583999
vt 0.081963 0.627039
vt 0.099339 0.583587
vt 0.080514 0.626495
vt 0.098123 0.583140
vt 0.079020 0.625927
vt 0.096890 0.582644
vt 0.077472 0.625332
vt 0.095635 0.582095
vt 0.075864 0.624706
vt 0.094350 0.581493
vt 0.074188 0.624046
vt 0.093028 0.580833
vt 0.018865 0.548292
vt 0.091830 0.580131
vt 0.090985 0.555654
vt 0.687039 0.357132
vt 0.690851 0.361264
vt 0.687223 0.359146
vt 0.686979 0.355088
vt 0.691828 0.360688
vt 0.687042 0.353023
vt 0.692800 0.360121
vt 0.687228 0.350942
vt 0.693768 0.359563
vt 0.687538 0.348851
vt 0.694733 0.359014
vt 0.687969 0.346757
vt 0.695697 0.358473
vt 0.688521 0.344666
vt 0.696659 0.357942
vt 0.689192 0.342584
vt 0.697621 0.357420
vt 0.689980 0.340517
vt 0.698582 0.356908
vt 0.690884 0.338470
vt 0.699544 0.356407
vt 0.691901 0.336450
vt 0.700507 0.355917
vt 0.695107 0.333238
vt 0.701471 0.355438
vt 0.698864 0.330539
vt 0.702655 0.355837
vt 0.703070 0.328393
vt 0.703794 0.356293
vt 0.707654 0.326829
vt 0.704884 0.356812
vt 0.712562 0.325881
vt 0.705921 0.357402
vt 0.717744 0.325594
vt 0.706898 0.358065
vt 0.723150 0.326024
vt 0.707806 0.358804
vt 0.728721 0.327240
vt 0.708634 0.359622
vt 0.734384 0.329324
vt 0.709367 0.360520
vt 0.740038 0.332368
vt 0.709990 0.361496
vt 0.745552 0.336473
vt 0.710485 0.362546
vt 0.750748 0.341741
vt 0.710833 0.363664
vt 0.755425 0.348343
vt 0.711016 0.364842
vt 0.758958 0.355145
vt 0.710858 0.365826
vt 0.761510 0.362005
vt 0.710584 0.366754
vt 0.763215 0.368864
vt 0.710195 0.367604
vt 0.764166 0.375732
vt 0.709681 0.368361
vt 0.764403 0.382668
vt 0.709023 0.369025
vt 0.763904 0.389763
vt 0.708187 0.369550
vt 0.762587 0.397120
vt 0.707144 0.369949
vt 0.760307 0.404826
vt 0.705843 0.370209
vt 0.756856 0.412937
vt 0.704219 0.370294
vt 0.751972 0.421459
vt 0.702204 0.370176
vt 0.745337 0.430325
vt 0.699729 0.369772
vt 0.686979 0.474592
vt 0.696717 0.368966
vt 0.687526 0.361141
vt 0.687940 0.363020
vt 0.689870 0.361847
vt 0.476632 0.625469
vt 0.506754 0.615036
vt 0.477508 0.627318
vt 0.475914 0.623822
vt 0.506682 0.614184
vt 0.475307 0.622329
vt 0.506496 0.613395
vt 0.474788 0.620982
vt 0.506347 0.612669
vt 0.474332 0.619751
vt 0.506234 0.611989
vt 0.473924 0.618603
vt 0.506158 0.611342
vt 0.473550 0.617508
vt 0.506119 0.610720
vt 0.473199 0.616431
vt 0.506119 0.610111
vt 0.472863 0.615340
vt 0.506157 0.609502
vt 0.472537 0.614202
vt 0.506236 0.608880
vt 0.472218 0.612983
vt 0.506356 0.608233
vt 0.471840 0.611127
vt 0.506519 0.607550
vt 0.471539 0.609420
vt 0.506783 0.606670
vt 0.471296 0.607845
vt 0.507092 0.605819
vt 0.471096 0.606381
vt 0.507455 0.604994
vt 0.470929 0.605001
vt 0.507878 0.604186
vt 0.470788 0.603677
vt 0.508376 0.603386
vt 0.470668 0.602376
vt 0.508961 0.602582
vt 0.470567 0.601063
vt 0.509657 0.601759
vt 0.470485 0.599703
vt 0.510491 0.600901
vt 0.470425 0.598260
vt 0.511505 0.599991
vt 0.470391 0.596700
vt 0.512756 0.599009
vt 0.470390 0.594988
vt 0.514324 0.597936
vt 0.470519 0.592221
vt 0.516324 0.596745
vt 0.470733 0.589396
vt 0.519430 0.594918
vt 0.471011 0.586577
vt 0.522400 0.593025
vt 0.471280 0.584062
vt 0.525416 0.590946
vt 0.471643 0.581254
vt 0.524438 0.589244
vt 0.472042 0.578513
vt 0.523649 0.587582
vt 0.472481 0.575833
vt 0.523001 0.585953
vt 0.472961 0.573205
vt 0.522481 0.584356
vt 0.473486 0.570624
vt 0.522076 0.582788
vt 0.474059 0.568080
vt 0.521778 0.581249
vt 0.474683 0.565567
vt 0.521576 0.579736
vt 0.475362 0.563076
vt 0.521464 0.578248
vt 0.476793 0.558738
vt 0.521435 0.576782
vt 0.478379 0.554723
vt 0.521549 0.574838
vt 0.480100 0.550982
vt 0.521856 0.573006
vt 0.481949 0.547465
vt 0.522326 0.571275
vt 0.483928 0.544131
vt 0.522935 0.569639
vt 0.486041 0.540954
vt 0.523668 0.568091
vt 0.488294 0.537915
vt 0.524513 0.566627
vt 0.490692 0.535004
vt 0.525463 0.565247
vt 0.493240 0.532215
vt 0.526513 0.563952
vt 0.495945 0.529548
vt 0.527661 0.562744
vt 0.498815 0.527004
vt 0.528908 0.561632
vt 0.501858 0.524585
vt 0.530256 0.560624
vt 0.507374 0.521232
vt 0.531709 0.559735
vt 0.512422 0.518731
vt 0.533505 0.558894
vt 0.517186 0.516803
vt 0.535408 0.558327
vt 0.521845 0.515287
vt 0.537404 0.558096
vt 0.526538 0.514105
vt 0.539492 0.558256
vt 0.531346 0.513228
vt 0.541673 0.558853
vt 0.536293 0.512648
vt 0.543946 0.559910
vt 0.541358 0.512354
vt 0.546312 0.561432
vt 0.546488 0.512321
vt 0.548778 0.563399
vt 0.551609 0.512500
vt 0.551352 0.565776
vt 0.556637 0.512828
vt 0.554056 0.568486
vt 0.561521 0.513239
vt 0.556929 0.571370
vt 0.582053 0.520117
vt 0.559977 0.574364
vt 0.586938 0.521113
vt 0.571174 0.585039
vt 0.590103 0.521638
vt 0.578785 0.582721
vt 0.592931 0.522088
vt 0.582501 0.582035
vt 0.595488 0.522481
vt 0.585762 0.581530
vt 0.597826 0.522830
vt 0.588623 0.580981
vt 0.600011 0.523150
vt 0.591178 0.580480
vt 0.602113 0.523456
vt 0.593504 0.579969
vt 0.604206 0.523763
vt 0.595731 0.579487
vt 0.606361 0.524086
vt 0.597887 0.578932
vt 0.608640 0.524440
vt 0.600031 0.578296
vt 0.611089 0.524842
vt 0.602292 0.577637
vt 0.613743 0.525308
vt 0.604631 0.576918
vt 0.616628 0.525859
vt 0.607059 0.576164
vt 0.619320 0.526397
vt 0.609571 0.575406
vt 0.622004 0.526968
vt 0.611820 0.574765
vt 0.624695 0.527584
vt 0.613952 0.574169
vt 0.627406 0.528254
vt 0.615967 0.573619
vt 0.630152 0.528992
vt 0.617919 0.573119
vt 0.632946 0.529813
vt 0.619745 0.572677
vt 0.635801 0.530738
vt 0.621501 0.572293
vt 0.638731 0.531792
vt 0.623101 0.571982
vt 0.641682 0.532974
vt 0.624615 0.571746
vt 0.644831 0.534392
vt 0.626077 0.571988
vt 0.648064 0.536038
vt 0.627328 0.572301
vt 0.651375 0.537961
vt 0.628358 0.572650
vt 0.662618 0.585307
vt 0.629052 0.572949
vt 0.661739 0.587948
vt 0.628156 0.575621
vt 0.660865 0.590295
vt 0.627665 0.576535
vt 0.659925 0.592585
vt 0.627082 0.577496
vt 0.658915 0.594838
vt 0.626399 0.578473
vt 0.657830 0.597074
vt 0.625631 0.579464
vt 0.656660 0.599309
vt 0.624778 0.580473
vt 0.655396 0.601562
vt 0.623806 0.581501
vt 0.654024 0.603844
vt 0.622739 0.582550
vt 0.652533 0.606168
vt 0.621571 0.583625
vt 0.650906 0.608542
vt 0.620258 0.584731
vt 0.649130 0.610974
vt 0.618835 0.585872
vt 0.647188 0.613467
vt 0.617304 0.587058
vt 0.644087 0.617083
vt 0.615667 0.588298
vt 0.640928 0.620392
vt 0.613540 0.589843
vt 0.637753 0.623417
vt 0.611418 0.591360
vt 0.634581 0.626195
vt 0.609311 0.592826
vt 0.631409 0.628767
vt 0.607213 0.594222
vt 0.628217 0.631175
vt 0.605034 0.595537
vt 0.624962 0.633465
vt 0.602834 0.596749
vt 0.621585 0.635686
vt 0.600572 0.597862
vt 0.618007 0.637882
vt 0.598197 0.598884
vt 0.614137 0.640095
vt 0.595606 0.599805
vt 0.609873 0.642357
vt 0.592817 0.600639
vt 0.605108 0.644691
vt 0.589780 0.601402
vt 0.511356 0.644160
vt 0.586502 0.602149
vt 0.510830 0.644164
vt 0.516866 0.612406
vt 0.510358 0.644179
vt 0.516373 0.612038
vt 0.509933 0.644202
vt 0.515915 0.611722
vt 0.509550 0.644234
vt 0.515491 0.611454
vt 0.509201 0.644272
vt 0.515100 0.611230
vt 0.508878 0.644315
vt 0.514741 0.611046
vt 0.508572 0.644361
vt 0.514405 0.610898
vt 0.508272 0.644409
vt 0.514088 0.610787
vt 0.507967 0.644456
vt 0.513778 0.610716
vt 0.507647 0.644501
vt 0.513470 0.610694
vt 0.507305 0.644542
vt 0.513157 0.610730
vt 0.506936 0.644578
vt 0.512836 0.610834
vt 0.506594 0.644620
vt 0.512502 0.611017
vt 0.506195 0.644653
vt 0.512205 0.611258
vt 0.505732 0.644674
vt 0.511859 0.611664
vt 0.505211 0.644688
vt 0.511269 0.612492
vt 0.504630 0.644691
vt 0.510845 0.613001
vt 0.503992 0.644682
vt 0.510395 0.613470
vt 0.503296 0.644661
vt 0.509917 0.613911
vt 0.502544 0.644625
vt 0.509415 0.614326
vt 0.501738 0.644574
vt 0.508893 0.614717
vt 0.500881 0.644506
vt 0.508355 0.615085
vt 0.499974 0.644418
vt 0.507805 0.615430
vt 0.499022 0.644308
vt 0.507248 0.615753
vt 0.478717 0.629616
vt 0.506734 0.615968
vt 0.506792 0.615923
vt 0.212727 0.333705
vt 0.236971 0.271121
vt 0.213239 0.330474
vt 0.211925 0.337328
vt 0.234982 0.263550
vt 0.210919 0.341330
vt 0.232264 0.255592
vt 0.209778 0.345854
vt 0.228842 0.247281
vt 0.208834 0.350743
vt 0.223111 0.252306
vt 0.208161 0.355937
vt 0.218523 0.257256
vt 0.208927 0.354505
vt 0.214994 0.262038
vt 0.209675 0.353314
vt 0.212418 0.266578
vt 0.210412 0.352294
vt 0.210634 0.270857
vt 0.211117 0.351414
vt 0.209463 0.274861
vt 0.211746 0.350616
vt 0.208707 0.278582
vt 0.212647 0.349857
vt 0.208161 0.282006
vt 0.213552 0.349151
vt 0.208911 0.285104
vt 0.214458 0.348486
vt 0.209960 0.287971
vt 0.215359 0.347855
vt 0.211259 0.290612
vt 0.216247 0.347241
vt 0.212768 0.293031
vt 0.217141 0.346696
vt 0.214450 0.295231
vt 0.218021 0.346187
vt 0.216274 0.297213
vt 0.218881 0.345703
vt 0.218213 0.298974
vt 0.219714 0.345230
vt 0.220243 0.300512
vt 0.220516 0.344765
vt 0.222342 0.301819
vt 0.221284 0.344305
vt 0.224487 0.302887
vt 0.222017 0.343846
vt 0.226659 0.303704
vt 0.222921 0.343563
vt 0.228837 0.304257
vt 0.223823 0.343292
vt 0.231387 0.304635
vt 0.224939 0.342991
vt 0.233972 0.304811
vt 0.226047 0.342679
vt 0.236575 0.304783
vt 0.227145 0.342351
vt 0.239182 0.304549
vt 0.228140 0.341930
vt 0.241778 0.304105
vt 0.229121 0.341490
vt 0.244350 0.303445
vt 0.230086 0.341027
vt 0.246883 0.302564
vt 0.230964 0.340489
vt 0.249364 0.301455
vt 0.231828 0.339928
vt 0.251779 0.300113
vt 0.232623 0.339303
vt 0.254114 0.298532
vt 0.233408 0.338657
vt 0.256354 0.296705
vt 0.213351 0.327703
vt 0.258484 0.294629
vt 0.238226 0.278269
vt 0.583676 0.093006
vt 0.627119 0.100645
vt 0.582452 0.094626
vt 0.584711 0.091529
vt 0.627386 0.098000
vt 0.585588 0.090164
vt 0.627609 0.095542
vt 0.586334 0.088887
vt 0.627789 0.093250
vt 0.586967 0.087675
vt 0.627932 0.091101
vt 0.587507 0.086514
vt 0.628038 0.089069
vt 0.587965 0.085388
vt 0.628114 0.087132
vt 0.588354 0.084286
vt 0.628160 0.085265
vt 0.588684 0.083198
vt 0.628180 0.083442
vt 0.588965 0.082114
vt 0.628173 0.081640
vt 0.589202 0.081029
vt 0.628140 0.079834
vt 0.589466 0.079238
vt 0.628078 0.077992
vt 0.589548 0.077508
vt 0.627917 0.073500
vt 0.589462 0.075836
vt 0.627447 0.069232
vt 0.589222 0.074219
vt 0.626707 0.065149
vt 0.588835 0.072655
vt 0.625713 0.061203
vt 0.588308 0.071142
vt 0.624467 0.057349
vt 0.587643 0.069680
vt 0.622955 0.053544
vt 0.586842 0.068273
vt 0.621144 0.049753
vt 0.585903 0.066923
vt 0.618990 0.045951
vt 0.584830 0.065639
vt 0.616432 0.042129
vt 0.583625 0.064429
vt 0.613397 0.038296
vt 0.582299 0.063305
vt 0.609798 0.034489
vt 0.580876 0.062293
vt 0.605535 0.030775
vt 0.579391 0.061426
vt 0.600766 0.027436
vt 0.577854 0.060713
vt 0.596049 0.024824
vt 0.576272 0.060162
vt 0.591426 0.022806
vt 0.574647 0.059783
vt 0.586894 0.021276
vt 0.572974 0.059588
vt 0.582420 0.020153
vt 0.571246 0.059595
vt 0.577950 0.019388
vt 0.569456 0.059828
vt 0.573423 0.018957
vt 0.567593 0.060312
vt 0.568774 0.018864
vt 0.565654 0.061078
vt 0.563947 0.019140
vt 0.563635 0.062156
vt 0.558894 0.019842
vt 0.561351 0.063724
vt 0.553591 0.021049
vt 0.560243 0.064609
vt 0.548039 0.022881
vt 0.559144 0.065571
vt 0.546159 0.023539
vt 0.558058 0.066609
vt 0.544294 0.024225
vt 0.556975 0.067737
vt 0.542428 0.024941
vt 0.555880 0.068974
vt 0.540549 0.025691
vt 0.554766 0.070335
vt 0.538645 0.026479
vt 0.553624 0.071834
vt 0.536703 0.027310
vt 0.552447 0.073489
vt 0.534711 0.028188
vt 0.551221 0.075322
vt 0.532657 0.029119
vt 0.550099 0.076763
vt 0.530545 0.030097
vt 0.548930 0.078344
vt 0.528352 0.031135
vt 0.547731 0.080111
vt 0.526085 0.032227
vt 0.538663 0.075489
vt 0.524255 0.033115
vt 0.537777 0.076126
vt 0.500409 0.047531
vt 0.536734 0.076972
vt 0.499339 0.048962
vt 0.535623 0.077966
vt 0.498156 0.050556
vt 0.534475 0.079082
vt 0.496877 0.052303
vt 0.533311 0.080300
vt 0.495518 0.054188
vt 0.532146 0.081606
vt 0.494101 0.056197
vt 0.530996 0.082984
vt 0.492645 0.058315
vt 0.529874 0.084420
vt 0.491175 0.060523
vt 0.528794 0.085901
vt 0.489712 0.062802
vt 0.527769 0.087415
vt 0.488279 0.065131
vt 0.526812 0.088948
vt 0.486896 0.067484
vt 0.525939 0.090487
vt 0.485580 0.069835
vt 0.524464 0.093790
vt 0.484341 0.072168
vt 0.523443 0.097158
vt 0.479330 0.080529
vt 0.522880 0.100550
vt 0.475797 0.089324
vt 0.522773 0.103929
vt 0.473625 0.098318
vt 0.523114 0.107265
vt 0.472704 0.107362
vt 0.523895 0.110532
vt 0.472945 0.116364
vt 0.525107 0.113704
vt 0.474293 0.125270
vt 0.526743 0.116757
vt 0.476731 0.134043
vt 0.528799 0.119661
vt 0.480283 0.142647
vt 0.531269 0.122382
vt 0.485010 0.151027
vt 0.534147 0.124878
vt 0.491008 0.159087
vt 0.537420 0.127102
vt 0.498401 0.166673
vt 0.541176 0.129063
vt 0.507308 0.173531
vt 0.544995 0.130530
vt 0.518781 0.179663
vt 0.548817 0.131506
vt 0.530150 0.183456
vt 0.552601 0.132005
vt 0.541066 0.185341
vt 0.556314 0.132047
vt 0.551370 0.185693
vt 0.559935 0.131654
vt 0.561027 0.184796
vt 0.563448 0.130844
vt 0.570071 0.182845
vt 0.566840 0.129627
vt 0.578563 0.179944
vt 0.570098 0.128010
vt 0.586557 0.176121
vt 0.573202 0.125995
vt 0.594070 0.171336
vt 0.576132 0.123587
vt 0.601047 0.165502
vt 0.578855 0.120798
vt 0.607332 0.158510
vt 0.579973 0.119328
vt 0.612620 0.150303
vt 0.580994 0.117880
vt 0.614285 0.148100
vt 0.581930 0.116446
vt 0.615816 0.146003
vt 0.582788 0.115021
vt 0.617239 0.143992
vt 0.583579 0.113594
vt 0.618576 0.142047
vt 0.584310 0.112157
vt 0.619846 0.140149
vt 0.584992 0.110698
vt 0.621065 0.138279
vt 0.585631 0.109207
vt 0.622248 0.136417
vt 0.586237 0.107672
vt 0.623407 0.134547
vt 0.586820 0.106081
vt 0.624554 0.132650
vt 0.587388 0.104420
vt 0.625699 0.130710
vt 0.587974 0.102689
vt 0.626850 0.128713
vt 0.580958 0.096411
vt 0.628180 0.126302
vt 0.626808 0.103501
vt 0.376786 0.581045
vt 0.336313 0.623582
vt 0.373292 0.579899
vt 0.380359 0.582256
vt 0.339472 0.624141
vt 0.384019 0.583569
vt 0.342491 0.624802
vt 0.387781 0.585024
vt 0.345342 0.625572
vt 0.391664 0.586670
vt 0.348030 0.626460
vt 0.395689 0.588563
vt 0.350570 0.627474
vt 0.399877 0.590768
vt 0.352982 0.628624
vt 0.404245 0.593362
vt 0.355284 0.629918
vt 0.408804 0.596433
vt 0.357493 0.631363
vt 0.413553 0.600088
vt 0.359623 0.632968
vt 0.418471 0.604450
vt 0.361685 0.634737
vt 0.425230 0.616406
vt 0.363675 0.636671
vt 0.429615 0.628468
vt 0.366335 0.640112
vt 0.431994 0.640363
vt 0.368207 0.643717
vt 0.432661 0.652001
vt 0.369364 0.647409
vt 0.431806 0.663348
vt 0.369881 0.651134
vt 0.429538 0.674367
vt 0.369823 0.654850
vt 0.425913 0.684998
vt 0.369245 0.658523
vt 0.420966 0.695137
vt 0.368193 0.662116
vt 0.414737 0.704644
vt 0.366701 0.665593
vt 0.407284 0.713349
vt 0.364804 0.668912
vt 0.398703 0.721065
vt 0.362534 0.672033
vt 0.389128 0.727606
vt 0.359927 0.674911
vt 0.377890 0.733203
vt 0.357021 0.677507
vt 0.366831 0.736729
vt 0.353761 0.679832
vt 0.356204 0.738521
vt 0.350377 0.681723
vt 0.346144 0.738871
vt 0.346925 0.683185
vt 0.336711 0.738019
vt 0.343445 0.684233
vt 0.327913 0.736150
vt 0.339970 0.684891
vt 0.319734 0.733396
vt 0.336526 0.685179
vt 0.312152 0.729843
vt 0.333131 0.685117
vt 0.305154 0.725538
vt 0.329799 0.684722
vt 0.298751 0.720501
vt 0.326541 0.684006
vt 0.292988 0.714735
vt 0.323369 0.682977
vt 0.287959 0.708241
vt 0.320294 0.681644
vt 0.284280 0.701861
vt 0.317325 0.680012
vt 0.281691 0.695734
vt 0.315570 0.677455
vt 0.279954 0.689915
vt 0.314054 0.674748
vt 0.278875 0.684389
vt 0.312792 0.671898
vt 0.278303 0.679099
vt 0.311798 0.668893
vt 0.278123 0.673968
vt 0.311091 0.665709
vt 0.278244 0.668918
vt 0.310699 0.662307
vt 0.278593 0.663883
vt 0.310655 0.658638
vt 0.279096 0.658812
vt 0.311000 0.654640
vt 0.279662 0.653665
vt 0.311780 0.650242
vt 0.280183 0.648421
vt 0.313043 0.645356
vt 0.280502 0.643072
vt 0.314836 0.639871
vt 0.278123 0.587570
vt 0.317193 0.633611
vt 0.284893 0.583031
vt 0.315523 0.630284
vt 0.289885 0.580535
vt 0.315908 0.627932
vt 0.294412 0.578677
vt 0.316407 0.625770
vt 0.298533 0.577285
vt 0.316985 0.623788
vt 0.302331 0.576226
vt 0.317622 0.621987
vt 0.305904 0.575403
vt 0.318304 0.620365
vt 0.309353 0.574748
vt 0.319024 0.618925
vt 0.312781 0.574223
vt 0.319780 0.617670
vt 0.316284 0.573812
vt 0.320573 0.616612
vt 0.319949 0.573526
vt 0.321401 0.615765
vt 0.323853 0.573398
vt 0.322266 0.615148
vt 0.328060 0.573485
vt 0.323163 0.614780
vt 0.330286 0.573522
vt 0.324088 0.614684
vt 0.332491 0.573568
vt 0.324684 0.614540
vt 0.334705 0.573624
vt 0.325257 0.614533
vt 0.336949 0.573693
vt 0.325807 0.614671
vt 0.339246 0.573776
vt 0.326334 0.614967
vt 0.341613 0.573878
vt 0.326840 0.615433
vt 0.344071 0.574004
vt 0.327328 0.616087
vt 0.346636 0.574156
vt 0.327801 0.616951
vt 0.349328 0.574339
vt 0.328266 0.618048
vt 0.352165 0.574555
vt 0.328735 0.619412
vt 0.355167 0.574806
vt 0.329226 0.621084
vt 0.358356 0.575092
vt 0.329762 0.623121
vt 0.369426 0.578448
vt 0.330332 0.625652
vt 0.333222 0.623138
vt 0.959373 0.068484
vt 0.903192 0.076707
vt 0.959067 0.070721
vt 0.959799 0.066219
vt 0.909249 0.076706
vt 0.960314 0.063920
vt 0.914858 0.075898
vt 0.960893 0.061581
vt 0.920003 0.074409
vt 0.961521 0.059199
vt 0.924679 0.072355
vt 0.962196 0.056771
vt 0.928881 0.069832
vt 0.962923 0.054293
vt 0.932607 0.066926
vt 0.963719 0.051762
vt 0.935850 0.063713
vt 0.964609 0.049181
vt 0.938596 0.060260
vt 0.965637 0.046556
vt 0.940825 0.056631
vt 0.966907 0.043947
vt 0.942504 0.052888
vt 0.968070 0.041168
vt 0.943595 0.049102
vt 0.969365 0.038374
vt 0.944045 0.045369
vt 0.970789 0.035576
vt 0.943801 0.041566
vt 0.972315 0.032782
vt 0.942902 0.037778
vt 0.973925 0.029997
vt 0.941378 0.034085
vt 0.975609 0.027218
vt 0.939254 0.030566
vt 0.977364 0.024443
vt 0.936542 0.027307
vt 0.979199 0.021663
vt 0.933247 0.024406
vt 0.981136 0.018864
vt 0.929369 0.021975
vt 0.976039 0.020896
vt 0.924902 0.020147
vt 0.971561 0.021779
vt 0.919843 0.019073
vt 0.967290 0.022578
vt 0.914230 0.018864
vt 0.958937 0.072935
vt 0.908114 0.019650
vt 0.896710 0.075751
vt 0.472704 0.223422
vt 0.537286 0.248195
vt 0.483850 0.274675
vt 0.589707 0.224250
vt 0.538616 0.249036
vt 0.600248 0.274675
vt 0.536926 0.250432
vt 0.535327 0.249613
s 1
usemtl マテリアル.003
f 1/1/1 3/2/1 2/3/1
f 1/1/1 4/4/1 3/2/1
f 39/5/1 41/6/1 40/7/1
f 39/5/1 42/8/1 41/6/1
f 38/9/1 42/8/1 39/5/1
f 38/9/1 43/10/1 42/8/1
f 37/11/1 43/10/1 38/9/1
f 37/11/1 44/12/1 43/10/1
f 36/13/1 44/12/1 37/11/1
f 36/13/1 45/14/1 44/12/1
f 35/15/1 45/14/1 36/13/1
f 35/15/1 46/16/1 45/14/1
f 34/17/1 46/16/1 35/15/1
f 34/17/1 47/18/1 46/16/1
f 33/19/1 90/20/1 34/17/1
f 90/20/1 47/18/1 34/17/1
f 33/19/1 91/21/1 90/20/1
f 89/22/1 47/18/1 90/20/1
f 33/19/1 92/23/1 91/21/1
f 88/24/1 47/18/1 89/22/1
f 33/19/1 93/25/1 92/23/1
f 87/26/1 47/18/1 88/24/1
f 87/26/1 48/27/1 47/18/1
f 33/19/1 94/28/1 93/25/1
f 32/29/1 94/28/1 33/19/1
f 86/30/1 48/27/1 87/26/1
f 32/29/1 95/31/1 94/28/1
f 85/32/1 48/27/1 86/30/1
f 32/29/1 96/33/1 95/31/1
f 84/34/1 48/27/1 85/32/1
f 32/29/1 97/35/1 96/33/1
f 83/36/1 48/27/1 84/34/1
f 31/37/1 97/35/1 32/29/1
f 83/36/1 49/38/1 48/27/1
f 31/37/1 98/39/1 97/35/1
f 82/40/1 49/38/1 83/36/1
f 31/37/1 99/41/1 98/39/1
f 81/42/1 49/38/1 82/40/1
f 30/43/1 99/41/1 31/37/1
f 81/42/1 50/44/1 49/38/1
f 30/43/1 100/45/1 99/41/1
f 80/46/1 50/44/1 81/42/1
f 30/43/1 101/47/1 100/45/1
f 79/48/1 50/44/1 80/46/1
f 29/49/1 101/47/1 30/43/1
f 29/49/1 102/50/1 101/47/1
f 79/48/1 51/51/1 50/44/1
f 103/52/1 51/51/1 79/48/1
f 29/49/1 103/52/1 102/50/1
f 29/49/1 51/51/1 103/52/1
f 28/53/1 51/51/1 29/49/1
f 28/53/1 52/54/1 51/51/1
f 27/55/1 53/56/1 28/53/1
f 53/56/1 52/54/1 28/53/1
f 27/55/1 54/57/1 53/56/1
f 26/58/1 54/57/1 27/55/1
f 26/58/1 55/59/1 54/57/1
f 26/58/1 56/60/1 55/59/1
f 25/61/1 56/60/1 26/58/1
f 25/61/1 57/62/1 56/60/1
f 24/63/1 57/62/1 25/61/1
f 24/63/1 58/64/1 57/62/1
f 76/65/1 78/66/1 77/67/1
f 24/63/1 59/68/1 58/64/1
f 75/69/1 78/66/1 76/65/1
f 74/70/1 78/66/1 75/69/1
f 23/71/1 59/68/1 24/63/1
f 23/71/1 60/72/1 59/68/1
f 73/73/1 78/66/1 74/70/1
f 72/74/1 78/66/1 73/73/1
f 23/71/1 61/75/1 60/72/1
f 71/76/1 78/66/1 72/74/1
f 23/71/1 62/77/1 61/75/1
f 70/78/1 78/66/1 71/76/1
f 22/79/1 62/77/1 23/71/1
f 69/80/1 78/66/1 70/78/1
f 22/79/1 63/81/1 62/77/1
f 68/82/1 78/66/1 69/80/1
f 22/79/1 64/83/1 63/81/1
f 67/84/1 78/66/1 68/82/1
f 66/85/1 78/66/1 67/84/1
f 22/79/1 65/86/1 64/83/1
f 65/86/1 78/66/1 66/85/1
f 22/79/1 78/66/1 65/86/1
f 21/87/1 78/66/1 22/79/1
f 21/87/1 5/88/1 78/66/1
f 20/89/1 5/88/1 21/87/1
f 20/89/1 6/90/1 5/88/1
f 20/89/1 7/91/1 6/90/1
f 19/92/1 7/91/1 20/89/1
f 19/92/1 8/93/1 7/91/1
f 19/92/1 9/94/1 8/93/1
f 18/95/1 9/94/1 19/92/1
f 18/95/1 10/96/1 9/94/1
f 18/95/1 11/97/1 10/96/1
f 17/98/1 11/97/1 18/95/1
f 17/98/1 12/99/1 11/97/1
f 17/98/1 13/100/1 12/99/1
f 17/98/1 14/101/1 13/100/1
f 16/102/1 14/101/1 17/98/1
f 16/102/1 15/103/1 14/101/1
f 187/104/1 189/105/1 188/106/1
f 187/104/1 190/107/1 189/105/1
f 187/104/1 191/108/1 190/107/1
f 186/109/1 191/108/1 187/104/1
f 186/109/1 192/110/2 191/108/1
f 186/109/1 193/111/1 192/110/2
f 186/109/1 194/112/1 193/111/1
f 185/113/1 194/112/1 186/109/1
f 185/113/1 195/114/1 194/112/1
f 185/113/1 196/115/1 195/114/1
f 185/113/1 197/116/1 196/115/1
f 184/117/1 197/116/1 185/113/1
f 184/117/1 198/118/1 197/116/1
f 184/117/1 199/119/1 198/118/1
f 184/117/1 200/120/1 199/119/1
f 183/121/1 200/120/1 184/117/1
f 183/121/1 111/122/1 200/120/1
f 111/122/1 110/123/1 200/120/1
f 110/123/1 109/124/1 200/120/1
f 109/124/1 108/125/1 200/120/1
f 108/125/1 107/126/1 200/120/1
f 107/126/1 106/127/1 200/120/1
f 106/127/1 105/128/1 200/120/1
f 105/128/1 104/129/1 200/120/1
f 104/129/1 201/130/1 200/120/1
f 182/131/1 113/132/1 183/121/1
f 113/132/1 112/133/1 183/121/1
f 112/133/1 111/122/1 183/121/1
f 181/134/1 115/135/3 182/131/1
f 115/135/3 114/136/2 182/131/1
f 114/136/2 113/132/1 182/131/1
f 181/134/1 116/137/1 115/135/3
f 181/134/1 117/138/1 116/137/1
f 181/134/1 118/139/1 117/138/1
f 180/140/1 118/139/1 181/134/1
f 180/140/1 119/141/1 118/139/1
f 180/140/1 120/142/1 119/141/1
f 180/140/1 121/143/1 120/142/1
f 179/144/1 121/143/1 180/140/1
f 179/144/1 122/145/1 121/143/1
f 179/144/1 123/146/1 122/145/1
f 178/147/1 123/146/1 179/144/1
f 178/147/1 124/148/1 123/146/1
f 178/147/1 125/149/1 124/148/1
f 177/150/1 125/149/1 178/147/1
f 177/150/1 126/151/1 125/149/1
f 176/152/1 126/151/1 177/150/1
f 176/152/1 127/153/1 126/151/1
f 176/152/1 128/154/1 127/153/1
f 175/155/1 128/154/1 176/152/1
f 175/155/1 129/156/1 128/154/1
f 174/157/1 129/156/1 175/155/1
f 174/157/1 130/158/1 129/156/1
f 174/157/1 131/159/1 130/158/1
f 173/160/1 131/159/1 174/157/1
f 173/160/1 132/161/1 131/159/1
f 173/160/1 133/162/1 132/161/1
f 172/163/1 133/162/1 173/160/1
f 172/163/1 134/164/1 133/162/1
f 150/165/1 152/166/1 151/167/1
f 172/163/1 135/168/1 134/164/1
f 149/169/1 152/166/1 150/165/1
f 171/170/1 135/168/1 172/163/1
f 148/171/1 152/166/1 149/169/1
f 171/170/1 136/172/1 135/168/1
f 147/173/1 152/166/1 148/171/1
f 146/174/1 152/166/1 147/173/1
f 145/175/1 152/166/1 146/174/1
f 171/170/1 137/176/1 136/172/1
f 144/177/1 152/166/1 145/175/1
f 143/178/1 152/166/1 144/177/1
f 171/170/1 138/179/1 137/176/1
f 142/180/1 152/166/1 143/178/1
f 141/181/1 152/166/1 142/180/1
f 171/170/1 139/182/1 138/179/1
f 140/183/1 152/166/1 141/181/1
f 170/184/1 139/182/1 171/170/1
f 139/182/1 152/166/1 140/183/1
f 170/184/1 152/166/1 139/182/1
f 169/185/1 152/166/1 170/184/1
f 168/186/1 152/166/1 169/185/1
f 167/187/1 152/166/1 168/186/1
f 167/187/1 153/188/1 152/166/1
f 167/187/1 154/189/1 153/188/1
f 167/187/1 155/190/1 154/189/1
f 166/191/1 155/190/1 167/187/1
f 166/191/1 156/192/1 155/190/1
f 166/191/1 157/193/1 156/192/1
f 166/191/1 158/194/1 157/193/1
f 166/191/1 159/195/1 158/194/1
f 165/196/1 159/195/1 166/191/1
f 165/196/1 160/197/1 159/195/1
f 165/196/1 161/198/1 160/197/1
f 165/196/1 162/199/1 161/198/1
f 164/200/1 162/199/1 165/196/1
f 164/200/1 163/201/1 162/199/1
f 299/202/1 301/203/1 300/204/1
f 298/205/1 301/203/1 299/202/1
f 298/205/1 302/206/1 301/203/1
f 297/207/1 302/206/1 298/205/1
f 296/208/1 302/206/1 297/207/1
f 296/208/1 303/209/1 302/206/1
f 295/210/1 303/209/1 296/208/1
f 295/210/1 304/211/1 303/209/1
f 294/212/1 304/211/1 295/210/1
f 293/213/1 304/211/1 294/212/1
f 293/213/1 305/214/1 304/211/1
f 292/215/1 305/214/1 293/213/1
f 292/215/1 306/216/1 305/214/1
f 291/217/1 306/216/1 292/215/1
f 290/218/1 306/216/1 291/217/1
f 290/218/1 307/219/1 306/216/1
f 289/220/1 307/219/1 290/218/1
f 289/220/1 308/221/1 307/219/1
f 288/222/1 308/221/1 289/220/1
f 287/223/1 286/224/1 288/222/1
f 286/224/1 285/225/1 288/222/1
f 285/225/1 284/226/1 288/222/1
f 284/226/1 283/227/1 288/222/1
f 283/227/1 282/228/1 288/222/1
f 282/228/1 281/229/1 288/222/1
f 281/229/1 280/230/1 288/222/1
f 280/230/1 279/231/1 288/222/1
f 279/231/1 278/232/1 288/222/1
f 278/232/1 277/233/1 288/222/1
f 277/233/1 308/221/1 288/222/1
f 277/233/1 276/234/1 308/221/1
f 276/234/1 275/235/1 308/221/1
f 275/235/1 309/236/1 308/221/1
f 275/235/1 274/237/1 309/236/1
f 274/237/1 310/238/1 309/236/1
f 273/239/1 310/238/1 274/237/1
f 272/240/1 310/238/1 273/239/1
f 271/241/1 310/238/1 272/240/1
f 270/242/1 310/238/1 271/241/1
f 269/243/1 310/238/1 270/242/1
f 269/243/1 311/244/1 310/238/1
f 268/245/1 311/244/1 269/243/1
f 267/246/1 311/244/1 268/245/1
f 266/247/1 311/244/1 267/246/1
f 266/247/1 312/248/1 311/244/1
f 265/249/1 312/248/1 266/247/1
f 264/250/1 312/248/1 265/249/1
f 264/250/1 313/251/1 312/248/1
f 263/252/1 313/251/1 264/250/1
f 262/253/1 313/251/1 263/252/1
f 261/254/1 375/255/1 262/253/1
f 375/255/1 313/251/1 262/253/1
f 260/256/1 375/255/1 261/254/1
f 259/257/1 375/255/1 260/256/1
f 258/258/1 375/255/1 259/257/1
f 257/259/1 375/255/1 258/258/1
f 257/259/1 339/260/1 375/255/1
f 374/261/1 313/251/1 375/255/1
f 257/259/1 340/262/1 339/260/1
f 256/263/1 340/262/1 257/259/1
f 256/263/1 341/264/1 340/262/1
f 255/265/1 341/264/1 256/263/1
f 255/265/1 342/266/1 341/264/1
f 254/267/1 342/266/1 255/265/1
f 254/267/1 343/268/1 342/266/1
f 254/267/1 344/269/1 343/268/1
f 253/270/1 344/269/1 254/267/1
f 253/270/1 345/271/1 344/269/1
f 252/272/1 345/271/1 253/270/1
f 252/272/1 346/273/1 345/271/1
f 252/272/1 347/274/1 346/273/1
f 251/275/1 347/274/1 252/272/1
f 251/275/1 348/276/1 347/274/1
f 251/275/1 349/277/1 348/276/1
f 250/278/1 349/277/1 251/275/1
f 250/278/1 350/279/1 349/277/1
f 249/280/1 350/279/1 250/278/1
f 249/280/1 351/281/1 350/279/1
f 249/280/1 352/282/1 351/281/1
f 248/283/1 352/282/1 249/280/1
f 248/283/1 353/284/1 352/282/1
f 248/283/1 354/285/1 353/284/1
f 373/286/1 313/251/1 374/261/1
f 247/287/1 354/285/1 248/283/1
f 372/288/1 313/251/1 373/286/1
f 247/287/1 355/289/1 354/285/1
f 371/290/1 313/251/1 372/288/1
f 336/291/1 338/292/1 337/293/1
f 371/290/1 314/294/1 313/251/1
f 247/287/1 356/295/1 355/289/1
f 335/296/1 338/292/1 336/291/1
f 370/297/1 314/294/1 371/290/1
f 370/297/1 315/298/1 314/294/1
f 334/299/1 338/292/1 335/296/1
f 246/300/1 356/295/1 247/287/1
f 246/300/1 357/301/1 356/295/1
f 370/297/1 316/302/1 315/298/1
f 369/303/1 316/302/1 370/297/1
f 333/304/1 338/292/1 334/299/1
f 369/303/1 317/305/1 316/302/1
f 368/306/1 317/305/1 369/303/1
f 332/307/1 338/292/1 333/304/1
f 246/300/1 358/308/1 357/301/1
f 368/306/1 318/309/1 317/305/1
f 331/310/1 338/292/1 332/307/1
f 367/311/1 318/309/1 368/306/1
f 367/311/1 319/312/1 318/309/1
f 330/313/1 338/292/1 331/310/1
f 246/300/1 359/314/1 358/308/1
f 367/311/1 320/315/1 319/312/1
f 366/316/1 320/315/1 367/311/1
f 329/317/1 338/292/1 330/313/1
f 366/316/1 321/318/1 320/315/1
f 245/319/1 359/314/1 246/300/1
f 328/320/1 338/292/1 329/317/1
f 245/319/1 360/321/1 359/314/1
f 365/322/1 321/318/1 366/316/1
f 365/322/1 322/323/1 321/318/1
f 327/324/1 338/292/1 328/320/1
f 365/322/1 323/325/1 322/323/1
f 326/326/1 338/292/1 327/324/1
f 364/327/1 323/325/1 365/322/1
f 364/327/1 324/328/1 323/325/1
f 325/329/1 338/292/1 326/326/1
f 364/327/1 325/329/1 324/328/1
f 245/319/1 361/330/1 360/321/1
f 364/327/1 338/292/1 325/329/1
f 363/331/1 338/292/1 364/327/1
f 245/319/1 362/332/1 361/330/1
f 362/332/1 338/292/1 363/331/1
f 245/319/1 225/333/1 362/332/1
f 225/333/1 338/292/1 362/332/1
f 244/334/1 225/333/1 245/319/1
f 244/334/1 226/335/1 225/333/1
f 224/336/1 338/292/1 225/333/1
f 243/337/1 226/335/1 244/334/1
f 243/337/1 227/338/1 226/335/1
f 223/339/1 338/292/1 224/336/1
f 223/339/1 202/340/1 338/292/1
f 242/341/1 227/338/1 243/337/1
f 242/341/1 228/342/1 227/338/1
f 222/343/1 202/340/1 223/339/1
f 222/343/1 203/344/1 202/340/1
f 242/341/1 229/345/1 228/342/1
f 221/346/1 203/344/1 222/343/1
f 241/347/1 229/345/1 242/341/1
f 221/346/1 204/348/1 203/344/1
f 241/347/1 230/349/1 229/345/1
f 220/350/1 204/348/1 221/346/1
f 220/350/1 205/351/1 204/348/1
f 240/352/1 230/349/1 241/347/1
f 240/352/1 231/353/1 230/349/1
f 219/354/1 205/351/1 220/350/1
f 219/354/1 206/355/1 205/351/1
f 240/352/1 232/356/1 231/353/1
f 218/357/1 206/355/1 219/354/1
f 218/357/1 207/358/1 206/355/1
f 239/359/1 232/356/1 240/352/1
f 239/359/1 233/360/1 232/356/1
f 217/361/1 207/358/1 218/357/1
f 217/361/1 208/362/1 207/358/1
f 239/359/1 234/363/1 233/360/1
f 217/361/1 209/364/1 208/362/1
f 216/365/1 209/364/1 217/361/1
f 238/366/1 234/363/1 239/359/1
f 216/365/1 210/367/1 209/364/1
f 238/366/1 235/368/1 234/363/1
f 215/369/1 210/367/1 216/365/1
f 215/369/1 211/370/1 210/367/1
f 238/366/1 236/371/1 235/368/1
f 214/372/1 211/370/1 215/369/1
f 237/373/1 236/371/1 238/366/1
f 214/372/1 212/374/1 211/370/1
f 213/375/1 212/374/1 214/372/1
f 376/376/1 452/377/1 377/378/1
f 452/377/1 378/379/1 377/378/1
f 452/377/1 379/380/1 378/379/1
f 452/377/1 380/381/1 379/380/1
f 452/377/1 381/382/1 380/381/1
f 452/377/1 382/383/1 381/382/1
f 452/377/1 383/384/1 382/383/1
f 452/377/1 384/385/1 383/384/1
f 452/377/1 385/386/1 384/385/1
f 452/377/1 451/387/1 385/386/1
f 451/387/1 450/388/1 385/386/1
f 450/388/1 386/389/1 385/386/1
f 376/376/1 453/390/1 452/377/1
f 449/391/1 386/389/1 450/388/1
f 448/392/1 386/389/1 449/391/1
f 447/393/1 386/389/1 448/392/1
f 446/394/1 386/389/1 447/393/1
f 446/394/1 387/395/1 386/389/1
f 445/396/1 387/395/1 446/394/1
f 444/397/1 387/395/1 445/396/1
f 444/397/1 388/398/1 387/395/1
f 443/399/1 388/398/1 444/397/1
f 442/400/1 388/398/1 443/399/1
f 442/400/1 389/401/1 388/398/1
f 441/402/1 389/401/1 442/400/1
f 440/403/1 389/401/1 441/402/1
f 440/403/1 390/404/1 389/401/1
f 439/405/1 390/404/1 440/403/1
f 438/406/1 390/404/1 439/405/1
f 438/406/1 391/407/1 390/404/1
f 437/408/1 391/407/1 438/406/1
f 437/408/1 392/409/1 391/407/1
f 436/410/1 392/409/1 437/408/1
f 435/411/1 392/409/1 436/410/1
f 435/411/1 393/412/1 392/409/1
f 434/413/1 393/412/1 435/411/1
f 433/414/1 393/412/1 434/413/1
f 433/414/1 394/415/1 393/412/1
f 432/416/1 394/415/1 433/414/1
f 432/416/1 395/417/1 394/415/1
f 431/418/1 395/417/1 432/416/1
f 376/376/1 416/419/1 453/390/1
f 430/420/1 395/417/1 431/418/1
f 376/376/1 417/421/1 416/419/1
f 376/376/1 418/422/1 417/421/1
f 376/376/1 414/423/1 418/422/1
f 414/423/1 419/424/1 418/422/1
f 429/425/1 395/417/1 430/420/1
f 414/423/1 420/426/1 419/424/1
f 414/423/1 421/427/1 420/426/1
f 429/425/1 396/428/1 395/417/1
f 428/429/1 396/428/1 429/425/1
f 414/423/1 422/430/1 421/427/1
f 414/423/1 423/431/1 422/430/1
f 414/423/1 424/432/1 423/431/1
f 427/433/1 396/428/1 428/429/1
f 414/423/1 425/434/1 424/432/1
f 414/423/1 426/435/1 425/434/1
f 414/423/1 427/433/1 426/435/1
f 414/423/1 396/428/1 427/433/1
f 414/423/1 397/436/1 396/428/1
f 414/423/1 398/437/1 397/436/1
f 414/423/1 399/438/1 398/437/1
f 376/376/1 415/439/1 414/423/1
f 413/440/1 399/438/1 414/423/1
f 413/440/1 400/441/1 399/438/1
f 412/442/1 400/441/1 413/440/1
f 411/443/1 400/441/1 412/442/1
f 410/444/1 400/441/1 411/443/1
f 409/445/1 400/441/1 410/444/1
f 409/445/1 401/446/1 400/441/1
f 408/447/1 401/446/1 409/445/1
f 407/448/1 401/446/1 408/447/1
f 406/449/1 401/446/1 407/448/1
f 405/450/1 401/446/1 406/449/1
f 405/450/1 402/451/1 401/446/1
f 404/452/1 402/451/1 405/450/1
f 403/453/1 402/451/1 404/452/1
f 561/454/1 563/455/1 562/456/1
f 561/454/1 564/457/1 563/455/1
f 561/454/1 565/458/1 564/457/1
f 560/459/1 565/458/1 561/454/1
f 560/459/1 566/460/1 565/458/1
f 560/459/1 567/461/1 566/460/1
f 559/462/1 567/461/1 560/459/1
f 559/462/1 568/463/1 567/461/1
f 559/462/1 569/464/1 568/463/1
f 558/465/1 569/464/1 559/462/1
f 558/465/1 570/466/1 569/464/1
f 558/465/1 571/467/1 570/466/1
f 557/468/1 571/467/1 558/465/1
f 557/468/1 572/469/1 571/467/1
f 557/468/1 573/470/1 572/469/1
f 556/471/1 573/470/1 557/468/1
f 556/471/1 574/472/1 573/470/1
f 556/471/1 461/473/1 574/472/1
f 461/473/1 460/474/1 574/472/1
f 460/474/1 459/475/1 574/472/1
f 459/475/1 458/476/1 574/472/1
f 458/476/1 457/477/1 574/472/1
f 457/477/1 456/478/1 574/472/1
f 456/478/1 455/479/1 574/472/1
f 455/479/1 454/480/1 574/472/1
f 454/480/1 575/481/1 574/472/1
f 555/482/1 463/483/1 556/471/1
f 463/483/1 462/484/1 556/471/1
f 462/484/1 461/473/1 556/471/1
f 554/485/1 465/486/1 555/482/1
f 465/486/1 464/487/1 555/482/1
f 464/487/1 463/483/1 555/482/1
f 553/488/1 466/489/1 554/485/1
f 466/489/1 465/486/1 554/485/1
f 553/488/1 467/490/1 466/489/1
f 553/488/1 468/491/1 467/490/1
f 553/488/1 469/492/1 468/491/1
f 553/488/1 470/493/1 469/492/1
f 553/488/1 471/494/1 470/493/1
f 552/495/1 471/494/1 553/488/1
f 552/495/1 472/496/1 471/494/1
f 552/495/1 473/497/1 472/496/1
f 552/495/1 474/498/1 473/497/1
f 551/499/1 474/498/1 552/495/1
f 551/499/1 475/500/1 474/498/1
f 551/499/1 476/501/1 475/500/1
f 550/502/1 476/501/1 551/499/1
f 550/502/1 477/503/1 476/501/1
f 550/502/1 478/504/1 477/503/1
f 549/505/1 478/504/1 550/502/1
f 549/505/1 479/506/1 478/504/1
f 549/505/1 480/507/1 479/506/1
f 548/508/1 480/507/1 549/505/1
f 548/508/1 481/509/1 480/507/1
f 547/510/1 481/509/1 548/508/1
f 547/510/1 482/511/1 481/509/1
f 547/510/1 483/512/1 482/511/1
f 546/513/1 483/512/1 547/510/1
f 546/513/1 484/514/1 483/512/1
f 545/515/1 484/514/1 546/513/1
f 545/515/1 485/516/1 484/514/1
f 544/517/1 485/516/1 545/515/1
f 544/517/1 486/518/1 485/516/1
f 543/519/1 486/518/1 544/517/1
f 543/519/1 487/520/1 486/518/1
f 542/521/1 487/520/1 543/519/1
f 541/522/1 487/520/1 542/521/1
f 541/522/1 488/523/1 487/520/1
f 540/524/1 488/523/1 541/522/1
f 539/525/1 488/523/1 540/524/1
f 539/525/1 489/526/1 488/523/1
f 538/527/1 489/526/1 539/525/1
f 513/528/1 515/529/1 514/530/1
f 538/527/1 490/531/1 489/526/1
f 537/532/1 490/531/1 538/527/1
f 513/528/1 516/533/1 515/529/1
f 536/534/1 490/531/1 537/532/1
f 536/534/1 491/535/1 490/531/1
f 513/528/1 517/536/1 516/533/1
f 535/537/1 491/535/1 536/534/1
f 513/528/1 518/538/1 517/536/1
f 534/539/1 491/535/1 535/537/1
f 533/540/1 491/535/1 534/539/1
f 533/540/1 492/541/1 491/535/1
f 513/528/1 519/542/1 518/538/1
f 532/543/1 492/541/1 533/540/1
f 513/528/1 520/544/1 519/542/1
f 531/545/1 492/541/1 532/543/1
f 513/528/1 521/546/1 520/544/1
f 531/545/1 493/547/1 492/541/1
f 530/548/1 493/547/1 531/545/1
f 513/528/1 522/549/1 521/546/1
f 529/550/1 493/547/1 530/548/1
f 513/528/1 523/551/1 522/549/1
f 528/552/1 493/547/1 529/550/1
f 513/528/1 524/553/1 523/551/1
f 527/554/1 493/547/1 528/552/1
f 513/528/1 525/555/1 524/553/1
f 527/554/1 494/556/1 493/547/1
f 526/557/1 494/556/1 527/554/1
f 513/528/1 526/557/1 525/555/1
f 513/528/1 494/556/1 526/557/1
f 513/528/1 495/558/1 494/556/1
f 512/559/1 495/558/1 513/528/1
f 511/560/1 495/558/1 512/559/1
f 511/560/1 496/561/1 495/558/1
f 510/562/1 496/561/1 511/560/1
f 510/562/1 497/563/1 496/561/1
f 509/564/1 497/563/1 510/562/1
f 508/565/1 497/563/1 509/564/1
f 508/565/1 498/566/1 497/563/1
f 507/567/1 498/566/1 508/565/1
f 506/568/1 498/566/1 507/567/1
f 506/568/1 499/569/1 498/566/1
f 505/570/1 499/569/1 506/568/1
f 504/571/1 499/569/1 505/570/1
f 504/571/1 500/572/1 499/569/1
f 503/573/1 500/572/1 504/571/1
f 502/574/1 500/572/1 503/573/1
f 502/574/1 501/575/1 500/572/1
f 629/576/1 631/577/1 630/578/1
f 629/576/1 632/579/1 631/577/1
f 587/580/1 589/581/1 588/582/1
f 586/583/1 589/581/1 587/580/1
f 586/583/1 590/584/1 589/581/1
f 585/585/1 590/584/1 586/583/1
f 584/586/1 590/584/1 585/585/1
f 584/586/1 591/587/1 590/584/1
f 583/588/1 591/587/1 584/586/1
f 583/588/1 592/589/1 591/587/1
f 582/590/1 592/589/1 583/588/1
f 581/591/1 592/589/1 582/590/1
f 581/591/1 593/592/1 592/589/1
f 580/593/1 593/592/1 581/591/1
f 579/594/1 593/592/1 580/593/1
f 579/594/1 594/595/1 593/592/1
f 578/596/1 594/595/1 579/594/1
f 578/596/1 595/597/1 594/595/1
f 577/598/1 595/597/1 578/596/1
f 576/599/1 595/597/1 577/598/1
f 576/599/1 615/600/1 595/597/1
f 615/600/1 596/601/1 595/597/1
f 629/576/1 576/599/1 632/579/1
f 629/576/1 627/602/1 576/599/1
f 627/602/1 626/603/1 576/599/1
f 626/603/1 625/604/1 576/599/1
f 625/604/1 624/605/1 576/599/1
f 624/605/1 623/606/1 576/599/1
f 623/606/1 622/607/1 576/599/1
f 622/607/1 621/608/1 576/599/1
f 621/608/1 620/609/1 576/599/1
f 620/609/1 619/610/1 576/599/1
f 619/610/1 618/611/1 576/599/1
f 618/611/1 617/612/1 576/599/1
f 617/612/1 616/613/1 576/599/1
f 616/613/1 615/600/1 576/599/1
f 614/614/1 596/601/1 615/600/1
f 613/615/1 596/601/1 614/614/1
f 612/616/1 596/601/1 613/615/1
f 611/617/1 596/601/1 612/616/1
f 611/617/1 597/618/1 596/601/1
f 610/619/1 597/618/1 611/617/1
f 609/620/1 597/618/1 610/619/1
f 608/621/1 597/618/1 609/620/1
f 608/621/1 598/622/1 597/618/1
f 607/623/1 598/622/1 608/621/1
f 606/624/1 598/622/1 607/623/1
f 606/624/1 599/625/1 598/622/1
f 605/626/1 599/625/1 606/624/1
f 629/576/1 628/627/1 627/602/1
f 604/628/1 599/625/1 605/626/1
f 604/628/1 600/629/1 599/625/1
f 603/630/1 600/629/1 604/628/1
f 602/631/1 600/629/1 603/630/1
f 602/631/1 601/632/1 600/629/1
f 752/633/1 754/634/1 753/635/1
f 752/633/1 755/636/1 754/634/1
f 751/637/1 755/636/1 752/633/1
f 751/637/1 756/638/1 755/636/1
f 751/637/1 757/639/1 756/638/1
f 750/640/1 757/639/1 751/637/1
f 750/640/1 758/641/1 757/639/1
f 750/640/1 759/642/1 758/641/1
f 749/643/1 759/642/1 750/640/1
f 749/643/1 760/644/1 759/642/1
f 749/643/1 761/645/1 760/644/1
f 748/646/1 761/645/1 749/643/1
f 748/646/1 762/647/1 761/645/1
f 748/646/1 763/648/1 762/647/1
f 747/649/1 763/648/1 748/646/1
f 747/649/1 764/650/1 763/648/1
f 747/649/1 765/651/1 764/650/1
f 746/652/1 765/651/1 747/649/1
f 746/652/1 640/653/1 765/651/1
f 640/653/1 639/654/1 765/651/1
f 639/654/1 638/655/1 765/651/1
f 638/655/1 637/656/1 765/651/1
f 637/656/1 636/657/1 765/651/1
f 636/657/1 635/658/1 765/651/1
f 635/658/1 634/659/1 765/651/1
f 634/659/1 633/660/1 765/651/1
f 633/660/1 766/661/1 765/651/1
f 745/662/1 642/663/1 746/652/1
f 642/663/1 641/664/1 746/652/1
f 641/664/1 640/653/1 746/652/1
f 744/665/1 643/666/1 745/662/1
f 643/666/1 642/663/1 745/662/1
f 743/667/1 645/668/1 744/665/1
f 645/668/1 644/669/1 744/665/1
f 644/669/1 643/666/1 744/665/1
f 743/667/1 646/670/1 645/668/1
f 743/667/1 647/671/1 646/670/1
f 743/667/1 648/672/1 647/671/1
f 743/667/1 649/673/1 648/672/1
f 743/667/1 650/674/1 649/673/1
f 742/675/1 650/674/1 743/667/1
f 742/675/1 651/676/1 650/674/1
f 742/675/1 652/677/1 651/676/1
f 742/675/1 653/678/1 652/677/1
f 742/675/1 654/679/1 653/678/1
f 741/680/1 654/679/1 742/675/1
f 741/680/1 655/681/1 654/679/1
f 741/680/1 656/682/1 655/681/1
f 741/680/1 657/683/1 656/682/1
f 740/684/1 657/683/1 741/680/1
f 740/684/1 658/685/1 657/683/1
f 740/684/1 659/686/1 658/685/1
f 740/684/1 660/687/1 659/686/1
f 740/684/1 661/688/1 660/687/1
f 740/684/1 662/689/1 661/688/1
f 739/690/1 662/689/1 740/684/1
f 739/690/1 663/691/1 662/689/1
f 739/690/1 664/692/1 663/691/1
f 739/690/1 665/693/1 664/692/1
f 738/694/1 665/693/1 739/690/1
f 738/694/1 666/695/1 665/693/1
f 738/694/1 667/696/1 666/695/1
f 738/694/1 668/697/1 667/696/1
f 737/698/1 668/697/1 738/694/1
f 737/698/1 669/699/1 668/697/1
f 736/700/1 669/699/1 737/698/1
f 736/700/1 670/701/1 669/699/1
f 736/700/1 671/702/1 670/701/1
f 735/703/1 671/702/1 736/700/1
f 735/703/1 672/704/1 671/702/1
f 734/705/1 672/704/1 735/703/1
f 734/705/1 673/706/1 672/704/1
f 734/705/1 674/707/1 673/706/1
f 733/708/1 674/707/1 734/705/1
f 733/708/1 675/709/1 674/707/1
f 732/710/1 675/709/1 733/708/1
f 732/710/1 676/711/1 675/709/1
f 732/710/1 677/712/1 676/711/1
f 731/713/1 677/712/1 732/710/1
f 731/713/1 678/714/1 677/712/1
f 730/715/1 678/714/1 731/713/1
f 730/715/1 679/716/1 678/714/1
f 729/717/1 679/716/1 730/715/1
f 729/717/1 680/718/1 679/716/1
f 704/719/1 706/720/1 705/721/1
f 729/717/1 681/722/1 680/718/1
f 728/723/1 681/722/1 729/717/1
f 704/719/1 707/724/1 706/720/1
f 727/725/1 681/722/1 728/723/1
f 704/719/1 708/726/1 707/724/1
f 726/727/1 681/722/1 727/725/1
f 726/727/1 682/728/1 681/722/1
f 704/719/1 709/729/1 708/726/1
f 725/730/1 682/728/1 726/727/1
f 704/719/1 710/731/1 709/729/1
f 724/732/1 682/728/1 725/730/1
f 704/719/1 711/733/1 710/731/1
f 723/734/1 682/728/1 724/732/1
f 723/734/1 683/735/1 682/728/1
f 704/719/1 712/736/1 711/733/1
f 722/737/1 683/735/1 723/734/1
f 721/738/1 683/735/1 722/737/1
f 704/719/1 713/739/1 712/736/1
f 720/740/1 683/735/1 721/738/1
f 704/719/1 714/741/1 713/739/1
f 719/742/1 683/735/1 720/740/1
f 704/719/1 715/743/1 714/741/1
f 718/744/1 683/735/1 719/742/1
f 704/719/1 716/745/1 715/743/1
f 717/746/1 683/735/1 718/744/1
f 704/719/1 717/746/1 716/745/1
f 717/746/1 684/747/1 683/735/1
f 704/719/1 684/747/1 717/746/1
f 704/719/1 685/748/1 684/747/1
f 704/719/1 686/749/1 685/748/1
f 703/750/1 686/749/1 704/719/1
f 703/750/1 687/751/1 686/749/1
f 702/752/1 687/751/1 703/750/1
f 701/753/1 687/751/1 702/752/1
f 701/753/1 688/754/1 687/751/1
f 700/755/1 688/754/1 701/753/1
f 699/756/1 688/754/1 700/755/1
f 699/756/1 689/757/1 688/754/1
f 698/758/1 689/757/1 699/756/1
f 698/758/1 690/759/1 689/757/1
f 697/760/1 690/759/1 698/758/1
f 696/761/1 690/759/1 697/760/1
f 696/761/1 691/762/1 690/759/1
f 695/763/1 691/762/1 696/761/1
f 694/764/1 691/762/1 695/763/1
f 694/764/1 692/765/1 691/762/1
f 693/766/1 692/765/1 694/764/1
f 791/767/1 793/768/1 792/769/1
f 791/767/1 794/770/1 793/768/1
f 818/771/1 820/772/1 819/773/1
f 818/771/1 821/774/1 820/772/1
f 790/775/1 794/770/1 791/767/1
f 790/775/1 795/776/1 794/770/1
f 790/775/1 796/777/1 795/776/1
f 789/778/1 796/777/1 790/775/1
f 789/778/1 797/779/1 796/777/1
f 817/780/1 821/774/1 818/771/1
f 789/778/1 798/781/1 797/779/1
f 816/782/1 821/774/1 817/780/1
f 788/783/1 798/781/1 789/778/1
f 788/783/1 799/784/1 798/781/1
f 815/785/1 821/774/1 816/782/1
f 814/786/1 821/774/1 815/785/1
f 788/783/1 800/787/1 799/784/1
f 787/788/1 800/787/1 788/783/1
f 813/789/1 821/774/1 814/786/1
f 787/788/1 801/790/1 800/787/1
f 812/791/1 767/792/1 813/789/1
f 767/792/1 821/774/1 813/789/1
f 787/788/1 802/793/1 801/790/1
f 811/794/1 767/792/1 812/791/1
f 787/788/1 803/795/1 802/793/1
f 810/796/1 767/792/1 811/794/1
f 786/797/1 803/795/1 787/788/1
f 809/798/1 767/792/1 810/796/1
f 786/797/1 804/799/1 803/795/1
f 808/800/1 767/792/1 809/798/1
f 786/797/1 805/801/1 804/799/1
f 807/802/1 767/792/1 808/800/1
f 786/797/1 806/803/1 805/801/1
f 806/803/1 767/792/1 807/802/1
f 786/797/1 767/792/1 806/803/1
f 786/797/1 768/804/1 767/792/1
f 822/805/1 821/774/1 767/792/1
f 785/806/1 768/804/1 786/797/1
f 785/806/1 769/807/1 768/804/1
f 785/806/1 770/808/1 769/807/1
f 784/809/1 770/808/1 785/806/1
f 784/809/1 771/810/1 770/808/1
f 783/811/1 771/810/1 784/809/1
f 783/811/1 772/812/1 771/810/1
f 783/811/1 773/813/1 772/812/1
f 782/814/1 773/813/1 783/811/1
f 782/814/1 774/815/1 773/813/1
f 782/814/1 775/816/1 774/815/1
f 781/817/1 775/816/1 782/814/1
f 781/817/1 776/818/1 775/816/1
f 780/819/1 776/818/1 781/817/1
f 780/819/1 777/820/1 776/818/1
f 780/819/1 778/821/1 777/820/1
f 779/822/1 778/821/1 780/819/1
f 849/823/1 877/824/1 850/825/1
f 877/824/1 851/826/1 850/825/1
f 877/824/1 823/827/1 851/826/1
f 877/824/1 824/828/1 823/827/1
f 877/824/1 825/829/1 824/828/1
f 877/824/1 826/830/1 825/829/1
f 877/824/1 827/831/1 826/830/1
f 877/824/1 828/832/1 827/831/1
f 877/824/1 829/833/1 828/832/1
f 877/824/1 876/834/1 829/833/1
f 876/834/1 830/835/1 829/833/1
f 849/823/1 878/836/1 877/824/1
f 875/837/1 830/835/1 876/834/1
f 874/838/1 830/835/1 875/837/1
f 873/839/1 830/835/1 874/838/1
f 873/839/1 831/840/1 830/835/1
f 872/841/1 831/840/1 873/839/1
f 871/842/1 831/840/1 872/841/1
f 870/843/1 831/840/1 871/842/1
f 870/843/1 832/844/1 831/840/1
f 869/845/1 832/844/1 870/843/1
f 868/846/1 832/844/1 869/845/1
f 867/847/1 832/844/1 868/846/1
f 867/847/1 833/848/1 832/844/1
f 866/849/1 833/848/1 867/847/1
f 865/850/1 833/848/1 866/849/1
f 865/850/1 834/851/1 833/848/1
f 864/852/1 834/851/1 865/850/1
f 863/853/1 834/851/1 864/852/1
f 863/853/1 835/854/1 834/851/1
f 862/855/1 835/854/1 863/853/1
f 862/855/1 836/856/1 835/854/1
f 861/857/1 836/856/1 862/855/1
f 860/858/1 836/856/1 861/857/1
f 860/858/1 837/859/1 836/856/1
f 859/860/1 837/859/1 860/858/1
f 858/861/1 837/859/1 859/860/1
f 858/861/1 838/862/1 837/859/1
f 857/863/1 838/862/1 858/861/1
f 856/864/1 838/862/1 857/863/1
f 855/865/1 838/862/1 856/864/1
f 854/866/1 838/862/1 855/865/1
f 854/866/1 839/867/1 838/862/1
f 853/868/1 839/867/1 854/866/1
f 852/869/1 839/867/1 853/868/1
f 849/823/1 847/870/1 878/836/1
f 847/870/1 852/869/1 878/836/1
f 847/870/1 839/867/1 852/869/1
f 847/870/1 840/871/1 839/867/1
f 847/870/1 841/872/1 840/871/1
f 847/870/1 842/873/1 841/872/1
f 847/870/1 843/874/1 842/873/1
f 847/870/1 844/875/1 843/874/1
f 847/870/1 845/876/1 844/875/1
f 847/870/1 846/877/1 845/876/1
f 849/823/1 848/878/1 847/870/1
f 879/879/1 881/880/1 880/881/1
f 879/879/1 882/882/1 881/880/1
f 883/883/4 884/884/4 885/885/4
f 883/883/4 885/885/4 886/886/4
f 921/887/4 922/888/4 923/889/4
f 921/887/4 923/889/4 924/890/4
f 920/891/4 921/887/4 924/890/4
f 920/891/4 924/890/4 925/892/4
f 919/893/4 920/891/4 925/892/4
f 919/893/4 925/892/4 926/894/4
f 918/895/4 919/893/4 926/894/4
f 918/895/4 926/894/4 927/896/4
f 917/897/4 918/895/4 927/896/4
f 917/897/4 927/896/4 928/898/4
f 916/899/4 917/897/4 928/898/4
f 916/899/4 928/898/4 929/900/4
f 915/901/4 916/899/4 972/902/4
f 972/902/4 916/899/4 929/900/4
f 915/901/4 972/902/4 973/903/4
f 971/904/4 972/902/4 929/900/4
f 915/901/4 973/903/4 974/905/4
f 970/906/4 971/904/4 929/900/4
f 915/901/4 974/905/4 975/907/4
f 969/908/4 970/906/4 929/900/4
f 969/908/4 929/900/4 930/909/4
f 915/901/4 975/907/4 976/910/4
f 914/911/4 915/901/4 976/910/4
f 968/912/4 969/908/4 930/909/4
f 914/911/4 976/910/4 977/913/4
f 967/914/4 968/912/4 930/909/4
f 914/911/4 977/913/4 978/915/4
f 966/916/4 967/914/4 930/909/4
f 914/911/4 978/915/4 979/917/4
f 965/918/4 966/916/4 930/909/4
f 913/919/4 914/911/4 979/917/4
f 965/918/4 930/909/4 931/920/4
f 913/919/4 979/917/4 980/921/4
f 964/922/4 965/918/4 931/920/4
f 913/919/4 980/921/4 981/923/4
f 963/924/4 964/922/4 931/920/4
f 912/925/4 913/919/4 981/923/4
f 963/924/4 931/920/4 932/926/4
f 912/925/4 981/923/4 982/927/4
f 962/928/4 963/924/4 932/926/4
f 912/925/4 982/927/4 983/929/4
f 961/930/4 962/928/4 932/926/4
f 911/931/4 912/925/4 983/929/4
f 911/931/4 983/929/4 984/932/4
f 961/930/4 932/926/4 933/933/4
f 985/934/4 961/930/4 933/933/4
f 911/931/4 984/932/4 985/934/4
f 911/931/4 985/934/4 933/933/4
f 910/935/4 911/931/4 933/933/4
f 910/935/4 933/933/4 934/936/4
f 909/937/4 910/935/4 935/938/4
f 935/938/4 910/935/4 934/936/4
f 909/937/4 935/938/4 936/939/4
f 908/940/4 909/937/4 936/939/4
f 908/940/4 936/939/4 937/941/4
f 908/940/4 937/941/4 938/942/4
f 907/943/4 908/940/4 938/942/4
f 907/943/4 938/942/4 939/944/4
f 906/945/4 907/943/4 939/944/4
f 906/945/4 939/944/4 940/946/4
f 958/947/4 959/948/4 960/949/4
f 906/945/4 940/946/4 941/950/4
f 957/951/4 958/947/4 960/949/4
f 956/952/4 957/951/4 960/949/4
f 905/953/4 906/945/4 941/950/4
f 905/953/4 941/950/4 942/954/4
f 955/955/4 956/952/4 960/949/4
f 954/956/4 955/955/4 960/949/4
f 905/953/4 942/954/4 943/957/4
f 953/958/4 954/956/4 960/949/4
f 905/953/4 943/957/4 944/959/4
f 952/960/4 953/958/4 960/949/4
f 904/961/4 905/953/4 944/959/4
f 951/962/4 952/960/4 960/949/4
f 904/961/4 944/959/4 945/963/4
f 950/964/4 951/962/4 960/949/4
f 904/961/4 945/963/4 946/965/4
f 949/966/4 950/964/4 960/949/4
f 948/967/4 949/966/4 960/949/4
f 904/961/4 946/965/4 947/968/4
f 947/968/4 948/967/4 960/949/4
f 904/961/4 947/968/4 960/949/4
f 903/969/4 904/961/4 960/949/4
f 903/969/4 960/949/4 887/970/4
f 902/971/4 903/969/4 887/970/4
f 902/971/4 887/970/4 888/972/4
f 902/971/4 888/972/4 889/973/4
f 901/974/4 902/971/4 889/973/4
f 901/974/4 889/973/4 890/975/4
f 901/974/4 890/975/4 891/976/4
f 900/977/4 901/974/4 891/976/4
f 900/977/4 891/976/4 892/978/4
f 900/977/4 892/978/4 893/979/4
f 899/980/4 900/977/4 893/979/4
f 899/980/4 893/979/4 894/981/4
f 899/980/4 894/981/4 895/982/4
f 899/980/4 895/982/4 896/983/4
f 898/984/4 899/980/4 896/983/4
f 898/984/4 896/983/4 897/985/4
f 1069/986/4 1070/987/4 1071/988/4
f 1069/986/4 1071/988/4 1072/989/4
f 1069/986/4 1072/989/4 1073/990/4
f 1068/991/4 1069/986/4 1073/990/4
f 1068/991/4 1073/990/4 1074/992/4
f 1068/991/4 1074/992/4 1075/993/4
f 1068/991/4 1075/993/4 1076/994/4
f 1067/995/4 1068/991/4 1076/994/4
f 1067/995/4 1076/994/4 1077/996/5
f 1067/995/4 1077/996/5 1078/997/4
f 1067/995/4 1078/997/4 1079/998/4
f 1066/999/4 1067/995/4 1079/998/4
f 1066/999/4 1079/998/4 1080/1000/4
f 1066/999/4 1080/1000/4 1081/1001/4
f 1066/999/4 1081/1001/4 1082/1002/4
f 1065/1003/4 1066/999/4 1082/1002/4
f 1065/1003/4 1082/1002/4 993/1004/4
f 993/1004/4 1082/1002/4 992/1005/4
f 992/1005/4 1082/1002/4 991/1006/4
f 991/1006/4 1082/1002/4 990/1007/4
f 990/1007/4 1082/1002/4 989/1008/4
f 989/1008/4 1082/1002/4 988/1009/4
f 988/1009/4 1082/1002/4 987/1010/4
f 987/1010/4 1082/1002/4 986/1011/4
f 986/1011/4 1082/1002/4 1083/1012/4
f 1064/1013/4 1065/1003/4 995/1014/4
f 995/1014/4 1065/1003/4 994/1015/4
f 994/1015/4 1065/1003/4 993/1004/4
f 1063/1016/4 1064/1013/4 997/1017/4
f 997/1017/4 1064/1013/4 996/1018/4
f 996/1018/4 1064/1013/4 995/1014/4
f 1063/1016/4 997/1017/4 998/1019/4
f 1063/1016/4 998/1019/4 999/1020/4
f 1063/1016/4 999/1020/4 1000/1021/4
f 1062/1022/4 1063/1016/4 1000/1021/4
f 1062/1022/4 1000/1021/4 1001/1023/4
f 1062/1022/4 1001/1023/4 1002/1024/4
f 1062/1022/4 1002/1024/4 1003/1025/4
f 1061/1026/4 1062/1022/4 1003/1025/4
f 1061/1026/4 1003/1025/4 1004/1027/4
f 1061/1026/4 1004/1027/4 1005/1028/4
f 1060/1029/4 1061/1026/4 1005/1028/4
f 1060/1029/4 1005/1028/4 1006/1030/4
f 1060/1029/4 1006/1030/4 1007/1031/4
f 1059/1032/4 1060/1029/4 1007/1031/4
f 1059/1032/4 1007/1031/4 1008/1033/4
f 1058/1034/4 1059/1032/4 1008/1033/4
f 1058/1034/4 1008/1033/4 1009/1035/4
f 1058/1034/4 1009/1035/4 1010/1036/4
f 1057/1037/4 1058/1034/4 1010/1036/4
f 1057/1037/4 1010/1036/4 1011/1038/4
f 1056/1039/4 1057/1037/4 1011/1038/4
f 1056/1039/4 1011/1038/4 1012/1040/4
f 1056/1039/4 1012/1040/4 1013/1041/4
f 1055/1042/4 1056/1039/4 1013/1041/4
f 1055/1042/4 1013/1041/4 1014/1043/4
f 1055/1042/4 1014/1043/4 1015/1044/4
f 1054/1045/4 1055/1042/4 1015/1044/4
f 1054/1045/4 1015/1044/4 1016/1046/4
f 1032/1047/4 1033/1048/4 1034/1049/4
f 1054/1045/4 1016/1046/4 1017/1050/4
f 1031/1051/4 1032/1047/4 1034/1049/4
f 1053/1052/4 1054/1045/4 1017/1050/4
f 1030/1053/4 1031/1051/4 1034/1049/4
f 1053/1052/4 1017/1050/4 1018/1054/4
f 1029/1055/4 1030/1053/4 1034/1049/4
f 1028/1056/4 1029/1055/4 1034/1049/4
f 1027/1057/4 1028/1056/4 1034/1049/4
f 1053/1052/4 1018/1054/4 1019/1058/4
f 1026/1059/4 1027/1057/4 1034/1049/4
f 1025/1060/4 1026/1059/4 1034/1049/4
f 1053/1052/4 1019/1058/4 1020/1061/4
f 1024/1062/4 1025/1060/4 1034/1049/4
f 1023/1063/4 1024/1062/4 1034/1049/4
f 1053/1052/4 1020/1061/4 1021/1064/4
f 1022/1065/4 1023/1063/4 1034/1049/4
f 1052/1066/4 1053/1052/4 1021/1064/4
f 1021/1064/4 1022/1065/4 1034/1049/4
f 1052/1066/4 1021/1064/4 1034/1049/4
f 1051/1067/4 1052/1066/4 1034/1049/4
f 1050/1068/4 1051/1067/4 1034/1049/4
f 1049/1069/4 1050/1068/4 1034/1049/4
f 1049/1069/4 1034/1049/4 1035/1070/4
f 1049/1069/4 1035/1070/4 1036/1071/4
f 1049/1069/4 1036/1071/4 1037/1072/4
f 1048/1073/4 1049/1069/4 1037/1072/4
f 1048/1073/4 1037/1072/4 1038/1074/4
f 1048/1073/4 1038/1074/4 1039/1075/4
f 1048/1073/4 1039/1075/4 1040/1076/4
f 1048/1073/4 1040/1076/4 1041/1077/4
f 1047/1078/4 1048/1073/4 1041/1077/4
f 1047/1078/4 1041/1077/4 1042/1079/4
f 1047/1078/4 1042/1079/4 1043/1080/4
f 1047/1078/4 1043/1080/4 1044/1081/4
f 1046/1082/4 1047/1078/4 1044/1081/4
f 1046/1082/4 1044/1081/4 1045/1083/4
f 1181/1084/4 1182/1085/4 1183/1086/4
f 1180/1087/4 1181/1084/4 1183/1086/4
f 1180/1087/4 1183/1086/4 1184/1088/4
f 1179/1089/4 1180/1087/4 1184/1088/4
f 1178/1090/4 1179/1089/4 1184/1088/4
f 1178/1090/4 1184/1088/4 1185/1091/4
f 1177/1092/4 1178/1090/4 1185/1091/4
f 1177/1092/4 1185/1091/4 1186/1093/4
f 1176/1094/4 1177/1092/4 1186/1093/4
f 1175/1095/4 1176/1094/4 1186/1093/4
f 1175/1095/4 1186/1093/4 1187/1096/4
f 1174/1097/4 1175/1095/4 1187/1096/4
f 1174/1097/4 1187/1096/4 1188/1098/4
f 1173/1099/4 1174/1097/4 1188/1098/4
f 1172/1100/4 1173/1099/4 1188/1098/4
f 1172/1100/4 1188/1098/4 1189/1101/4
f 1171/1102/4 1172/1100/4 1189/1101/4
f 1171/1102/4 1189/1101/4 1190/1103/4
f 1170/1104/4 1171/1102/4 1190/1103/4
f 1169/1105/4 1170/1104/4 1168/1106/4
f 1168/1106/4 1170/1104/4 1167/1107/4
f 1167/1107/4 1170/1104/4 1166/1108/4
f 1166/1108/4 1170/1104/4 1165/1109/4
f 1165/1109/4 1170/1104/4 1164/1110/4
f 1164/1110/4 1170/1104/4 1163/1111/4
f 1163/1111/4 1170/1104/4 1162/1112/4
f 1162/1112/4 1170/1104/4 1161/1113/4
f 1161/1113/4 1170/1104/4 1160/1114/4
f 1160/1114/4 1170/1104/4 1159/1115/4
f 1159/1115/4 1170/1104/4 1190/1103/4
f 1159/1115/4 1190/1103/4 1158/1116/4
f 1158/1116/4 1190/1103/4 1157/1117/4
f 1157/1117/4 1190/1103/4 1191/1118/4
f 1157/1117/4 1191/1118/4 1156/1119/4
f 1156/1119/4 1191/1118/4 1192/1120/4
f 1155/1121/4 1156/1119/4 1192/1120/4
f 1154/1122/4 1155/1121/4 1192/1120/4
f 1153/1123/4 1154/1122/4 1192/1120/4
f 1152/1124/4 1153/1123/4 1192/1120/4
f 1151/1125/4 1152/1124/4 1192/1120/4
f 1151/1125/4 1192/1120/4 1193/1126/4
f 1150/1127/4 1151/1125/4 1193/1126/4
f 1149/1128/4 1150/1127/4 1193/1126/4
f 1148/1129/4 1149/1128/4 1193/1126/4
f 1148/1129/4 1193/1126/4 1194/1130/4
f 1147/1131/4 1148/1129/4 1194/1130/4
f 1146/1132/4 1147/1131/4 1194/1130/4
f 1146/1132/4 1194/1130/4 1195/1133/4
f 1145/1134/4 1146/1132/4 1195/1133/4
f 1144/1135/4 1145/1134/4 1195/1133/4
f 1143/1136/4 1144/1135/4 1257/1137/4
f 1257/1137/4 1144/1135/4 1195/1133/4
f 1142/1138/4 1143/1136/4 1257/1137/4
f 1141/1139/4 1142/1138/4 1257/1137/4
f 1140/1140/4 1141/1139/4 1257/1137/4
f 1139/1141/4 1140/1140/4 1257/1137/4
f 1139/1141/4 1257/1137/4 1221/1142/4
f 1256/1143/4 1257/1137/4 1195/1133/4
f 1139/1141/4 1221/1142/4 1222/1144/4
f 1138/1145/4 1139/1141/4 1222/1144/4
f 1138/1145/4 1222/1144/4 1223/1146/4
f 1137/1147/4 1138/1145/4 1223/1146/4
f 1137/1147/4 1223/1146/4 1224/1148/4
f 1136/1149/4 1137/1147/4 1224/1148/4
f 1136/1149/4 1224/1148/4 1225/1150/4
f 1136/1149/4 1225/1150/4 1226/1151/4
f 1135/1152/4 1136/1149/4 1226/1151/4
f 1135/1152/4 1226/1151/4 1227/1153/4
f 1134/1154/4 1135/1152/4 1227/1153/4
f 1134/1154/4 1227/1153/4 1228/1155/4
f 1134/1154/4 1228/1155/4 1229/1156/4
f 1133/1157/4 1134/1154/4 1229/1156/4
f 1133/1157/4 1229/1156/4 1230/1158/4
f 1133/1157/4 1230/1158/4 1231/1159/4
f 1132/1160/4 1133/1157/4 1231/1159/4
f 1132/1160/4 1231/1159/4 1232/1161/4
f 1131/1162/4 1132/1160/4 1232/1161/4
f 1131/1162/4 1232/1161/4 1233/1163/4
f 1131/1162/4 1233/1163/4 1234/1164/4
f 1130/1165/4 1131/1162/4 1234/1164/4
f 1130/1165/4 1234/1164/4 1235/1166/4
f 1130/1165/4 1235/1166/4 1236/1167/4
f 1255/1168/4 1256/1143/4 1195/1133/4
f 1129/1169/4 1130/1165/4 1236/1167/4
f 1254/1170/4 1255/1168/4 1195/1133/4
f 1129/1169/4 1236/1167/4 1237/1171/4
f 1253/1172/4 1254/1170/4 1195/1133/4
f 1218/1173/4 1219/1174/4 1220/1175/4
f 1253/1172/4 1195/1133/4 1196/1176/4
f 1129/1169/4 1237/1171/4 1238/1177/4
f 1217/1178/4 1218/1173/4 1220/1175/4
f 1252/1179/4 1253/1172/4 1196/1176/4
f 1252/1179/4 1196/1176/4 1197/1180/4
f 1216/1181/4 1217/1178/4 1220/1175/4
f 1128/1182/4 1129/1169/4 1238/1177/4
f 1128/1182/4 1238/1177/4 1239/1183/4
f 1252/1179/4 1197/1180/4 1198/1184/4
f 1251/1185/4 1252/1179/4 1198/1184/4
f 1215/1186/4 1216/1181/4 1220/1175/4
f 1251/1185/4 1198/1184/4 1199/1187/4
f 1250/1188/4 1251/1185/4 1199/1187/4
f 1214/1189/4 1215/1186/4 1220/1175/4
f 1128/1182/4 1239/1183/4 1240/1190/4
f 1250/1188/4 1199/1187/4 1200/1191/4
f 1213/1192/4 1214/1189/4 1220/1175/4
f 1249/1193/4 1250/1188/4 1200/1191/4
f 1249/1193/4 1200/1191/4 1201/1194/4
f 1212/1195/4 1213/1192/4 1220/1175/4
f 1128/1182/4 1240/1190/4 1241/1196/4
f 1249/1193/4 1201/1194/4 1202/1197/4
f 1248/1198/4 1249/1193/4 1202/1197/4
f 1211/1199/4 1212/1195/4 1220/1175/4
f 1248/1198/4 1202/1197/4 1203/1200/4
f 1127/1201/4 1128/1182/4 1241/1196/4
f 1210/1202/4 1211/1199/4 1220/1175/4
f 1127/1201/4 1241/1196/4 1242/1203/4
f 1247/1204/4 1248/1198/4 1203/1200/4
f 1247/1204/4 1203/1200/4 1204/1205/4
f 1209/1206/4 1210/1202/4 1220/1175/4
f 1247/1204/4 1204/1205/4 1205/1207/4
f 1208/1208/4 1209/1206/4 1220/1175/4
f 1246/1209/4 1247/1204/4 1205/1207/4
f 1246/1209/4 1205/1207/4 1206/1210/4
f 1207/1211/4 1208/1208/4 1220/1175/4
f 1246/1209/4 1206/1210/4 1207/1211/4
f 1127/1201/4 1242/1203/4 1243/1212/4
f 1246/1209/4 1207/1211/4 1220/1175/4
f 1245/1213/4 1246/1209/4 1220/1175/4
f 1127/1201/4 1243/1212/4 1244/1214/4
f 1244/1214/4 1245/1213/4 1220/1175/4
f 1127/1201/4 1244/1214/4 1107/1215/4
f 1107/1215/4 1244/1214/4 1220/1175/4
f 1126/1216/4 1127/1201/4 1107/1215/4
f 1126/1216/4 1107/1215/4 1108/1217/4
f 1106/1218/4 1107/1215/4 1220/1175/4
f 1125/1219/4 1126/1216/4 1108/1217/4
f 1125/1219/4 1108/1217/4 1109/1220/4
f 1105/1221/4 1106/1218/4 1220/1175/4
f 1105/1221/4 1220/1175/4 1084/1222/4
f 1124/1223/4 1125/1219/4 1109/1220/4
f 1124/1223/4 1109/1220/4 1110/1224/4
f 1104/1225/4 1105/1221/4 1084/1222/4
f 1104/1225/4 1084/1222/4 1085/1226/4
f 1124/1223/4 1110/1224/4 1111/1227/4
f 1103/1228/4 1104/1225/4 1085/1226/4
f 1123/1229/4 1124/1223/4 1111/1227/4
f 1103/1228/4 1085/1226/4 1086/1230/4
f 1123/1229/4 1111/1227/4 1112/1231/4
f 1102/1232/4 1103/1228/4 1086/1230/4
f 1102/1232/4 1086/1230/4 1087/1233/4
f 1122/1234/4 1123/1229/4 1112/1231/4
f 1122/1234/4 1112/1231/4 1113/1235/4
f 1101/1236/4 1102/1232/4 1087/1233/4
f 1101/1236/4 1087/1233/4 1088/1237/4
f 1122/1234/4 1113/1235/4 1114/1238/4
f 1100/1239/4 1101/1236/4 1088/1237/4
f 1100/1239/4 1088/1237/4 1089/1240/4
f 1121/1241/4 1122/1234/4 1114/1238/4
f 1121/1241/4 1114/1238/4 1115/1242/4
f 1099/1243/4 1100/1239/4 1089/1240/4
f 1099/1243/4 1089/1240/4 1090/1244/4
f 1121/1241/4 1115/1242/4 1116/1245/4
f 1099/1243/4 1090/1244/4 1091/1246/4
f 1098/1247/4 1099/1243/4 1091/1246/4
f 1120/1248/4 1121/1241/4 1116/1245/4
f 1098/1247/4 1091/1246/4 1092/1249/4
f 1120/1248/4 1116/1245/4 1117/1250/4
f 1097/1251/4 1098/1247/4 1092/1249/4
f 1097/1251/4 1092/1249/4 1093/1252/4
f 1120/1248/4 1117/1250/4 1118/1253/4
f 1096/1254/4 1097/1251/4 1093/1252/4
f 1119/1255/4 1120/1248/4 1118/1253/4
f 1096/1254/4 1093/1252/4 1094/1256/4
f 1095/1257/4 1096/1254/4 1094/1256/4
f 1258/1258/4 1259/1259/4 1334/1260/4
f 1334/1260/4 1259/1259/4 1260/1261/4
f 1334/1260/4 1260/1261/4 1261/1262/4
f 1334/1260/4 1261/1262/4 1262/1263/4
f 1334/1260/4 1262/1263/4 1263/1264/4
f 1334/1260/4 1263/1264/4 1264/1265/4
f 1334/1260/4 1264/1265/4 1265/1266/4
f 1334/1260/4 1265/1266/4 1266/1267/4
f 1334/1260/4 1266/1267/4 1267/1268/4
f 1334/1260/4 1267/1268/4 1333/1269/4
f 1333/1269/4 1267/1268/4 1332/1270/4
f 1332/1270/4 1267/1268/4 1268/1271/4
f 1258/1258/4 1334/1260/4 1335/1272/4
f 1331/1273/4 1332/1270/4 1268/1271/4
f 1330/1274/4 1331/1273/4 1268/1271/4
f 1329/1275/4 1330/1274/4 1268/1271/4
f 1328/1276/4 1329/1275/4 1268/1271/4
f 1328/1276/4 1268/1271/4 1269/1277/4
f 1327/1278/4 1328/1276/4 1269/1277/4
f 1326/1279/4 1327/1278/4 1269/1277/4
f 1326/1279/4 1269/1277/4 1270/1280/4
f 1325/1281/4 1326/1279/4 1270/1280/4
f 1324/1282/4 1325/1281/4 1270/1280/4
f 1324/1282/4 1270/1280/4 1271/1283/4
f 1323/1284/4 1324/1282/4 1271/1283/4
f 1322/1285/4 1323/1284/4 1271/1283/4
f 1322/1285/4 1271/1283/4 1272/1286/4
f 1321/1287/4 1322/1285/4 1272/1286/4
f 1320/1288/4 1321/1287/4 1272/1286/4
f 1320/1288/4 1272/1286/4 1273/1289/4
f 1319/1290/4 1320/1288/4 1273/1289/4
f 1319/1290/4 1273/1289/4 1274/1291/4
f 1318/1292/4 1319/1290/4 1274/1291/4
f 1317/1293/4 1318/1292/4 1274/1291/4
f 1317/1293/4 1274/1291/4 1275/1294/4
f 1316/1295/4 1317/1293/4 1275/1294/4
f 1315/1296/4 1316/1295/4 1275/1294/4
f 1315/1296/4 1275/1294/4 1276/1297/4
f 1314/1298/4 1315/1296/4 1276/1297/4
f 1314/1298/4 1276/1297/4 1277/1299/4
f 1313/1300/4 1314/1298/4 1277/1299/4
f 1258/1258/4 1335/1272/4 1298/1301/4
f 1312/1302/4 1313/1300/4 1277/1299/4
f 1258/1258/4 1298/1301/4 1299/1303/4
f 1258/1258/4 1299/1303/4 1300/1304/4
f 1258/1258/4 1300/1304/4 1296/1305/4
f 1296/1305/4 1300/1304/4 1301/1306/4
f 1311/1307/4 1312/1302/4 1277/1299/4
f 1296/1305/4 1301/1306/4 1302/1308/4
f 1296/1305/4 1302/1308/4 1303/1309/4
f 1311/1307/4 1277/1299/4 1278/1310/4
f 1310/1311/4 1311/1307/4 1278/1310/4
f 1296/1305/4 1303/1309/4 1304/1312/4
f 1296/1305/4 1304/1312/4 1305/1313/4
f 1296/1305/4 1305/1313/4 1306/1314/4
f 1309/1315/4 1310/1311/4 1278/1310/4
f 1296/1305/4 1306/1314/4 1307/1316/4
f 1296/1305/4 1307/1316/4 1308/1317/4
f 1296/1305/4 1308/1317/4 1309/1315/4
f 1296/1305/4 1309/1315/4 1278/1310/4
f 1296/1305/4 1278/1310/4 1279/1318/4
f 1296/1305/4 1279/1318/4 1280/1319/4
f 1296/1305/4 1280/1319/4 1281/1320/4
f 1258/1258/4 1296/1305/4 1297/1321/4
f 1295/1322/4 1296/1305/4 1281/1320/4
f 1295/1322/4 1281/1320/4 1282/1323/4
f 1294/1324/4 1295/1322/4 1282/1323/4
f 1293/1325/4 1294/1324/4 1282/1323/4
f 1292/1326/4 1293/1325/4 1282/1323/4
f 1291/1327/4 1292/1326/4 1282/1323/4
f 1291/1327/4 1282/1323/4 1283/1328/4
f 1290/1329/4 1291/1327/4 1283/1328/4
f 1289/1330/4 1290/1329/4 1283/1328/4
f 1288/1331/4 1289/1330/4 1283/1328/4
f 1287/1332/4 1288/1331/4 1283/1328/4
f 1287/1332/4 1283/1328/4 1284/1333/4
f 1286/1334/4 1287/1332/4 1284/1333/4
f 1285/1335/4 1286/1334/4 1284/1333/4
f 1443/1336/4 1444/1337/4 1445/1338/4
f 1443/1336/4 1445/1338/4 1446/1339/4
f 1443/1336/4 1446/1339/4 1447/1340/4
f 1442/1341/4 1443/1336/4 1447/1340/4
f 1442/1341/4 1447/1340/4 1448/1342/4
f 1442/1341/4 1448/1342/4 1449/1343/4
f 1441/1344/4 1442/1341/4 1449/1343/4
f 1441/1344/4 1449/1343/4 1450/1345/4
f 1441/1344/4 1450/1345/4 1451/1346/4
f 1440/1347/4 1441/1344/4 1451/1346/4
f 1440/1347/4 1451/1346/4 1452/1348/4
f 1440/1347/4 1452/1348/4 1453/1349/4
f 1439/1350/4 1440/1347/4 1453/1349/4
f 1439/1350/4 1453/1349/4 1454/1351/4
f 1439/1350/4 1454/1351/4 1455/1352/4
f 1438/1353/4 1439/1350/4 1455/1352/4
f 1438/1353/4 1455/1352/4 1456/1354/4
f 1438/1353/4 1456/1354/4 1343/1355/4
f 1343/1355/4 1456/1354/4 1342/1356/4
f 1342/1356/4 1456/1354/4 1341/1357/4
f 1341/1357/4 1456/1354/4 1340/1358/4
f 1340/1358/4 1456/1354/4 1339/1359/4
f 1339/1359/4 1456/1354/4 1338/1360/4
f 1338/1360/4 1456/1354/4 1337/1361/4
f 1337/1361/4 1456/1354/4 1336/1362/4
f 1336/1362/4 1456/1354/4 1457/1363/4
f 1437/1364/4 1438/1353/4 1345/1365/4
f 1345/1365/4 1438/1353/4 1344/1366/4
f 1344/1366/4 1438/1353/4 1343/1355/4
f 1436/1367/4 1437/1364/4 1347/1368/4
f 1347/1368/4 1437/1364/4 1346/1369/4
f 1346/1369/4 1437/1364/4 1345/1365/4
f 1435/1370/4 1436/1367/4 1348/1371/4
f 1348/1371/4 1436/1367/4 1347/1368/4
f 1435/1370/4 1348/1371/4 1349/1372/4
f 1435/1370/4 1349/1372/4 1350/1373/4
f 1435/1370/4 1350/1373/4 1351/1374/4
f 1435/1370/4 1351/1374/4 1352/1375/4
f 1435/1370/4 1352/1375/4 1353/1376/4
f 1434/1377/4 1435/1370/4 1353/1376/4
f 1434/1377/4 1353/1376/4 1354/1378/4
f 1434/1377/4 1354/1378/4 1355/1379/4
f 1434/1377/4 1355/1379/4 1356/1380/4
f 1433/1381/4 1434/1377/4 1356/1380/4
f 1433/1381/4 1356/1380/4 1357/1382/4
f 1433/1381/4 1357/1382/4 1358/1383/4
f 1432/1384/4 1433/1381/4 1358/1383/4
f 1432/1384/4 1358/1383/4 1359/1385/4
f 1432/1384/4 1359/1385/4 1360/1386/4
f 1431/1387/4 1432/1384/4 1360/1386/4
f 1431/1387/4 1360/1386/4 1361/1388/4
f 1431/1387/4 1361/1388/4 1362/1389/4
f 1430/1390/4 1431/1387/4 1362/1389/4
f 1430/1390/4 1362/1389/4 1363/1391/4
f 1429/1392/4 1430/1390/4 1363/1391/4
f 1429/1392/4 1363/1391/4 1364/1393/4
f 1429/1392/4 1364/1393/4 1365/1394/4
f 1428/1395/4 1429/1392/4 1365/1394/4
f 1428/1395/4 1365/1394/4 1366/1396/4
f 1427/1397/4 1428/1395/4 1366/1396/4
f 1427/1397/4 1366/1396/4 1367/1398/4
f 1426/1399/4 1427/1397/4 1367/1398/4
f 1426/1399/4 1367/1398/4 1368/1400/4
f 1425/1401/4 1426/1399/4 1368/1400/4
f 1425/1401/4 1368/1400/4 1369/1402/4
f 1424/1403/4 1425/1401/4 1369/1402/4
f 1423/1404/4 1424/1403/4 1369/1402/4
f 1423/1404/4 1369/1402/4 1370/1405/4
f 1422/1406/4 1423/1404/4 1370/1405/4
f 1421/1407/4 1422/1406/4 1370/1405/4
f 1421/1407/4 1370/1405/4 1371/1408/4
f 1420/1409/4 1421/1407/4 1371/1408/4
f 1395/1410/4 1396/1411/4 1397/1412/4
f 1420/1409/4 1371/1408/4 1372/1413/4
f 1419/1414/4 1420/1409/4 1372/1413/4
f 1395/1410/4 1397/1412/4 1398/1415/4
f 1418/1416/4 1419/1414/4 1372/1413/4
f 1418/1416/4 1372/1413/4 1373/1417/4
f 1395/1410/4 1398/1415/4 1399/1418/4
f 1417/1419/4 1418/1416/4 1373/1417/4
f 1395/1410/4 1399/1418/4 1400/1420/4
f 1416/1421/4 1417/1419/4 1373/1417/4
f 1415/1422/4 1416/1421/4 1373/1417/4
f 1415/1422/4 1373/1417/4 1374/1423/4
f 1395/1410/4 1400/1420/4 1401/1424/4
f 1414/1425/4 1415/1422/4 1374/1423/4
f 1395/1410/4 1401/1424/4 1402/1426/4
f 1413/1427/4 1414/1425/4 1374/1423/4
f 1395/1410/4 1402/1426/4 1403/1428/4
f 1413/1427/4 1374/1423/4 1375/1429/4
f 1412/1430/4 1413/1427/4 1375/1429/4
f 1395/1410/4 1403/1428/4 1404/1431/4
f 1411/1432/4 1412/1430/4 1375/1429/4
f 1395/1410/4 1404/1431/4 1405/1433/4
f 1410/1434/4 1411/1432/4 1375/1429/4
f 1395/1410/4 1405/1433/4 1406/1435/4
f 1409/1436/4 1410/1434/4 1375/1429/4
f 1395/1410/4 1406/1435/4 1407/1437/4
f 1409/1436/4 1375/1429/4 1376/1438/4
f 1408/1439/4 1409/1436/4 1376/1438/4
f 1395/1410/4 1407/1437/4 1408/1439/4
f 1395/1410/4 1408/1439/4 1376/1438/4
f 1395/1410/4 1376/1438/4 1377/1440/4
f 1394/1441/4 1395/1410/4 1377/1440/4
f 1393/1442/4 1394/1441/4 1377/1440/4
f 1393/1442/4 1377/1440/4 1378/1443/4
f 1392/1444/4 1393/1442/4 1378/1443/4
f 1392/1444/4 1378/1443/4 1379/1445/4
f 1391/1446/4 1392/1444/4 1379/1445/4
f 1390/1447/4 1391/1446/4 1379/1445/4
f 1390/1447/4 1379/1445/4 1380/1448/4
f 1389/1449/4 1390/1447/4 1380/1448/4
f 1388/1450/4 1389/1449/4 1380/1448/4
f 1388/1450/4 1380/1448/4 1381/1451/4
f 1387/1452/4 1388/1450/4 1381/1451/4
f 1386/1453/4 1387/1452/4 1381/1451/4
f 1386/1453/4 1381/1451/4 1382/1454/4
f 1385/1455/4 1386/1453/4 1382/1454/4
f 1384/1456/4 1385/1455/4 1382/1454/4
f 1384/1456/4 1382/1454/4 1383/1457/4
f 1511/1458/4 1512/1459/4 1513/1460/4
f 1511/1458/4 1513/1460/4 1514/1461/4
f 1469/1462/4 1470/1463/4 1471/1464/4
f 1468/1465/4 1469/1462/4 1471/1464/4
f 1468/1465/4 1471/1464/4 1472/1466/4
f 1467/1467/4 1468/1465/4 1472/1466/4
f 1466/1468/4 1467/1467/4 1472/1466/4
f 1466/1468/4 1472/1466/4 1473/1469/4
f 1465/1470/4 1466/1468/4 1473/1469/4
f 1465/1470/4 1473/1469/4 1474/1471/4
f 1464/1472/4 1465/1470/4 1474/1471/4
f 1463/1473/4 1464/1472/4 1474/1471/4
f 1463/1473/4 1474/1471/4 1475/1474/4
f 1462/1475/4 1463/1473/4 1475/1474/4
f 1461/1476/4 1462/1475/4 1475/1474/4
f 1461/1476/4 1475/1474/4 1476/1477/4
f 1460/1478/4 1461/1476/4 1476/1477/4
f 1460/1478/4 1476/1477/4 1477/1479/4
f 1459/1480/4 1460/1478/4 1477/1479/4
f 1458/1481/4 1459/1480/4 1477/1479/4
f 1458/1481/4 1477/1479/4 1497/1482/4
f 1497/1482/4 1477/1479/4 1478/1483/4
f 1511/1458/4 1514/1461/4 1458/1481/4
f 1511/1458/4 1458/1481/4 1509/1484/4
f 1509/1484/4 1458/1481/4 1508/1485/4
f 1508/1485/4 1458/1481/4 1507/1486/4
f 1507/1486/4 1458/1481/4 1506/1487/4
f 1506/1487/4 1458/1481/4 1505/1488/4
f 1505/1488/4 1458/1481/4 1504/1489/4
f 1504/1489/4 1458/1481/4 1503/1490/4
f 1503/1490/4 1458/1481/4 1502/1491/4
f 1502/1491/4 1458/1481/4 1501/1492/4
f 1501/1492/4 1458/1481/4 1500/1493/4
f 1500/1493/4 1458/1481/4 1499/1494/4
f 1499/1494/4 1458/1481/4 1498/1495/4
f 1498/1495/4 1458/1481/4 1497/1482/4
f 1496/1496/4 1497/1482/4 1478/1483/4
f 1495/1497/4 1496/1496/4 1478/1483/4
f 1494/1498/4 1495/1497/4 1478/1483/4
f 1493/1499/4 1494/1498/4 1478/1483/4
f 1493/1499/4 1478/1483/4 1479/1500/4
f 1492/1501/4 1493/1499/4 1479/1500/4
f 1491/1502/4 1492/1501/4 1479/1500/4
f 1490/1503/4 1491/1502/4 1479/1500/4
f 1490/1503/4 1479/1500/4 1480/1504/4
f 1489/1505/4 1490/1503/4 1480/1504/4
f 1488/1506/4 1489/1505/4 1480/1504/4
f 1488/1506/4 1480/1504/4 1481/1507/4
f 1487/1508/4 1488/1506/4 1481/1507/4
f 1511/1458/4 1509/1484/4 1510/1509/4
f 1486/1510/4 1487/1508/4 1481/1507/4
f 1486/1510/4 1481/1507/4 1482/1511/4
f 1485/1512/4 1486/1510/4 1482/1511/4
f 1484/1513/4 1485/1512/4 1482/1511/4
f 1484/1513/4 1482/1511/4 1483/1514/4
f 1634/1515/4 1635/1516/4 1636/1517/4
f 1634/1515/4 1636/1517/4 1637/1518/4
f 1633/1519/4 1634/1515/4 1637/1518/4
f 1633/1519/4 1637/1518/4 1638/1520/4
f 1633/1519/4 1638/1520/4 1639/1521/4
f 1632/1522/4 1633/1519/4 1639/1521/4
f 1632/1522/4 1639/1521/4 1640/1523/4
f 1632/1522/4 1640/1523/4 1641/1524/4
f 1631/1525/4 1632/1522/4 1641/1524/4
f 1631/1525/4 1641/1524/4 1642/1526/4
f 1631/1525/4 1642/1526/4 1643/1527/4
f 1630/1528/4 1631/1525/4 1643/1527/4
f 1630/1528/4 1643/1527/4 1644/1529/4
f 1630/1528/4 1644/1529/4 1645/1530/4
f 1629/1531/4 1630/1528/4 1645/1530/4
f 1629/1531/4 1645/1530/4 1646/1532/4
f 1629/1531/4 1646/1532/4 1647/1533/4
f 1628/1534/4 1629/1531/4 1647/1533/4
f 1628/1534/4 1647/1533/4 1522/1535/4
f 1522/1535/4 1647/1533/4 1521/1536/4
f 1521/1536/4 1647/1533/4 1520/1537/4
f 1520/1537/4 1647/1533/4 1519/1538/4
f 1519/1538/4 1647/1533/4 1518/1539/4
f 1518/1539/4 1647/1533/4 1517/1540/4
f 1517/1540/4 1647/1533/4 1516/1541/4
f 1516/1541/4 1647/1533/4 1515/1542/4
f 1515/1542/4 1647/1533/4 1648/1543/4
f 1627/1544/4 1628/1534/4 1524/1545/4
f 1524/1545/4 1628/1534/4 1523/1546/4
f 1523/1546/4 1628/1534/4 1522/1535/4
f 1626/1547/4 1627/1544/4 1525/1548/4
f 1525/1548/4 1627/1544/4 1524/1545/4
f 1625/1549/4 1626/1547/4 1527/1550/4
f 1527/1550/4 1626/1547/4 1526/1551/4
f 1526/1551/4 1626/1547/4 1525/1548/4
f 1625/1549/4 1527/1550/4 1528/1552/4
f 1625/1549/4 1528/1552/4 1529/1553/4
f 1625/1549/4 1529/1553/4 1530/1554/4
f 1625/1549/4 1530/1554/4 1531/1555/4
f 1625/1549/4 1531/1555/4 1532/1556/4
f 1624/1557/4 1625/1549/4 1532/1556/4
f 1624/1557/4 1532/1556/4 1533/1558/4
f 1624/1557/4 1533/1558/4 1534/1559/4
f 1624/1557/4 1534/1559/4 1535/1560/4
f 1624/1557/4 1535/1560/4 1536/1561/4
f 1623/1562/4 1624/1557/4 1536/1561/4
f 1623/1562/4 1536/1561/4 1537/1563/4
f 1623/1562/4 1537/1563/4 1538/1564/4
f 1623/1562/4 1538/1564/4 1539/1565/4
f 1622/1566/4 1623/1562/4 1539/1565/4
f 1622/1566/4 1539/1565/4 1540/1567/4
f 1622/1566/4 1540/1567/4 1541/1568/4
f 1622/1566/4 1541/1568/4 1542/1569/4
f 1622/1566/4 1542/1569/4 1543/1570/4
f 1622/1566/4 1543/1570/4 1544/1571/4
f 1621/1572/4 1622/1566/4 1544/1571/4
f 1621/1572/4 1544/1571/4 1545/1573/4
f 1621/1572/4 1545/1573/4 1546/1574/4
f 1621/1572/4 1546/1574/4 1547/1575/4
f 1620/1576/4 1621/1572/4 1547/1575/4
f 1620/1576/4 1547/1575/4 1548/1577/4
f 1620/1576/4 1548/1577/4 1549/1578/4
f 1620/1576/4 1549/1578/4 1550/1579/4
f 1619/1580/4 1620/1576/4 1550/1579/4
f 1619/1580/4 1550/1579/4 1551/1581/4
f 1618/1582/4 1619/1580/4 1551/1581/4
f 1618/1582/4 1551/1581/4 1552/1583/4
f 1618/1582/4 1552/1583/4 1553/1584/4
f 1617/1585/4 1618/1582/4 1553/1584/4
f 1617/1585/4 1553/1584/4 1554/1586/4
f 1616/1587/4 1617/1585/4 1554/1586/4
f 1616/1587/4 1554/1586/4 1555/1588/4
f 1616/1587/4 1555/1588/4 1556/1589/4
f 1615/1590/4 1616/1587/4 1556/1589/4
f 1615/1590/4 1556/1589/4 1557/1591/4
f 1614/1592/4 1615/1590/4 1557/1591/4
f 1614/1592/4 1557/1591/4 1558/1593/4
f 1614/1592/4 1558/1593/4 1559/1594/4
f 1613/1595/4 1614/1592/4 1559/1594/4
f 1613/1595/4 1559/1594/4 1560/1596/4
f 1612/1597/4 1613/1595/4 1560/1596/4
f 1612/1597/4 1560/1596/4 1561/1598/4
f 1611/1599/4 1612/1597/4 1561/1598/4
f 1611/1599/4 1561/1598/4 1562/1600/4
f 1586/1601/4 1587/1602/4 1588/1603/4
f 1611/1599/4 1562/1600/4 1563/1604/4
f 1610/1605/4 1611/1599/4 1563/1604/4
f 1586/1601/4 1588/1603/4 1589/1606/4
f 1609/1607/4 1610/1605/4 1563/1604/4
f 1586/1601/4 1589/1606/4 1590/1608/4
f 1608/1609/4 1609/1607/4 1563/1604/4
f 1608/1609/4 1563/1604/4 1564/1610/4
f 1586/1601/4 1590/1608/4 1591/1611/4
f 1607/1612/4 1608/1609/4 1564/1610/4
f 1586/1601/4 1591/1611/4 1592/1613/4
f 1606/1614/4 1607/1612/4 1564/1610/4
f 1586/1601/4 1592/1613/4 1593/1615/4
f 1605/1616/4 1606/1614/4 1564/1610/4
f 1605/1616/4 1564/1610/4 1565/1617/4
f 1586/1601/4 1593/1615/4 1594/1618/4
f 1604/1619/4 1605/1616/4 1565/1617/4
f 1603/1620/4 1604/1619/4 1565/1617/4
f 1586/1601/4 1594/1618/4 1595/1621/4
f 1602/1622/4 1603/1620/4 1565/1617/4
f 1586/1601/4 1595/1621/4 1596/1623/4
f 1601/1624/4 1602/1622/4 1565/1617/4
f 1586/1601/4 1596/1623/4 1597/1625/4
f 1600/1626/4 1601/1624/4 1565/1617/4
f 1586/1601/4 1597/1625/4 1598/1627/4
f 1599/1628/4 1600/1626/4 1565/1617/4
f 1586/1601/4 1598/1627/4 1599/1628/4
f 1599/1628/4 1565/1617/4 1566/1629/4
f 1586/1601/4 1599/1628/4 1566/1629/4
f 1586/1601/4 1566/1629/4 1567/1630/4
f 1586/1601/4 1567/1630/4 1568/1631/4
f 1585/1632/4 1586/1601/4 1568/1631/4
f 1585/1632/4 1568/1631/4 1569/1633/4
f 1584/1634/4 1585/1632/4 1569/1633/4
f 1583/1635/4 1584/1634/4 1569/1633/4
f 1583/1635/4 1569/1633/4 1570/1636/4
f 1582/1637/4 1583/1635/4 1570/1636/4
f 1581/1638/4 1582/1637/4 1570/1636/4
f 1581/1638/4 1570/1636/4 1571/1639/4
f 1580/1640/4 1581/1638/4 1571/1639/4
f 1580/1640/4 1571/1639/4 1572/1641/4
f 1579/1642/4 1580/1640/4 1572/1641/4
f 1578/1643/4 1579/1642/4 1572/1641/4
f 1578/1643/4 1572/1641/4 1573/1644/4
f 1577/1645/4 1578/1643/4 1573/1644/4
f 1576/1646/4 1577/1645/4 1573/1644/4
f 1576/1646/4 1573/1644/4 1574/1647/4
f 1575/1648/4 1576/1646/4 1574/1647/4
f 1673/1649/4 1674/1650/4 1675/1651/4
f 1673/1649/4 1675/1651/4 1676/1652/4
f 1700/1653/4 1701/1654/4 1702/1655/4
f 1700/1653/4 1702/1655/4 1703/1656/4
f 1672/1657/4 1673/1649/4 1676/1652/4
f 1672/1657/4 1676/1652/4 1677/1658/4
f 1672/1657/4 1677/1658/4 1678/1659/4
f 1671/1660/4 1672/1657/4 1678/1659/4
f 1671/1660/4 1678/1659/4 1679/1661/4
f 1699/1662/4 1700/1653/4 1703/1656/4
f 1671/1660/4 1679/1661/4 1680/1663/4
f 1698/1664/4 1699/1662/4 1703/1656/4
f 1670/1665/4 1671/1660/4 1680/1663/4
f 1670/1665/4 1680/1663/4 1681/1666/4
f 1697/1667/4 1698/1664/4 1703/1656/4
f 1696/1668/4 1697/1667/4 1703/1656/4
f 1670/1665/4 1681/1666/4 1682/1669/4
f 1669/1670/4 1670/1665/4 1682/1669/4
f 1695/1671/4 1696/1668/4 1703/1656/4
f 1669/1670/4 1682/1669/4 1683/1672/4
f 1694/1673/4 1695/1671/4 1649/1674/4
f 1649/1674/4 1695/1671/4 1703/1656/4
f 1669/1670/4 1683/1672/4 1684/1675/4
f 1693/1676/4 1694/1673/4 1649/1674/4
f 1669/1670/4 1684/1675/4 1685/1677/4
f 1692/1678/4 1693/1676/4 1649/1674/4
f 1668/1679/4 1669/1670/4 1685/1677/4
f 1691/1680/4 1692/1678/4 1649/1674/4
f 1668/1679/4 1685/1677/4 1686/1681/4
f 1690/1682/4 1691/1680/4 1649/1674/4
f 1668/1679/4 1686/1681/4 1687/1683/4
f 1689/1684/4 1690/1682/4 1649/1674/4
f 1668/1679/4 1687/1683/4 1688/1685/4
f 1688/1685/4 1689/1684/4 1649/1674/4
f 1668/1679/4 1688/1685/4 1649/1674/4
f 1668/1679/4 1649/1674/4 1650/1686/4
f 1704/1687/4 1649/1674/4 1703/1656/4
f 1667/1688/4 1668/1679/4 1650/1686/4
f 1667/1688/4 1650/1686/4 1651/1689/4
f 1667/1688/4 1651/1689/4 1652/1690/4
f 1666/1691/4 1667/1688/4 1652/1690/4
f 1666/1691/4 1652/1690/4 1653/1692/4
f 1665/1693/4 1666/1691/4 1653/1692/4
f 1665/1693/4 1653/1692/4 1654/1694/4
f 1665/1693/4 1654/1694/4 1655/1695/4
f 1664/1696/4 1665/1693/4 1655/1695/4
f 1664/1696/4 1655/1695/4 1656/1697/4
f 1664/1696/4 1656/1697/4 1657/1698/4
f 1663/1699/4 1664/1696/4 1657/1698/4
f 1663/1699/4 1657/1698/4 1658/1700/4
f 1662/1701/4 1663/1699/4 1658/1700/4
f 1662/1701/4 1658/1700/4 1659/1702/4
f 1662/1701/4 1659/1702/4 1660/1703/4
f 1661/1704/4 1662/1701/4 1660/1703/4
f 1731/1705/4 1732/1706/4 1759/1707/4
f 1759/1707/4 1732/1706/4 1733/1708/4
f 1759/1707/4 1733/1708/4 1705/1709/4
f 1759/1707/4 1705/1709/4 1706/1710/4
f 1759/1707/4 1706/1710/4 1707/1711/4
f 1759/1707/4 1707/1711/4 1708/1712/4
f 1759/1707/4 1708/1712/4 1709/1713/4
f 1759/1707/4 1709/1713/4 1710/1714/4
f 1759/1707/4 1710/1714/4 1711/1715/4
f 1759/1707/4 1711/1715/4 1758/1716/4
f 1758/1716/4 1711/1715/4 1712/1717/4
f 1731/1705/4 1759/1707/4 1760/1718/4
f 1757/1719/4 1758/1716/4 1712/1717/4
f 1756/1720/4 1757/1719/4 1712/1717/4
f 1755/1721/4 1756/1720/4 1712/1717/4
f 1755/1721/4 1712/1717/4 1713/1722/4
f 1754/1723/4 1755/1721/4 1713/1722/4
f 1753/1724/4 1754/1723/4 1713/1722/4
f 1752/1725/4 1753/1724/4 1713/1722/4
f 1752/1725/4 1713/1722/4 1714/1726/4
f 1751/1727/4 1752/1725/4 1714/1726/4
f 1750/1728/4 1751/1727/4 1714/1726/4
f 1749/1729/4 1750/1728/4 1714/1726/4
f 1749/1729/4 1714/1726/4 1715/1730/4
f 1748/1731/4 1749/1729/4 1715/1730/4
f 1747/1732/4 1748/1731/4 1715/1730/4
f 1747/1732/4 1715/1730/4 1716/1733/4
f 1746/1734/4 1747/1732/4 1716/1733/4
f 1745/1735/4 1746/1734/4 1716/1733/4
f 1745/1735/4 1716/1733/4 1717/1736/4
f 1744/1737/4 1745/1735/4 1717/1736/4
f 1744/1737/4 1717/1736/4 1718/1738/4
f 1743/1739/4 1744/1737/4 1718/1738/4
f 1742/1740/4 1743/1739/4 1718/1738/4
f 1742/1740/4 1718/1738/4 1719/1741/4
f 1741/1742/4 1742/1740/4 1719/1741/4
f 1740/1743/4 1741/1742/4 1719/1741/4
f 1740/1743/4 1719/1741/4 1720/1744/4
f 1739/1745/4 1740/1743/4 1720/1744/4
f 1738/1746/4 1739/1745/4 1720/1744/4
f 1737/1747/4 1738/1746/4 1720/1744/4
f 1736/1748/4 1737/1747/4 1720/1744/4
f 1736/1748/4 1720/1744/4 1721/1749/4
f 1735/1750/4 1736/1748/4 1721/1749/4
f 1734/1751/4 1735/1750/4 1721/1749/4
f 1731/1705/4 1760/1718/4 1729/1752/4
f 1729/1752/4 1760/1718/4 1734/1751/4
f 1729/1752/4 1734/1751/4 1721/1749/4
f 1729/1752/4 1721/1749/4 1722/1753/4
f 1729/1752/4 1722/1753/4 1723/1754/4
f 1729/1752/4 1723/1754/4 1724/1755/4
f 1729/1752/4 1724/1755/4 1725/1756/4
f 1729/1752/4 1725/1756/4 1726/1757/4
f 1729/1752/4 1726/1757/4 1727/1758/4
f 1729/1752/4 1727/1758/4 1728/1759/4
f 1731/1705/4 1729/1752/4 1730/1760/4
f 1761/1761/4 1762/1762/4 1763/1763/4
f 1761/1761/4 1763/1763/4 1764/1764/4
f 1768/1765/6 1765/1766/6 1766/1767/6
f 1770/1768/7 1767/1769/7 1768/1765/7
f 1772/1770/8 1769/1771/8 1770/1768/8
f 1766/1767/9 1771/1772/9 1772/1770/9
f 1776/1773/10 1773/1774/11 1774/1775/11
f 1778/1776/12 1775/1777/10 1776/1773/10
f 1780/1778/13 1777/1779/12 1778/1776/12
f 1782/1780/14 1779/1781/13 1780/1778/13
f 1784/1782/15 1781/1783/14 1782/1780/14
f 1786/1784/16 1783/1785/15 1784/1782/15
f 1788/1786/17 1785/1787/16 1786/1784/16
f 1790/1788/18 1787/1789/17 1788/1786/17
f 1792/1790/19 1789/1791/18 1790/1788/18
f 1794/1792/20 1791/1793/19 1792/1790/19
f 1796/1794/21 1793/1795/20 1794/1792/20
f 1798/1796/22 1795/1797/21 1796/1794/21
f 1800/1798/23 1797/1799/22 1798/1796/22
f 1802/1800/24 1799/1801/23 1800/1798/23
f 1804/1802/25 1801/1803/24 1802/1800/24
f 1806/1804/26 1803/1805/25 1804/1802/25
f 1808/1806/27 1805/1807/26 1806/1804/26
f 1810/1808/28 1807/1809/27 1808/1806/27
f 1812/1810/29 1809/1811/28 1810/1808/28
f 1814/1812/30 1811/1813/29 1812/1810/29
f 1816/1814/31 1813/1815/30 1814/1812/30
f 1818/1816/32 1815/1817/31 1816/1814/31
f 1820/1818/33 1817/1819/32 1818/1816/32
f 1822/1820/9 1819/1821/33 1820/1818/33
f 1824/1822/8 1821/1823/8 1822/1820/8
f 1826/1824/9 1823/1825/9 1824/1822/9
f 1828/1826/6 1825/1827/6 1826/1824/6
f 1830/1828/34 1827/1829/7 1828/1826/7
f 1774/1775/11 1829/1830/34 1830/1828/34
f 1834/1831/35 1831/1832/36 1832/1833/36
f 1836/1834/37 1833/1835/35 1834/1831/35
f 1838/1836/38 1835/1837/37 1836/1834/37
f 1840/1838/39 1837/1839/38 1838/1836/38
f 1842/1840/40 1839/1841/39 1840/1838/39
f 1844/1842/41 1841/1843/40 1842/1840/40
f 1846/1844/42 1843/1845/41 1844/1842/41
f 1848/1846/43 1845/1847/42 1846/1844/42
f 1850/1848/44 1847/1849/43 1848/1846/43
f 1852/1850/45 1849/1851/44 1850/1848/44
f 1854/1852/46 1851/1853/45 1852/1850/45
f 1856/1854/47 1853/1855/46 1854/1852/46
f 1858/1856/48 1855/1857/47 1856/1854/47
f 1860/1858/49 1857/1859/48 1858/1856/48
f 1862/1860/50 1859/1861/49 1860/1858/49
f 1864/1862/51 1861/1863/50 1862/1860/50
f 1866/1864/52 1863/1865/51 1864/1862/51
f 1868/1866/53 1865/1867/52 1866/1864/52
f 1870/1868/54 1867/1869/53 1868/1866/53
f 1872/1870/55 1869/1871/54 1870/1868/54
f 1874/1872/56 1871/1873/55 1872/1870/55
f 1876/1874/57 1873/1875/56 1874/1872/56
f 1878/1876/58 1875/1877/57 1876/1874/57
f 1880/1878/59 1877/1879/58 1878/1876/58
f 1882/1880/9 1879/1881/59 1880/1878/59
f 1884/1882/8 1881/1883/8 1882/1880/8
f 1832/1833/36 1883/1884/7 1884/1882/7
f 1888/1885/60 1885/1886/61 1886/1887/61
f 1890/1888/62 1887/1889/60 1888/1885/60
f 1892/1890/63 1889/1891/62 1890/1888/62
f 1894/1892/64 1891/1893/63 1892/1890/63
f 1896/1894/65 1893/1895/64 1894/1892/64
f 1898/1896/66 1895/1897/65 1896/1894/65
f 1900/1898/67 1897/1899/66 1898/1896/66
f 1902/1900/68 1899/1901/67 1900/1898/67
f 1904/1902/69 1901/1903/68 1902/1900/68
f 1906/1904/70 1903/1905/69 1904/1902/69
f 1908/1906/71 1905/1907/70 1906/1904/70
f 1910/1908/72 1907/1909/71 1908/1906/71
f 1912/1910/73 1909/1911/72 1910/1908/72
f 1914/1912/74 1911/1913/73 1912/1910/73
f 1916/1914/75 1913/1915/74 1914/1912/74
f 1918/1916/76 1915/1917/75 1916/1914/75
f 1920/1918/77 1917/1919/76 1918/1916/76
f 1922/1920/78 1919/1921/77 1920/1918/77
f 1924/1922/79 1921/1923/78 1922/1920/78
f 1926/1924/80 1923/1925/79 1924/1922/79
f 1928/1926/81 1925/1927/80 1926/1924/80
f 1930/1928/82 1927/1929/81 1928/1926/81
f 1932/1930/83 1929/1931/82 1930/1928/82
f 1934/1932/84 1931/1933/83 1932/1930/83
f 1936/1934/6 1933/1935/84 1934/1932/84
f 1938/1936/7 1935/1937/7 1936/1934/7
f 1940/1938/85 1937/1939/8 1938/1936/8
f 1942/1940/86 1939/1941/85 1940/1938/85
f 1944/1942/87 1941/1943/86 1942/1940/86
f 1946/1944/88 1943/1945/87 1944/1942/87
f 1948/1946/89 1945/1947/88 1946/1944/88
f 1950/1948/90 1947/1949/89 1948/1946/89
f 1952/1950/91 1949/1951/90 1950/1948/90
f 1954/1952/92 1951/1953/91 1952/1950/91
f 1956/1954/93 1953/1955/92 1954/1952/92
f 1958/1956/94 1955/1957/93 1956/1954/93
f 1960/1958/95 1957/1959/94 1958/1956/94
f 1962/1960/96 1959/1961/95 1960/1958/95
f 1964/1962/97 1961/1963/96 1962/1960/96
f 1966/1964/98 1963/1965/97 1964/1962/97
f 1968/1966/99 1965/1967/98 1966/1964/98
f 1970/1968/100 1967/1969/99 1968/1966/99
f 1972/1970/101 1969/1971/100 1970/1968/100
f 1974/1972/102 1971/1973/101 1972/1970/101
f 1976/1974/103 1973/1975/102 1974/1972/102
f 1978/1976/104 1975/1977/103 1976/1974/103
f 1980/1978/105 1977/1979/106 1978/1976/104
f 1982/1980/107 1979/1981/105 1980/1978/105
f 1984/1982/108 1981/1983/107 1982/1980/107
f 1986/1984/109 1983/1985/108 1984/1982/108
f 1988/1986/110 1985/1987/109 1986/1984/109
f 1990/1988/6 1987/1989/6 1988/1986/6
f 1992/1990/7 1989/1991/7 1990/1988/7
f 1994/1992/8 1991/1993/8 1992/1990/8
f 1996/1994/9 1993/1995/9 1994/1992/9
f 1886/1887/6 1995/1996/6 1996/1994/6
f 2000/1997/111 1997/1998/112 1998/1999/112
f 2002/2000/113 1999/2001/111 2000/1997/111
f 2004/2002/114 2001/2003/113 2002/2000/113
f 2006/2004/115 2003/2005/114 2004/2002/114
f 2008/2006/116 2005/2007/115 2006/2004/115
f 2010/2008/117 2007/2009/116 2008/2006/116
f 2012/2010/118 2009/2011/117 2010/2008/117
f 2014/2012/119 2011/2013/118 2012/2010/118
f 2016/2014/120 2013/2015/119 2014/2012/119
f 2018/2016/121 2015/2017/120 2016/2014/120
f 2020/2018/122 2017/2019/121 2018/2016/121
f 2022/2020/123 2019/2021/122 2020/2018/122
f 2024/2022/124 2021/2023/123 2022/2020/123
f 2026/2024/125 2023/2025/124 2024/2022/124
f 2028/2026/126 2025/2027/125 2026/2024/125
f 2030/2028/127 2027/2029/126 2028/2026/126
f 2032/2030/128 2029/2031/127 2030/2028/127
f 2034/2032/129 2031/2033/128 2032/2030/128
f 2036/2034/130 2033/2035/131 2034/2032/129
f 2038/2036/132 2035/2037/133 2036/2034/130
f 2040/2038/134 2037/2039/132 2038/2036/132
f 2042/2040/135 2039/2041/134 2040/2038/134
f 2044/2042/136 2041/2043/135 2042/2040/135
f 2046/2044/137 2043/2045/136 2044/2042/136
f 2048/2046/138 2045/2047/137 2046/2044/137
f 2050/2048/139 2047/2049/138 2048/2046/138
f 2052/2050/140 2049/2051/139 2050/2048/139
f 2054/2052/141 2051/2053/142 2052/2050/140
f 2056/2054/143 2053/2055/141 2054/2052/141
f 2058/2056/144 2055/2057/143 2056/2054/143
f 2060/2058/145 2057/2059/144 2058/2056/144
f 2062/2060/146 2059/2061/145 2060/2058/145
f 2064/2062/147 2061/2063/146 2062/2060/146
f 2066/2064/148 2063/2065/147 2064/2062/147
f 2068/2066/149 2065/2067/148 2066/2064/148
f 2070/2068/150 2067/2069/149 2068/2066/149
f 2072/2070/151 2069/2071/150 2070/2068/150
f 2074/2072/152 2071/2073/151 2072/2070/151
f 2076/2074/153 2073/2075/152 2074/2072/152
f 2078/2076/154 2075/2077/153 2076/2074/153
f 2080/2078/155 2077/2079/154 2078/2076/154
f 2082/2080/156 2079/2081/155 2080/2078/155
f 2084/2082/157 2081/2083/156 2082/2080/156
f 2086/2084/158 2083/2085/157 2084/2082/157
f 2088/2086/159 2085/2087/158 2086/2084/158
f 2090/2088/160 2087/2089/159 2088/2086/159
f 2092/2090/161 2089/2091/160 2090/2088/160
f 2094/2092/162 2091/2093/161 2092/2090/161
f 2096/2094/163 2093/2095/162 2094/2092/162
f 2098/2096/164 2095/2097/163 2096/2094/163
f 2100/2098/165 2097/2099/164 2098/2096/164
f 2102/2100/166 2099/2101/165 2100/2098/165
f 2104/2102/167 2101/2103/166 2102/2100/166
f 2106/2104/168 2103/2105/167 2104/2102/167
f 2108/2106/169 2105/2107/168 2106/2104/168
f 2110/2108/170 2107/2109/169 2108/2106/169
f 2112/2110/171 2109/2111/170 2110/2108/170
f 2114/2112/172 2111/2113/171 2112/2110/171
f 2116/2114/173 2113/2115/172 2114/2112/172
f 2118/2116/174 2115/2117/173 2116/2114/173
f 2120/2118/175 2117/2119/174 2118/2116/174
f 2122/2120/176 2119/2121/175 2120/2118/175
f 2124/2122/177 2121/2123/176 2122/2120/176
f 2126/2124/178 2123/2125/177 2124/2122/177
f 2128/2126/179 2125/2127/178 2126/2124/178
f 2130/2128/180 2127/2129/179 2128/2126/179
f 2132/2130/181 2129/2131/180 2130/2128/180
f 2134/2132/182 2131/2133/181 2132/2130/181
f 2136/2134/183 2133/2135/182 2134/2132/182
f 2138/2136/184 2135/2137/183 2136/2134/183
f 2140/2138/185 2137/2139/184 2138/2136/184
f 2142/2140/6 2139/2141/6 2140/2138/6
f 2144/2142/186 2141/2143/187 2142/2140/187
f 2146/2144/188 2143/2145/186 2144/2142/186
f 2148/2146/189 2145/2147/188 2146/2144/188
f 2150/2148/190 2147/2149/189 2148/2146/189
f 2152/2150/191 2149/2151/190 2150/2148/190
f 2154/2152/192 2151/2153/191 2152/2150/191
f 2156/2154/193 2153/2155/192 2154/2152/192
f 2158/2156/194 2155/2157/193 2156/2154/193
f 2160/2158/195 2157/2159/194 2158/2156/194
f 2162/2160/196 2159/2161/195 2160/2158/195
f 2164/2162/197 2161/2163/196 2162/2160/196
f 2166/2164/198 2163/2165/197 2164/2162/197
f 2168/2166/199 2165/2167/198 2166/2164/198
f 2170/2168/200 2167/2169/199 2168/2166/199
f 2172/2170/201 2169/2171/200 2170/2168/200
f 2174/2172/202 2171/2173/201 2172/2170/201
f 2176/2174/203 2173/2175/202 2174/2172/202
f 2178/2176/204 2175/2177/203 2176/2174/203
f 2180/2178/205 2177/2179/204 2178/2176/204
f 2182/2180/206 2179/2181/205 2180/2178/205
f 2184/2182/207 2181/2183/206 2182/2180/206
f 2186/2184/208 2183/2185/207 2184/2182/207
f 2188/2186/209 2185/2187/208 2186/2184/208
f 2190/2188/210 2187/2189/211 2188/2186/209
f 2192/2190/212 2189/2191/210 2190/2188/210
f 2194/2192/213 2191/2193/212 2192/2190/212
f 2196/2194/214 2193/2195/213 2194/2192/213
f 2198/2196/215 2195/2197/214 2196/2194/214
f 2200/2198/216 2197/2199/215 2198/2196/215
f 2202/2200/217 2199/2201/216 2200/2198/216
f 2204/2202/218 2201/2203/217 2202/2200/217
f 2206/2204/219 2203/2205/218 2204/2202/218
f 2208/2206/220 2205/2207/219 2206/2204/219
f 2210/2208/221 2207/2209/220 2208/2206/220
f 2212/2210/222 2209/2211/221 2210/2208/221
f 2214/2212/223 2211/2213/222 2212/2210/222
f 2216/2214/224 2213/2215/223 2214/2212/223
f 2218/2216/225 2215/2217/224 2216/2214/224
f 2220/2218/226 2217/2219/225 2218/2216/225
f 2222/2220/227 2219/2221/226 2220/2218/226
f 2224/2222/228 2221/2223/227 2222/2220/227
f 2226/2224/229 2223/2225/228 2224/2222/228
f 2228/2226/230 2225/2227/105 2226/2224/229
f 2230/2228/231 2227/2229/230 2228/2226/230
f 2232/2230/232 2229/2231/231 2230/2228/231
f 2234/2232/233 2231/2233/232 2232/2230/232
f 2236/2234/234 2233/2235/233 2234/2232/233
f 2238/2236/235 2235/2237/234 2236/2234/234
f 2240/2238/236 2237/2239/235 2238/2236/235
f 2242/2240/237 2239/2241/236 2240/2238/236
f 2244/2242/238 2241/2243/237 2242/2240/237
f 2246/2244/239 2243/2245/238 2244/2242/238
f 2248/2246/240 2245/2247/239 2246/2244/239
f 2250/2248/241 2247/2249/240 2248/2246/240
f 2252/2250/242 2249/2251/241 2250/2248/241
f 2254/2252/243 2251/2253/242 2252/2250/242
f 2256/2254/244 2253/2255/243 2254/2252/243
f 2258/2256/245 2255/2257/244 2256/2254/244
f 2260/2258/246 2257/2259/245 2258/2256/245
f 2262/2260/247 2259/2261/246 2260/2258/246
f 2264/2262/8 2261/2263/8 2262/2260/8
f 1998/1999/248 2263/2264/249 2264/2262/249
f 2268/2265/250 2265/2266/251 2266/2267/251
f 2270/2268/252 2267/2269/250 2268/2265/250
f 2272/2270/253 2269/2271/252 2270/2268/252
f 2274/2272/254 2271/2273/253 2272/2270/253
f 2276/2274/255 2273/2275/254 2274/2272/254
f 2278/2276/256 2275/2277/255 2276/2274/255
f 2280/2278/257 2277/2279/256 2278/2276/256
f 2282/2280/258 2279/2281/257 2280/2278/257
f 2284/2282/259 2281/2283/258 2282/2280/258
f 2286/2284/260 2283/2285/259 2284/2282/259
f 2288/2286/261 2285/2287/260 2286/2284/260
f 2290/2288/262 2287/2289/261 2288/2286/261
f 2292/2290/263 2289/2291/262 2290/2288/262
f 2294/2292/264 2291/2293/263 2292/2290/263
f 2296/2294/265 2293/2295/264 2294/2292/264
f 2298/2296/266 2295/2297/265 2296/2294/265
f 2300/2298/267 2297/2299/266 2298/2296/266
f 2302/2300/268 2299/2301/267 2300/2298/267
f 2304/2302/269 2301/2303/268 2302/2300/268
f 2306/2304/270 2303/2305/269 2304/2302/269
f 2308/2306/271 2305/2307/270 2306/2304/270
f 2310/2308/272 2307/2309/271 2308/2306/271
f 2312/2310/273 2309/2311/272 2310/2308/272
f 2314/2312/274 2311/2313/273 2312/2310/273
f 2316/2314/8 2313/2315/274 2314/2312/274
f 2318/2316/9 2315/2317/9 2316/2314/9
f 2320/2318/275 2317/2319/6 2318/2316/6
f 2322/2320/276 2319/2321/275 2320/2318/275
f 2324/2322/277 2321/2323/276 2322/2320/276
f 2326/2324/278 2323/2325/277 2324/2322/277
f 2328/2326/279 2325/2327/278 2326/2324/278
f 2330/2328/280 2327/2329/279 2328/2326/279
f 2332/2330/281 2329/2331/280 2330/2328/280
f 2334/2332/282 2331/2333/283 2332/2330/281
f 2336/2334/284 2333/2335/282 2334/2332/282
f 2338/2336/285 2335/2337/284 2336/2334/284
f 2340/2338/286 2337/2339/285 2338/2336/285
f 2342/2340/287 2339/2341/286 2340/2338/286
f 2344/2342/288 2341/2343/287 2342/2340/287
f 2346/2344/289 2343/2345/288 2344/2342/288
f 2348/2346/290 2345/2347/289 2346/2344/289
f 2350/2348/291 2347/2349/290 2348/2346/290
f 2352/2350/292 2349/2351/291 2350/2348/291
f 2354/2352/293 2351/2353/292 2352/2350/292
f 2356/2354/294 2353/2355/293 2354/2352/293
f 2358/2356/295 2355/2357/294 2356/2354/294
f 2360/2358/296 2357/2359/295 2358/2356/295
f 2362/2360/297 2359/2361/296 2360/2358/296
f 2364/2362/298 2361/2363/297 2362/2360/297
f 2366/2364/299 2363/2365/298 2364/2362/298
f 2368/2366/300 2365/2367/299 2366/2364/299
f 2370/2368/8 2367/2369/8 2368/2366/8
f 2372/2370/9 2369/2371/9 2370/2368/9
f 2374/2372/6 2371/2373/6 2372/2370/6
f 2376/2374/7 2373/2375/7 2374/2372/7
f 2378/2376/8 2375/2377/8 2376/2374/8
f 2266/2267/7 2377/2378/7 2378/2376/7
f 2382/2379/301 2379/2380/302 2380/2381/302
f 2384/2382/303 2381/2383/301 2382/2379/301
f 2386/2384/304 2383/2385/303 2384/2382/303
f 2388/2386/305 2385/2387/304 2386/2384/304
f 2390/2388/306 2387/2389/305 2388/2386/305
f 2392/2390/307 2389/2391/306 2390/2388/306
f 2394/2392/308 2391/2393/307 2392/2390/307
f 2396/2394/309 2393/2395/308 2394/2392/308
f 2398/2396/310 2395/2397/309 2396/2394/309
f 2400/2398/311 2397/2399/310 2398/2396/310
f 2402/2400/312 2399/2401/311 2400/2398/311
f 2404/2402/313 2401/2403/312 2402/2400/312
f 2406/2404/314 2403/2405/313 2404/2402/313
f 2408/2406/315 2405/2407/314 2406/2404/314
f 2410/2408/316 2407/2409/315 2408/2406/315
f 2412/2410/317 2409/2411/316 2410/2408/316
f 2414/2412/318 2411/2413/317 2412/2410/317
f 2416/2414/319 2413/2415/318 2414/2412/318
f 2418/2416/320 2415/2417/319 2416/2414/319
f 2420/2418/321 2417/2419/320 2418/2416/320
f 2422/2420/322 2419/2421/321 2420/2418/321
f 2424/2422/323 2421/2423/322 2422/2420/322
f 2426/2424/324 2423/2425/323 2424/2422/323
f 2428/2426/325 2425/2427/324 2426/2424/324
f 2430/2428/326 2427/2429/325 2428/2426/325
f 2432/2430/327 2429/2431/326 2430/2428/326
f 2434/2432/328 2431/2433/327 2432/2430/327
f 2436/2434/329 2433/2435/328 2434/2432/328
f 2438/2436/330 2435/2437/329 2436/2434/329
f 2440/2438/331 2437/2439/330 2438/2436/330
f 2442/2440/332 2439/2441/331 2440/2438/331
f 2444/2442/333 2441/2443/332 2442/2440/332
f 2446/2444/334 2443/2445/333 2444/2442/333
f 2448/2446/335 2445/2447/334 2446/2444/334
f 2450/2448/336 2447/2449/335 2448/2446/335
f 2452/2450/337 2449/2451/336 2450/2448/336
f 2454/2452/338 2451/2453/337 2452/2450/337
f 2456/2454/339 2453/2455/338 2454/2452/338
f 2458/2456/340 2455/2457/339 2456/2454/339
f 2460/2458/341 2457/2459/340 2458/2456/340
f 2462/2460/342 2459/2461/341 2460/2458/341
f 2464/2462/343 2461/2463/342 2462/2460/342
f 2466/2464/344 2463/2465/343 2464/2462/343
f 2468/2466/345 2465/2467/344 2466/2464/344
f 2470/2468/346 2467/2469/345 2468/2466/345
f 2472/2470/347 2469/2471/346 2470/2468/346
f 2474/2472/348 2471/2473/347 2472/2470/347
f 2476/2474/349 2473/2475/348 2474/2472/348
f 2478/2476/350 2475/2477/349 2476/2474/349
f 2480/2478/351 2477/2479/350 2478/2476/350
f 2482/2480/352 2479/2481/351 2480/2478/351
f 2484/2482/353 2481/2483/352 2482/2480/352
f 2486/2484/354 2483/2485/353 2484/2482/353
f 2488/2486/355 2485/2487/354 2486/2484/354
f 2490/2488/356 2487/2489/355 2488/2486/355
f 2492/2490/357 2489/2491/356 2490/2488/356
f 2494/2492/358 2491/2493/357 2492/2490/357
f 2496/2494/359 2493/2495/358 2494/2492/358
f 2498/2496/360 2495/2497/359 2496/2494/359
f 2500/2498/6 2497/2499/6 2498/2496/6
f 2502/2500/361 2499/2501/362 2500/2498/362
f 2504/2502/363 2501/2503/361 2502/2500/361
f 2506/2504/364 2503/2505/363 2504/2502/363
f 2508/2506/365 2505/2507/366 2506/2504/364
f 2510/2508/367 2507/2509/365 2508/2506/365
f 2512/2510/368 2509/2511/367 2510/2508/367
f 2514/2512/369 2511/2513/368 2512/2510/368
f 2516/2514/370 2513/2515/369 2514/2512/369
f 2518/2516/371 2515/2517/370 2516/2514/370
f 2520/2518/372 2517/2519/371 2518/2516/371
f 2522/2520/373 2519/2521/372 2520/2518/372
f 2524/2522/374 2521/2523/373 2522/2520/373
f 2526/2524/375 2523/2525/374 2524/2522/374
f 2528/2526/376 2525/2527/375 2526/2524/375
f 2530/2528/377 2527/2529/376 2528/2526/376
f 2532/2530/378 2529/2531/377 2530/2528/377
f 2534/2532/379 2531/2533/378 2532/2530/378
f 2536/2534/380 2533/2535/379 2534/2532/379
f 2538/2536/381 2535/2537/380 2536/2534/380
f 2540/2538/382 2537/2539/381 2538/2536/381
f 2542/2540/383 2539/2541/382 2540/2538/382
f 2544/2542/384 2541/2543/383 2542/2540/383
f 2546/2544/385 2543/2545/384 2544/2542/384
f 2548/2546/386 2545/2547/385 2546/2544/385
f 2550/2548/387 2547/2549/386 2548/2546/386
f 2552/2550/388 2549/2551/387 2550/2548/387
f 2554/2552/389 2551/2553/388 2552/2550/388
f 2556/2554/390 2553/2555/389 2554/2552/389
f 2558/2556/391 2555/2557/390 2556/2554/390
f 2560/2558/392 2557/2559/391 2558/2556/391
f 2562/2560/393 2559/2561/392 2560/2558/392
f 2564/2562/394 2561/2563/393 2562/2560/393
f 2566/2564/395 2563/2565/394 2564/2562/394
f 2568/2566/396 2565/2567/395 2566/2564/395
f 2570/2568/397 2567/2569/396 2568/2566/396
f 2572/2570/398 2569/2571/397 2570/2568/397
f 2574/2572/399 2571/2573/398 2572/2570/398
f 2576/2574/400 2573/2575/399 2574/2572/399
f 2578/2576/401 2575/2577/400 2576/2574/400
f 2580/2578/402 2577/2579/401 2578/2576/401
f 2582/2580/403 2579/2581/402 2580/2578/402
f 2584/2582/404 2581/2583/403 2582/2580/403
f 2586/2584/405 2583/2585/404 2584/2582/404
f 2588/2586/406 2585/2587/405 2586/2584/405
f 2590/2588/407 2587/2589/406 2588/2586/406
f 2592/2590/408 2589/2591/407 2590/2588/407
f 2594/2592/409 2591/2593/408 2592/2590/408
f 2596/2594/410 2593/2595/409 2594/2592/409
f 2598/2596/411 2595/2597/410 2596/2594/410
f 2600/2598/412 2597/2599/411 2598/2596/411
f 2602/2600/413 2599/2601/412 2600/2598/412
f 2604/2602/414 2601/2603/413 2602/2600/413
f 2606/2604/415 2603/2605/414 2604/2602/414
f 2608/2606/416 2605/2607/415 2606/2604/415
f 2610/2608/417 2607/2609/416 2608/2606/416
f 2612/2610/418 2609/2611/417 2610/2608/417
f 2614/2612/419 2611/2613/418 2612/2610/418
f 2616/2614/420 2613/2615/419 2614/2612/419
f 2618/2616/421 2615/2617/420 2616/2614/420
f 2620/2618/422 2617/2619/421 2618/2616/421
f 2622/2620/8 2619/2621/8 2620/2618/8
f 2380/2381/302 2621/2622/423 2622/2620/423
f 2626/2623/6 2623/2624/6 2624/2625/6
f 2628/2626/424 2625/2627/7 2626/2623/7
f 2630/2628/425 2627/2629/424 2628/2626/424
f 2632/2630/426 2629/2631/425 2630/2628/425
f 2634/2632/427 2631/2633/426 2632/2630/426
f 2636/2634/428 2633/2635/427 2634/2632/427
f 2638/2636/367 2635/2637/428 2636/2634/428
f 2640/2638/429 2637/2639/367 2638/2636/367
f 2642/2640/430 2639/2641/429 2640/2638/429
f 2644/2642/431 2641/2643/430 2642/2640/430
f 2646/2644/432 2643/2645/431 2644/2642/431
f 2648/2646/433 2645/2647/432 2646/2644/432
f 2650/2648/434 2647/2649/433 2648/2646/433
f 2652/2650/435 2649/2651/434 2650/2648/434
f 2654/2652/436 2651/2653/435 2652/2650/435
f 2656/2654/437 2653/2655/436 2654/2652/436
f 2658/2656/438 2655/2657/437 2656/2654/437
f 2660/2658/439 2657/2659/438 2658/2656/438
f 2662/2660/440 2659/2661/439 2660/2658/439
f 2664/2662/441 2661/2663/440 2662/2660/440
f 2666/2664/442 2663/2665/441 2664/2662/441
f 2668/2666/443 2665/2667/442 2666/2664/442
f 2670/2668/444 2667/2669/443 2668/2666/443
f 2672/2670/445 2669/2671/444 2670/2668/444
f 2674/2672/446 2671/2673/445 2672/2670/445
f 2676/2674/447 2673/2675/446 2674/2672/446
f 2678/2676/448 2675/2677/449 2676/2674/447
f 2680/2678/450 2677/2679/448 2678/2676/448
f 2682/2680/451 2679/2681/450 2680/2678/450
f 2684/2682/452 2681/2683/451 2682/2680/451
f 2686/2684/453 2683/2685/452 2684/2682/452
f 2688/2686/454 2685/2687/453 2686/2684/453
f 2690/2688/455 2687/2689/454 2688/2686/454
f 2692/2690/456 2689/2691/455 2690/2688/455
f 2694/2692/457 2691/2693/456 2692/2690/456
f 2696/2694/458 2693/2695/457 2694/2692/457
f 2698/2696/459 2695/2697/458 2696/2694/458
f 2700/2698/460 2697/2699/459 2698/2696/459
f 2702/2700/8 2699/2701/8 2700/2698/8
f 2624/2625/9 2701/2702/9 2702/2700/9
f 2706/2703/461 2703/2704/462 2704/2705/462
f 2708/2706/463 2705/2707/461 2706/2703/461
f 2710/2708/464 2707/2709/463 2708/2706/463
f 2712/2710/465 2709/2711/464 2710/2708/464
f 2714/2712/466 2711/2713/465 2712/2710/465
f 2716/2714/467 2713/2715/466 2714/2712/466
f 2718/2716/468 2715/2717/467 2716/2714/467
f 2720/2718/469 2717/2719/468 2718/2716/468
f 2722/2720/470 2719/2721/469 2720/2718/469
f 2724/2722/471 2721/2723/470 2722/2720/470
f 2726/2724/472 2723/2725/471 2724/2722/471
f 2728/2726/473 2725/2727/472 2726/2724/472
f 2730/2728/474 2727/2729/475 2728/2726/473
f 2732/2730/476 2729/2731/474 2730/2728/474
f 2734/2732/477 2731/2733/476 2732/2730/476
f 2736/2734/478 2733/2735/477 2734/2732/477
f 2738/2736/479 2735/2737/478 2736/2734/478
f 2740/2738/480 2737/2739/479 2738/2736/479
f 2742/2740/481 2739/2741/480 2740/2738/480
f 2744/2742/482 2741/2743/481 2742/2740/481
f 2746/2744/483 2743/2745/482 2744/2742/482
f 2748/2746/484 2745/2747/483 2746/2744/483
f 2750/2748/485 2747/2749/484 2748/2746/484
f 2752/2750/486 2749/2751/487 2750/2748/485
f 2754/2752/488 2751/2753/486 2752/2750/486
f 2756/2754/489 2753/2755/488 2754/2752/488
f 2758/2756/490 2755/2757/491 2756/2754/489
f 2760/2758/492 2757/2759/490 2758/2756/490
f 2762/2760/493 2759/2761/492 2760/2758/492
f 2764/2762/494 2761/2763/493 2762/2760/493
f 2766/2764/495 2763/2765/494 2764/2762/494
f 2768/2766/496 2765/2767/495 2766/2764/495
f 2770/2768/497 2767/2769/496 2768/2766/496
f 2772/2770/498 2769/2771/497 2770/2768/497
f 2774/2772/499 2771/2773/498 2772/2770/498
f 2776/2774/9 2773/2775/499 2774/2772/499
f 2778/2776/8 2775/2777/8 2776/2774/8
f 2704/2705/462 2777/2778/500 2778/2776/500
f 2782/2779/501 2779/2780/502 2780/2781/502
f 2784/2782/503 2781/2783/501 2782/2779/501
f 2786/2784/504 2783/2785/503 2784/2782/503
f 2788/2786/505 2785/2787/504 2786/2784/504
f 2790/2788/506 2787/2789/505 2788/2786/505
f 2792/2790/507 2789/2791/506 2790/2788/506
f 2794/2792/508 2791/2793/507 2792/2790/507
f 2796/2794/509 2793/2795/510 2794/2792/508
f 2798/2796/511 2795/2797/509 2796/2794/509
f 2800/2798/512 2797/2799/511 2798/2796/511
f 2802/2800/513 2799/2801/512 2800/2798/512
f 2804/2802/514 2801/2803/513 2802/2800/513
f 2806/2804/515 2803/2805/514 2804/2802/514
f 2808/2806/516 2805/2807/515 2806/2804/515
f 2810/2808/181 2807/2809/517 2808/2806/516
f 2812/2810/518 2809/2811/181 2810/2808/181
f 2814/2812/519 2811/2813/518 2812/2810/518
f 2816/2814/520 2813/2815/519 2814/2812/519
f 2818/2816/521 2815/2817/520 2816/2814/520
f 2820/2818/522 2817/2819/521 2818/2816/521
f 2822/2820/523 2819/2821/524 2820/2818/522
f 2824/2822/525 2821/2823/523 2822/2820/523
f 2826/2824/526 2823/2825/525 2824/2822/525
f 2828/2826/527 2825/2827/528 2826/2824/528
f 2830/2828/529 2827/2829/527 2828/2826/527
f 2832/2830/530 2829/2831/529 2830/2828/529
f 2834/2832/531 2831/2833/532 2832/2830/530
f 2836/2834/533 2833/2835/531 2834/2832/531
f 2838/2836/534 2835/2837/533 2836/2834/533
f 2840/2838/535 2837/2839/534 2838/2836/534
f 2842/2840/536 2839/2841/535 2840/2838/535
f 2844/2842/537 2841/2843/536 2842/2840/536
f 2846/2844/446 2843/2845/537 2844/2842/537
f 2848/2846/538 2845/2847/446 2846/2844/446
f 2850/2848/539 2847/2849/538 2848/2846/538
f 2852/2850/540 2849/2851/539 2850/2848/539
f 2854/2852/541 2851/2853/540 2852/2850/540
f 2856/2854/542 2853/2855/541 2854/2852/541
f 2858/2856/543 2855/2857/542 2856/2854/542
f 2860/2858/544 2857/2859/543 2858/2856/543
f 2862/2860/545 2859/2861/544 2860/2858/544
f 2864/2862/546 2861/2863/545 2862/2860/545
f 2866/2864/547 2863/2865/546 2864/2862/546
f 2868/2866/548 2865/2867/547 2866/2864/547
f 2870/2868/549 2867/2869/548 2868/2866/548
f 2872/2870/550 2869/2871/549 2870/2868/549
f 2874/2872/551 2871/2873/552 2872/2870/550
f 2876/2874/553 2873/2875/551 2874/2872/551
f 2878/2876/554 2875/2877/553 2876/2874/553
f 2880/2878/555 2877/2879/554 2878/2876/554
f 2882/2880/556 2879/2881/555 2880/2878/555
f 2884/2882/557 2881/2883/556 2882/2880/556
f 2886/2884/558 2883/2885/557 2884/2882/557
f 2888/2886/559 2885/2887/558 2886/2884/558
f 2890/2888/560 2887/2889/559 2888/2886/559
f 2892/2890/561 2889/2891/560 2890/2888/560
f 2894/2892/562 2891/2893/561 2892/2890/561
f 2896/2894/563 2893/2895/562 2894/2892/562
f 2898/2896/564 2895/2897/563 2896/2894/563
f 2900/2898/565 2897/2899/564 2898/2896/564
f 2902/2900/566 2899/2901/6 2900/2898/6
f 2904/2902/567 2901/2903/566 2902/2900/566
f 2906/2904/568 2903/2905/567 2904/2902/567
f 2908/2906/569 2905/2907/568 2906/2904/568
f 2910/2908/570 2907/2909/569 2908/2906/569
f 2912/2910/571 2909/2911/570 2910/2908/570
f 2914/2912/572 2911/2913/571 2912/2910/571
f 2916/2914/573 2913/2915/572 2914/2912/572
f 2918/2916/574 2915/2917/573 2916/2914/573
f 2920/2918/575 2917/2919/574 2918/2916/574
f 2922/2920/576 2919/2921/575 2920/2918/575
f 2924/2922/577 2921/2923/576 2922/2920/576
f 2926/2924/578 2923/2925/577 2924/2922/577
f 2928/2926/579 2925/2927/578 2926/2924/578
f 2930/2928/580 2927/2929/579 2928/2926/579
f 2932/2930/581 2929/2931/580 2930/2928/580
f 2934/2932/582 2931/2933/581 2932/2930/581
f 2936/2934/583 2933/2935/582 2934/2932/582
f 2938/2936/584 2935/2937/583 2936/2934/583
f 2940/2938/585 2937/2939/584 2938/2936/584
f 2942/2940/586 2939/2941/585 2940/2938/585
f 2944/2942/587 2941/2943/586 2942/2940/586
f 2946/2944/588 2943/2945/589 2944/2942/587
f 2948/2946/590 2945/2947/588 2946/2944/588
f 2950/2948/591 2947/2949/590 2948/2946/590
f 2952/2950/6 2949/2951/6 2950/2948/6
f 2954/2952/592 2951/2953/593 2952/2950/593
f 2956/2954/594 2953/2955/592 2954/2952/592
f 2958/2956/595 2955/2957/594 2956/2954/594
f 2960/2958/596 2957/2959/595 2958/2956/595
f 2962/2960/597 2959/2961/596 2960/2958/596
f 2964/2962/598 2961/2963/597 2962/2960/597
f 2966/2964/599 2963/2965/598 2964/2962/598
f 2968/2966/600 2965/2967/599 2966/2964/599
f 2970/2968/601 2967/2969/600 2968/2966/600
f 2972/2970/602 2969/2971/601 2970/2968/601
f 2974/2972/603 2971/2973/602 2972/2970/602
f 2976/2974/604 2973/2975/603 2974/2972/603
f 2978/2976/605 2975/2977/604 2976/2974/604
f 2980/2978/606 2977/2979/605 2978/2976/605
f 2982/2980/607 2979/2981/606 2980/2978/606
f 2984/2982/608 2981/2983/607 2982/2980/607
f 2986/2984/609 2983/2985/610 2984/2982/608
f 2988/2986/611 2985/2987/609 2986/2984/609
f 2990/2988/612 2987/2989/611 2988/2986/611
f 2992/2990/613 2989/2991/612 2990/2988/612
f 2994/2992/614 2991/2993/613 2992/2990/613
f 2996/2994/615 2993/2995/614 2994/2992/614
f 2998/2996/616 2995/2997/615 2996/2994/615
f 3000/2998/617 2997/2999/616 2998/2996/616
f 3002/3000/618 2999/3001/617 3000/2998/617
f 3004/3002/619 3001/3003/618 3002/3000/618
f 3006/3004/620 3003/3005/621 3004/3002/619
f 3008/3006/622 3005/3007/620 3006/3004/620
f 3010/3008/623 3007/3009/622 3008/3006/622
f 3012/3010/624 3009/3011/625 3010/3008/623
f 3014/3012/626 3011/3013/624 3012/3010/624
f 3016/3014/627 3013/3015/628 3014/3012/626
f 3018/3016/629 3015/3017/630 3016/3014/627
f 3020/3018/631 3017/3019/632 3018/3016/629
f 3022/3020/633 3019/3021/634 3020/3018/631
f 3024/3022/635 3021/3023/633 3022/3020/633
f 3026/3024/636 3023/3025/637 3024/3022/635
f 3028/3026/638 3025/3027/636 3026/3024/636
f 3030/3028/639 3027/3029/638 3028/3026/638
f 3032/3030/640 3029/3031/639 3030/3028/639
f 3034/3032/641 3031/3033/640 3032/3030/640
f 3036/3034/642 3033/3035/641 3034/3032/641
f 3038/3036/643 3035/3037/642 3036/3034/642
f 3040/3038/644 3037/3039/643 3038/3036/643
f 3042/3040/645 3039/3041/644 3040/3038/644
f 3044/3042/646 3041/3043/647 3042/3040/645
f 3046/3044/648 3043/3045/646 3044/3042/646
f 3048/3046/649 3045/3047/648 3046/3044/648
f 3050/3048/650 3047/3049/651 3048/3046/649
f 3052/3050/8 3049/3051/8 3050/3048/8
f 2780/2781/502 3051/3052/652 3052/3050/652
f 3056/3053/653 3053/3054/654 3054/3055/655
f 3058/3056/656 3055/3057/653 3056/3053/653
f 3060/3058/657 3057/3059/656 3058/3056/656
f 3062/3060/658 3059/3061/657 3060/3058/657
f 3064/3062/659 3061/3063/658 3062/3060/658
f 3066/3064/660 3063/3065/659 3064/3062/659
f 3068/3066/661 3065/3067/660 3066/3064/660
f 3070/3068/662 3067/3069/661 3068/3066/661
f 3072/3070/663 3069/3071/662 3070/3068/662
f 3074/3072/664 3071/3073/663 3072/3070/663
f 3076/3074/665 3073/3075/664 3074/3072/664
f 3078/3076/666 3075/3077/667 3076/3074/665
f 3080/3078/668 3077/3079/669 3078/3076/666
f 3082/3080/670 3079/3081/671 3080/3078/668
f 3084/3082/672 3081/3083/670 3082/3080/670
f 3086/3084/673 3083/3085/672 3084/3082/672
f 3088/3086/674 3085/3087/673 3086/3084/673
f 3090/3088/675 3087/3089/674 3088/3086/674
f 3092/3090/676 3089/3091/675 3090/3088/675
f 3094/3092/677 3091/3093/676 3092/3090/676
f 3096/3094/678 3093/3095/677 3094/3092/677
f 3098/3096/679 3095/3097/678 3096/3094/678
f 3100/3098/680 3097/3099/679 3098/3096/679
f 3102/3100/681 3099/3101/680 3100/3098/680
f 3104/3102/682 3101/3103/681 3102/3100/681
f 3106/3104/683 3103/3105/682 3104/3102/682
f 3108/3106/684 3105/3107/683 3106/3104/683
f 3110/3108/685 3107/3109/684 3108/3106/684
f 3112/3110/686 3109/3111/685 3110/3108/685
f 3114/3112/687 3111/3113/686 3112/3110/686
f 3116/3114/688 3113/3115/687 3114/3112/687
f 3118/3116/689 3115/3117/688 3116/3114/688
f 3120/3118/690 3117/3119/689 3118/3116/689
f 3122/3120/691 3119/3121/690 3120/3118/690
f 3124/3122/692 3121/3123/691 3122/3120/691
f 3126/3124/6 3123/3125/6 3124/3122/6
f 3054/3055/654 3125/3126/693 3126/3124/693
f 3130/3127/55 3127/3128/694 3128/3129/694
f 3132/3130/695 3129/3131/55 3130/3127/55
f 3134/3132/696 3131/3133/695 3132/3130/695
f 3136/3134/697 3133/3135/696 3134/3132/696
f 3138/3136/698 3135/3137/697 3136/3134/697
f 3140/3138/699 3137/3139/698 3138/3136/698
f 3142/3140/700 3139/3141/699 3140/3138/699
f 3144/3142/701 3141/3143/700 3142/3140/700
f 3146/3144/702 3143/3145/701 3144/3142/701
f 3148/3146/703 3145/3147/702 3146/3144/702
f 3150/3148/704 3147/3149/703 3148/3146/703
f 3152/3150/705 3149/3151/704 3150/3148/704
f 3154/3152/706 3151/3153/705 3152/3150/705
f 3156/3154/707 3153/3155/706 3154/3152/706
f 3158/3156/708 3155/3157/707 3156/3154/707
f 3160/3158/709 3157/3159/708 3158/3156/708
f 3162/3160/710 3159/3161/709 3160/3158/709
f 3164/3162/711 3161/3163/710 3162/3160/710
f 3166/3164/712 3163/3165/711 3164/3162/711
f 3168/3166/713 3165/3167/712 3166/3164/712
f 3170/3168/714 3167/3169/713 3168/3166/713
f 3172/3170/715 3169/3171/714 3170/3168/714
f 3174/3172/716 3171/3173/715 3172/3170/715
f 3176/3174/717 3173/3175/716 3174/3172/716
f 3178/3176/718 3175/3177/717 3176/3174/717
f 3180/3178/719 3177/3179/718 3178/3176/718
f 3182/3180/720 3179/3181/719 3180/3178/719
f 3184/3182/721 3181/3183/720 3182/3180/720
f 3186/3184/722 3183/3185/721 3184/3182/721
f 3188/3186/723 3185/3187/722 3186/3184/722
f 3190/3188/724 3187/3189/723 3188/3186/723
f 3192/3190/725 3189/3191/724 3190/3188/724
f 3194/3192/726 3191/3193/725 3192/3190/725
f 3196/3194/727 3193/3195/726 3194/3192/726
f 3198/3196/728 3195/3197/727 3196/3194/727
f 3200/3198/729 3197/3199/728 3198/3196/728
f 3202/3200/730 3199/3201/729 3200/3198/729
f 3204/3202/731 3201/3203/730 3202/3200/730
f 3206/3204/732 3203/3205/731 3204/3202/731
f 3208/3206/733 3205/3207/732 3206/3204/732
f 3210/3208/734 3207/3209/733 3208/3206/733
f 3212/3210/735 3209/3211/734 3210/3208/734
f 3214/3212/736 3211/3213/735 3212/3210/735
f 3216/3214/737 3213/3215/736 3214/3212/736
f 3218/3216/738 3215/3217/737 3216/3214/737
f 3220/3218/739 3217/3219/738 3218/3216/738
f 3222/3220/740 3219/3221/739 3220/3218/739
f 3224/3222/8 3221/3223/8 3222/3220/8
f 3226/3224/741 3223/3225/707 3224/3222/707
f 3228/3226/742 3225/3227/741 3226/3224/741
f 3230/3228/743 3227/3229/742 3228/3226/742
f 3232/3230/744 3229/3231/743 3230/3228/743
f 3234/3232/745 3231/3233/744 3232/3230/744
f 3236/3234/746 3233/3235/745 3234/3232/745
f 3238/3236/747 3235/3237/746 3236/3234/746
f 3240/3238/748 3237/3239/747 3238/3236/747
f 3242/3240/749 3239/3241/748 3240/3238/748
f 3244/3242/750 3241/3243/749 3242/3240/749
f 3246/3244/751 3243/3245/750 3244/3242/750
f 3248/3246/752 3245/3247/751 3246/3244/751
f 3250/3248/753 3247/3249/752 3248/3246/752
f 3252/3250/754 3249/3251/753 3250/3248/753
f 3254/3252/755 3251/3253/754 3252/3250/754
f 3256/3254/756 3253/3255/755 3254/3252/755
f 3258/3256/757 3255/3257/756 3256/3254/756
f 3260/3258/758 3257/3259/757 3258/3256/757
f 3262/3260/759 3259/3261/758 3260/3258/758
f 3264/3262/760 3261/3263/761 3262/3260/759
f 3266/3264/762 3263/3265/760 3264/3262/760
f 3268/3266/763 3265/3267/762 3266/3264/762
f 3270/3268/764 3267/3269/763 3268/3266/763
f 3272/3270/765 3269/3271/764 3270/3268/764
f 3274/3272/766 3271/3273/765 3272/3270/765
f 3276/3274/767 3273/3275/766 3274/3272/766
f 3278/3276/768 3275/3277/767 3276/3274/767
f 3280/3278/769 3277/3279/768 3278/3276/768
f 3282/3280/770 3279/3281/769 3280/3278/769
f 3284/3282/771 3281/3283/770 3282/3280/770
f 3286/3284/772 3283/3285/771 3284/3282/771
f 3288/3286/773 3285/3287/772 3286/3284/772
f 3290/3288/774 3287/3289/773 3288/3286/773
f 3292/3290/775 3289/3291/774 3290/3288/774
f 3294/3292/776 3291/3293/775 3292/3290/775
f 3296/3294/777 3293/3295/776 3294/3292/776
f 3298/3296/778 3295/3297/777 3296/3294/777
f 3300/3298/779 3297/3299/778 3298/3296/778
f 3302/3300/780 3299/3301/779 3300/3298/779
f 3304/3302/781 3301/3303/780 3302/3300/780
f 3306/3304/782 3303/3305/781 3304/3302/781
f 3308/3306/783 3305/3307/782 3306/3304/782
f 3310/3308/784 3307/3309/783 3308/3306/783
f 3312/3310/785 3309/3311/784 3310/3308/784
f 3314/3312/786 3311/3313/785 3312/3310/785
f 3316/3314/787 3313/3315/786 3314/3312/786
f 3318/3316/788 3315/3317/787 3316/3314/787
f 3320/3318/789 3317/3319/788 3318/3316/788
f 3322/3320/8 3319/3321/8 3320/3318/8
f 3128/3129/694 3321/3322/790 3322/3320/790
f 3326/3323/791 3323/3324/792 3324/3325/792
f 3328/3326/793 3325/3327/791 3326/3323/791
f 3330/3328/794 3327/3329/793 3328/3326/793
f 3332/3330/795 3329/3331/794 3330/3328/794
f 3334/3332/796 3331/3333/795 3332/3330/795
f 3336/3334/797 3333/3335/796 3334/3332/796
f 3338/3336/798 3335/3337/797 3336/3334/797
f 3340/3338/799 3337/3339/798 3338/3336/798
f 3342/3340/800 3339/3341/799 3340/3338/799
f 3344/3342/801 3341/3343/800 3342/3340/800
f 3346/3344/802 3343/3345/801 3344/3342/801
f 3348/3346/803 3345/3347/802 3346/3344/802
f 3350/3348/804 3347/3349/803 3348/3346/803
f 3352/3350/805 3349/3351/804 3350/3348/804
f 3354/3352/806 3351/3353/805 3352/3350/805
f 3356/3354/807 3353/3355/806 3354/3352/806
f 3358/3356/808 3355/3357/807 3356/3354/807
f 3360/3358/809 3357/3359/808 3358/3356/808
f 3362/3360/810 3359/3361/809 3360/3358/809
f 3364/3362/811 3361/3363/810 3362/3360/810
f 3366/3364/812 3363/3365/811 3364/3362/811
f 3368/3366/813 3365/3367/812 3366/3364/812
f 3370/3368/814 3367/3369/813 3368/3366/813
f 3372/3370/815 3369/3371/814 3370/3368/814
f 3374/3372/816 3371/3373/815 3372/3370/815
f 3376/3374/817 3373/3375/816 3374/3372/816
f 3378/3376/818 3375/3377/817 3376/3374/817
f 3380/3378/819 3377/3379/818 3378/3376/818
f 3382/3380/820 3379/3381/819 3380/3378/819
f 3384/3382/821 3381/3383/820 3382/3380/820
f 3386/3384/822 3383/3385/821 3384/3382/821
f 3388/3386/823 3385/3387/822 3386/3384/822
f 3390/3388/824 3387/3389/823 3388/3386/823
f 3392/3390/825 3389/3391/824 3390/3388/824
f 3394/3392/826 3391/3393/825 3392/3390/825
f 3396/3394/827 3393/3395/826 3394/3392/826
f 3398/3396/828 3395/3397/827 3396/3394/827
f 3400/3398/829 3397/3399/828 3398/3396/828
f 3402/3400/830 3399/3401/829 3400/3398/829
f 3404/3402/831 3401/3403/830 3402/3400/830
f 3406/3404/832 3403/3405/831 3404/3402/831
f 3408/3406/833 3405/3407/832 3406/3404/832
f 3410/3408/834 3407/3409/833 3408/3406/833
f 3412/3410/835 3409/3411/834 3410/3408/834
f 3414/3412/836 3411/3413/835 3412/3410/835
f 3416/3414/837 3413/3415/836 3414/3412/836
f 3418/3416/838 3415/3417/837 3416/3414/837
f 3420/3418/9 3417/3419/9 3418/3416/9
f 3422/3420/839 3419/3421/840 3420/3418/840
f 3424/3422/841 3421/3423/839 3422/3420/839
f 3426/3424/842 3423/3425/841 3424/3422/841
f 3428/3426/843 3425/3427/842 3426/3424/842
f 3430/3428/844 3427/3429/843 3428/3426/843
f 3432/3430/845 3429/3431/844 3430/3428/844
f 3434/3432/846 3431/3433/845 3432/3430/845
f 3436/3434/847 3433/3435/846 3434/3432/846
f 3438/3436/848 3435/3437/847 3436/3434/847
f 3440/3438/414 3437/3439/848 3438/3436/848
f 3442/3440/849 3439/3441/414 3440/3438/414
f 3444/3442/850 3441/3443/849 3442/3440/849
f 3446/3444/851 3443/3445/852 3444/3442/850
f 3448/3446/853 3445/3447/851 3446/3444/851
f 3450/3448/854 3447/3449/853 3448/3446/853
f 3452/3450/855 3449/3451/854 3450/3448/854
f 3454/3452/856 3451/3453/855 3452/3450/855
f 3456/3454/857 3453/3455/856 3454/3452/856
f 3458/3456/858 3455/3457/857 3456/3454/857
f 3460/3458/859 3457/3459/858 3458/3456/858
f 3462/3460/860 3459/3461/859 3460/3458/859
f 3464/3462/861 3461/3463/860 3462/3460/860
f 3466/3464/862 3463/3465/861 3464/3462/861
f 3468/3466/863 3465/3467/864 3466/3464/862
f 3470/3468/8 3467/3469/8 3468/3466/8
f 3324/3325/792 3469/3470/865 3470/3468/865
f 3474/3471/866 3471/3472/867 3472/3473/867
f 3476/3474/868 3473/3475/869 3474/3471/866
f 3478/3476/870 3475/3477/868 3476/3474/868
f 3480/3478/871 3477/3479/870 3478/3476/870
f 3482/3480/872 3479/3481/871 3480/3478/871
f 3484/3482/873 3481/3483/872 3482/3480/872
f 3486/3484/874 3483/3485/873 3484/3482/873
f 3488/3486/875 3485/3487/876 3486/3484/874
f 3490/3488/877 3487/3489/875 3488/3486/875
f 3492/3490/878 3489/3491/877 3490/3488/877
f 3494/3492/879 3491/3493/878 3492/3490/878
f 3496/3494/880 3493/3495/879 3494/3492/879
f 3498/3496/881 3495/3497/880 3496/3494/880
f 3500/3498/882 3497/3499/881 3498/3496/881
f 3502/3500/883 3499/3501/882 3500/3498/882
f 3504/3502/884 3501/3503/883 3502/3500/883
f 3506/3504/885 3503/3505/884 3504/3502/884
f 3508/3506/886 3505/3507/885 3506/3504/885
f 3510/3508/887 3507/3509/888 3508/3506/886
f 3512/3510/889 3509/3511/887 3510/3508/887
f 3514/3512/890 3511/3513/891 3512/3510/889
f 3516/3514/892 3513/3515/890 3514/3512/890
f 3518/3516/893 3515/3517/892 3516/3514/892
f 3520/3518/7 3517/3519/7 3518/3516/7
f 3472/3473/867 3519/3520/276 3520/3518/276
f 3524/3521/6 3521/3522/6 3522/3523/6
f 3526/3524/7 3523/3525/7 3524/3521/7
f 3528/3526/8 3525/3527/8 3526/3524/8
f 3522/3523/9 3527/3528/9 3528/3526/9
f 1768/1765/6 1767/1769/6 1765/1766/6
f 1770/1768/7 1769/1771/7 1767/1769/7
f 1772/1770/8 1771/1772/8 1769/1771/8
f 1766/1767/9 1765/1766/9 1771/1772/9
f 1776/1773/10 1775/1777/10 1773/1774/11
f 1778/1776/12 1777/1779/12 1775/1777/10
f 1780/1778/13 1779/1781/13 1777/1779/12
f 1782/1780/14 1781/1783/14 1779/1781/13
f 1784/1782/15 1783/1785/15 1781/1783/14
f 1786/1784/16 1785/1787/16 1783/1785/15
f 1788/1786/17 1787/1789/17 1785/1787/16
f 1790/1788/18 1789/1791/18 1787/1789/17
f 1792/1790/19 1791/1793/19 1789/1791/18
f 1794/1792/20 1793/1795/20 1791/1793/19
f 1796/1794/21 1795/1797/21 1793/1795/20
f 1798/1796/22 1797/1799/22 1795/1797/21
f 1800/1798/23 1799/1801/23 1797/1799/22
f 1802/1800/24 1801/1803/24 1799/1801/23
f 1804/1802/25 1803/1805/25 1801/1803/24
f 1806/1804/26 1805/1807/26 1803/1805/25
f 1808/1806/27 1807/1809/27 1805/1807/26
f 1810/1808/28 1809/1811/28 1807/1809/27
f 1812/1810/29 1811/1813/29 1809/1811/28
f 1814/1812/30 1813/1815/30 1811/1813/29
f 1816/1814/31 1815/1817/31 1813/1815/30
f 1818/1816/32 1817/1819/32 1815/1817/31
f 1820/1818/33 1819/1821/33 1817/1819/32
f 1822/1820/9 1821/1823/9 1819/1821/33
f 1824/1822/8 1823/1825/8 1821/1823/8
f 1826/1824/9 1825/1827/9 1823/1825/9
f 1828/1826/6 1827/1829/6 1825/1827/6
f 1830/1828/34 1829/1830/34 1827/1829/7
f 1774/1775/11 1773/1774/11 1829/1830/34
f 1834/1831/35 1833/1835/35 1831/1832/36
f 1836/1834/37 1835/1837/37 1833/1835/35
f 1838/1836/38 1837/1839/38 1835/1837/37
f 1840/1838/39 1839/1841/39 1837/1839/38
f 1842/1840/40 1841/1843/40 1839/1841/39
f 1844/1842/41 1843/1845/41 1841/1843/40
f 1846/1844/42 1845/1847/42 1843/1845/41
f 1848/1846/43 1847/1849/43 1845/1847/42
f 1850/1848/44 1849/1851/44 1847/1849/43
f 1852/1850/45 1851/1853/45 1849/1851/44
f 1854/1852/46 1853/1855/46 1851/1853/45
f 1856/1854/47 1855/1857/47 1853/1855/46
f 1858/1856/48 1857/1859/48 1855/1857/47
f 1860/1858/49 1859/1861/49 1857/1859/48
f 1862/1860/50 1861/1863/50 1859/1861/49
f 1864/1862/51 1863/1865/51 1861/1863/50
f 1866/1864/52 1865/1867/52 1863/1865/51
f 1868/1866/53 1867/1869/53 1865/1867/52
f 1870/1868/54 1869/1871/54 1867/1869/53
f 1872/1870/55 1871/1873/55 1869/1871/54
f 1874/1872/56 1873/1875/56 1871/1873/55
f 1876/1874/57 1875/1877/57 1873/1875/56
f 1878/1876/58 1877/1879/58 1875/1877/57
f 1880/1878/59 1879/1881/59 1877/1879/58
f 1882/1880/9 1881/1883/9 1879/1881/59
f 1884/1882/8 1883/1884/8 1881/1883/8
f 1832/1833/36 1831/1832/36 1883/1884/7
f 1888/1885/60 1887/1889/60 1885/1886/61
f 1890/1888/62 1889/1891/62 1887/1889/60
f 1892/1890/63 1891/1893/63 1889/1891/62
f 1894/1892/64 1893/1895/64 1891/1893/63
f 1896/1894/65 1895/1897/65 1893/1895/64
f 1898/1896/66 1897/1899/66 1895/1897/65
f 1900/1898/67 1899/1901/67 1897/1899/66
f 1902/1900/68 1901/1903/68 1899/1901/67
f 1904/1902/69 1903/1905/69 1901/1903/68
f 1906/1904/70 1905/1907/70 1903/1905/69
f 1908/1906/71 1907/1909/71 1905/1907/70
f 1910/1908/72 1909/1911/72 1907/1909/71
f 1912/1910/73 1911/1913/73 1909/1911/72
f 1914/1912/74 1913/1915/74 1911/1913/73
f 1916/1914/75 1915/1917/75 1913/1915/74
f 1918/1916/76 1917/1919/76 1915/1917/75
f 1920/1918/77 1919/1921/77 1917/1919/76
f 1922/1920/78 1921/1923/78 1919/1921/77
f 1924/1922/79 1923/1925/79 1921/1923/78
f 1926/1924/80 1925/1927/80 1923/1925/79
f 1928/1926/81 1927/1929/81 1925/1927/80
f 1930/1928/82 1929/1931/82 1927/1929/81
f 1932/1930/83 1931/1933/83 1929/1931/82
f 1934/1932/84 1933/1935/84 1931/1933/83
f 1936/1934/6 1935/1937/6 1933/1935/84
f 1938/1936/7 1937/1939/7 1935/1937/7
f 1940/1938/85 1939/1941/85 1937/1939/8
f 1942/1940/86 1941/1943/86 1939/1941/85
f 1944/1942/87 1943/1945/87 1941/1943/86
f 1946/1944/88 1945/1947/88 1943/1945/87
f 1948/1946/89 1947/1949/89 1945/1947/88
f 1950/1948/90 1949/1951/90 1947/1949/89
f 1952/1950/91 1951/1953/91 1949/1951/90
f 1954/1952/92 1953/1955/92 1951/1953/91
f 1956/1954/93 1955/1957/93 1953/1955/92
f 1958/1956/94 1957/1959/94 1955/1957/93
f 1960/1958/95 1959/1961/95 1957/1959/94
f 1962/1960/96 1961/1963/96 1959/1961/95
f 1964/1962/97 1963/1965/97 1961/1963/96
f 1966/1964/98 1965/1967/98 1963/1965/97
f 1968/1966/99 1967/1969/99 1965/1967/98
f 1970/1968/100 1969/1971/100 1967/1969/99
f 1972/1970/101 1971/1973/101 1969/1971/100
f 1974/1972/102 1973/1975/102 1971/1973/101
f 1976/1974/103 1975/1977/103 1973/1975/102
f 1978/1976/104 1977/1979/106 1975/1977/103
f 1980/1978/105 1979/1981/105 1977/1979/106
f 1982/1980/107 1981/1983/107 1979/1981/105
f 1984/1982/108 1983/1985/108 1981/1983/107
f 1986/1984/109 1985/1987/109 1983/1985/108
f 1988/1986/110 1987/1989/110 1985/1987/109
f 1990/1988/6 1989/1991/6 1987/1989/6
f 1992/1990/7 1991/1993/7 1989/1991/7
f 1994/1992/8 1993/1995/8 1991/1993/8
f 1996/1994/9 1995/1996/9 1993/1995/9
f 1886/1887/6 1885/1886/6 1995/1996/6
f 2000/1997/111 1999/2001/111 1997/1998/112
f 2002/2000/113 2001/2003/113 1999/2001/111
f 2004/2002/114 2003/2005/114 2001/2003/113
f 2006/2004/115 2005/2007/115 2003/2005/114
f 2008/2006/116 2007/2009/116 2005/2007/115
f 2010/2008/117 2009/2011/117 2007/2009/116
f 2012/2010/118 2011/2013/118 2009/2011/117
f 2014/2012/119 2013/2015/119 2011/2013/118
f 2016/2014/120 2015/2017/120 2013/2015/119
f 2018/2016/121 2017/2019/121 2015/2017/120
f 2020/2018/122 2019/2021/122 2017/2019/121
f 2022/2020/123 2021/2023/123 2019/2021/122
f 2024/2022/124 2023/2025/124 2021/2023/123
f 2026/2024/125 2025/2027/125 2023/2025/124
f 2028/2026/126 2027/2029/126 2025/2027/125
f 2030/2028/127 2029/2031/127 2027/2029/126
f 2032/2030/128 2031/2033/128 2029/2031/127
f 2034/2032/129 2033/2035/131 2031/2033/128
f 2036/2034/130 2035/2037/133 2033/2035/131
f 2038/2036/132 2037/2039/132 2035/2037/133
f 2040/2038/134 2039/2041/134 2037/2039/132
f 2042/2040/135 2041/2043/135 2039/2041/134
f 2044/2042/136 2043/2045/136 2041/2043/135
f 2046/2044/137 2045/2047/137 2043/2045/136
f 2048/2046/138 2047/2049/138 2045/2047/137
f 2050/2048/139 2049/2051/139 2047/2049/138
f 2052/2050/140 2051/2053/142 2049/2051/139
f 2054/2052/141 2053/2055/141 2051/2053/142
f 2056/2054/143 2055/2057/143 2053/2055/141
f 2058/2056/144 2057/2059/144 2055/2057/143
f 2060/2058/145 2059/2061/145 2057/2059/144
f 2062/2060/146 2061/2063/146 2059/2061/145
f 2064/2062/147 2063/2065/147 2061/2063/146
f 2066/2064/148 2065/2067/148 2063/2065/147
f 2068/2066/149 2067/2069/149 2065/2067/148
f 2070/2068/150 2069/2071/150 2067/2069/149
f 2072/2070/151 2071/2073/151 2069/2071/150
f 2074/2072/152 2073/2075/152 2071/2073/151
f 2076/2074/153 2075/2077/153 2073/2075/152
f 2078/2076/154 2077/2079/154 2075/2077/153
f 2080/2078/155 2079/2081/155 2077/2079/154
f 2082/2080/156 2081/2083/156 2079/2081/155
f 2084/2082/157 2083/2085/157 2081/2083/156
f 2086/2084/158 2085/2087/158 2083/2085/157
f 2088/2086/159 2087/2089/159 2085/2087/158
f 2090/2088/160 2089/2091/160 2087/2089/159
f 2092/2090/161 2091/2093/161 2089/2091/160
f 2094/2092/162 2093/2095/162 2091/2093/161
f 2096/2094/163 2095/2097/163 2093/2095/162
f 2098/2096/164 2097/2099/164 2095/2097/163
f 2100/2098/165 2099/2101/165 2097/2099/164
f 2102/2100/166 2101/2103/166 2099/2101/165
f 2104/2102/167 2103/2105/167 2101/2103/166
f 2106/2104/168 2105/2107/168 2103/2105/167
f 2108/2106/169 2107/2109/169 2105/2107/168
f 2110/2108/170 2109/2111/170 2107/2109/169
f 2112/2110/171 2111/2113/171 2109/2111/170
f 2114/2112/172 2113/2115/172 2111/2113/171
f 2116/2114/173 2115/2117/173 2113/2115/172
f 2118/2116/174 2117/2119/174 2115/2117/173
f 2120/2118/175 2119/2121/175 2117/2119/174
f 2122/2120/176 2121/2123/176 2119/2121/175
f 2124/2122/177 2123/2125/177 2121/2123/176
f 2126/2124/178 2125/2127/178 2123/2125/177
f 2128/2126/179 2127/2129/179 2125/2127/178
f 2130/2128/180 2129/2131/180 2127/2129/179
f 2132/2130/181 2131/2133/181 2129/2131/180
f 2134/2132/182 2133/2135/182 2131/2133/181
f 2136/2134/183 2135/2137/183 2133/2135/182
f 2138/2136/184 2137/2139/184 2135/2137/183
f 2140/2138/185 2139/2141/185 2137/2139/184
f 2142/2140/6 2141/2143/6 2139/2141/6
f 2144/2142/186 2143/2145/186 2141/2143/894
f 2146/2144/188 2145/2147/188 2143/2145/186
f 2148/2146/189 2147/2149/189 2145/2147/188
f 2150/2148/190 2149/2151/190 2147/2149/189
f 2152/2150/191 2151/2153/191 2149/2151/190
f 2154/2152/192 2153/2155/192 2151/2153/191
f 2156/2154/193 2155/2157/193 2153/2155/192
f 2158/2156/194 2157/2159/194 2155/2157/193
f 2160/2158/195 2159/2161/195 2157/2159/194
f 2162/2160/196 2161/2163/196 2159/2161/195
f 2164/2162/197 2163/2165/197 2161/2163/196
f 2166/2164/198 2165/2167/198 2163/2165/197
f 2168/2166/199 2167/2169/199 2165/2167/198
f 2170/2168/200 2169/2171/200 2167/2169/199
f 2172/2170/201 2171/2173/201 2169/2171/200
f 2174/2172/202 2173/2175/202 2171/2173/201
f 2176/2174/203 2175/2177/203 2173/2175/202
f 2178/2176/204 2177/2179/204 2175/2177/203
f 2180/2178/205 2179/2181/205 2177/2179/204
f 2182/2180/206 2181/2183/206 2179/2181/205
f 2184/2182/207 2183/2185/207 2181/2183/206
f 2186/2184/208 2185/2187/208 2183/2185/207
f 2188/2186/209 2187/2189/211 2185/2187/208
f 2190/2188/210 2189/2191/210 2187/2189/211
f 2192/2190/212 2191/2193/212 2189/2191/210
f 2194/2192/213 2193/2195/213 2191/2193/212
f 2196/2194/214 2195/2197/214 2193/2195/213
f 2198/2196/215 2197/2199/215 2195/2197/214
f 2200/2198/216 2199/2201/216 2197/2199/215
f 2202/2200/217 2201/2203/217 2199/2201/216
f 2204/2202/218 2203/2205/218 2201/2203/217
f 2206/2204/219 2205/2207/219 2203/2205/218
f 2208/2206/220 2207/2209/220 2205/2207/219
f 2210/2208/221 2209/2211/221 2207/2209/220
f 2212/2210/222 2211/2213/222 2209/2211/221
f 2214/2212/223 2213/2215/223 2211/2213/222
f 2216/2214/224 2215/2217/224 2213/2215/223
f 2218/2216/225 2217/2219/225 2215/2217/224
f 2220/2218/226 2219/2221/226 2217/2219/225
f 2222/2220/227 2221/2223/227 2219/2221/226
f 2224/2222/228 2223/2225/228 2221/2223/227
f 2226/2224/229 2225/2227/105 2223/2225/228
f 2228/2226/230 2227/2229/230 2225/2227/105
f 2230/2228/231 2229/2231/231 2227/2229/230
f 2232/2230/232 2231/2233/232 2229/2231/231
f 2234/2232/233 2233/2235/233 2231/2233/232
f 2236/2234/234 2235/2237/234 2233/2235/233
f 2238/2236/235 2237/2239/235 2235/2237/234
f 2240/2238/236 2239/2241/236 2237/2239/235
f 2242/2240/237 2241/2243/237 2239/2241/236
f 2244/2242/238 2243/2245/238 2241/2243/237
f 2246/2244/239 2245/2247/239 2243/2245/238
f 2248/2246/240 2247/2249/240 2245/2247/239
f 2250/2248/241 2249/2251/241 2247/2249/240
f 2252/2250/242 2251/2253/242 2249/2251/241
f 2254/2252/243 2253/2255/243 2251/2253/242
f 2256/2254/244 2255/2257/244 2253/2255/243
f 2258/2256/245 2257/2259/245 2255/2257/244
f 2260/2258/246 2259/2261/246 2257/2259/245
f 2262/2260/247 2261/2263/247 2259/2261/246
f 2264/2262/8 2263/2264/8 2261/2263/8
f 1998/1999/112 1997/1998/112 2263/2264/249
f 2268/2265/250 2267/2269/250 2265/2266/251
f 2270/2268/252 2269/2271/252 2267/2269/250
f 2272/2270/253 2271/2273/253 2269/2271/252
f 2274/2272/254 2273/2275/254 2271/2273/253
f 2276/2274/255 2275/2277/255 2273/2275/254
f 2278/2276/256 2277/2279/256 2275/2277/255
f 2280/2278/257 2279/2281/257 2277/2279/256
f 2282/2280/258 2281/2283/258 2279/2281/257
f 2284/2282/259 2283/2285/259 2281/2283/258
f 2286/2284/260 2285/2287/260 2283/2285/259
f 2288/2286/261 2287/2289/261 2285/2287/260
f 2290/2288/262 2289/2291/262 2287/2289/261
f 2292/2290/263 2291/2293/263 2289/2291/262
f 2294/2292/264 2293/2295/264 2291/2293/263
f 2296/2294/265 2295/2297/265 2293/2295/264
f 2298/2296/266 2297/2299/266 2295/2297/265
f 2300/2298/267 2299/2301/267 2297/2299/266
f 2302/2300/268 2301/2303/268 2299/2301/267
f 2304/2302/269 2303/2305/269 2301/2303/268
f 2306/2304/270 2305/2307/270 2303/2305/269
f 2308/2306/271 2307/2309/271 2305/2307/270
f 2310/2308/272 2309/2311/272 2307/2309/271
f 2312/2310/273 2311/2313/273 2309/2311/272
f 2314/2312/274 2313/2315/274 2311/2313/273
f 2316/2314/8 2315/2317/8 2313/2315/274
f 2318/2316/9 2317/2319/9 2315/2317/9
f 2320/2318/275 2319/2321/275 2317/2319/6
f 2322/2320/276 2321/2323/276 2319/2321/275
f 2324/2322/277 2323/2325/277 2321/2323/276
f 2326/2324/278 2325/2327/278 2323/2325/277
f 2328/2326/279 2327/2329/279 2325/2327/278
f 2330/2328/280 2329/2331/280 2327/2329/279
f 2332/2330/281 2331/2333/283 2329/2331/280
f 2334/2332/282 2333/2335/282 2331/2333/283
f 2336/2334/284 2335/2337/284 2333/2335/282
f 2338/2336/285 2337/2339/285 2335/2337/284
f 2340/2338/286 2339/2341/286 2337/2339/285
f 2342/2340/287 2341/2343/287 2339/2341/286
f 2344/2342/288 2343/2345/288 2341/2343/287
f 2346/2344/289 2345/2347/289 2343/2345/288
f 2348/2346/290 2347/2349/290 2345/2347/289
f 2350/2348/291 2349/2351/291 2347/2349/290
f 2352/2350/292 2351/2353/292 2349/2351/291
f 2354/2352/293 2353/2355/293 2351/2353/292
f 2356/2354/294 2355/2357/294 2353/2355/293
f 2358/2356/295 2357/2359/295 2355/2357/294
f 2360/2358/296 2359/2361/296 2357/2359/295
f 2362/2360/297 2361/2363/297 2359/2361/296
f 2364/2362/298 2363/2365/298 2361/2363/297
f 2366/2364/299 2365/2367/299 2363/2365/298
f 2368/2366/300 2367/2369/300 2365/2367/299
f 2370/2368/8 2369/2371/8 2367/2369/8
f 2372/2370/9 2371/2373/9 2369/2371/9
f 2374/2372/6 2373/2375/6 2371/2373/6
f 2376/2374/7 2375/2377/7 2373/2375/7
f 2378/2376/8 2377/2378/8 2375/2377/8
f 2266/2267/7 2265/2266/7 2377/2378/7
f 2382/2379/301 2381/2383/301 2379/2380/302
f 2384/2382/303 2383/2385/303 2381/2383/301
f 2386/2384/304 2385/2387/304 2383/2385/303
f 2388/2386/305 2387/2389/305 2385/2387/304
f 2390/2388/306 2389/2391/306 2387/2389/305
f 2392/2390/307 2391/2393/307 2389/2391/306
f 2394/2392/308 2393/2395/308 2391/2393/307
f 2396/2394/309 2395/2397/309 2393/2395/308
f 2398/2396/310 2397/2399/310 2395/2397/309
f 2400/2398/311 2399/2401/311 2397/2399/310
f 2402/2400/312 2401/2403/312 2399/2401/311
f 2404/2402/313 2403/2405/313 2401/2403/312
f 2406/2404/314 2405/2407/314 2403/2405/313
f 2408/2406/315 2407/2409/315 2405/2407/314
f 2410/2408/316 2409/2411/316 2407/2409/315
f 2412/2410/317 2411/2413/317 2409/2411/316
f 2414/2412/318 2413/2415/318 2411/2413/317
f 2416/2414/319 2415/2417/319 2413/2415/318
f 2418/2416/320 2417/2419/320 2415/2417/319
f 2420/2418/321 2419/2421/321 2417/2419/320
f 2422/2420/322 2421/2423/322 2419/2421/321
f 2424/2422/323 2423/2425/323 2421/2423/322
f 2426/2424/324 2425/2427/324 2423/2425/323
f 2428/2426/325 2427/2429/325 2425/2427/324
f 2430/2428/326 2429/2431/326 2427/2429/325
f 2432/2430/327 2431/2433/327 2429/2431/326
f 2434/2432/328 2433/2435/328 2431/2433/327
f 2436/2434/329 2435/2437/329 2433/2435/328
f 2438/2436/330 2437/2439/330 2435/2437/329
f 2440/2438/331 2439/2441/331 2437/2439/330
f 2442/2440/332 2441/2443/332 2439/2441/331
f 2444/2442/333 2443/2445/333 2441/2443/332
f 2446/2444/334 2445/2447/334 2443/2445/333
f 2448/2446/335 2447/2449/335 2445/2447/334
f 2450/2448/336 2449/2451/336 2447/2449/335
f 2452/2450/337 2451/2453/337 2449/2451/336
f 2454/2452/338 2453/2455/338 2451/2453/337
f 2456/2454/339 2455/2457/339 2453/2455/338
f 2458/2456/340 2457/2459/340 2455/2457/339
f 2460/2458/341 2459/2461/341 2457/2459/340
f 2462/2460/342 2461/2463/342 2459/2461/341
f 2464/2462/343 2463/2465/343 2461/2463/342
f 2466/2464/344 2465/2467/344 2463/2465/343
f 2468/2466/345 2467/2469/345 2465/2467/344
f 2470/2468/346 2469/2471/346 2467/2469/345
f 2472/2470/347 2471/2473/347 2469/2471/346
f 2474/2472/348 2473/2475/348 2471/2473/347
f 2476/2474/349 2475/2477/349 2473/2475/348
f 2478/2476/350 2477/2479/350 2475/2477/349
f 2480/2478/351 2479/2481/351 2477/2479/350
f 2482/2480/352 2481/2483/352 2479/2481/351
f 2484/2482/353 2483/2485/353 2481/2483/352
f 2486/2484/354 2485/2487/354 2483/2485/353
f 2488/2486/355 2487/2489/355 2485/2487/354
f 2490/2488/356 2489/2491/356 2487/2489/355
f 2492/2490/357 2491/2493/357 2489/2491/356
f 2494/2492/358 2493/2495/358 2491/2493/357
f 2496/2494/359 2495/2497/359 2493/2495/358
f 2498/2496/360 2497/2499/360 2495/2497/359
f 2500/2498/6 2499/2501/6 2497/2499/6
f 2502/2500/361 2501/2503/361 2499/2501/362
f 2504/2502/363 2503/2505/363 2501/2503/361
f 2506/2504/364 2505/2507/366 2503/2505/363
f 2508/2506/365 2507/2509/365 2505/2507/366
f 2510/2508/367 2509/2511/367 2507/2509/365
f 2512/2510/368 2511/2513/368 2509/2511/367
f 2514/2512/369 2513/2515/369 2511/2513/368
f 2516/2514/370 2515/2517/370 2513/2515/369
f 2518/2516/371 2517/2519/371 2515/2517/370
f 2520/2518/372 2519/2521/372 2517/2519/371
f 2522/2520/373 2521/2523/373 2519/2521/372
f 2524/2522/374 2523/2525/374 2521/2523/373
f 2526/2524/375 2525/2527/375 2523/2525/374
f 2528/2526/376 2527/2529/376 2525/2527/375
f 2530/2528/377 2529/2531/377 2527/2529/376
f 2532/2530/378 2531/2533/378 2529/2531/377
f 2534/2532/379 2533/2535/379 2531/2533/378
f 2536/2534/380 2535/2537/380 2533/2535/379
f 2538/2536/381 2537/2539/381 2535/2537/380
f 2540/2538/382 2539/2541/382 2537/2539/381
f 2542/2540/383 2541/2543/383 2539/2541/382
f 2544/2542/384 2543/2545/384 2541/2543/383
f 2546/2544/385 2545/2547/385 2543/2545/384
f 2548/2546/386 2547/2549/386 2545/2547/385
f 2550/2548/387 2549/2551/387 2547/2549/386
f 2552/2550/388 2551/2553/388 2549/2551/387
f 2554/2552/389 2553/2555/389 2551/2553/388
f 2556/2554/390 2555/2557/390 2553/2555/389
f 2558/2556/391 2557/2559/391 2555/2557/390
f 2560/2558/392 2559/2561/392 2557/2559/391
f 2562/2560/393 2561/2563/393 2559/2561/392
f 2564/2562/394 2563/2565/394 2561/2563/393
f 2566/2564/395 2565/2567/395 2563/2565/394
f 2568/2566/396 2567/2569/396 2565/2567/395
f 2570/2568/397 2569/2571/397 2567/2569/396
f 2572/2570/398 2571/2573/398 2569/2571/397
f 2574/2572/399 2573/2575/399 2571/2573/398
f 2576/2574/400 2575/2577/400 2573/2575/399
f 2578/2576/401 2577/2579/401 2575/2577/400
f 2580/2578/402 2579/2581/402 2577/2579/401
f 2582/2580/403 2581/2583/403 2579/2581/402
f 2584/2582/404 2583/2585/404 2581/2583/403
f 2586/2584/405 2585/2587/405 2583/2585/404
f 2588/2586/406 2587/2589/406 2585/2587/405
f 2590/2588/407 2589/2591/407 2587/2589/406
f 2592/2590/408 2591/2593/408 2589/2591/407
f 2594/2592/409 2593/2595/409 2591/2593/408
f 2596/2594/410 2595/2597/410 2593/2595/409
f 2598/2596/411 2597/2599/411 2595/2597/410
f 2600/2598/412 2599/2601/412 2597/2599/411
f 2602/2600/413 2601/2603/413 2599/2601/412
f 2604/2602/414 2603/2605/414 2601/2603/413
f 2606/2604/415 2605/2607/415 2603/2605/414
f 2608/2606/416 2607/2609/416 2605/2607/415
f 2610/2608/417 2609/2611/417 2607/2609/416
f 2612/2610/418 2611/2613/418 2609/2611/417
f 2614/2612/419 2613/2615/419 2611/2613/418
f 2616/2614/420 2615/2617/420 2613/2615/419
f 2618/2616/421 2617/2619/421 2615/2617/420
f 2620/2618/422 2619/2621/422 2617/2619/421
f 2622/2620/8 2621/2622/8 2619/2621/8
f 2380/2381/302 2379/2380/302 2621/2622/423
f 2626/2623/6 2625/2627/6 2623/2624/6
f 2628/2626/424 2627/2629/424 2625/2627/7
f 2630/2628/425 2629/2631/425 2627/2629/424
f 2632/2630/426 2631/2633/426 2629/2631/425
f 2634/2632/427 2633/2635/427 2631/2633/426
f 2636/2634/428 2635/2637/428 2633/2635/427
f 2638/2636/367 2637/2639/367 2635/2637/428
f 2640/2638/429 2639/2641/429 2637/2639/367
f 2642/2640/430 2641/2643/430 2639/2641/429
f 2644/2642/431 2643/2645/431 2641/2643/430
f 2646/2644/432 2645/2647/432 2643/2645/431
f 2648/2646/433 2647/2649/433 2645/2647/432
f 2650/2648/434 2649/2651/434 2647/2649/433
f 2652/2650/435 2651/2653/435 2649/2651/434
f 2654/2652/436 2653/2655/436 2651/2653/435
f 2656/2654/437 2655/2657/437 2653/2655/436
f 2658/2656/438 2657/2659/438 2655/2657/437
f 2660/2658/439 2659/2661/439 2657/2659/438
f 2662/2660/440 2661/2663/440 2659/2661/439
f 2664/2662/441 2663/2665/441 2661/2663/440
f 2666/2664/442 2665/2667/442 2663/2665/441
f 2668/2666/443 2667/2669/443 2665/2667/442
f 2670/2668/444 2669/2671/444 2667/2669/443
f 2672/2670/445 2671/2673/445 2669/2671/444
f 2674/2672/446 2673/2675/446 2671/2673/445
f 2676/2674/447 2675/2677/449 2673/2675/446
f 2678/2676/448 2677/2679/448 2675/2677/449
f 2680/2678/450 2679/2681/450 2677/2679/448
f 2682/2680/451 2681/2683/451 2679/2681/450
f 2684/2682/452 2683/2685/452 2681/2683/451
f 2686/2684/453 2685/2687/453 2683/2685/452
f 2688/2686/454 2687/2689/454 2685/2687/453
f 2690/2688/455 2689/2691/455 2687/2689/454
f 2692/2690/456 2691/2693/456 2689/2691/455
f 2694/2692/457 2693/2695/457 2691/2693/456
f 2696/2694/458 2695/2697/458 2693/2695/457
f 2698/2696/459 2697/2699/459 2695/2697/458
f 2700/2698/460 2699/2701/460 2697/2699/459
f 2702/2700/8 2701/2702/8 2699/2701/8
f 2624/2625/9 2623/2624/9 2701/2702/9
f 2706/2703/461 2705/2707/461 2703/2704/462
f 2708/2706/463 2707/2709/463 2705/2707/461
f 2710/2708/464 2709/2711/464 2707/2709/463
f 2712/2710/465 2711/2713/465 2709/2711/464
f 2714/2712/466 2713/2715/466 2711/2713/465
f 2716/2714/467 2715/2717/467 2713/2715/466
f 2718/2716/468 2717/2719/468 2715/2717/467
f 2720/2718/469 2719/2721/469 2717/2719/468
f 2722/2720/470 2721/2723/470 2719/2721/469
f 2724/2722/471 2723/2725/471 2721/2723/470
f 2726/2724/472 2725/2727/472 2723/2725/471
f 2728/2726/473 2727/2729/475 2725/2727/472
f 2730/2728/474 2729/2731/474 2727/2729/475
f 2732/2730/476 2731/2733/476 2729/2731/474
f 2734/2732/477 2733/2735/477 2731/2733/476
f 2736/2734/478 2735/2737/478 2733/2735/477
f 2738/2736/479 2737/2739/479 2735/2737/478
f 2740/2738/480 2739/2741/480 2737/2739/479
f 2742/2740/481 2741/2743/481 2739/2741/480
f 2744/2742/482 2743/2745/482 2741/2743/481
f 2746/2744/483 2745/2747/483 2743/2745/482
f 2748/2746/484 2747/2749/484 2745/2747/483
f 2750/2748/485 2749/2751/487 2747/2749/484
f 2752/2750/486 2751/2753/486 2749/2751/487
f 2754/2752/488 2753/2755/488 2751/2753/486
f 2756/2754/489 2755/2757/491 2753/2755/488
f 2758/2756/490 2757/2759/490 2755/2757/491
f 2760/2758/492 2759/2761/492 2757/2759/490
f 2762/2760/493 2761/2763/493 2759/2761/492
f 2764/2762/494 2763/2765/494 2761/2763/493
f 2766/2764/495 2765/2767/495 2763/2765/494
f 2768/2766/496 2767/2769/496 2765/2767/495
f 2770/2768/497 2769/2771/497 2767/2769/496
f 2772/2770/498 2771/2773/498 2769/2771/497
f 2774/2772/499 2773/2775/499 2771/2773/498
f 2776/2774/9 2775/2777/9 2773/2775/499
f 2778/2776/8 2777/2778/8 2775/2777/8
f 2704/2705/462 2703/2704/462 2777/2778/500
f 2782/2779/501 2781/2783/501 2779/2780/502
f 2784/2782/503 2783/2785/503 2781/2783/501
f 2786/2784/504 2785/2787/504 2783/2785/503
f 2788/2786/505 2787/2789/505 2785/2787/504
f 2790/2788/506 2789/2791/506 2787/2789/505
f 2792/2790/507 2791/2793/507 2789/2791/506
f 2794/2792/508 2793/2795/510 2791/2793/507
f 2796/2794/509 2795/2797/509 2793/2795/510
f 2798/2796/511 2797/2799/511 2795/2797/509
f 2800/2798/512 2799/2801/512 2797/2799/511
f 2802/2800/513 2801/2803/513 2799/2801/512
f 2804/2802/514 2803/2805/514 2801/2803/513
f 2806/2804/515 2805/2807/515 2803/2805/514
f 2808/2806/516 2807/2809/517 2805/2807/515
f 2810/2808/181 2809/2811/181 2807/2809/517
f 2812/2810/518 2811/2813/518 2809/2811/181
f 2814/2812/519 2813/2815/519 2811/2813/518
f 2816/2814/520 2815/2817/520 2813/2815/519
f 2818/2816/521 2817/2819/521 2815/2817/520
f 2820/2818/522 2819/2821/524 2817/2819/521
f 2822/2820/523 2821/2823/523 2819/2821/524
f 2824/2822/525 2823/2825/525 2821/2823/523
f 2826/2824/526 2825/2827/526 2823/2825/525
f 2828/2826/527 2827/2829/527 2825/2827/528
f 2830/2828/529 2829/2831/529 2827/2829/527
f 2832/2830/530 2831/2833/532 2829/2831/529
f 2834/2832/531 2833/2835/531 2831/2833/532
f 2836/2834/533 2835/2837/533 2833/2835/531
f 2838/2836/534 2837/2839/534 2835/2837/533
f 2840/2838/535 2839/2841/535 2837/2839/534
f 2842/2840/536 2841/2843/536 2839/2841/535
f 2844/2842/537 2843/2845/537 2841/2843/536
f 2846/2844/446 2845/2847/446 2843/2845/537
f 2848/2846/538 2847/2849/538 2845/2847/446
f 2850/2848/539 2849/2851/539 2847/2849/538
f 2852/2850/540 2851/2853/540 2849/2851/539
f 2854/2852/541 2853/2855/541 2851/2853/540
f 2856/2854/542 2855/2857/542 2853/2855/541
f 2858/2856/543 2857/2859/543 2855/2857/542
f 2860/2858/544 2859/2861/544 2857/2859/543
f 2862/2860/545 2861/2863/545 2859/2861/544
f 2864/2862/546 2863/2865/546 2861/2863/545
f 2866/2864/547 2865/2867/547 2863/2865/546
f 2868/2866/548 2867/2869/548 2865/2867/547
f 2870/2868/549 2869/2871/549 2867/2869/548
f 2872/2870/550 2871/2873/552 2869/2871/549
f 2874/2872/551 2873/2875/551 2871/2873/552
f 2876/2874/553 2875/2877/553 2873/2875/551
f 2878/2876/554 2877/2879/554 2875/2877/553
f 2880/2878/555 2879/2881/555 2877/2879/554
f 2882/2880/556 2881/2883/556 2879/2881/555
f 2884/2882/557 2883/2885/557 2881/2883/556
f 2886/2884/558 2885/2887/558 2883/2885/557
f 2888/2886/559 2887/2889/559 2885/2887/558
f 2890/2888/560 2889/2891/560 2887/2889/559
f 2892/2890/561 2891/2893/561 2889/2891/560
f 2894/2892/562 2893/2895/562 2891/2893/561
f 2896/2894/563 2895/2897/563 2893/2895/562
f 2898/2896/564 2897/2899/564 2895/2897/563
f 2900/2898/565 2899/2901/565 2897/2899/564
f 2902/2900/566 2901/2903/566 2899/2901/6
f 2904/2902/567 2903/2905/567 2901/2903/566
f 2906/2904/568 2905/2907/568 2903/2905/567
f 2908/2906/569 2907/2909/569 2905/2907/568
f 2910/2908/570 2909/2911/570 2907/2909/569
f 2912/2910/571 2911/2913/571 2909/2911/570
f 2914/2912/572 2913/2915/572 2911/2913/571
f 2916/2914/573 2915/2917/573 2913/2915/572
f 2918/2916/574 2917/2919/574 2915/2917/573
f 2920/2918/575 2919/2921/575 2917/2919/574
f 2922/2920/576 2921/2923/576 2919/2921/575
f 2924/2922/577 2923/2925/577 2921/2923/576
f 2926/2924/578 2925/2927/578 2923/2925/577
f 2928/2926/579 2927/2929/579 2925/2927/578
f 2930/2928/580 2929/2931/580 2927/2929/579
f 2932/2930/581 2931/2933/581 2929/2931/580
f 2934/2932/582 2933/2935/582 2931/2933/581
f 2936/2934/583 2935/2937/583 2933/2935/582
f 2938/2936/584 2937/2939/584 2935/2937/583
f 2940/2938/585 2939/2941/585 2937/2939/584
f 2942/2940/586 2941/2943/586 2939/2941/585
f 2944/2942/587 2943/2945/589 2941/2943/586
f 2946/2944/588 2945/2947/588 2943/2945/589
f 2948/2946/590 2947/2949/590 2945/2947/588
f 2950/2948/591 2949/2951/591 2947/2949/590
f 2952/2950/6 2951/2953/6 2949/2951/6
f 2954/2952/592 2953/2955/592 2951/2953/593
f 2956/2954/594 2955/2957/594 2953/2955/592
f 2958/2956/595 2957/2959/595 2955/2957/594
f 2960/2958/596 2959/2961/596 2957/2959/595
f 2962/2960/597 2961/2963/597 2959/2961/596
f 2964/2962/598 2963/2965/598 2961/2963/597
f 2966/2964/599 2965/2967/599 2963/2965/598
f 2968/2966/600 2967/2969/600 2965/2967/599
f 2970/2968/601 2969/2971/601 2967/2969/600
f 2972/2970/602 2971/2973/602 2969/2971/601
f 2974/2972/603 2973/2975/603 2971/2973/602
f 2976/2974/604 2975/2977/604 2973/2975/603
f 2978/2976/605 2977/2979/605 2975/2977/604
f 2980/2978/606 2979/2981/606 2977/2979/605
f 2982/2980/607 2981/2983/607 2979/2981/606
f 2984/2982/608 2983/2985/610 2981/2983/607
f 2986/2984/609 2985/2987/609 2983/2985/610
f 2988/2986/611 2987/2989/611 2985/2987/609
f 2990/2988/612 2989/2991/612 2987/2989/611
f 2992/2990/613 2991/2993/613 2989/2991/612
f 2994/2992/614 2993/2995/614 2991/2993/613
f 2996/2994/615 2995/2997/615 2993/2995/614
f 2998/2996/616 2997/2999/616 2995/2997/615
f 3000/2998/617 2999/3001/617 2997/2999/616
f 3002/3000/618 3001/3003/618 2999/3001/617
f 3004/3002/619 3003/3005/621 3001/3003/618
f 3006/3004/620 3005/3007/620 3003/3005/621
f 3008/3006/622 3007/3009/622 3005/3007/620
f 3010/3008/623 3009/3011/625 3007/3009/622
f 3012/3010/624 3011/3013/624 3009/3011/625
f 3014/3012/626 3013/3015/628 3011/3013/624
f 3016/3014/627 3015/3017/630 3013/3015/628
f 3018/3016/629 3017/3019/632 3015/3017/630
f 3020/3018/631 3019/3021/634 3017/3019/632
f 3022/3020/633 3021/3023/633 3019/3021/634
f 3024/3022/635 3023/3025/637 3021/3023/633
f 3026/3024/636 3025/3027/636 3023/3025/637
f 3028/3026/638 3027/3029/638 3025/3027/636
f 3030/3028/639 3029/3031/639 3027/3029/638
f 3032/3030/640 3031/3033/640 3029/3031/639
f 3034/3032/641 3033/3035/641 3031/3033/640
f 3036/3034/642 3035/3037/642 3033/3035/641
f 3038/3036/643 3037/3039/643 3035/3037/642
f 3040/3038/644 3039/3041/644 3037/3039/643
f 3042/3040/645 3041/3043/647 3039/3041/644
f 3044/3042/646 3043/3045/646 3041/3043/647
f 3046/3044/648 3045/3047/648 3043/3045/646
f 3048/3046/649 3047/3049/651 3045/3047/648
f 3050/3048/650 3049/3051/650 3047/3049/651
f 3052/3050/8 3051/3052/8 3049/3051/8
f 2780/2781/502 2779/2780/502 3051/3052/652
f 3056/3053/653 3055/3057/653 3053/3054/654
f 3058/3056/656 3057/3059/656 3055/3057/653
f 3060/3058/657 3059/3061/657 3057/3059/656
f 3062/3060/658 3061/3063/658 3059/3061/657
f 3064/3062/659 3063/3065/659 3061/3063/658
f 3066/3064/660 3065/3067/660 3063/3065/659
f 3068/3066/661 3067/3069/661 3065/3067/660
f 3070/3068/662 3069/3071/662 3067/3069/661
f 3072/3070/663 3071/3073/663 3069/3071/662
f 3074/3072/664 3073/3075/664 3071/3073/663
f 3076/3074/665 3075/3077/667 3073/3075/664
f 3078/3076/666 3077/3079/669 3075/3077/667
f 3080/3078/668 3079/3081/671 3077/3079/669
f 3082/3080/670 3081/3083/670 3079/3081/671
f 3084/3082/672 3083/3085/672 3081/3083/670
f 3086/3084/673 3085/3087/673 3083/3085/672
f 3088/3086/674 3087/3089/674 3085/3087/673
f 3090/3088/675 3089/3091/675 3087/3089/674
f 3092/3090/676 3091/3093/676 3089/3091/675
f 3094/3092/677 3093/3095/677 3091/3093/676
f 3096/3094/678 3095/3097/678 3093/3095/677
f 3098/3096/679 3097/3099/679 3095/3097/678
f 3100/3098/680 3099/3101/680 3097/3099/679
f 3102/3100/681 3101/3103/681 3099/3101/680
f 3104/3102/682 3103/3105/682 3101/3103/681
f 3106/3104/683 3105/3107/683 3103/3105/682
f 3108/3106/684 3107/3109/684 3105/3107/683
f 3110/3108/685 3109/3111/685 3107/3109/684
f 3112/3110/686 3111/3113/686 3109/3111/685
f 3114/3112/687 3113/3115/687 3111/3113/686
f 3116/3114/688 3115/3117/688 3113/3115/687
f 3118/3116/689 3117/3119/689 3115/3117/688
f 3120/3118/690 3119/3121/690 3117/3119/689
f 3122/3120/691 3121/3123/691 3119/3121/690
f 3124/3122/692 3123/3125/692 3121/3123/691
f 3126/3124/6 3125/3126/6 3123/3125/6
f 3054/3055/655 3053/3054/654 3125/3126/693
f 3130/3127/55 3129/3131/55 3127/3128/694
f 3132/3130/695 3131/3133/695 3129/3131/55
f 3134/3132/696 3133/3135/696 3131/3133/695
f 3136/3134/697 3135/3137/697 3133/3135/696
f 3138/3136/698 3137/3139/698 3135/3137/697
f 3140/3138/699 3139/3141/699 3137/3139/698
f 3142/3140/700 3141/3143/700 3139/3141/699
f 3144/3142/701 3143/3145/701 3141/3143/700
f 3146/3144/702 3145/3147/702 3143/3145/701
f 3148/3146/703 3147/3149/703 3145/3147/702
f 3150/3148/704 3149/3151/704 3147/3149/703
f 3152/3150/705 3151/3153/705 3149/3151/704
f 3154/3152/706 3153/3155/706 3151/3153/705
f 3156/3154/707 3155/3157/707 3153/3155/706
f 3158/3156/708 3157/3159/708 3155/3157/707
f 3160/3158/709 3159/3161/709 3157/3159/708
f 3162/3160/710 3161/3163/710 3159/3161/709
f 3164/3162/711 3163/3165/711 3161/3163/710
f 3166/3164/712 3165/3167/712 3163/3165/711
f 3168/3166/713 3167/3169/713 3165/3167/712
f 3170/3168/714 3169/3171/714 3167/3169/713
f 3172/3170/715 3171/3173/715 3169/3171/714
f 3174/3172/716 3173/3175/716 3171/3173/715
f 3176/3174/717 3175/3177/717 3173/3175/716
f 3178/3176/718 3177/3179/718 3175/3177/717
f 3180/3178/719 3179/3181/719 3177/3179/718
f 3182/3180/720 3181/3183/720 3179/3181/719
f 3184/3182/721 3183/3185/721 3181/3183/720
f 3186/3184/722 3185/3187/722 3183/3185/721
f 3188/3186/723 3187/3189/723 3185/3187/722
f 3190/3188/724 3189/3191/724 3187/3189/723
f 3192/3190/725 3191/3193/725 3189/3191/724
f 3194/3192/726 3193/3195/726 3191/3193/725
f 3196/3194/727 3195/3197/727 3193/3195/726
f 3198/3196/728 3197/3199/728 3195/3197/727
f 3200/3198/729 3199/3201/729 3197/3199/728
f 3202/3200/730 3201/3203/730 3199/3201/729
f 3204/3202/731 3203/3205/731 3201/3203/730
f 3206/3204/732 3205/3207/732 3203/3205/731
f 3208/3206/733 3207/3209/733 3205/3207/732
f 3210/3208/734 3209/3211/734 3207/3209/733
f 3212/3210/735 3211/3213/735 3209/3211/734
f 3214/3212/736 3213/3215/736 3211/3213/735
f 3216/3214/737 3215/3217/737 3213/3215/736
f 3218/3216/738 3217/3219/738 3215/3217/737
f 3220/3218/739 3219/3221/739 3217/3219/738
f 3222/3220/740 3221/3223/740 3219/3221/739
f 3224/3222/8 3223/3225/8 3221/3223/8
f 3226/3224/741 3225/3227/741 3223/3225/895
f 3228/3226/742 3227/3229/742 3225/3227/741
f 3230/3228/743 3229/3231/743 3227/3229/742
f 3232/3230/744 3231/3233/744 3229/3231/743
f 3234/3232/745 3233/3235/745 3231/3233/744
f 3236/3234/746 3235/3237/746 3233/3235/745
f 3238/3236/747 3237/3239/747 3235/3237/746
f 3240/3238/748 3239/3241/748 3237/3239/747
f 3242/3240/749 3241/3243/749 3239/3241/748
f 3244/3242/750 3243/3245/750 3241/3243/749
f 3246/3244/751 3245/3247/751 3243/3245/750
f 3248/3246/752 3247/3249/752 3245/3247/751
f 3250/3248/753 3249/3251/753 3247/3249/752
f 3252/3250/754 3251/3253/754 3249/3251/753
f 3254/3252/755 3253/3255/755 3251/3253/754
f 3256/3254/756 3255/3257/756 3253/3255/755
f 3258/3256/757 3257/3259/757 3255/3257/756
f 3260/3258/758 3259/3261/758 3257/3259/757
f 3262/3260/759 3261/3263/761 3259/3261/758
f 3264/3262/760 3263/3265/760 3261/3263/761
f 3266/3264/762 3265/3267/762 3263/3265/760
f 3268/3266/763 3267/3269/763 3265/3267/762
f 3270/3268/764 3269/3271/764 3267/3269/763
f 3272/3270/765 3271/3273/765 3269/3271/764
f 3274/3272/766 3273/3275/766 3271/3273/765
f 3276/3274/767 3275/3277/767 3273/3275/766
f 3278/3276/768 3277/3279/768 3275/3277/767
f 3280/3278/769 3279/3281/769 3277/3279/768
f 3282/3280/770 3281/3283/770 3279/3281/769
f 3284/3282/771 3283/3285/771 3281/3283/770
f 3286/3284/772 3285/3287/772 3283/3285/771
f 3288/3286/773 3287/3289/773 3285/3287/772
f 3290/3288/774 3289/3291/774 3287/3289/773
f 3292/3290/775 3291/3293/775 3289/3291/774
f 3294/3292/776 3293/3295/776 3291/3293/775
f 3296/3294/777 3295/3297/777 3293/3295/776
f 3298/3296/778 3297/3299/778 3295/3297/777
f 3300/3298/779 3299/3301/779 3297/3299/778
f 3302/3300/780 3301/3303/780 3299/3301/779
f 3304/3302/781 3303/3305/781 3301/3303/780
f 3306/3304/782 3305/3307/782 3303/3305/781
f 3308/3306/783 3307/3309/783 3305/3307/782
f 3310/3308/784 3309/3311/784 3307/3309/783
f 3312/3310/785 3311/3313/785 3309/3311/784
f 3314/3312/786 3313/3315/786 3311/3313/785
f 3316/3314/787 3315/3317/787 3313/3315/786
f 3318/3316/788 3317/3319/788 3315/3317/787
f 3320/3318/789 3319/3321/789 3317/3319/788
f 3322/3320/8 3321/3322/8 3319/3321/8
f 3128/3129/694 3127/3128/694 3321/3322/790
f 3326/3323/791 3325/3327/791 3323/3324/792
f 3328/3326/793 3327/3329/793 3325/3327/791
f 3330/3328/794 3329/3331/794 3327/3329/793
f 3332/3330/795 3331/3333/795 3329/3331/794
f 3334/3332/796 3333/3335/796 3331/3333/795
f 3336/3334/797 3335/3337/797 3333/3335/796
f 3338/3336/798 3337/3339/798 3335/3337/797
f 3340/3338/799 3339/3341/799 3337/3339/798
f 3342/3340/800 3341/3343/800 3339/3341/799
f 3344/3342/801 3343/3345/801 3341/3343/800
f 3346/3344/802 3345/3347/802 3343/3345/801
f 3348/3346/803 3347/3349/803 3345/3347/802
f 3350/3348/804 3349/3351/804 3347/3349/803
f 3352/3350/805 3351/3353/805 3349/3351/804
f 3354/3352/806 3353/3355/806 3351/3353/805
f 3356/3354/807 3355/3357/807 3353/3355/806
f 3358/3356/808 3357/3359/808 3355/3357/807
f 3360/3358/809 3359/3361/809 3357/3359/808
f 3362/3360/810 3361/3363/810 3359/3361/809
f 3364/3362/811 3363/3365/811 3361/3363/810
f 3366/3364/812 3365/3367/812 3363/3365/811
f 3368/3366/813 3367/3369/813 3365/3367/812
f 3370/3368/814 3369/3371/814 3367/3369/813
f 3372/3370/815 3371/3373/815 3369/3371/814
f 3374/3372/816 3373/3375/816 3371/3373/815
f 3376/3374/817 3375/3377/817 3373/3375/816
f 3378/3376/818 3377/3379/818 3375/3377/817
f 3380/3378/819 3379/3381/819 3377/3379/818
f 3382/3380/820 3381/3383/820 3379/3381/819
f 3384/3382/821 3383/3385/821 3381/3383/820
f 3386/3384/822 3385/3387/822 3383/3385/821
f 3388/3386/823 3387/3389/823 3385/3387/822
f 3390/3388/824 3389/3391/824 3387/3389/823
f 3392/3390/825 3391/3393/825 3389/3391/824
f 3394/3392/826 3393/3395/826 3391/3393/825
f 3396/3394/827 3395/3397/827 3393/3395/826
f 3398/3396/828 3397/3399/828 3395/3397/827
f 3400/3398/829 3399/3401/829 3397/3399/828
f 3402/3400/830 3401/3403/830 3399/3401/829
f 3404/3402/831 3403/3405/831 3401/3403/830
f 3406/3404/832 3405/3407/832 3403/3405/831
f 3408/3406/833 3407/3409/833 3405/3407/832
f 3410/3408/834 3409/3411/834 3407/3409/833
f 3412/3410/835 3411/3413/835 3409/3411/834
f 3414/3412/836 3413/3415/836 3411/3413/835
f 3416/3414/837 3415/3417/837 3413/3415/836
f 3418/3416/838 3417/3419/838 3415/3417/837
f 3420/3418/9 3419/3421/9 3417/3419/9
f 3422/3420/839 3421/3423/839 3419/3421/840
f 3424/3422/841 3423/3425/841 3421/3423/839
f 3426/3424/842 3425/3427/842 3423/3425/841
f 3428/3426/843 3427/3429/843 3425/3427/842
f 3430/3428/844 3429/3431/844 3427/3429/843
f 3432/3430/845 3431/3433/845 3429/3431/844
f 3434/3432/846 3433/3435/846 3431/3433/845
f 3436/3434/847 3435/3437/847 3433/3435/846
f 3438/3436/848 3437/3439/848 3435/3437/847
f 3440/3438/414 3439/3441/414 3437/3439/848
f 3442/3440/849 3441/3443/849 3439/3441/414
f 3444/3442/850 3443/3445/852 3441/3443/849
f 3446/3444/851 3445/3447/851 3443/3445/852
f 3448/3446/853 3447/3449/853 3445/3447/851
f 3450/3448/854 3449/3451/854 3447/3449/853
f 3452/3450/855 3451/3453/855 3449/3451/854
f 3454/3452/856 3453/3455/856 3451/3453/855
f 3456/3454/857 3455/3457/857 3453/3455/856
f 3458/3456/858 3457/3459/858 3455/3457/857
f 3460/3458/859 3459/3461/859 3457/3459/858
f 3462/3460/860 3461/3463/860 3459/3461/859
f 3464/3462/861 3463/3465/861 3461/3463/860
f 3466/3464/862 3465/3467/864 3463/3465/861
f 3468/3466/863 3467/3469/863 3465/3467/864
f 3470/3468/8 3469/3470/8 3467/3469/8
f 3324/3325/792 3323/3324/792 3469/3470/865
f 3474/3471/866 3473/3475/869 3471/3472/867
f 3476/3474/868 3475/3477/868 3473/3475/869
f 3478/3476/870 3477/3479/870 3475/3477/868
f 3480/3478/871 3479/3481/871 3477/3479/870
f 3482/3480/872 3481/3483/872 3479/3481/871
f 3484/3482/873 3483/3485/873 3481/3483/872
f 3486/3484/874 3485/3487/876 3483/3485/873
f 3488/3486/875 3487/3489/875 3485/3487/876
f 3490/3488/877 3489/3491/877 3487/3489/875
f 3492/3490/878 3491/3493/878 3489/3491/877
f 3494/3492/879 3493/3495/879 3491/3493/878
f 3496/3494/880 3495/3497/880 3493/3495/879
f 3498/3496/881 3497/3499/881 3495/3497/880
f 3500/3498/882 3499/3501/882 3497/3499/881
f 3502/3500/883 3501/3503/883 3499/3501/882
f 3504/3502/884 3503/3505/884 3501/3503/883
f 3506/3504/885 3505/3507/885 3503/3505/884
f 3508/3506/886 3507/3509/888 3505/3507/885
f 3510/3508/887 3509/3511/887 3507/3509/888
f 3512/3510/889 3511/3513/891 3509/3511/887
f 3514/3512/890 3513/3515/890 3511/3513/891
f 3516/3514/892 3515/3517/892 3513/3515/890
f 3518/3516/893 3517/3519/893 3515/3517/892
f 3520/3518/7 3519/3520/7 3517/3519/7
f 3472/3473/867 3471/3472/867 3519/3520/276
f 3524/3521/6 3523/3525/6 3521/3522/6
f 3526/3524/7 3525/3527/7 3523/3525/7
f 3528/3526/8 3527/3528/8 3525/3527/8
f 3522/3523/9 3521/3522/9 3527/3528/9
