# Blender 4.1.1
# www.blender.org
mtllib GameOver.mtl
o テキスト
v -15.242500 2.422000 -0.699999
v -15.256500 2.422000 -0.699999
v -15.334962 2.553595 -0.699999
v -15.412865 2.672088 -0.699999
v -15.490233 2.777797 -0.699999
v -15.567092 2.871037 -0.699999
v -15.643464 2.952125 -0.699999
v -15.719375 3.021375 -0.699999
v -15.794847 3.079105 -0.699999
v -15.869907 3.125630 -0.699999
v -15.944578 3.161266 -0.699999
v -16.018885 3.186329 -0.699999
v -16.092850 3.201135 -0.699999
v -16.166500 3.206000 -0.699999
v -16.229227 3.203517 -0.699999
v -16.291494 3.196051 -0.699999
v -16.353420 3.183578 -0.699999
v -16.415129 3.166074 -0.699999
v -16.476740 3.143515 -0.699999
v -16.538374 3.115875 -0.699999
v -16.600155 3.083132 -0.699999
v -16.662203 3.045259 -0.699999
v -16.724640 3.002234 -0.699999
v -16.787588 2.954032 -0.699999
v -16.851168 2.900629 -0.699999
v -16.915501 2.842000 -0.699999
v -16.586502 2.303000 -0.699999
v -16.538174 2.347293 -0.699999
v -16.488047 2.389009 -0.699999
v -16.436657 2.427906 -0.699999
v -16.384537 2.463741 -0.699999
v -16.332224 2.496270 -0.699999
v -16.280251 2.525250 -0.699999
v -16.229153 2.550439 -0.699999
v -16.179464 2.571593 -0.699999
v -16.131720 2.588469 -0.699999
v -16.086454 2.600824 -0.699999
v -16.044203 2.608416 -0.699999
v -16.005501 2.611000 -0.699999
v -15.900785 2.602286 -0.699999
v -15.800715 2.576875 -0.699999
v -15.706139 2.535859 -0.699999
v -15.617906 2.480333 -0.699999
v -15.536867 2.411391 -0.699999
v -15.463874 2.330125 -0.699999
v -15.399776 2.237630 -0.699999
v -15.345425 2.135000 -0.699999
v -15.301671 2.023328 -0.699999
v -15.269365 1.903708 -0.699999
v -15.249358 1.777234 -0.699999
v -15.242500 1.645000 -0.699999
v -15.242500 -0.000000 -0.699999
v -14.619500 -0.000000 -0.699999
v -14.619500 3.143000 -0.699999
v -15.242500 3.143000 -0.699999
v -13.755599 0.247763 -0.699999
v -13.662379 0.193019 -0.699999
v -13.569062 0.143719 -0.699999
v -13.474871 0.099815 -0.699999
v -13.379025 0.061258 -0.699999
v -13.280750 0.028000 -0.699999
v -13.179267 -0.000008 -0.699999
v -13.073797 -0.022815 -0.699999
v -12.963564 -0.040469 -0.699999
v -12.847789 -0.053019 -0.699999
v -12.725694 -0.060513 -0.699999
v -12.596501 -0.063000 -0.699999
v -12.360608 -0.046659 -0.699999
v -12.143187 0.000648 -0.699999
v -11.944626 0.076344 -0.699999
v -11.765316 0.177852 -0.699999
v -11.605644 0.302596 -0.699999
v -11.466001 0.448000 -0.699999
v -11.346774 0.611487 -0.699999
v -11.248353 0.790481 -0.699999
v -11.171126 0.982406 -0.699999
v -11.115483 1.184685 -0.699999
v -11.081812 1.394742 -0.699999
v -11.070501 1.610000 -0.699999
v -11.082850 1.841389 -0.699999
v -11.119113 2.058778 -0.699999
v -11.178126 2.261000 -0.699999
v -11.258723 2.446889 -0.699999
v -11.359737 2.615278 -0.699999
v -11.480001 2.765000 -0.699999
v -11.618349 2.894889 -0.699999
v -11.773613 3.003778 -0.699999
v -11.944627 3.090500 -0.699999
v -12.130224 3.153889 -0.699999
v -12.329238 3.192778 -0.699999
v -12.540502 3.206000 -0.699999
v -12.742348 3.194172 -0.699999
v -12.930849 3.158621 -0.699999
v -13.105205 3.099250 -0.699999
v -13.264612 3.015963 -0.699999
v -13.408270 2.908662 -0.699999
v -13.535376 2.777250 -0.699999
v -13.645127 2.621630 -0.699999
v -13.736723 2.441704 -0.699999
v -13.809361 2.237375 -0.699999
v -13.862237 2.008546 -0.699999
v -13.894551 1.755121 -0.699999
v -13.905501 1.477000 -0.699999
v -11.693501 1.477000 -0.699999
v -11.723391 1.327533 -0.699999
v -11.764022 1.190681 -0.699999
v -11.815347 1.066516 -0.699999
v -11.877317 0.955111 -0.699999
v -11.949885 0.856540 -0.699999
v -12.033002 0.770875 -0.699999
v -12.126618 0.698189 -0.699999
v -12.230686 0.638556 -0.699999
v -12.345158 0.592047 -0.699999
v -12.469983 0.558736 -0.699999
v -12.605114 0.538696 -0.699999
v -12.750502 0.532000 -0.699999
v -12.844582 0.534892 -0.699999
v -12.937882 0.543472 -0.699999
v -13.030502 0.557594 -0.699999
v -13.122540 0.577111 -0.699999
v -13.214090 0.601879 -0.699999
v -13.305252 0.631750 -0.699999
v -13.396122 0.666580 -0.699999
v -13.486797 0.706222 -0.699999
v -13.577376 0.750531 -0.699999
v -13.667955 0.799361 -0.699999
v -13.758631 0.852566 -0.699999
v -13.849501 0.910000 -0.699999
v -13.849501 0.308000 -0.699999
v -13.279049 2.005281 -0.699999
v -13.258389 2.112833 -0.699999
v -13.227813 2.212219 -0.699999
v -13.187612 2.303000 -0.699999
v -13.138077 2.384740 -0.699999
v -13.079500 2.457000 -0.699999
v -13.012174 2.519344 -0.699999
v -12.936389 2.571333 -0.699999
v -12.852438 2.612531 -0.699999
v -12.760612 2.642500 -0.699999
v -12.661202 2.660802 -0.699999
v -12.554502 2.667000 -0.699999
v -12.439447 2.661203 -0.699999
v -12.332316 2.643959 -0.699999
v -12.233158 2.615485 -0.699999
v -12.142020 2.576000 -0.699999
v -12.058952 2.525724 -0.699999
v -11.984002 2.464875 -0.699999
v -11.917218 2.393672 -0.699999
v -11.858650 2.312334 -0.699999
v -11.808346 2.221078 -0.699999
v -11.766354 2.120125 -0.699999
v -11.732722 2.009693 -0.699999
v -11.707500 1.890000 -0.699999
v -13.289501 1.890000 -0.699999
v -8.417501 3.143000 -0.699999
v -9.264502 1.211000 -0.699999
v -10.090502 3.143000 -0.699999
v -10.755502 3.143000 -0.699999
v -9.369502 -0.063000 -0.699999
v -9.159501 -0.063000 -0.699999
v -7.738502 3.143000 -0.699999
v -5.214909 4.814194 -0.700000
v -5.570673 4.747880 -0.700000
v -5.899362 4.641219 -0.700000
v -6.199540 4.497371 -0.700000
v -6.469773 4.319494 -0.700000
v -6.708628 4.110750 -0.700000
v -6.914670 3.874298 -0.700000
v -7.086466 3.613297 -0.700000
v -7.222581 3.330906 -0.700000
v -7.321581 3.030287 -0.699999
v -7.382033 2.714598 -0.699999
v -7.402503 2.387000 -0.699999
v -7.382560 2.068224 -0.699999
v -7.323461 1.758296 -0.699999
v -7.226299 1.460812 -0.699999
v -7.092169 1.179370 -0.699999
v -6.922163 0.917567 -0.699999
v -6.717377 0.679000 -0.699999
v -6.478903 0.467266 -0.699999
v -6.207836 0.285963 -0.699999
v -5.905268 0.138687 -0.699999
v -5.572294 0.029037 -0.700000
v -5.210007 -0.039391 -0.700000
v -4.819502 -0.063000 -0.700000
v -4.441449 -0.039526 -0.700000
v -4.088747 0.028550 -0.700000
v -3.762830 0.137703 -0.700000
v -3.465131 0.284407 -0.700000
v -3.197086 0.465139 -0.700000
v -2.960127 0.676375 -0.700000
v -2.755689 0.914590 -0.700000
v -2.585206 1.176259 -0.700000
v -2.450111 1.457859 -0.700000
v -2.351840 1.755866 -0.700000
v -2.291825 2.066754 -0.700000
v -2.271502 2.387000 -0.700000
v -2.292368 2.713129 -0.700000
v -2.353849 3.027857 -0.700000
v -2.454267 3.327954 -0.700000
v -2.591946 3.610186 -0.700000
v -2.765208 3.871321 -0.700000
v -2.972377 4.108126 -0.700000
v -3.211774 4.317368 -0.700000
v -3.481724 4.495815 -0.700000
v -3.780549 4.640235 -0.700000
v -4.106571 4.747394 -0.700000
v -4.458115 4.814060 -0.700000
v -4.833502 4.837000 -0.700000
v -5.095123 0.582892 -0.700000
v -5.343303 0.629384 -0.700000
v -5.576267 0.704703 -0.700000
v -5.792243 0.807074 -0.700000
v -5.989454 0.934723 -0.700000
v -6.166127 1.085875 -0.700000
v -6.320487 1.258757 -0.700000
v -6.450761 1.451593 -0.700000
v -6.555174 1.662609 -0.700000
v -6.631951 1.890033 -0.700000
v -6.679319 2.132087 -0.700000
v -6.695502 2.387000 -0.700000
v -6.679319 2.643384 -0.700000
v -6.631951 2.886399 -0.700000
v -6.555174 3.114344 -0.700000
v -6.450761 3.325519 -0.700000
v -6.320487 3.518221 -0.700000
v -6.166127 3.690750 -0.700000
v -5.989454 3.841404 -0.700000
v -5.792243 3.968482 -0.700000
v -5.576267 4.070282 -0.700000
v -5.343303 4.145102 -0.700000
v -5.095123 4.191242 -0.700000
v -4.833502 4.207000 -0.700000
v -4.573489 4.191242 -0.700000
v -4.326650 4.145102 -0.700000
v -4.094783 4.070282 -0.700000
v -3.879687 3.968482 -0.700000
v -3.683161 3.841404 -0.700000
v -3.507002 3.690750 -0.700000
v -3.353010 3.518221 -0.700000
v -3.222983 3.325519 -0.700000
v -3.118721 3.114344 -0.700000
v -3.042020 2.886398 -0.700000
v -2.994681 2.643383 -0.700000
v -2.978502 2.387000 -0.700000
v -2.994682 2.132087 -0.700000
v -3.042021 1.890032 -0.700000
v -3.118721 1.662609 -0.700000
v -3.222984 1.451592 -0.700000
v -3.353010 1.258756 -0.700000
v -3.507002 1.085875 -0.700000
v -3.683161 0.934723 -0.700000
v -3.879687 0.807074 -0.700000
v -4.094783 0.704703 -0.700000
v -4.326650 0.629384 -0.700000
v -4.573489 0.582892 -0.700000
v -4.833502 0.567000 -0.700000
v 0.370399 0.247763 -0.700000
v 0.463619 0.193019 -0.700000
v 0.556936 0.143719 -0.700000
v 0.651129 0.099815 -0.700000
v 0.746973 0.061258 -0.700000
v 0.845249 0.028000 -0.700000
v 0.946733 -0.000008 -0.700000
v 1.052202 -0.022815 -0.700000
v 1.162436 -0.040469 -0.700000
v 1.278212 -0.053019 -0.700000
v 1.400307 -0.060513 -0.700000
v 1.529499 -0.063000 -0.700000
v 1.765392 -0.046659 -0.700000
v 1.982813 0.000648 -0.700000
v 2.181374 0.076344 -0.700000
v 2.360684 0.177852 -0.700000
v 2.520355 0.302596 -0.700000
v 2.659999 0.448000 -0.700000
v 2.779226 0.611487 -0.700000
v 2.877647 0.790481 -0.700000
v 2.954874 0.982406 -0.700000
v 3.010517 1.184685 -0.700000
v 3.044189 1.394742 -0.700000
v 3.055499 1.610000 -0.700000
v 3.043151 1.841389 -0.700000
v 3.006887 2.058778 -0.700000
v 2.947874 2.261000 -0.700000
v 2.867276 2.446889 -0.700000
v 2.766263 2.615278 -0.700000
v 2.645999 2.765000 -0.700000
v 2.507652 2.894889 -0.700000
v 2.352388 3.003778 -0.700000
v 2.181374 3.090500 -0.700000
v 1.995777 3.153889 -0.700000
v 1.796763 3.192778 -0.700000
v 1.585499 3.206000 -0.700000
v 1.383653 3.194172 -0.700000
v 1.195151 3.158621 -0.700000
v 1.020796 3.099250 -0.700000
v 0.861388 3.015963 -0.700000
v 0.717730 2.908662 -0.700000
v 0.590624 2.777250 -0.700000
v 0.480872 2.621630 -0.700000
v 0.389277 2.441704 -0.700000
v 0.316639 2.237375 -0.700000
v 0.263763 2.008546 -0.700000
v 0.231448 1.755121 -0.700000
v 0.220499 1.477000 -0.700000
v 2.432499 1.477000 -0.700000
v 2.402611 1.327533 -0.700000
v 2.361980 1.190681 -0.700000
v 2.310655 1.066516 -0.700000
v 2.248684 0.955111 -0.700000
v 2.176116 0.856540 -0.700000
v 2.092999 0.770875 -0.700000
v 1.999382 0.698189 -0.700000
v 1.895314 0.638556 -0.700000
v 1.780842 0.592047 -0.700000
v 1.656017 0.558736 -0.700000
v 1.520886 0.538696 -0.700000
v 1.375499 0.532000 -0.700000
v 1.281420 0.534892 -0.700000
v 1.188119 0.543472 -0.700000
v 1.095499 0.557594 -0.700000
v 1.003462 0.577111 -0.700000
v 0.911911 0.601879 -0.700000
v 0.820749 0.631750 -0.700000
v 0.729878 0.666580 -0.700000
v 0.639203 0.706222 -0.700000
v 0.548624 0.750531 -0.700000
v 0.458045 0.799361 -0.700000
v 0.367369 0.852566 -0.700000
v 0.276499 0.910000 -0.700000
v 0.276499 0.308000 -0.700000
v 0.846950 2.005281 -0.700000
v 0.867610 2.112833 -0.700000
v 0.898186 2.212219 -0.700000
v 0.938388 2.303000 -0.700000
v 0.987922 2.384740 -0.700000
v 1.046499 2.457000 -0.700000
v 1.113825 2.519344 -0.700000
v 1.189610 2.571333 -0.700000
v 1.273561 2.612531 -0.700000
v 1.365388 2.642500 -0.700000
v 1.464797 2.660802 -0.700000
v 1.571499 2.667000 -0.700000
v 1.686553 2.661203 -0.700000
v 1.793684 2.643959 -0.700000
v 1.892842 2.615485 -0.700000
v 1.983980 2.576000 -0.700000
v 2.067049 2.525724 -0.700000
v 2.141999 2.464875 -0.700000
v 2.208782 2.393672 -0.700000
v 2.267351 2.312334 -0.700000
v 2.317655 2.221078 -0.700000
v 2.359647 2.120125 -0.700000
v 2.393278 2.009693 -0.700000
v 2.418499 1.890000 -0.700000
v 0.836499 1.890000 -0.700000
v 7.703499 2.730000 -0.700001
v 7.623429 2.807008 -0.700001
v 7.544185 2.877065 -0.700001
v 7.465718 2.940219 -0.700001
v 7.387981 2.996519 -0.700001
v 7.310924 3.046013 -0.700001
v 7.234499 3.088750 -0.700001
v 7.158658 3.124779 -0.700001
v 7.083351 3.154148 -0.700001
v 7.008531 3.176907 -0.700001
v 6.934147 3.193102 -0.700001
v 6.860153 3.202784 -0.700001
v 6.786499 3.206000 -0.700001
v 6.688236 3.201929 -0.700001
v 6.593059 3.189764 -0.700001
v 6.501140 3.169579 -0.700001
v 6.412647 3.141445 -0.700001
v 6.327752 3.105436 -0.700001
v 6.246624 3.061625 -0.700001
v 6.169434 3.010085 -0.700001
v 6.096351 2.950889 -0.700001
v 6.027546 2.884109 -0.700001
v 5.963189 2.809819 -0.700001
v 5.903450 2.728092 -0.700001
v 5.848499 2.639000 -0.700001
v 5.779047 2.714858 -0.700001
v 5.707041 2.787945 -0.700001
v 5.632265 2.857531 -0.700001
v 5.554500 2.922889 -0.700001
v 5.473526 2.983288 -0.700001
v 5.389124 3.038000 -0.700001
v 5.301077 3.086295 -0.700001
v 5.209166 3.127445 -0.700001
v 5.113171 3.160719 -0.700001
v 5.012874 3.185389 -0.700001
v 4.908056 3.200726 -0.700001
v 4.798499 3.206000 -0.700001
v 4.644162 3.195930 -0.700001
v 4.500059 3.166269 -0.700001
v 4.366796 3.117844 -0.700001
v 4.244980 3.051482 -0.700000
v 4.135221 2.968008 -0.700000
v 4.038124 2.868250 -0.700000
v 3.954298 2.753034 -0.700000
v 3.884351 2.623185 -0.700000
v 3.828890 2.479531 -0.700000
v 3.788522 2.322898 -0.700000
v 3.763856 2.154112 -0.700000
v 3.755499 1.974000 -0.700000
v 3.755499 -0.000000 -0.700000
v 4.378499 -0.000000 -0.700000
v 4.378499 1.946000 -0.700000
v 4.384490 2.060455 -0.700000
v 4.401930 2.165723 -0.700000
v 4.430015 2.261657 -0.700000
v 4.467944 2.348111 -0.700000
v 4.514914 2.424941 -0.700000
v 4.570124 2.492000 -0.700001
v 4.632771 2.549143 -0.700001
v 4.702055 2.596222 -0.700001
v 4.777171 2.633094 -0.700001
v 4.857318 2.659611 -0.700001
v 4.941695 2.675629 -0.700001
v 5.029499 2.681000 -0.700001
v 5.081639 2.679031 -0.700001
v 5.136281 2.669917 -0.700001
v 5.193015 2.654094 -0.700001
v 5.251425 2.632000 -0.700001
v 5.311099 2.604073 -0.700001
v 5.371624 2.570750 -0.700001
v 5.432586 2.532469 -0.700001
v 5.493573 2.489667 -0.700001
v 5.554171 2.442781 -0.700001
v 5.613966 2.392250 -0.700001
v 5.672547 2.338511 -0.700001
v 5.729499 2.282000 -0.700001
v 5.729499 -0.000000 -0.700000
v 6.352499 -0.000000 -0.700001
v 6.352499 1.953000 -0.700001
v 6.357774 2.074669 -0.700001
v 6.373111 2.184356 -0.700001
v 6.397781 2.282328 -0.700001
v 6.431055 2.368852 -0.700001
v 6.472204 2.444195 -0.700001
v 6.520499 2.508625 -0.700001
v 6.575211 2.562409 -0.700001
v 6.635611 2.605815 -0.700001
v 6.700968 2.639109 -0.700001
v 6.770555 2.662560 -0.700001
v 6.843642 2.676435 -0.700001
v 6.919499 2.681000 -0.700001
v 6.996151 2.678898 -0.700001
v 7.068963 2.672348 -0.700001
v 7.138468 2.660985 -0.700001
v 7.205203 2.644445 -0.700001
v 7.269702 2.622363 -0.700001
v 7.332500 2.594375 -0.700001
v 7.394130 2.560117 -0.700001
v 7.455129 2.519222 -0.700001
v 7.516031 2.471328 -0.700001
v 7.577370 2.416070 -0.700001
v 7.639681 2.353082 -0.700001
v 7.703499 2.282000 -0.700001
v 7.703499 -0.000000 -0.700001
v 8.326499 -0.000000 -0.700001
v 8.326499 3.143000 -0.700001
v 7.703499 3.143000 -0.700001
v 8.919891 0.137476 -0.700001
v 8.982134 0.098227 -0.700001
v 9.039078 0.063984 -0.700001
v 9.091574 0.034481 -0.700001
v 9.140472 0.009451 -0.700001
v 9.186625 -0.011375 -0.700001
v 9.230881 -0.028263 -0.700001
v 9.274092 -0.041482 -0.700001
v 9.317108 -0.051297 -0.700001
v 9.360781 -0.057977 -0.700001
v 9.405961 -0.061789 -0.700001
v 9.453499 -0.063000 -0.700001
v 9.519146 -0.060942 -0.700001
v 9.579663 -0.054704 -0.700001
v 9.635173 -0.044188 -0.700001
v 9.685798 -0.029296 -0.700001
v 9.731658 -0.009933 -0.700001
v 9.772876 0.014000 -0.700001
v 9.809573 0.042599 -0.700001
v 9.841871 0.075963 -0.700001
v 9.869891 0.114187 -0.700001
v 9.893755 0.157370 -0.700001
v 9.913584 0.205609 -0.700001
v 9.929500 0.259000 -0.700001
v 9.998033 0.207079 -0.700001
v 10.067101 0.159801 -0.700001
v 10.136655 0.117141 -0.700001
v 10.206647 0.079074 -0.700001
v 10.277028 0.045577 -0.700001
v 10.347749 0.016625 -0.700001
v 10.418761 -0.007806 -0.700001
v 10.490017 -0.027741 -0.700001
v 10.561467 -0.043203 -0.700001
v 10.633063 -0.054218 -0.700001
v 10.704757 -0.060808 -0.700001
v 10.776499 -0.063000 -0.700001
v 10.888700 -0.055603 -0.700001
v 10.993952 -0.034157 -0.700001
v 11.091717 0.000219 -0.700001
v 11.181461 0.046407 -0.700001
v 11.262650 0.103291 -0.700001
v 11.334749 0.169750 -0.700001
v 11.397223 0.244668 -0.700001
v 11.449536 0.326926 -0.700001
v 11.491156 0.415406 -0.700001
v 11.521545 0.508991 -0.700001
v 11.540172 0.606561 -0.700001
v 11.546499 0.707000 -0.700001
v 11.535052 0.853956 -0.700001
v 11.502167 0.984310 -0.700001
v 11.450031 1.099547 -0.700001
v 11.380834 1.201148 -0.700001
v 11.296761 1.290597 -0.700001
v 11.200000 1.369375 -0.700001
v 11.092739 1.438966 -0.700001
v 10.977166 1.500852 -0.700001
v 10.855468 1.556516 -0.700001
v 10.729833 1.607440 -0.700001
v 10.602448 1.655107 -0.700001
v 10.475499 1.701000 -0.700001
v 9.922500 1.897000 -0.700001
v 9.922500 2.065000 -0.700001
v 9.926439 2.158228 -0.700001
v 9.938251 2.242074 -0.700001
v 9.957939 2.316782 -0.700001
v 9.985501 2.382593 -0.700001
v 10.020939 2.439751 -0.700001
v 10.064251 2.488500 -0.700001
v 10.115438 2.529082 -0.700001
v 10.174500 2.561741 -0.700001
v 10.241438 2.586719 -0.700001
v 10.316250 2.604259 -0.700001
v 10.398937 2.614605 -0.700001
v 10.489499 2.618000 -0.700001
v 10.575362 2.614626 -0.700001
v 10.661323 2.604421 -0.700001
v 10.747186 2.587266 -0.700001
v 10.832758 2.563037 -0.700001
v 10.917844 2.531614 -0.700001
v 11.002249 2.492875 -0.700001
v 11.085779 2.446699 -0.700001
v 11.168240 2.392963 -0.700001
v 11.249436 2.331547 -0.700001
v 11.329175 2.262329 -0.700001
v 11.407261 2.185187 -0.700001
v 11.483500 2.100000 -0.700001
v 11.483500 2.779000 -0.700001
v 11.420200 2.847692 -0.700001
v 11.352769 2.910283 -0.700001
v 11.281157 2.966797 -0.700001
v 11.205316 3.017260 -0.700001
v 11.125196 3.061694 -0.700001
v 11.040751 3.100125 -0.700001
v 10.951930 3.132577 -0.700001
v 10.858685 3.159075 -0.700001
v 10.760969 3.179641 -0.700001
v 10.658731 3.194301 -0.700001
v 10.551925 3.203080 -0.700001
v 10.440499 3.206000 -0.700001
v 10.284236 3.199251 -0.700001
v 10.134801 3.178843 -0.700001
v 9.993484 3.144531 -0.700001
v 9.861574 3.096074 -0.700001
v 9.740358 3.033228 -0.700001
v 9.631125 2.955750 -0.700001
v 9.535163 2.863397 -0.700001
v 9.453759 2.755926 -0.700001
v 9.388203 2.633094 -0.700001
v 9.339782 2.494658 -0.700001
v 9.309785 2.340374 -0.700001
v 9.299500 2.170000 -0.700001
v 9.299500 0.553000 -0.700001
v 9.298629 0.524834 -0.700001
v 9.296032 0.499755 -0.700001
v 9.291734 0.477641 -0.700001
v 9.285759 0.458370 -0.700001
v 9.278131 0.441822 -0.700001
v 9.268874 0.427875 -0.700001
v 9.258014 0.416407 -0.700001
v 9.245573 0.407296 -0.700001
v 9.231577 0.400422 -0.700001
v 9.216050 0.395662 -0.700001
v 9.199016 0.392895 -0.700001
v 9.180499 0.392000 -0.700001
v 9.163465 0.393300 -0.700001
v 9.143975 0.397153 -0.700001
v 9.122202 0.403484 -0.700001
v 9.098313 0.412222 -0.700001
v 9.072480 0.423293 -0.700001
v 9.044873 0.436625 -0.700001
v 9.015662 0.452144 -0.700001
v 8.985017 0.469778 -0.700001
v 8.953108 0.489453 -0.700001
v 8.920105 0.511097 -0.700001
v 8.886179 0.534637 -0.700001
v 8.851500 0.560000 -0.700001
v 8.851500 0.182000 -0.700001
v 10.053813 1.508391 -0.700001
v 10.180850 1.462125 -0.700001
v 10.302248 1.414547 -0.700001
v 10.416646 1.365000 -0.700001
v 10.522683 1.312828 -0.700001
v 10.618998 1.257375 -0.700001
v 10.704229 1.197984 -0.700001
v 10.777017 1.134000 -0.700001
v 10.835999 1.064766 -0.700001
v 10.879813 0.989625 -0.700001
v 10.907101 0.907922 -0.700001
v 10.916499 0.819000 -0.700001
v 10.912630 0.755915 -0.700001
v 10.901299 0.696403 -0.700001
v 10.882920 0.640828 -0.700001
v 10.857905 0.589556 -0.700001
v 10.826669 0.542950 -0.700001
v 10.789623 0.501375 -0.700001
v 10.747182 0.465196 -0.700001
v 10.699758 0.434778 -0.700001
v 10.647764 0.410484 -0.700001
v 10.591615 0.392681 -0.700001
v 10.531722 0.381731 -0.700001
v 10.468499 0.378000 -0.700001
v 10.419791 0.380021 -0.700001
v 10.371666 0.386005 -0.700001
v 10.324124 0.395828 -0.700001
v 10.277166 0.409370 -0.700001
v 10.230791 0.426510 -0.700001
v 10.184999 0.447125 -0.700001
v 10.139791 0.471094 -0.700001
v 10.095166 0.498296 -0.700001
v 10.051125 0.528609 -0.700001
v 10.007667 0.561912 -0.700001
v 9.964791 0.598083 -0.700001
v 9.922500 0.637000 -0.700001
v 9.922500 1.554000 -0.700001
v 12.354423 0.262468 -0.700001
v 12.507313 0.202741 -0.700001
v 12.657092 0.149625 -0.700001
v 12.804684 0.102926 -0.700001
v 12.951012 0.062449 -0.700001
v 13.096999 0.028000 -0.700001
v 13.243569 -0.000616 -0.700001
v 13.391647 -0.023593 -0.700001
v 13.542155 -0.041125 -0.700001
v 13.696017 -0.053407 -0.700001
v 13.854157 -0.060634 -0.700001
v 14.017499 -0.063000 -0.700001
v 14.374827 -0.042081 -0.700001
v 14.713708 0.019185 -0.700001
v 15.031734 0.118562 -0.700001
v 15.326500 0.253815 -0.700001
v 15.595599 0.422706 -0.700001
v 15.836625 0.623000 -0.700001
v 16.047173 0.852461 -0.700001
v 16.224834 1.108852 -0.700001
v 16.367205 1.389938 -0.700001
v 16.471876 1.693482 -0.700001
v 16.536444 2.017248 -0.700002
v 16.558500 2.359000 -0.700002
v 16.535894 2.703325 -0.700002
v 16.469831 3.031098 -0.700002
v 16.362936 3.339766 -0.700002
v 16.217833 3.626778 -0.700002
v 16.037146 3.889582 -0.700002
v 15.823500 4.125626 -0.700002
v 15.579520 4.332356 -0.700002
v 15.307833 4.507223 -0.700002
v 15.011062 4.647672 -0.700001
v 14.691833 4.751153 -0.700001
v 14.352770 4.815113 -0.700001
v 13.996499 4.837000 -0.700001
v 13.859697 4.835028 -0.700001
v 13.728070 4.828802 -0.700001
v 13.599797 4.817860 -0.700001
v 13.473056 4.801742 -0.700001
v 13.346023 4.779984 -0.700001
v 13.216875 4.752126 -0.700001
v 13.083790 4.717705 -0.700001
v 12.944944 4.676260 -0.700001
v 12.798515 4.627328 -0.700001
v 12.642680 4.570449 -0.700001
v 12.475616 4.505160 -0.700001
v 12.295499 4.431000 -0.700001
v 12.295499 3.738000 -0.700001
v 12.435920 3.811930 -0.700001
v 12.577119 3.879685 -0.700001
v 12.718999 3.941219 -0.700001
v 12.861462 3.996482 -0.700001
v 13.004411 4.045425 -0.700001
v 13.147749 4.088000 -0.700001
v 13.291379 4.124159 -0.700001
v 13.435203 4.153852 -0.700001
v 13.579123 4.177032 -0.700001
v 13.723044 4.193648 -0.700001
v 13.866869 4.203654 -0.700001
v 14.010499 4.207000 -0.700001
v 14.264355 4.190836 -0.700001
v 14.506592 4.143611 -0.700001
v 14.735218 4.067219 -0.700001
v 14.948240 3.963556 -0.700001
v 15.143665 3.834517 -0.700001
v 15.319500 3.682000 -0.700001
v 15.473751 3.507900 -0.700001
v 15.604425 3.314111 -0.700001
v 15.709531 3.102531 -0.700001
v 15.787074 2.875056 -0.700001
v 15.835061 2.633580 -0.700001
v 15.851500 2.380000 -0.700001
v 15.835140 2.120814 -0.700001
v 15.787137 1.876259 -0.700001
v 15.709092 1.647844 -0.700001
v 15.602610 1.437074 -0.700001
v 15.469294 1.245457 -0.700001
v 15.310749 1.074500 -0.700001
v 15.128579 0.925710 -0.700001
v 14.924388 0.800593 -0.700001
v 14.699780 0.700656 -0.700001
v 14.456361 0.627407 -0.700001
v 14.195732 0.582353 -0.700001
v 13.919499 0.567000 -0.700001
v 13.827462 0.568713 -0.700001
v 13.736786 0.573708 -0.700001
v 13.647374 0.581766 -0.700001
v 13.559129 0.592667 -0.700001
v 13.471952 0.606193 -0.700001
v 13.385749 0.622125 -0.700001
v 13.300420 0.640245 -0.700001
v 13.215869 0.660333 -0.700001
v 13.131999 0.682172 -0.700001
v 13.048712 0.705542 -0.700001
v 12.965911 0.730224 -0.700001
v 12.883499 0.756000 -0.700001
v 12.883499 1.736000 -0.700001
v 13.800499 1.736000 -0.700001
v 13.800499 2.352000 -0.700001
v 12.197498 2.352000 -0.700001
v 12.197498 0.329000 -0.700001
v -15.242500 2.422000 0.700001
v -15.256500 2.422000 0.700001
v -15.334962 2.553595 0.700001
v -15.412865 2.672088 0.700001
v -15.490233 2.777797 0.700001
v -15.567092 2.871037 0.700001
v -15.643464 2.952125 0.700001
v -15.719375 3.021375 0.700001
v -15.794847 3.079105 0.700001
v -15.869907 3.125630 0.700001
v -15.944578 3.161266 0.700001
v -16.018885 3.186329 0.700001
v -16.092850 3.201135 0.700001
v -16.166500 3.206000 0.700001
v -16.229227 3.203517 0.700001
v -16.291494 3.196051 0.700001
v -16.353420 3.183578 0.700001
v -16.415129 3.166074 0.700001
v -16.476740 3.143515 0.700001
v -16.538374 3.115875 0.700001
v -16.600155 3.083132 0.700001
v -16.662203 3.045259 0.700001
v -16.724640 3.002234 0.700001
v -16.787588 2.954032 0.700001
v -16.851168 2.900629 0.700001
v -16.915501 2.842000 0.700001
v -16.586502 2.303000 0.700001
v -16.538174 2.347293 0.700001
v -16.488047 2.389009 0.700001
v -16.436657 2.427906 0.700001
v -16.384537 2.463741 0.700001
v -16.332224 2.496270 0.700001
v -16.280251 2.525250 0.700001
v -16.229153 2.550439 0.700001
v -16.179464 2.571593 0.700001
v -16.131720 2.588469 0.700001
v -16.086454 2.600824 0.700001
v -16.044203 2.608416 0.700001
v -16.005501 2.611000 0.700001
v -15.900785 2.602286 0.700001
v -15.800715 2.576875 0.700001
v -15.706139 2.535859 0.700001
v -15.617906 2.480333 0.700001
v -15.536867 2.411391 0.700001
v -15.463874 2.330125 0.700001
v -15.399776 2.237630 0.700001
v -15.345425 2.135000 0.700001
v -15.301671 2.023328 0.700001
v -15.269365 1.903708 0.700001
v -15.249358 1.777234 0.700001
v -15.242500 1.645000 0.700001
v -15.242500 0.000000 0.700001
v -14.619500 0.000000 0.700001
v -14.619500 3.143000 0.700001
v -15.242500 3.143000 0.700001
v -13.755599 0.247763 0.700001
v -13.662379 0.193019 0.700001
v -13.569062 0.143719 0.700001
v -13.474871 0.099815 0.700001
v -13.379025 0.061258 0.700001
v -13.280750 0.028000 0.700001
v -13.179267 -0.000008 0.700001
v -13.073797 -0.022815 0.700001
v -12.963564 -0.040469 0.700001
v -12.847789 -0.053018 0.700001
v -12.725694 -0.060513 0.700001
v -12.596501 -0.063000 0.700001
v -12.360608 -0.046659 0.700001
v -12.143187 0.000648 0.700001
v -11.944626 0.076344 0.700001
v -11.765316 0.177852 0.700001
v -11.605644 0.302596 0.700001
v -11.466001 0.448000 0.700001
v -11.346774 0.611487 0.700001
v -11.248353 0.790482 0.700001
v -11.171126 0.982406 0.700001
v -11.115483 1.184685 0.700001
v -11.081812 1.394742 0.700001
v -11.070501 1.610000 0.700001
v -11.082850 1.841389 0.700001
v -11.119113 2.058778 0.700001
v -11.178126 2.261000 0.700001
v -11.258723 2.446889 0.700001
v -11.359737 2.615278 0.700001
v -11.480001 2.765000 0.700001
v -11.618349 2.894889 0.700001
v -11.773613 3.003778 0.700001
v -11.944627 3.090500 0.700001
v -12.130224 3.153889 0.700001
v -12.329238 3.192778 0.700001
v -12.540502 3.206000 0.700001
v -12.742348 3.194172 0.700001
v -12.930849 3.158621 0.700001
v -13.105205 3.099250 0.700001
v -13.264612 3.015963 0.700001
v -13.408270 2.908662 0.700001
v -13.535376 2.777250 0.700001
v -13.645127 2.621630 0.700001
v -13.736723 2.441704 0.700001
v -13.809361 2.237375 0.700001
v -13.862237 2.008546 0.700001
v -13.894551 1.755121 0.700001
v -13.905501 1.477000 0.700001
v -11.693501 1.477000 0.700001
v -11.723391 1.327533 0.700001
v -11.764022 1.190681 0.700001
v -11.815347 1.066516 0.700001
v -11.877317 0.955111 0.700001
v -11.949885 0.856540 0.700001
v -12.033002 0.770875 0.700001
v -12.126618 0.698189 0.700001
v -12.230686 0.638556 0.700001
v -12.345158 0.592047 0.700001
v -12.469983 0.558736 0.700001
v -12.605114 0.538696 0.700001
v -12.750502 0.532000 0.700001
v -12.844582 0.534893 0.700001
v -12.937882 0.543472 0.700001
v -13.030502 0.557594 0.700001
v -13.122540 0.577111 0.700001
v -13.214090 0.601879 0.700001
v -13.305252 0.631750 0.700001
v -13.396122 0.666580 0.700001
v -13.486797 0.706222 0.700001
v -13.577376 0.750531 0.700001
v -13.667955 0.799361 0.700001
v -13.758631 0.852566 0.700001
v -13.849501 0.910000 0.700001
v -13.849501 0.308000 0.700001
v -13.279049 2.005281 0.700001
v -13.258389 2.112833 0.700001
v -13.227813 2.212219 0.700001
v -13.187612 2.303000 0.700001
v -13.138077 2.384740 0.700001
v -13.079500 2.457000 0.700001
v -13.012174 2.519344 0.700001
v -12.936389 2.571333 0.700001
v -12.852438 2.612531 0.700001
v -12.760612 2.642500 0.700001
v -12.661202 2.660802 0.700001
v -12.554502 2.667000 0.700001
v -12.439447 2.661203 0.700001
v -12.332316 2.643959 0.700001
v -12.233158 2.615485 0.700001
v -12.142020 2.576000 0.700001
v -12.058952 2.525724 0.700001
v -11.984002 2.464875 0.700001
v -11.917218 2.393672 0.700001
v -11.858650 2.312334 0.700001
v -11.808346 2.221078 0.700001
v -11.766354 2.120125 0.700001
v -11.732722 2.009693 0.700001
v -11.707500 1.890000 0.700001
v -13.289501 1.890000 0.700001
v -8.417501 3.143000 0.700001
v -9.264502 1.211000 0.700001
v -10.090502 3.143000 0.700001
v -10.755502 3.143000 0.700001
v -9.369502 -0.063000 0.700001
v -9.159501 -0.063000 0.700001
v -7.738502 3.143000 0.700001
v -5.214909 4.814194 0.700000
v -5.570673 4.747880 0.700000
v -5.899362 4.641219 0.700000
v -6.199540 4.497371 0.700000
v -6.469773 4.319494 0.700000
v -6.708628 4.110750 0.700000
v -6.914670 3.874298 0.700000
v -7.086466 3.613297 0.700000
v -7.222581 3.330906 0.700000
v -7.321581 3.030287 0.700001
v -7.382033 2.714598 0.700001
v -7.402503 2.387000 0.700001
v -7.382560 2.068224 0.700001
v -7.323461 1.758296 0.700001
v -7.226299 1.460812 0.700001
v -7.092169 1.179370 0.700001
v -6.922163 0.917567 0.700001
v -6.717377 0.679000 0.700001
v -6.478903 0.467266 0.700001
v -6.207836 0.285963 0.700001
v -5.905268 0.138688 0.700001
v -5.572294 0.029037 0.700000
v -5.210007 -0.039391 0.700000
v -4.819502 -0.063000 0.700000
v -4.441449 -0.039525 0.700000
v -4.088747 0.028550 0.700000
v -3.762830 0.137703 0.700000
v -3.465131 0.284407 0.700000
v -3.197086 0.465139 0.700000
v -2.960127 0.676375 0.700000
v -2.755689 0.914590 0.700000
v -2.585206 1.176259 0.700000
v -2.450111 1.457859 0.700000
v -2.351840 1.755866 0.700000
v -2.291825 2.066754 0.700000
v -2.271502 2.387000 0.700000
v -2.292368 2.713129 0.700000
v -2.353849 3.027857 0.700000
v -2.454267 3.327954 0.700000
v -2.591946 3.610186 0.700000
v -2.765208 3.871321 0.700000
v -2.972377 4.108126 0.700000
v -3.211774 4.317368 0.700000
v -3.481724 4.495815 0.700000
v -3.780549 4.640235 0.700000
v -4.106571 4.747394 0.700000
v -4.458115 4.814060 0.700000
v -4.833502 4.837000 0.700000
v -5.095123 0.582892 0.700000
v -5.343303 0.629385 0.700000
v -5.576267 0.704703 0.700000
v -5.792243 0.807074 0.700000
v -5.989454 0.934723 0.700000
v -6.166127 1.085875 0.700000
v -6.320487 1.258757 0.700000
v -6.450761 1.451593 0.700000
v -6.555174 1.662609 0.700000
v -6.631951 1.890033 0.700000
v -6.679319 2.132087 0.700000
v -6.695502 2.387000 0.700000
v -6.679319 2.643384 0.700000
v -6.631951 2.886399 0.700000
v -6.555174 3.114344 0.700000
v -6.450761 3.325519 0.700000
v -6.320487 3.518221 0.700000
v -6.166127 3.690750 0.700000
v -5.989454 3.841404 0.700000
v -5.792243 3.968482 0.700000
v -5.576267 4.070282 0.700000
v -5.343303 4.145102 0.700000
v -5.095123 4.191242 0.700000
v -4.833502 4.207000 0.700000
v -4.573489 4.191242 0.700000
v -4.326650 4.145102 0.700000
v -4.094783 4.070282 0.700000
v -3.879687 3.968482 0.700000
v -3.683161 3.841404 0.700000
v -3.507002 3.690750 0.700000
v -3.353010 3.518221 0.700000
v -3.222983 3.325519 0.700000
v -3.118721 3.114344 0.700000
v -3.042020 2.886398 0.700000
v -2.994681 2.643383 0.700000
v -2.978502 2.387000 0.700000
v -2.994682 2.132087 0.700000
v -3.042021 1.890032 0.700000
v -3.118721 1.662609 0.700000
v -3.222984 1.451592 0.700000
v -3.353010 1.258756 0.700000
v -3.507002 1.085875 0.700000
v -3.683161 0.934723 0.700000
v -3.879687 0.807074 0.700000
v -4.094783 0.704703 0.700000
v -4.326650 0.629384 0.700000
v -4.573489 0.582892 0.700000
v -4.833502 0.567000 0.700000
v 0.370399 0.247763 0.700000
v 0.463619 0.193019 0.700000
v 0.556937 0.143719 0.700000
v 0.651129 0.099815 0.700000
v 0.746974 0.061258 0.700000
v 0.845249 0.028000 0.700000
v 0.946733 -0.000008 0.700000
v 1.052203 -0.022815 0.700000
v 1.162436 -0.040469 0.700000
v 1.278212 -0.053018 0.700000
v 1.400307 -0.060513 0.700000
v 1.529499 -0.063000 0.700000
v 1.765392 -0.046659 0.700000
v 1.982813 0.000648 0.700000
v 2.181374 0.076344 0.700000
v 2.360684 0.177852 0.700000
v 2.520355 0.302596 0.700000
v 2.659999 0.448000 0.700000
v 2.779226 0.611487 0.700000
v 2.877647 0.790482 0.700000
v 2.954874 0.982406 0.700000
v 3.010517 1.184685 0.700000
v 3.044189 1.394742 0.700000
v 3.055499 1.610000 0.700000
v 3.043151 1.841389 0.700000
v 3.006887 2.058778 0.700000
v 2.947874 2.261000 0.700000
v 2.867276 2.446889 0.700000
v 2.766263 2.615278 0.700000
v 2.645999 2.765000 0.700000
v 2.507652 2.894889 0.700000
v 2.352388 3.003778 0.700000
v 2.181374 3.090500 0.700000
v 1.995777 3.153889 0.700000
v 1.796763 3.192778 0.700000
v 1.585499 3.206000 0.700000
v 1.383653 3.194172 0.700000
v 1.195152 3.158621 0.700000
v 1.020796 3.099250 0.700000
v 0.861388 3.015963 0.700000
v 0.717730 2.908662 0.700000
v 0.590624 2.777250 0.700000
v 0.480872 2.621630 0.700000
v 0.389277 2.441704 0.700000
v 0.316640 2.237375 0.700000
v 0.263763 2.008546 0.700000
v 0.231449 1.755121 0.700000
v 0.220499 1.477000 0.700000
v 2.432499 1.477000 0.700000
v 2.402611 1.327533 0.700000
v 2.361980 1.190681 0.700000
v 2.310655 1.066516 0.700000
v 2.248684 0.955111 0.700000
v 2.176116 0.856540 0.700000
v 2.092999 0.770875 0.700000
v 1.999382 0.698189 0.700000
v 1.895314 0.638556 0.700000
v 1.780843 0.592047 0.700000
v 1.656017 0.558736 0.700000
v 1.520887 0.538696 0.700000
v 1.375499 0.532000 0.700000
v 1.281420 0.534893 0.700000
v 1.188119 0.543472 0.700000
v 1.095499 0.557594 0.700000
v 1.003462 0.577111 0.700000
v 0.911911 0.601879 0.700000
v 0.820749 0.631750 0.700000
v 0.729879 0.666580 0.700000
v 0.639203 0.706222 0.700000
v 0.548624 0.750531 0.700000
v 0.458045 0.799361 0.700000
v 0.367369 0.852566 0.700000
v 0.276499 0.910000 0.700000
v 0.276499 0.308000 0.700000
v 0.846950 2.005281 0.700000
v 0.867610 2.112833 0.700000
v 0.898186 2.212219 0.700000
v 0.938388 2.303000 0.700000
v 0.987922 2.384740 0.700000
v 1.046499 2.457000 0.700000
v 1.113825 2.519344 0.700000
v 1.189610 2.571333 0.700000
v 1.273561 2.612531 0.700000
v 1.365388 2.642500 0.700000
v 1.464797 2.660802 0.700000
v 1.571499 2.667000 0.700000
v 1.686553 2.661203 0.700000
v 1.793684 2.643959 0.700000
v 1.892843 2.615485 0.700000
v 1.983980 2.576000 0.700000
v 2.067049 2.525724 0.700000
v 2.141999 2.464875 0.700000
v 2.208782 2.393672 0.700000
v 2.267351 2.312334 0.700000
v 2.317655 2.221078 0.700000
v 2.359647 2.120125 0.700000
v 2.393278 2.009693 0.700000
v 2.418499 1.890000 0.700000
v 0.836499 1.890000 0.700000
v 7.703499 2.730000 0.699999
v 7.623429 2.807008 0.699999
v 7.544185 2.877065 0.699999
v 7.465718 2.940219 0.699999
v 7.387981 2.996519 0.699999
v 7.310924 3.046013 0.699999
v 7.234499 3.088750 0.699999
v 7.158658 3.124779 0.699999
v 7.083351 3.154148 0.699999
v 7.008531 3.176907 0.699999
v 6.934147 3.193102 0.699999
v 6.860153 3.202784 0.699999
v 6.786499 3.206000 0.699999
v 6.688236 3.201929 0.699999
v 6.593059 3.189764 0.699999
v 6.501140 3.169579 0.699999
v 6.412647 3.141445 0.699999
v 6.327752 3.105436 0.699999
v 6.246624 3.061625 0.699999
v 6.169434 3.010085 0.699999
v 6.096351 2.950889 0.699999
v 6.027546 2.884109 0.699999
v 5.963189 2.809819 0.699999
v 5.903450 2.728092 0.699999
v 5.848499 2.639000 0.699999
v 5.779047 2.714858 0.699999
v 5.707041 2.787945 0.699999
v 5.632265 2.857531 0.699999
v 5.554500 2.922889 0.699999
v 5.473526 2.983288 0.699999
v 5.389124 3.038000 0.699999
v 5.301077 3.086295 0.699999
v 5.209166 3.127445 0.699999
v 5.113171 3.160719 0.699999
v 5.012874 3.185389 0.699999
v 4.908056 3.200726 0.699999
v 4.798499 3.206000 0.699999
v 4.644162 3.195930 0.699999
v 4.500059 3.166269 0.699999
v 4.366796 3.117844 0.699999
v 4.244980 3.051482 0.700000
v 4.135221 2.968008 0.700000
v 4.038124 2.868250 0.700000
v 3.954298 2.753034 0.700000
v 3.884351 2.623185 0.700000
v 3.828890 2.479531 0.700000
v 3.788522 2.322898 0.700000
v 3.763856 2.154112 0.700000
v 3.755499 1.974000 0.700000
v 3.755499 0.000000 0.700000
v 4.378499 0.000000 0.700000
v 4.378499 1.946000 0.700000
v 4.384490 2.060455 0.700000
v 4.401930 2.165723 0.700000
v 4.430015 2.261657 0.700000
v 4.467944 2.348111 0.700000
v 4.514914 2.424941 0.700000
v 4.570124 2.492000 0.699999
v 4.632771 2.549143 0.699999
v 4.702055 2.596222 0.699999
v 4.777171 2.633094 0.699999
v 4.857318 2.659611 0.699999
v 4.941695 2.675629 0.699999
v 5.029499 2.681000 0.699999
v 5.081639 2.679031 0.699999
v 5.136281 2.669917 0.699999
v 5.193015 2.654094 0.699999
v 5.251425 2.632000 0.699999
v 5.311099 2.604073 0.699999
v 5.371624 2.570750 0.699999
v 5.432586 2.532469 0.699999
v 5.493573 2.489667 0.699999
v 5.554171 2.442781 0.699999
v 5.613966 2.392250 0.699999
v 5.672547 2.338511 0.699999
v 5.729499 2.282000 0.699999
v 5.729499 0.000000 0.700000
v 6.352499 0.000000 0.699999
v 6.352499 1.953000 0.699999
v 6.357774 2.074669 0.699999
v 6.373111 2.184356 0.699999
v 6.397781 2.282328 0.699999
v 6.431055 2.368852 0.699999
v 6.472204 2.444195 0.699999
v 6.520499 2.508625 0.699999
v 6.575211 2.562409 0.699999
v 6.635611 2.605815 0.699999
v 6.700968 2.639109 0.699999
v 6.770555 2.662560 0.699999
v 6.843642 2.676435 0.699999
v 6.919499 2.681000 0.699999
v 6.996151 2.678898 0.699999
v 7.068963 2.672348 0.699999
v 7.138468 2.660985 0.699999
v 7.205203 2.644445 0.699999
v 7.269702 2.622363 0.699999
v 7.332500 2.594375 0.699999
v 7.394130 2.560117 0.699999
v 7.455129 2.519222 0.699999
v 7.516031 2.471328 0.699999
v 7.577370 2.416070 0.699999
v 7.639681 2.353082 0.699999
v 7.703499 2.282000 0.699999
v 7.703499 0.000000 0.699999
v 8.326499 0.000000 0.699999
v 8.326499 3.143000 0.699999
v 7.703499 3.143000 0.699999
v 8.919891 0.137476 0.699999
v 8.982134 0.098227 0.699999
v 9.039078 0.063984 0.699999
v 9.091574 0.034482 0.699999
v 9.140472 0.009451 0.699999
v 9.186625 -0.011375 0.699999
v 9.230881 -0.028263 0.699999
v 9.274092 -0.041481 0.699999
v 9.317108 -0.051297 0.699999
v 9.360781 -0.057977 0.699999
v 9.405961 -0.061789 0.699999
v 9.453499 -0.063000 0.699999
v 9.519146 -0.060942 0.699999
v 9.579663 -0.054704 0.699999
v 9.635173 -0.044188 0.699999
v 9.685798 -0.029296 0.699999
v 9.731658 -0.009933 0.699999
v 9.772876 0.014000 0.699999
v 9.809573 0.042600 0.699999
v 9.841871 0.075963 0.699999
v 9.869891 0.114188 0.699999
v 9.893755 0.157370 0.699999
v 9.913584 0.205609 0.699999
v 9.929500 0.259000 0.699999
v 9.998033 0.207079 0.699999
v 10.067101 0.159801 0.699999
v 10.136655 0.117141 0.699999
v 10.206647 0.079074 0.699999
v 10.277028 0.045577 0.699999
v 10.347749 0.016625 0.699999
v 10.418761 -0.007806 0.699999
v 10.490017 -0.027741 0.699999
v 10.561467 -0.043203 0.699999
v 10.633063 -0.054218 0.699999
v 10.704757 -0.060808 0.699999
v 10.776499 -0.063000 0.699999
v 10.888700 -0.055603 0.699999
v 10.993952 -0.034157 0.699999
v 11.091717 0.000219 0.699999
v 11.181461 0.046407 0.699999
v 11.262650 0.103291 0.699999
v 11.334749 0.169750 0.699999
v 11.397223 0.244668 0.699999
v 11.449536 0.326926 0.699999
v 11.491156 0.415406 0.699999
v 11.521545 0.508991 0.699999
v 11.540172 0.606561 0.699999
v 11.546499 0.707000 0.699999
v 11.535052 0.853956 0.699999
v 11.502167 0.984310 0.699999
v 11.450031 1.099547 0.699999
v 11.380834 1.201148 0.699999
v 11.296761 1.290597 0.699999
v 11.200000 1.369375 0.699999
v 11.092739 1.438966 0.699999
v 10.977166 1.500852 0.699999
v 10.855468 1.556516 0.699999
v 10.729833 1.607440 0.699999
v 10.602448 1.655107 0.699999
v 10.475499 1.701000 0.699999
v 9.922500 1.897000 0.699999
v 9.922500 2.065000 0.699999
v 9.926439 2.158228 0.699999
v 9.938251 2.242074 0.699999
v 9.957939 2.316782 0.699999
v 9.985501 2.382593 0.699999
v 10.020939 2.439751 0.699999
v 10.064251 2.488500 0.699999
v 10.115438 2.529082 0.699999
v 10.174500 2.561741 0.699999
v 10.241438 2.586719 0.699999
v 10.316250 2.604259 0.699999
v 10.398937 2.614605 0.699999
v 10.489499 2.618000 0.699999
v 10.575362 2.614626 0.699999
v 10.661323 2.604421 0.699999
v 10.747186 2.587266 0.699999
v 10.832758 2.563037 0.699999
v 10.917844 2.531614 0.699999
v 11.002249 2.492875 0.699999
v 11.085779 2.446699 0.699999
v 11.168240 2.392963 0.699999
v 11.249436 2.331547 0.699999
v 11.329175 2.262329 0.699999
v 11.407261 2.185187 0.699999
v 11.483500 2.100000 0.699999
v 11.483500 2.779000 0.699999
v 11.420200 2.847692 0.699999
v 11.352769 2.910283 0.699999
v 11.281157 2.966797 0.699999
v 11.205316 3.017260 0.699999
v 11.125196 3.061694 0.699999
v 11.040751 3.100125 0.699999
v 10.951930 3.132577 0.699999
v 10.858685 3.159075 0.699999
v 10.760969 3.179641 0.699999
v 10.658731 3.194301 0.699999
v 10.551925 3.203080 0.699999
v 10.440499 3.206000 0.699999
v 10.284236 3.199251 0.699999
v 10.134801 3.178843 0.699999
v 9.993484 3.144531 0.699999
v 9.861574 3.096074 0.699999
v 9.740358 3.033228 0.699999
v 9.631125 2.955750 0.699999
v 9.535163 2.863397 0.699999
v 9.453759 2.755926 0.699999
v 9.388203 2.633094 0.699999
v 9.339782 2.494658 0.699999
v 9.309785 2.340374 0.699999
v 9.299500 2.170000 0.699999
v 9.299500 0.553000 0.699999
v 9.298629 0.524834 0.699999
v 9.296032 0.499755 0.699999
v 9.291734 0.477641 0.699999
v 9.285759 0.458370 0.699999
v 9.278131 0.441822 0.699999
v 9.268874 0.427875 0.699999
v 9.258014 0.416407 0.699999
v 9.245573 0.407296 0.699999
v 9.231577 0.400422 0.699999
v 9.216050 0.395662 0.699999
v 9.199016 0.392895 0.699999
v 9.180499 0.392000 0.699999
v 9.163465 0.393300 0.699999
v 9.143975 0.397153 0.699999
v 9.122202 0.403484 0.699999
v 9.098313 0.412222 0.699999
v 9.072480 0.423293 0.699999
v 9.044873 0.436625 0.699999
v 9.015662 0.452144 0.699999
v 8.985017 0.469778 0.699999
v 8.953108 0.489453 0.699999
v 8.920105 0.511097 0.699999
v 8.886179 0.534637 0.699999
v 8.851500 0.560000 0.699999
v 8.851500 0.182000 0.699999
v 10.053813 1.508391 0.699999
v 10.180850 1.462125 0.699999
v 10.302248 1.414547 0.699999
v 10.416646 1.365000 0.699999
v 10.522683 1.312828 0.699999
v 10.618998 1.257375 0.699999
v 10.704229 1.197984 0.699999
v 10.777017 1.134000 0.699999
v 10.835999 1.064766 0.699999
v 10.879813 0.989625 0.699999
v 10.907101 0.907922 0.699999
v 10.916499 0.819000 0.699999
v 10.912630 0.755915 0.699999
v 10.901299 0.696403 0.699999
v 10.882920 0.640828 0.699999
v 10.857905 0.589556 0.699999
v 10.826669 0.542950 0.699999
v 10.789623 0.501375 0.699999
v 10.747182 0.465196 0.699999
v 10.699758 0.434778 0.699999
v 10.647764 0.410484 0.699999
v 10.591615 0.392681 0.699999
v 10.531722 0.381731 0.699999
v 10.468499 0.378000 0.699999
v 10.419791 0.380021 0.699999
v 10.371666 0.386005 0.699999
v 10.324124 0.395828 0.699999
v 10.277166 0.409370 0.699999
v 10.230791 0.426510 0.699999
v 10.184999 0.447125 0.699999
v 10.139791 0.471094 0.699999
v 10.095166 0.498296 0.699999
v 10.051125 0.528609 0.699999
v 10.007667 0.561912 0.699999
v 9.964791 0.598083 0.699999
v 9.922500 0.637000 0.699999
v 9.922500 1.554000 0.699999
v 12.354423 0.262468 0.699999
v 12.507313 0.202741 0.699999
v 12.657092 0.149625 0.699999
v 12.804684 0.102926 0.699999
v 12.951012 0.062449 0.699999
v 13.096999 0.028000 0.699999
v 13.243569 -0.000616 0.699999
v 13.391647 -0.023593 0.699999
v 13.542155 -0.041125 0.699999
v 13.696017 -0.053407 0.699999
v 13.854157 -0.060634 0.699999
v 14.017499 -0.063000 0.699999
v 14.374827 -0.042081 0.699999
v 14.713708 0.019185 0.699999
v 15.031734 0.118562 0.699999
v 15.326500 0.253815 0.699999
v 15.595599 0.422706 0.699999
v 15.836625 0.623000 0.699999
v 16.047173 0.852461 0.699999
v 16.224834 1.108852 0.699998
v 16.367205 1.389938 0.699998
v 16.471876 1.693482 0.699998
v 16.536444 2.017248 0.699998
v 16.558500 2.359000 0.699998
v 16.535894 2.703325 0.699998
v 16.469831 3.031098 0.699998
v 16.362936 3.339766 0.699998
v 16.217833 3.626778 0.699998
v 16.037146 3.889582 0.699998
v 15.823500 4.125626 0.699998
v 15.579520 4.332356 0.699998
v 15.307833 4.507223 0.699998
v 15.011062 4.647672 0.699998
v 14.691833 4.751153 0.699998
v 14.352770 4.815113 0.699998
v 13.996499 4.837000 0.699999
v 13.859697 4.835028 0.699999
v 13.728070 4.828802 0.699999
v 13.599797 4.817860 0.699999
v 13.473056 4.801742 0.699999
v 13.346023 4.779984 0.699999
v 13.216875 4.752126 0.699999
v 13.083790 4.717705 0.699999
v 12.944944 4.676260 0.699999
v 12.798515 4.627328 0.699999
v 12.642680 4.570449 0.699999
v 12.475616 4.505160 0.699999
v 12.295499 4.431000 0.699999
v 12.295499 3.738000 0.699999
v 12.435920 3.811930 0.699999
v 12.577119 3.879685 0.699999
v 12.718999 3.941219 0.699999
v 12.861462 3.996482 0.699999
v 13.004411 4.045425 0.699999
v 13.147749 4.088000 0.699999
v 13.291379 4.124159 0.699999
v 13.435203 4.153852 0.699999
v 13.579123 4.177032 0.699999
v 13.723044 4.193648 0.699999
v 13.866869 4.203654 0.699999
v 14.010499 4.207000 0.699999
v 14.264355 4.190836 0.699999
v 14.506592 4.143611 0.699999
v 14.735218 4.067219 0.699998
v 14.948240 3.963556 0.699998
v 15.143665 3.834517 0.699998
v 15.319500 3.682000 0.699998
v 15.473751 3.507900 0.699998
v 15.604425 3.314111 0.699998
v 15.709531 3.102531 0.699998
v 15.787074 2.875056 0.699998
v 15.835061 2.633580 0.699998
v 15.851500 2.380000 0.699998
v 15.835140 2.120814 0.699998
v 15.787137 1.876259 0.699998
v 15.709092 1.647844 0.699999
v 15.602610 1.437074 0.699999
v 15.469294 1.245457 0.699999
v 15.310749 1.074500 0.699999
v 15.128579 0.925710 0.699999
v 14.924388 0.800593 0.699999
v 14.699780 0.700656 0.699999
v 14.456361 0.627407 0.699999
v 14.195732 0.582353 0.699999
v 13.919499 0.567000 0.699999
v 13.827462 0.568714 0.699999
v 13.736786 0.573708 0.699999
v 13.647374 0.581766 0.699999
v 13.559129 0.592667 0.699999
v 13.471952 0.606193 0.699999
v 13.385749 0.622125 0.699999
v 13.300420 0.640245 0.699999
v 13.215869 0.660333 0.699999
v 13.131999 0.682172 0.699999
v 13.048712 0.705542 0.699999
v 12.965911 0.730224 0.699999
v 12.883499 0.756000 0.699999
v 12.883499 1.736000 0.699999
v 13.800499 1.736000 0.699999
v 13.800499 2.352000 0.699999
v 12.197498 2.352000 0.699999
v 12.197498 0.329000 0.699999
v 12.354423 0.262468 0.699999
v 12.354423 0.262468 -0.700001
v 12.507313 0.202741 0.699999
v 12.507313 0.202741 -0.700001
v 12.657092 0.149625 0.699999
v 12.657092 0.149625 -0.700001
v 12.804684 0.102926 0.699999
v 12.804684 0.102926 -0.700001
v 12.951012 0.062449 0.699999
v 12.951012 0.062449 -0.700001
v 13.096999 0.028000 0.699999
v 13.096999 0.028000 -0.700001
v 13.243569 -0.000616 0.699999
v 13.243569 -0.000616 -0.700001
v 13.391647 -0.023593 0.699999
v 13.391647 -0.023593 -0.700001
v 13.542155 -0.041125 0.699999
v 13.542155 -0.041125 -0.700001
v 13.696017 -0.053407 0.699999
v 13.696017 -0.053407 -0.700001
v 13.854157 -0.060634 0.699999
v 13.854157 -0.060634 -0.700001
v 14.017499 -0.063000 0.699999
v 14.017499 -0.063000 -0.700001
v 14.374827 -0.042081 0.699999
v 14.374827 -0.042081 -0.700001
v 14.713708 0.019185 0.699999
v 14.713708 0.019185 -0.700001
v 15.031734 0.118562 0.699999
v 15.031734 0.118562 -0.700001
v 15.326500 0.253815 0.699999
v 15.326500 0.253815 -0.700001
v 15.595599 0.422706 0.699999
v 15.595599 0.422706 -0.700001
v 15.836625 0.623000 0.699999
v 15.836625 0.623000 -0.700001
v 16.047173 0.852461 0.699999
v 16.047173 0.852461 -0.700001
v 16.224834 1.108852 0.699998
v 16.224834 1.108852 -0.700001
v 16.367205 1.389938 0.699998
v 16.367205 1.389938 -0.700001
v 16.471876 1.693482 0.699998
v 16.471876 1.693482 -0.700001
v 16.536444 2.017248 0.699998
v 16.536444 2.017248 -0.700002
v 16.558500 2.359000 0.699998
v 16.558500 2.359000 -0.700002
v 16.535894 2.703325 0.699998
v 16.535894 2.703325 -0.700002
v 16.469831 3.031098 0.699998
v 16.469831 3.031098 -0.700002
v 16.362936 3.339766 0.699998
v 16.362936 3.339766 -0.700002
v 16.217833 3.626778 0.699998
v 16.217833 3.626778 -0.700002
v 16.037146 3.889582 0.699998
v 16.037146 3.889582 -0.700002
v 15.823500 4.125626 0.699998
v 15.823500 4.125626 -0.700002
v 15.579520 4.332356 0.699998
v 15.579520 4.332356 -0.700002
v 15.307833 4.507223 0.699998
v 15.307833 4.507223 -0.700002
v 15.011062 4.647672 0.699998
v 15.011062 4.647672 -0.700001
v 14.691833 4.751153 0.699998
v 14.691833 4.751153 -0.700001
v 14.352770 4.815113 0.699998
v 14.352770 4.815113 -0.700001
v 13.996499 4.837000 0.699999
v 13.996499 4.837000 -0.700001
v 13.859697 4.835028 0.699999
v 13.859697 4.835028 -0.700001
v 13.728070 4.828802 0.699999
v 13.728070 4.828802 -0.700001
v 13.599797 4.817860 0.699999
v 13.599797 4.817860 -0.700001
v 13.473056 4.801742 0.699999
v 13.473056 4.801742 -0.700001
v 13.346023 4.779984 0.699999
v 13.346023 4.779984 -0.700001
v 13.216875 4.752126 0.699999
v 13.216875 4.752126 -0.700001
v 13.083790 4.717705 0.699999
v 13.083790 4.717705 -0.700001
v 12.944944 4.676260 0.699999
v 12.944944 4.676260 -0.700001
v 12.798515 4.627328 0.699999
v 12.798515 4.627328 -0.700001
v 12.642680 4.570449 0.699999
v 12.642680 4.570449 -0.700001
v 12.475616 4.505160 0.699999
v 12.475616 4.505160 -0.700001
v 12.295499 4.431000 0.699999
v 12.295499 4.431000 -0.700001
v 12.295499 3.738000 0.699999
v 12.295499 3.738000 -0.700001
v 12.435920 3.811930 0.699999
v 12.435920 3.811930 -0.700001
v 12.577119 3.879685 0.699999
v 12.577119 3.879685 -0.700001
v 12.718999 3.941219 0.699999
v 12.718999 3.941219 -0.700001
v 12.861462 3.996482 0.699999
v 12.861462 3.996482 -0.700001
v 13.004411 4.045425 0.699999
v 13.004411 4.045425 -0.700001
v 13.147749 4.088000 0.699999
v 13.147749 4.088000 -0.700001
v 13.291379 4.124159 0.699999
v 13.291379 4.124159 -0.700001
v 13.435203 4.153852 0.699999
v 13.435203 4.153852 -0.700001
v 13.579123 4.177032 0.699999
v 13.579123 4.177032 -0.700001
v 13.723044 4.193648 0.699999
v 13.723044 4.193648 -0.700001
v 13.866869 4.203654 0.699999
v 13.866869 4.203654 -0.700001
v 14.010499 4.207000 0.699999
v 14.010499 4.207000 -0.700001
v 14.264355 4.190836 0.699999
v 14.264355 4.190836 -0.700001
v 14.506592 4.143611 0.699999
v 14.506592 4.143611 -0.700001
v 14.735218 4.067219 0.699998
v 14.735218 4.067219 -0.700001
v 14.948240 3.963556 0.699998
v 14.948240 3.963556 -0.700001
v 15.143665 3.834517 0.699998
v 15.143665 3.834517 -0.700001
v 15.319500 3.682000 0.699998
v 15.319500 3.682000 -0.700001
v 15.473751 3.507900 0.699998
v 15.473751 3.507900 -0.700001
v 15.604425 3.314111 0.699998
v 15.604425 3.314111 -0.700001
v 15.709531 3.102531 0.699998
v 15.709531 3.102531 -0.700001
v 15.787074 2.875056 0.699998
v 15.787074 2.875056 -0.700001
v 15.835061 2.633580 0.699998
v 15.835061 2.633580 -0.700001
v 15.851500 2.380000 0.699998
v 15.851500 2.380000 -0.700001
v 15.835140 2.120814 0.699998
v 15.835140 2.120814 -0.700001
v 15.787137 1.876259 0.699998
v 15.787137 1.876259 -0.700001
v 15.709092 1.647844 0.699999
v 15.709092 1.647844 -0.700001
v 15.602610 1.437074 0.699999
v 15.602610 1.437074 -0.700001
v 15.469294 1.245457 0.699999
v 15.469294 1.245457 -0.700001
v 15.310749 1.074500 0.699999
v 15.310749 1.074500 -0.700001
v 15.128579 0.925710 0.699999
v 15.128579 0.925710 -0.700001
v 14.924388 0.800593 0.699999
v 14.924388 0.800593 -0.700001
v 14.699780 0.700656 0.699999
v 14.699780 0.700656 -0.700001
v 14.456361 0.627407 0.699999
v 14.456361 0.627407 -0.700001
v 14.195732 0.582353 0.699999
v 14.195732 0.582353 -0.700001
v 13.919499 0.567000 0.699999
v 13.919499 0.567000 -0.700001
v 13.827462 0.568714 0.699999
v 13.827462 0.568713 -0.700001
v 13.736786 0.573708 0.699999
v 13.736786 0.573708 -0.700001
v 13.647374 0.581766 0.699999
v 13.647374 0.581766 -0.700001
v 13.559129 0.592667 0.699999
v 13.559129 0.592667 -0.700001
v 13.471952 0.606193 0.699999
v 13.471952 0.606193 -0.700001
v 13.385749 0.622125 0.699999
v 13.385749 0.622125 -0.700001
v 13.300420 0.640245 0.699999
v 13.300420 0.640245 -0.700001
v 13.215869 0.660333 0.699999
v 13.215869 0.660333 -0.700001
v 13.131999 0.682172 0.699999
v 13.131999 0.682172 -0.700001
v 13.048712 0.705542 0.699999
v 13.048712 0.705542 -0.700001
v 12.965911 0.730224 0.699999
v 12.965911 0.730224 -0.700001
v 12.883499 0.756000 0.699999
v 12.883499 0.756000 -0.700001
v 12.883499 1.736000 0.699999
v 12.883499 1.736000 -0.700001
v 13.800499 1.736000 0.699999
v 13.800499 1.736000 -0.700001
v 13.800499 2.352000 0.699999
v 13.800499 2.352000 -0.700001
v 12.197498 2.352000 0.699999
v 12.197498 2.352000 -0.700001
v 12.197498 0.329000 0.699999
v 12.197498 0.329000 -0.700001
v 8.919891 0.137476 0.699999
v 8.919891 0.137476 -0.700001
v 8.982134 0.098227 0.699999
v 8.982134 0.098227 -0.700001
v 9.039078 0.063984 0.699999
v 9.039078 0.063984 -0.700001
v 9.091574 0.034482 0.699999
v 9.091574 0.034481 -0.700001
v 9.140472 0.009451 0.699999
v 9.140472 0.009451 -0.700001
v 9.186625 -0.011375 0.699999
v 9.186625 -0.011375 -0.700001
v 9.230881 -0.028263 0.699999
v 9.230881 -0.028263 -0.700001
v 9.274092 -0.041481 0.699999
v 9.274092 -0.041482 -0.700001
v 9.317108 -0.051297 0.699999
v 9.317108 -0.051297 -0.700001
v 9.360781 -0.057977 0.699999
v 9.360781 -0.057977 -0.700001
v 9.405961 -0.061789 0.699999
v 9.405961 -0.061789 -0.700001
v 9.453499 -0.063000 0.699999
v 9.453499 -0.063000 -0.700001
v 9.519146 -0.060942 0.699999
v 9.519146 -0.060942 -0.700001
v 9.579663 -0.054704 0.699999
v 9.579663 -0.054704 -0.700001
v 9.635173 -0.044188 0.699999
v 9.635173 -0.044188 -0.700001
v 9.685798 -0.029296 0.699999
v 9.685798 -0.029296 -0.700001
v 9.731658 -0.009933 0.699999
v 9.731658 -0.009933 -0.700001
v 9.772876 0.014000 0.699999
v 9.772876 0.014000 -0.700001
v 9.809573 0.042600 0.699999
v 9.809573 0.042599 -0.700001
v 9.841871 0.075963 0.699999
v 9.841871 0.075963 -0.700001
v 9.869891 0.114188 0.699999
v 9.869891 0.114187 -0.700001
v 9.893755 0.157370 0.699999
v 9.893755 0.157370 -0.700001
v 9.913584 0.205609 0.699999
v 9.913584 0.205609 -0.700001
v 9.929500 0.259000 0.699999
v 9.929500 0.259000 -0.700001
v 9.998033 0.207079 0.699999
v 9.998033 0.207079 -0.700001
v 10.067101 0.159801 0.699999
v 10.067101 0.159801 -0.700001
v 10.136655 0.117141 0.699999
v 10.136655 0.117141 -0.700001
v 10.206647 0.079074 0.699999
v 10.206647 0.079074 -0.700001
v 10.277028 0.045577 0.699999
v 10.277028 0.045577 -0.700001
v 10.347749 0.016625 0.699999
v 10.347749 0.016625 -0.700001
v 10.418761 -0.007806 0.699999
v 10.418761 -0.007806 -0.700001
v 10.490017 -0.027741 0.699999
v 10.490017 -0.027741 -0.700001
v 10.561467 -0.043203 0.699999
v 10.561467 -0.043203 -0.700001
v 10.633063 -0.054218 0.699999
v 10.633063 -0.054218 -0.700001
v 10.704757 -0.060808 0.699999
v 10.704757 -0.060808 -0.700001
v 10.776499 -0.063000 0.699999
v 10.776499 -0.063000 -0.700001
v 10.888700 -0.055603 0.699999
v 10.888700 -0.055603 -0.700001
v 10.993952 -0.034157 0.699999
v 10.993952 -0.034157 -0.700001
v 11.091717 0.000219 0.699999
v 11.091717 0.000219 -0.700001
v 11.181461 0.046407 0.699999
v 11.181461 0.046407 -0.700001
v 11.262650 0.103291 0.699999
v 11.262650 0.103291 -0.700001
v 11.334749 0.169750 0.699999
v 11.334749 0.169750 -0.700001
v 11.397223 0.244668 0.699999
v 11.397223 0.244668 -0.700001
v 11.449536 0.326926 0.699999
v 11.449536 0.326926 -0.700001
v 11.491156 0.415406 0.699999
v 11.491156 0.415406 -0.700001
v 11.521545 0.508991 0.699999
v 11.521545 0.508991 -0.700001
v 11.540172 0.606561 0.699999
v 11.540172 0.606561 -0.700001
v 11.546499 0.707000 0.699999
v 11.546499 0.707000 -0.700001
v 11.535052 0.853956 0.699999
v 11.535052 0.853956 -0.700001
v 11.502167 0.984310 0.699999
v 11.502167 0.984310 -0.700001
v 11.450031 1.099547 0.699999
v 11.450031 1.099547 -0.700001
v 11.380834 1.201148 0.699999
v 11.380834 1.201148 -0.700001
v 11.296761 1.290597 0.699999
v 11.296761 1.290597 -0.700001
v 11.200000 1.369375 0.699999
v 11.200000 1.369375 -0.700001
v 11.092739 1.438966 0.699999
v 11.092739 1.438966 -0.700001
v 10.977166 1.500852 0.699999
v 10.977166 1.500852 -0.700001
v 10.855468 1.556516 0.699999
v 10.855468 1.556516 -0.700001
v 10.729833 1.607440 0.699999
v 10.729833 1.607440 -0.700001
v 10.602448 1.655107 0.699999
v 10.602448 1.655107 -0.700001
v 10.475499 1.701000 0.699999
v 10.475499 1.701000 -0.700001
v 9.922500 1.897000 0.699999
v 9.922500 1.897000 -0.700001
v 9.922500 2.065000 0.699999
v 9.922500 2.065000 -0.700001
v 9.926439 2.158228 0.699999
v 9.926439 2.158228 -0.700001
v 9.938251 2.242074 0.699999
v 9.938251 2.242074 -0.700001
v 9.957939 2.316782 0.699999
v 9.957939 2.316782 -0.700001
v 9.985501 2.382593 0.699999
v 9.985501 2.382593 -0.700001
v 10.020939 2.439751 0.699999
v 10.020939 2.439751 -0.700001
v 10.064251 2.488500 0.699999
v 10.064251 2.488500 -0.700001
v 10.115438 2.529082 0.699999
v 10.115438 2.529082 -0.700001
v 10.174500 2.561741 0.699999
v 10.174500 2.561741 -0.700001
v 10.241438 2.586719 0.699999
v 10.241438 2.586719 -0.700001
v 10.316250 2.604259 0.699999
v 10.316250 2.604259 -0.700001
v 10.398937 2.614605 0.699999
v 10.398937 2.614605 -0.700001
v 10.489499 2.618000 0.699999
v 10.489499 2.618000 -0.700001
v 10.575362 2.614626 0.699999
v 10.575362 2.614626 -0.700001
v 10.661323 2.604421 0.699999
v 10.661323 2.604421 -0.700001
v 10.747186 2.587266 0.699999
v 10.747186 2.587266 -0.700001
v 10.832758 2.563037 0.699999
v 10.832758 2.563037 -0.700001
v 10.917844 2.531614 0.699999
v 10.917844 2.531614 -0.700001
v 11.002249 2.492875 0.699999
v 11.002249 2.492875 -0.700001
v 11.085779 2.446699 0.699999
v 11.085779 2.446699 -0.700001
v 11.168240 2.392963 0.699999
v 11.168240 2.392963 -0.700001
v 11.249436 2.331547 0.699999
v 11.249436 2.331547 -0.700001
v 11.329175 2.262329 0.699999
v 11.329175 2.262329 -0.700001
v 11.407261 2.185187 0.699999
v 11.407261 2.185187 -0.700001
v 11.483500 2.100000 0.699999
v 11.483500 2.100000 -0.700001
v 11.483500 2.779000 0.699999
v 11.483500 2.779000 -0.700001
v 11.420200 2.847692 0.699999
v 11.420200 2.847692 -0.700001
v 11.352769 2.910283 0.699999
v 11.352769 2.910283 -0.700001
v 11.281157 2.966797 0.699999
v 11.281157 2.966797 -0.700001
v 11.205316 3.017260 0.699999
v 11.205316 3.017260 -0.700001
v 11.125196 3.061694 0.699999
v 11.125196 3.061694 -0.700001
v 11.040751 3.100125 0.699999
v 11.040751 3.100125 -0.700001
v 10.951930 3.132577 0.699999
v 10.951930 3.132577 -0.700001
v 10.858685 3.159075 0.699999
v 10.858685 3.159075 -0.700001
v 10.760969 3.179641 0.699999
v 10.760969 3.179641 -0.700001
v 10.658731 3.194301 0.699999
v 10.658731 3.194301 -0.700001
v 10.551925 3.203080 0.699999
v 10.551925 3.203080 -0.700001
v 10.440499 3.206000 0.699999
v 10.440499 3.206000 -0.700001
v 10.284236 3.199251 0.699999
v 10.284236 3.199251 -0.700001
v 10.134801 3.178843 0.699999
v 10.134801 3.178843 -0.700001
v 9.993484 3.144531 0.699999
v 9.993484 3.144531 -0.700001
v 9.861574 3.096074 0.699999
v 9.861574 3.096074 -0.700001
v 9.740358 3.033228 0.699999
v 9.740358 3.033228 -0.700001
v 9.631125 2.955750 0.699999
v 9.631125 2.955750 -0.700001
v 9.535163 2.863397 0.699999
v 9.535163 2.863397 -0.700001
v 9.453759 2.755926 0.699999
v 9.453759 2.755926 -0.700001
v 9.388203 2.633094 0.699999
v 9.388203 2.633094 -0.700001
v 9.339782 2.494658 0.699999
v 9.339782 2.494658 -0.700001
v 9.309785 2.340374 0.699999
v 9.309785 2.340374 -0.700001
v 9.299500 2.170000 0.699999
v 9.299500 2.170000 -0.700001
v 9.299500 0.553000 0.699999
v 9.299500 0.553000 -0.700001
v 9.298629 0.524834 0.699999
v 9.298629 0.524834 -0.700001
v 9.296032 0.499755 0.699999
v 9.296032 0.499755 -0.700001
v 9.291734 0.477641 0.699999
v 9.291734 0.477641 -0.700001
v 9.285759 0.458370 0.699999
v 9.285759 0.458370 -0.700001
v 9.278131 0.441822 0.699999
v 9.278131 0.441822 -0.700001
v 9.268874 0.427875 0.699999
v 9.268874 0.427875 -0.700001
v 9.258014 0.416407 0.699999
v 9.258014 0.416407 -0.700001
v 9.245573 0.407296 0.699999
v 9.245573 0.407296 -0.700001
v 9.231577 0.400422 0.699999
v 9.231577 0.400422 -0.700001
v 9.216050 0.395662 0.699999
v 9.216050 0.395662 -0.700001
v 9.199016 0.392895 0.699999
v 9.199016 0.392895 -0.700001
v 9.180499 0.392000 0.699999
v 9.180499 0.392000 -0.700001
v 9.163465 0.393300 0.699999
v 9.163465 0.393300 -0.700001
v 9.143975 0.397153 0.699999
v 9.143975 0.397153 -0.700001
v 9.122202 0.403484 0.699999
v 9.122202 0.403484 -0.700001
v 9.098313 0.412222 0.699999
v 9.098313 0.412222 -0.700001
v 9.072480 0.423293 0.699999
v 9.072480 0.423293 -0.700001
v 9.044873 0.436625 0.699999
v 9.044873 0.436625 -0.700001
v 9.015662 0.452144 0.699999
v 9.015662 0.452144 -0.700001
v 8.985017 0.469778 0.699999
v 8.985017 0.469778 -0.700001
v 8.953108 0.489453 0.699999
v 8.953108 0.489453 -0.700001
v 8.920105 0.511097 0.699999
v 8.920105 0.511097 -0.700001
v 8.886179 0.534637 0.699999
v 8.886179 0.534637 -0.700001
v 8.851500 0.560000 0.699999
v 8.851500 0.560000 -0.700001
v 8.851500 0.182000 0.699999
v 8.851500 0.182000 -0.700001
v 10.053813 1.508391 0.699999
v 10.053813 1.508391 -0.700001
v 10.180850 1.462125 0.699999
v 10.180850 1.462125 -0.700001
v 10.302248 1.414547 0.699999
v 10.302248 1.414547 -0.700001
v 10.416646 1.365000 0.699999
v 10.416646 1.365000 -0.700001
v 10.522683 1.312828 0.699999
v 10.522683 1.312828 -0.700001
v 10.618998 1.257375 0.699999
v 10.618998 1.257375 -0.700001
v 10.704229 1.197984 0.699999
v 10.704229 1.197984 -0.700001
v 10.777017 1.134000 0.699999
v 10.777017 1.134000 -0.700001
v 10.835999 1.064766 0.699999
v 10.835999 1.064766 -0.700001
v 10.879813 0.989625 0.699999
v 10.879813 0.989625 -0.700001
v 10.907101 0.907922 0.699999
v 10.907101 0.907922 -0.700001
v 10.916499 0.819000 0.699999
v 10.916499 0.819000 -0.700001
v 10.912630 0.755915 0.699999
v 10.912630 0.755915 -0.700001
v 10.901299 0.696403 0.699999
v 10.901299 0.696403 -0.700001
v 10.882920 0.640828 0.699999
v 10.882920 0.640828 -0.700001
v 10.857905 0.589556 0.699999
v 10.857905 0.589556 -0.700001
v 10.826669 0.542950 0.699999
v 10.826669 0.542950 -0.700001
v 10.789623 0.501375 0.699999
v 10.789623 0.501375 -0.700001
v 10.747182 0.465196 0.699999
v 10.747182 0.465196 -0.700001
v 10.699758 0.434778 0.699999
v 10.699758 0.434778 -0.700001
v 10.647764 0.410484 0.699999
v 10.647764 0.410484 -0.700001
v 10.591615 0.392681 0.699999
v 10.591615 0.392681 -0.700001
v 10.531722 0.381731 0.699999
v 10.531722 0.381731 -0.700001
v 10.468499 0.378000 0.699999
v 10.468499 0.378000 -0.700001
v 10.419791 0.380021 0.699999
v 10.419791 0.380021 -0.700001
v 10.371666 0.386005 0.699999
v 10.371666 0.386005 -0.700001
v 10.324124 0.395828 0.699999
v 10.324124 0.395828 -0.700001
v 10.277166 0.409370 0.699999
v 10.277166 0.409370 -0.700001
v 10.230791 0.426510 0.699999
v 10.230791 0.426510 -0.700001
v 10.184999 0.447125 0.699999
v 10.184999 0.447125 -0.700001
v 10.139791 0.471094 0.699999
v 10.139791 0.471094 -0.700001
v 10.095166 0.498296 0.699999
v 10.095166 0.498296 -0.700001
v 10.051125 0.528609 0.699999
v 10.051125 0.528609 -0.700001
v 10.007667 0.561912 0.699999
v 10.007667 0.561912 -0.700001
v 9.964791 0.598083 0.699999
v 9.964791 0.598083 -0.700001
v 9.922500 0.637000 0.699999
v 9.922500 0.637000 -0.700001
v 9.922500 1.554000 0.699999
v 9.922500 1.554000 -0.700001
v 7.703499 2.730000 0.699999
v 7.703499 2.730000 -0.700001
v 7.623429 2.807008 0.699999
v 7.623429 2.807008 -0.700001
v 7.544185 2.877065 0.699999
v 7.544185 2.877065 -0.700001
v 7.465718 2.940219 0.699999
v 7.465718 2.940219 -0.700001
v 7.387981 2.996519 0.699999
v 7.387981 2.996519 -0.700001
v 7.310924 3.046013 0.699999
v 7.310924 3.046013 -0.700001
v 7.234499 3.088750 0.699999
v 7.234499 3.088750 -0.700001
v 7.158658 3.124779 0.699999
v 7.158658 3.124779 -0.700001
v 7.083351 3.154148 0.699999
v 7.083351 3.154148 -0.700001
v 7.008531 3.176907 0.699999
v 7.008531 3.176907 -0.700001
v 6.934147 3.193102 0.699999
v 6.934147 3.193102 -0.700001
v 6.860153 3.202784 0.699999
v 6.860153 3.202784 -0.700001
v 6.786499 3.206000 0.699999
v 6.786499 3.206000 -0.700001
v 6.688236 3.201929 0.699999
v 6.688236 3.201929 -0.700001
v 6.593059 3.189764 0.699999
v 6.593059 3.189764 -0.700001
v 6.501140 3.169579 0.699999
v 6.501140 3.169579 -0.700001
v 6.412647 3.141445 0.699999
v 6.412647 3.141445 -0.700001
v 6.327752 3.105436 0.699999
v 6.327752 3.105436 -0.700001
v 6.246624 3.061625 0.699999
v 6.246624 3.061625 -0.700001
v 6.169434 3.010085 0.699999
v 6.169434 3.010085 -0.700001
v 6.096351 2.950889 0.699999
v 6.096351 2.950889 -0.700001
v 6.027546 2.884109 0.699999
v 6.027546 2.884109 -0.700001
v 5.963189 2.809819 0.699999
v 5.963189 2.809819 -0.700001
v 5.903450 2.728092 0.699999
v 5.903450 2.728092 -0.700001
v 5.848499 2.639000 0.699999
v 5.848499 2.639000 -0.700001
v 5.779047 2.714858 0.699999
v 5.779047 2.714858 -0.700001
v 5.707041 2.787945 0.699999
v 5.707041 2.787945 -0.700001
v 5.632265 2.857531 0.699999
v 5.632265 2.857531 -0.700001
v 5.554500 2.922889 0.699999
v 5.554500 2.922889 -0.700001
v 5.473526 2.983288 0.699999
v 5.473526 2.983288 -0.700001
v 5.389124 3.038000 0.699999
v 5.389124 3.038000 -0.700001
v 5.301077 3.086295 0.699999
v 5.301077 3.086295 -0.700001
v 5.209166 3.127445 0.699999
v 5.209166 3.127445 -0.700001
v 5.113171 3.160719 0.699999
v 5.113171 3.160719 -0.700001
v 5.012874 3.185389 0.699999
v 5.012874 3.185389 -0.700001
v 4.908056 3.200726 0.699999
v 4.908056 3.200726 -0.700001
v 4.798499 3.206000 0.699999
v 4.798499 3.206000 -0.700001
v 4.644162 3.195930 0.699999
v 4.644162 3.195930 -0.700001
v 4.500059 3.166269 0.699999
v 4.500059 3.166269 -0.700001
v 4.366796 3.117844 0.699999
v 4.366796 3.117844 -0.700001
v 4.244980 3.051482 0.700000
v 4.244980 3.051482 -0.700000
v 4.135221 2.968008 0.700000
v 4.135221 2.968008 -0.700000
v 4.038124 2.868250 0.700000
v 4.038124 2.868250 -0.700000
v 3.954298 2.753034 0.700000
v 3.954298 2.753034 -0.700000
v 3.884351 2.623185 0.700000
v 3.884351 2.623185 -0.700000
v 3.828890 2.479531 0.700000
v 3.828890 2.479531 -0.700000
v 3.788522 2.322898 0.700000
v 3.788522 2.322898 -0.700000
v 3.763856 2.154112 0.700000
v 3.763856 2.154112 -0.700000
v 3.755499 1.974000 0.700000
v 3.755499 1.974000 -0.700000
v 3.755499 0.000000 0.700000
v 3.755499 -0.000000 -0.700000
v 4.378499 0.000000 0.700000
v 4.378499 -0.000000 -0.700000
v 4.378499 1.946000 0.700000
v 4.378499 1.946000 -0.700000
v 4.384490 2.060455 0.700000
v 4.384490 2.060455 -0.700000
v 4.401930 2.165723 0.700000
v 4.401930 2.165723 -0.700000
v 4.430015 2.261657 0.700000
v 4.430015 2.261657 -0.700000
v 4.467944 2.348111 0.700000
v 4.467944 2.348111 -0.700000
v 4.514914 2.424941 0.700000
v 4.514914 2.424941 -0.700000
v 4.570124 2.492000 0.699999
v 4.570124 2.492000 -0.700001
v 4.632771 2.549143 0.699999
v 4.632771 2.549143 -0.700001
v 4.702055 2.596222 0.699999
v 4.702055 2.596222 -0.700001
v 4.777171 2.633094 0.699999
v 4.777171 2.633094 -0.700001
v 4.857318 2.659611 0.699999
v 4.857318 2.659611 -0.700001
v 4.941695 2.675629 0.699999
v 4.941695 2.675629 -0.700001
v 5.029499 2.681000 0.699999
v 5.029499 2.681000 -0.700001
v 5.081639 2.679031 0.699999
v 5.081639 2.679031 -0.700001
v 5.136281 2.669917 0.699999
v 5.136281 2.669917 -0.700001
v 5.193015 2.654094 0.699999
v 5.193015 2.654094 -0.700001
v 5.251425 2.632000 0.699999
v 5.251425 2.632000 -0.700001
v 5.311099 2.604073 0.699999
v 5.311099 2.604073 -0.700001
v 5.371624 2.570750 0.699999
v 5.371624 2.570750 -0.700001
v 5.432586 2.532469 0.699999
v 5.432586 2.532469 -0.700001
v 5.493573 2.489667 0.699999
v 5.493573 2.489667 -0.700001
v 5.554171 2.442781 0.699999
v 5.554171 2.442781 -0.700001
v 5.613966 2.392250 0.699999
v 5.613966 2.392250 -0.700001
v 5.672547 2.338511 0.699999
v 5.672547 2.338511 -0.700001
v 5.729499 2.282000 0.699999
v 5.729499 2.282000 -0.700001
v 5.729499 0.000000 0.700000
v 5.729499 -0.000000 -0.700000
v 6.352499 0.000000 0.699999
v 6.352499 -0.000000 -0.700001
v 6.352499 1.953000 0.699999
v 6.352499 1.953000 -0.700001
v 6.357774 2.074669 0.699999
v 6.357774 2.074669 -0.700001
v 6.373111 2.184356 0.699999
v 6.373111 2.184356 -0.700001
v 6.397781 2.282328 0.699999
v 6.397781 2.282328 -0.700001
v 6.431055 2.368852 0.699999
v 6.431055 2.368852 -0.700001
v 6.472204 2.444195 0.699999
v 6.472204 2.444195 -0.700001
v 6.520499 2.508625 0.699999
v 6.520499 2.508625 -0.700001
v 6.575211 2.562409 0.699999
v 6.575211 2.562409 -0.700001
v 6.635611 2.605815 0.699999
v 6.635611 2.605815 -0.700001
v 6.700968 2.639109 0.699999
v 6.700968 2.639109 -0.700001
v 6.770555 2.662560 0.699999
v 6.770555 2.662560 -0.700001
v 6.843642 2.676435 0.699999
v 6.843642 2.676435 -0.700001
v 6.919499 2.681000 0.699999
v 6.919499 2.681000 -0.700001
v 6.996151 2.678898 0.699999
v 6.996151 2.678898 -0.700001
v 7.068963 2.672348 0.699999
v 7.068963 2.672348 -0.700001
v 7.138468 2.660985 0.699999
v 7.138468 2.660985 -0.700001
v 7.205203 2.644445 0.699999
v 7.205203 2.644445 -0.700001
v 7.269702 2.622363 0.699999
v 7.269702 2.622363 -0.700001
v 7.332500 2.594375 0.699999
v 7.332500 2.594375 -0.700001
v 7.394130 2.560117 0.699999
v 7.394130 2.560117 -0.700001
v 7.455129 2.519222 0.699999
v 7.455129 2.519222 -0.700001
v 7.516031 2.471328 0.699999
v 7.516031 2.471328 -0.700001
v 7.577370 2.416070 0.699999
v 7.577370 2.416070 -0.700001
v 7.639681 2.353082 0.699999
v 7.639681 2.353082 -0.700001
v 7.703499 2.282000 0.699999
v 7.703499 2.282000 -0.700001
v 7.703499 0.000000 0.699999
v 7.703499 -0.000000 -0.700001
v 8.326499 0.000000 0.699999
v 8.326499 -0.000000 -0.700001
v 8.326499 3.143000 0.699999
v 8.326499 3.143000 -0.700001
v 7.703499 3.143000 0.699999
v 7.703499 3.143000 -0.700001
v 0.370399 0.247763 0.700000
v 0.370399 0.247763 -0.700000
v 0.463619 0.193019 0.700000
v 0.463619 0.193019 -0.700000
v 0.556937 0.143719 0.700000
v 0.556936 0.143719 -0.700000
v 0.651129 0.099815 0.700000
v 0.651129 0.099815 -0.700000
v 0.746974 0.061258 0.700000
v 0.746973 0.061258 -0.700000
v 0.845249 0.028000 0.700000
v 0.845249 0.028000 -0.700000
v 0.946733 -0.000008 0.700000
v 0.946733 -0.000008 -0.700000
v 1.052203 -0.022815 0.700000
v 1.052202 -0.022815 -0.700000
v 1.162436 -0.040469 0.700000
v 1.162436 -0.040469 -0.700000
v 1.278212 -0.053018 0.700000
v 1.278212 -0.053019 -0.700000
v 1.400307 -0.060513 0.700000
v 1.400307 -0.060513 -0.700000
v 1.529499 -0.063000 0.700000
v 1.529499 -0.063000 -0.700000
v 1.765392 -0.046659 0.700000
v 1.765392 -0.046659 -0.700000
v 1.982813 0.000648 0.700000
v 1.982813 0.000648 -0.700000
v 2.181374 0.076344 0.700000
v 2.181374 0.076344 -0.700000
v 2.360684 0.177852 0.700000
v 2.360684 0.177852 -0.700000
v 2.520355 0.302596 0.700000
v 2.520355 0.302596 -0.700000
v 2.659999 0.448000 0.700000
v 2.659999 0.448000 -0.700000
v 2.779226 0.611487 0.700000
v 2.779226 0.611487 -0.700000
v 2.877647 0.790482 0.700000
v 2.877647 0.790481 -0.700000
v 2.954874 0.982406 0.700000
v 2.954874 0.982406 -0.700000
v 3.010517 1.184685 0.700000
v 3.010517 1.184685 -0.700000
v 3.044189 1.394742 0.700000
v 3.044189 1.394742 -0.700000
v 3.055499 1.610000 0.700000
v 3.055499 1.610000 -0.700000
v 3.043151 1.841389 0.700000
v 3.043151 1.841389 -0.700000
v 3.006887 2.058778 0.700000
v 3.006887 2.058778 -0.700000
v 2.947874 2.261000 0.700000
v 2.947874 2.261000 -0.700000
v 2.867276 2.446889 0.700000
v 2.867276 2.446889 -0.700000
v 2.766263 2.615278 0.700000
v 2.766263 2.615278 -0.700000
v 2.645999 2.765000 0.700000
v 2.645999 2.765000 -0.700000
v 2.507652 2.894889 0.700000
v 2.507652 2.894889 -0.700000
v 2.352388 3.003778 0.700000
v 2.352388 3.003778 -0.700000
v 2.181374 3.090500 0.700000
v 2.181374 3.090500 -0.700000
v 1.995777 3.153889 0.700000
v 1.995777 3.153889 -0.700000
v 1.796763 3.192778 0.700000
v 1.796763 3.192778 -0.700000
v 1.585499 3.206000 0.700000
v 1.585499 3.206000 -0.700000
v 1.383653 3.194172 0.700000
v 1.383653 3.194172 -0.700000
v 1.195152 3.158621 0.700000
v 1.195151 3.158621 -0.700000
v 1.020796 3.099250 0.700000
v 1.020796 3.099250 -0.700000
v 0.861388 3.015963 0.700000
v 0.861388 3.015963 -0.700000
v 0.717730 2.908662 0.700000
v 0.717730 2.908662 -0.700000
v 0.590624 2.777250 0.700000
v 0.590624 2.777250 -0.700000
v 0.480872 2.621630 0.700000
v 0.480872 2.621630 -0.700000
v 0.389277 2.441704 0.700000
v 0.389277 2.441704 -0.700000
v 0.316640 2.237375 0.700000
v 0.316639 2.237375 -0.700000
v 0.263763 2.008546 0.700000
v 0.263763 2.008546 -0.700000
v 0.231449 1.755121 0.700000
v 0.231448 1.755121 -0.700000
v 0.220499 1.477000 0.700000
v 0.220499 1.477000 -0.700000
v 2.432499 1.477000 0.700000
v 2.432499 1.477000 -0.700000
v 2.402611 1.327533 0.700000
v 2.402611 1.327533 -0.700000
v 2.361980 1.190681 0.700000
v 2.361980 1.190681 -0.700000
v 2.310655 1.066516 0.700000
v 2.310655 1.066516 -0.700000
v 2.248684 0.955111 0.700000
v 2.248684 0.955111 -0.700000
v 2.176116 0.856540 0.700000
v 2.176116 0.856540 -0.700000
v 2.092999 0.770875 0.700000
v 2.092999 0.770875 -0.700000
v 1.999382 0.698189 0.700000
v 1.999382 0.698189 -0.700000
v 1.895314 0.638556 0.700000
v 1.895314 0.638556 -0.700000
v 1.780843 0.592047 0.700000
v 1.780842 0.592047 -0.700000
v 1.656017 0.558736 0.700000
v 1.656017 0.558736 -0.700000
v 1.520887 0.538696 0.700000
v 1.520886 0.538696 -0.700000
v 1.375499 0.532000 0.700000
v 1.375499 0.532000 -0.700000
v 1.281420 0.534893 0.700000
v 1.281420 0.534892 -0.700000
v 1.188119 0.543472 0.700000
v 1.188119 0.543472 -0.700000
v 1.095499 0.557594 0.700000
v 1.095499 0.557594 -0.700000
v 1.003462 0.577111 0.700000
v 1.003462 0.577111 -0.700000
v 0.911911 0.601879 0.700000
v 0.911911 0.601879 -0.700000
v 0.820749 0.631750 0.700000
v 0.820749 0.631750 -0.700000
v 0.729879 0.666580 0.700000
v 0.729878 0.666580 -0.700000
v 0.639203 0.706222 0.700000
v 0.639203 0.706222 -0.700000
v 0.548624 0.750531 0.700000
v 0.548624 0.750531 -0.700000
v 0.458045 0.799361 0.700000
v 0.458045 0.799361 -0.700000
v 0.367369 0.852566 0.700000
v 0.367369 0.852566 -0.700000
v 0.276499 0.910000 0.700000
v 0.276499 0.910000 -0.700000
v 0.276499 0.308000 0.700000
v 0.276499 0.308000 -0.700000
v 0.846950 2.005281 0.700000
v 0.846950 2.005281 -0.700000
v 0.867610 2.112833 0.700000
v 0.867610 2.112833 -0.700000
v 0.898186 2.212219 0.700000
v 0.898186 2.212219 -0.700000
v 0.938388 2.303000 0.700000
v 0.938388 2.303000 -0.700000
v 0.987922 2.384740 0.700000
v 0.987922 2.384740 -0.700000
v 1.046499 2.457000 0.700000
v 1.046499 2.457000 -0.700000
v 1.113825 2.519344 0.700000
v 1.113825 2.519344 -0.700000
v 1.189610 2.571333 0.700000
v 1.189610 2.571333 -0.700000
v 1.273561 2.612531 0.700000
v 1.273561 2.612531 -0.700000
v 1.365388 2.642500 0.700000
v 1.365388 2.642500 -0.700000
v 1.464797 2.660802 0.700000
v 1.464797 2.660802 -0.700000
v 1.571499 2.667000 0.700000
v 1.571499 2.667000 -0.700000
v 1.686553 2.661203 0.700000
v 1.686553 2.661203 -0.700000
v 1.793684 2.643959 0.700000
v 1.793684 2.643959 -0.700000
v 1.892843 2.615485 0.700000
v 1.892842 2.615485 -0.700000
v 1.983980 2.576000 0.700000
v 1.983980 2.576000 -0.700000
v 2.067049 2.525724 0.700000
v 2.067049 2.525724 -0.700000
v 2.141999 2.464875 0.700000
v 2.141999 2.464875 -0.700000
v 2.208782 2.393672 0.700000
v 2.208782 2.393672 -0.700000
v 2.267351 2.312334 0.700000
v 2.267351 2.312334 -0.700000
v 2.317655 2.221078 0.700000
v 2.317655 2.221078 -0.700000
v 2.359647 2.120125 0.700000
v 2.359647 2.120125 -0.700000
v 2.393278 2.009693 0.700000
v 2.393278 2.009693 -0.700000
v 2.418499 1.890000 0.700000
v 2.418499 1.890000 -0.700000
v 0.836499 1.890000 0.700000
v 0.836499 1.890000 -0.700000
v -5.214909 4.814194 0.700000
v -5.214909 4.814194 -0.700000
v -5.570673 4.747880 0.700000
v -5.570673 4.747880 -0.700000
v -5.899362 4.641219 0.700000
v -5.899362 4.641219 -0.700000
v -6.199540 4.497371 0.700000
v -6.199540 4.497371 -0.700000
v -6.469773 4.319494 0.700000
v -6.469773 4.319494 -0.700000
v -6.708628 4.110750 0.700000
v -6.708628 4.110750 -0.700000
v -6.914670 3.874298 0.700000
v -6.914670 3.874298 -0.700000
v -7.086466 3.613297 0.700000
v -7.086466 3.613297 -0.700000
v -7.222581 3.330906 0.700000
v -7.222581 3.330906 -0.700000
v -7.321581 3.030287 0.700001
v -7.321581 3.030287 -0.699999
v -7.382033 2.714598 0.700001
v -7.382033 2.714598 -0.699999
v -7.402503 2.387000 0.700001
v -7.402503 2.387000 -0.699999
v -7.382560 2.068224 0.700001
v -7.382560 2.068224 -0.699999
v -7.323461 1.758296 0.700001
v -7.323461 1.758296 -0.699999
v -7.226299 1.460812 0.700001
v -7.226299 1.460812 -0.699999
v -7.092169 1.179370 0.700001
v -7.092169 1.179370 -0.699999
v -6.922163 0.917567 0.700001
v -6.922163 0.917567 -0.699999
v -6.717377 0.679000 0.700001
v -6.717377 0.679000 -0.699999
v -6.478903 0.467266 0.700001
v -6.478903 0.467266 -0.699999
v -6.207836 0.285963 0.700001
v -6.207836 0.285963 -0.699999
v -5.905268 0.138688 0.700001
v -5.905268 0.138687 -0.699999
v -5.572294 0.029037 0.700000
v -5.572294 0.029037 -0.700000
v -5.210007 -0.039391 0.700000
v -5.210007 -0.039391 -0.700000
v -4.819502 -0.063000 0.700000
v -4.819502 -0.063000 -0.700000
v -4.441449 -0.039525 0.700000
v -4.441449 -0.039526 -0.700000
v -4.088747 0.028550 0.700000
v -4.088747 0.028550 -0.700000
v -3.762830 0.137703 0.700000
v -3.762830 0.137703 -0.700000
v -3.465131 0.284407 0.700000
v -3.465131 0.284407 -0.700000
v -3.197086 0.465139 0.700000
v -3.197086 0.465139 -0.700000
v -2.960127 0.676375 0.700000
v -2.960127 0.676375 -0.700000
v -2.755689 0.914590 0.700000
v -2.755689 0.914590 -0.700000
v -2.585206 1.176259 0.700000
v -2.585206 1.176259 -0.700000
v -2.450111 1.457859 0.700000
v -2.450111 1.457859 -0.700000
v -2.351840 1.755866 0.700000
v -2.351840 1.755866 -0.700000
v -2.291825 2.066754 0.700000
v -2.291825 2.066754 -0.700000
v -2.271502 2.387000 0.700000
v -2.271502 2.387000 -0.700000
v -2.292368 2.713129 0.700000
v -2.292368 2.713129 -0.700000
v -2.353849 3.027857 0.700000
v -2.353849 3.027857 -0.700000
v -2.454267 3.327954 0.700000
v -2.454267 3.327954 -0.700000
v -2.591946 3.610186 0.700000
v -2.591946 3.610186 -0.700000
v -2.765208 3.871321 0.700000
v -2.765208 3.871321 -0.700000
v -2.972377 4.108126 0.700000
v -2.972377 4.108126 -0.700000
v -3.211774 4.317368 0.700000
v -3.211774 4.317368 -0.700000
v -3.481724 4.495815 0.700000
v -3.481724 4.495815 -0.700000
v -3.780549 4.640235 0.700000
v -3.780549 4.640235 -0.700000
v -4.106571 4.747394 0.700000
v -4.106571 4.747394 -0.700000
v -4.458115 4.814060 0.700000
v -4.458115 4.814060 -0.700000
v -4.833502 4.837000 0.700000
v -4.833502 4.837000 -0.700000
v -5.095123 0.582892 0.700000
v -5.095123 0.582892 -0.700000
v -5.343303 0.629385 0.700000
v -5.343303 0.629384 -0.700000
v -5.576267 0.704703 0.700000
v -5.576267 0.704703 -0.700000
v -5.792243 0.807074 0.700000
v -5.792243 0.807074 -0.700000
v -5.989454 0.934723 0.700000
v -5.989454 0.934723 -0.700000
v -6.166127 1.085875 0.700000
v -6.166127 1.085875 -0.700000
v -6.320487 1.258757 0.700000
v -6.320487 1.258757 -0.700000
v -6.450761 1.451593 0.700000
v -6.450761 1.451593 -0.700000
v -6.555174 1.662609 0.700000
v -6.555174 1.662609 -0.700000
v -6.631951 1.890033 0.700000
v -6.631951 1.890033 -0.700000
v -6.679319 2.132087 0.700000
v -6.679319 2.132087 -0.700000
v -6.695502 2.387000 0.700000
v -6.695502 2.387000 -0.700000
v -6.679319 2.643384 0.700000
v -6.679319 2.643384 -0.700000
v -6.631951 2.886399 0.700000
v -6.631951 2.886399 -0.700000
v -6.555174 3.114344 0.700000
v -6.555174 3.114344 -0.700000
v -6.450761 3.325519 0.700000
v -6.450761 3.325519 -0.700000
v -6.320487 3.518221 0.700000
v -6.320487 3.518221 -0.700000
v -6.166127 3.690750 0.700000
v -6.166127 3.690750 -0.700000
v -5.989454 3.841404 0.700000
v -5.989454 3.841404 -0.700000
v -5.792243 3.968482 0.700000
v -5.792243 3.968482 -0.700000
v -5.576267 4.070282 0.700000
v -5.576267 4.070282 -0.700000
v -5.343303 4.145102 0.700000
v -5.343303 4.145102 -0.700000
v -5.095123 4.191242 0.700000
v -5.095123 4.191242 -0.700000
v -4.833502 4.207000 0.700000
v -4.833502 4.207000 -0.700000
v -4.573489 4.191242 0.700000
v -4.573489 4.191242 -0.700000
v -4.326650 4.145102 0.700000
v -4.326650 4.145102 -0.700000
v -4.094783 4.070282 0.700000
v -4.094783 4.070282 -0.700000
v -3.879687 3.968482 0.700000
v -3.879687 3.968482 -0.700000
v -3.683161 3.841404 0.700000
v -3.683161 3.841404 -0.700000
v -3.507002 3.690750 0.700000
v -3.507002 3.690750 -0.700000
v -3.353010 3.518221 0.700000
v -3.353010 3.518221 -0.700000
v -3.222983 3.325519 0.700000
v -3.222983 3.325519 -0.700000
v -3.118721 3.114344 0.700000
v -3.118721 3.114344 -0.700000
v -3.042020 2.886398 0.700000
v -3.042020 2.886398 -0.700000
v -2.994681 2.643383 0.700000
v -2.994681 2.643383 -0.700000
v -2.978502 2.387000 0.700000
v -2.978502 2.387000 -0.700000
v -2.994682 2.132087 0.700000
v -2.994682 2.132087 -0.700000
v -3.042021 1.890032 0.700000
v -3.042021 1.890032 -0.700000
v -3.118721 1.662609 0.700000
v -3.118721 1.662609 -0.700000
v -3.222984 1.451592 0.700000
v -3.222984 1.451592 -0.700000
v -3.353010 1.258756 0.700000
v -3.353010 1.258756 -0.700000
v -3.507002 1.085875 0.700000
v -3.507002 1.085875 -0.700000
v -3.683161 0.934723 0.700000
v -3.683161 0.934723 -0.700000
v -3.879687 0.807074 0.700000
v -3.879687 0.807074 -0.700000
v -4.094783 0.704703 0.700000
v -4.094783 0.704703 -0.700000
v -4.326650 0.629384 0.700000
v -4.326650 0.629384 -0.700000
v -4.573489 0.582892 0.700000
v -4.573489 0.582892 -0.700000
v -4.833502 0.567000 0.700000
v -4.833502 0.567000 -0.700000
v -8.417501 3.143000 0.700001
v -8.417501 3.143000 -0.699999
v -9.264502 1.211000 0.700001
v -9.264502 1.211000 -0.699999
v -10.090502 3.143000 0.700001
v -10.090502 3.143000 -0.699999
v -10.755502 3.143000 0.700001
v -10.755502 3.143000 -0.699999
v -9.369502 -0.063000 0.700001
v -9.369502 -0.063000 -0.699999
v -9.159501 -0.063000 0.700001
v -9.159501 -0.063000 -0.699999
v -7.738502 3.143000 0.700001
v -7.738502 3.143000 -0.699999
v -13.755599 0.247763 0.700001
v -13.755599 0.247763 -0.699999
v -13.662379 0.193019 0.700001
v -13.662379 0.193019 -0.699999
v -13.569062 0.143719 0.700001
v -13.569062 0.143719 -0.699999
v -13.474871 0.099815 0.700001
v -13.474871 0.099815 -0.699999
v -13.379025 0.061258 0.700001
v -13.379025 0.061258 -0.699999
v -13.280750 0.028000 0.700001
v -13.280750 0.028000 -0.699999
v -13.179267 -0.000008 0.700001
v -13.179267 -0.000008 -0.699999
v -13.073797 -0.022815 0.700001
v -13.073797 -0.022815 -0.699999
v -12.963564 -0.040469 0.700001
v -12.963564 -0.040469 -0.699999
v -12.847789 -0.053018 0.700001
v -12.847789 -0.053019 -0.699999
v -12.725694 -0.060513 0.700001
v -12.725694 -0.060513 -0.699999
v -12.596501 -0.063000 0.700001
v -12.596501 -0.063000 -0.699999
v -12.360608 -0.046659 0.700001
v -12.360608 -0.046659 -0.699999
v -12.143187 0.000648 0.700001
v -12.143187 0.000648 -0.699999
v -11.944626 0.076344 0.700001
v -11.944626 0.076344 -0.699999
v -11.765316 0.177852 0.700001
v -11.765316 0.177852 -0.699999
v -11.605644 0.302596 0.700001
v -11.605644 0.302596 -0.699999
v -11.466001 0.448000 0.700001
v -11.466001 0.448000 -0.699999
v -11.346774 0.611487 0.700001
v -11.346774 0.611487 -0.699999
v -11.248353 0.790482 0.700001
v -11.248353 0.790481 -0.699999
v -11.171126 0.982406 0.700001
v -11.171126 0.982406 -0.699999
v -11.115483 1.184685 0.700001
v -11.115483 1.184685 -0.699999
v -11.081812 1.394742 0.700001
v -11.081812 1.394742 -0.699999
v -11.070501 1.610000 0.700001
v -11.070501 1.610000 -0.699999
v -11.082850 1.841389 0.700001
v -11.082850 1.841389 -0.699999
v -11.119113 2.058778 0.700001
v -11.119113 2.058778 -0.699999
v -11.178126 2.261000 0.700001
v -11.178126 2.261000 -0.699999
v -11.258723 2.446889 0.700001
v -11.258723 2.446889 -0.699999
v -11.359737 2.615278 0.700001
v -11.359737 2.615278 -0.699999
v -11.480001 2.765000 0.700001
v -11.480001 2.765000 -0.699999
v -11.618349 2.894889 0.700001
v -11.618349 2.894889 -0.699999
v -11.773613 3.003778 0.700001
v -11.773613 3.003778 -0.699999
v -11.944627 3.090500 0.700001
v -11.944627 3.090500 -0.699999
v -12.130224 3.153889 0.700001
v -12.130224 3.153889 -0.699999
v -12.329238 3.192778 0.700001
v -12.329238 3.192778 -0.699999
v -12.540502 3.206000 0.700001
v -12.540502 3.206000 -0.699999
v -12.742348 3.194172 0.700001
v -12.742348 3.194172 -0.699999
v -12.930849 3.158621 0.700001
v -12.930849 3.158621 -0.699999
v -13.105205 3.099250 0.700001
v -13.105205 3.099250 -0.699999
v -13.264612 3.015963 0.700001
v -13.264612 3.015963 -0.699999
v -13.408270 2.908662 0.700001
v -13.408270 2.908662 -0.699999
v -13.535376 2.777250 0.700001
v -13.535376 2.777250 -0.699999
v -13.645127 2.621630 0.700001
v -13.645127 2.621630 -0.699999
v -13.736723 2.441704 0.700001
v -13.736723 2.441704 -0.699999
v -13.809361 2.237375 0.700001
v -13.809361 2.237375 -0.699999
v -13.862237 2.008546 0.700001
v -13.862237 2.008546 -0.699999
v -13.894551 1.755121 0.700001
v -13.894551 1.755121 -0.699999
v -13.905501 1.477000 0.700001
v -13.905501 1.477000 -0.699999
v -11.693501 1.477000 0.700001
v -11.693501 1.477000 -0.699999
v -11.723391 1.327533 0.700001
v -11.723391 1.327533 -0.699999
v -11.764022 1.190681 0.700001
v -11.764022 1.190681 -0.699999
v -11.815347 1.066516 0.700001
v -11.815347 1.066516 -0.699999
v -11.877317 0.955111 0.700001
v -11.877317 0.955111 -0.699999
v -11.949885 0.856540 0.700001
v -11.949885 0.856540 -0.699999
v -12.033002 0.770875 0.700001
v -12.033002 0.770875 -0.699999
v -12.126618 0.698189 0.700001
v -12.126618 0.698189 -0.699999
v -12.230686 0.638556 0.700001
v -12.230686 0.638556 -0.699999
v -12.345158 0.592047 0.700001
v -12.345158 0.592047 -0.699999
v -12.469983 0.558736 0.700001
v -12.469983 0.558736 -0.699999
v -12.605114 0.538696 0.700001
v -12.605114 0.538696 -0.699999
v -12.750502 0.532000 0.700001
v -12.750502 0.532000 -0.699999
v -12.844582 0.534893 0.700001
v -12.844582 0.534892 -0.699999
v -12.937882 0.543472 0.700001
v -12.937882 0.543472 -0.699999
v -13.030502 0.557594 0.700001
v -13.030502 0.557594 -0.699999
v -13.122540 0.577111 0.700001
v -13.122540 0.577111 -0.699999
v -13.214090 0.601879 0.700001
v -13.214090 0.601879 -0.699999
v -13.305252 0.631750 0.700001
v -13.305252 0.631750 -0.699999
v -13.396122 0.666580 0.700001
v -13.396122 0.666580 -0.699999
v -13.486797 0.706222 0.700001
v -13.486797 0.706222 -0.699999
v -13.577376 0.750531 0.700001
v -13.577376 0.750531 -0.699999
v -13.667955 0.799361 0.700001
v -13.667955 0.799361 -0.699999
v -13.758631 0.852566 0.700001
v -13.758631 0.852566 -0.699999
v -13.849501 0.910000 0.700001
v -13.849501 0.910000 -0.699999
v -13.849501 0.308000 0.700001
v -13.849501 0.308000 -0.699999
v -13.279049 2.005281 0.700001
v -13.279049 2.005281 -0.699999
v -13.258389 2.112833 0.700001
v -13.258389 2.112833 -0.699999
v -13.227813 2.212219 0.700001
v -13.227813 2.212219 -0.699999
v -13.187612 2.303000 0.700001
v -13.187612 2.303000 -0.699999
v -13.138077 2.384740 0.700001
v -13.138077 2.384740 -0.699999
v -13.079500 2.457000 0.700001
v -13.079500 2.457000 -0.699999
v -13.012174 2.519344 0.700001
v -13.012174 2.519344 -0.699999
v -12.936389 2.571333 0.700001
v -12.936389 2.571333 -0.699999
v -12.852438 2.612531 0.700001
v -12.852438 2.612531 -0.699999
v -12.760612 2.642500 0.700001
v -12.760612 2.642500 -0.699999
v -12.661202 2.660802 0.700001
v -12.661202 2.660802 -0.699999
v -12.554502 2.667000 0.700001
v -12.554502 2.667000 -0.699999
v -12.439447 2.661203 0.700001
v -12.439447 2.661203 -0.699999
v -12.332316 2.643959 0.700001
v -12.332316 2.643959 -0.699999
v -12.233158 2.615485 0.700001
v -12.233158 2.615485 -0.699999
v -12.142020 2.576000 0.700001
v -12.142020 2.576000 -0.699999
v -12.058952 2.525724 0.700001
v -12.058952 2.525724 -0.699999
v -11.984002 2.464875 0.700001
v -11.984002 2.464875 -0.699999
v -11.917218 2.393672 0.700001
v -11.917218 2.393672 -0.699999
v -11.858650 2.312334 0.700001
v -11.858650 2.312334 -0.699999
v -11.808346 2.221078 0.700001
v -11.808346 2.221078 -0.699999
v -11.766354 2.120125 0.700001
v -11.766354 2.120125 -0.699999
v -11.732722 2.009693 0.700001
v -11.732722 2.009693 -0.699999
v -11.707500 1.890000 0.700001
v -11.707500 1.890000 -0.699999
v -13.289501 1.890000 0.700001
v -13.289501 1.890000 -0.699999
v -15.242500 2.422000 0.700001
v -15.242500 2.422000 -0.699999
v -15.256500 2.422000 0.700001
v -15.256500 2.422000 -0.699999
v -15.334962 2.553595 0.700001
v -15.334962 2.553595 -0.699999
v -15.412865 2.672088 0.700001
v -15.412865 2.672088 -0.699999
v -15.490233 2.777797 0.700001
v -15.490233 2.777797 -0.699999
v -15.567092 2.871037 0.700001
v -15.567092 2.871037 -0.699999
v -15.643464 2.952125 0.700001
v -15.643464 2.952125 -0.699999
v -15.719375 3.021375 0.700001
v -15.719375 3.021375 -0.699999
v -15.794847 3.079105 0.700001
v -15.794847 3.079105 -0.699999
v -15.869907 3.125630 0.700001
v -15.869907 3.125630 -0.699999
v -15.944578 3.161266 0.700001
v -15.944578 3.161266 -0.699999
v -16.018885 3.186329 0.700001
v -16.018885 3.186329 -0.699999
v -16.092850 3.201135 0.700001
v -16.092850 3.201135 -0.699999
v -16.166500 3.206000 0.700001
v -16.166500 3.206000 -0.699999
v -16.229227 3.203517 0.700001
v -16.229227 3.203517 -0.699999
v -16.291494 3.196051 0.700001
v -16.291494 3.196051 -0.699999
v -16.353420 3.183578 0.700001
v -16.353420 3.183578 -0.699999
v -16.415129 3.166074 0.700001
v -16.415129 3.166074 -0.699999
v -16.476740 3.143515 0.700001
v -16.476740 3.143515 -0.699999
v -16.538374 3.115875 0.700001
v -16.538374 3.115875 -0.699999
v -16.600155 3.083132 0.700001
v -16.600155 3.083132 -0.699999
v -16.662203 3.045259 0.700001
v -16.662203 3.045259 -0.699999
v -16.724640 3.002234 0.700001
v -16.724640 3.002234 -0.699999
v -16.787588 2.954032 0.700001
v -16.787588 2.954032 -0.699999
v -16.851168 2.900629 0.700001
v -16.851168 2.900629 -0.699999
v -16.915501 2.842000 0.700001
v -16.915501 2.842000 -0.699999
v -16.586502 2.303000 0.700001
v -16.586502 2.303000 -0.699999
v -16.538174 2.347293 0.700001
v -16.538174 2.347293 -0.699999
v -16.488047 2.389009 0.700001
v -16.488047 2.389009 -0.699999
v -16.436657 2.427906 0.700001
v -16.436657 2.427906 -0.699999
v -16.384537 2.463741 0.700001
v -16.384537 2.463741 -0.699999
v -16.332224 2.496270 0.700001
v -16.332224 2.496270 -0.699999
v -16.280251 2.525250 0.700001
v -16.280251 2.525250 -0.699999
v -16.229153 2.550439 0.700001
v -16.229153 2.550439 -0.699999
v -16.179464 2.571593 0.700001
v -16.179464 2.571593 -0.699999
v -16.131720 2.588469 0.700001
v -16.131720 2.588469 -0.699999
v -16.086454 2.600824 0.700001
v -16.086454 2.600824 -0.699999
v -16.044203 2.608416 0.700001
v -16.044203 2.608416 -0.699999
v -16.005501 2.611000 0.700001
v -16.005501 2.611000 -0.699999
v -15.900785 2.602286 0.700001
v -15.900785 2.602286 -0.699999
v -15.800715 2.576875 0.700001
v -15.800715 2.576875 -0.699999
v -15.706139 2.535859 0.700001
v -15.706139 2.535859 -0.699999
v -15.617906 2.480333 0.700001
v -15.617906 2.480333 -0.699999
v -15.536867 2.411391 0.700001
v -15.536867 2.411391 -0.699999
v -15.463874 2.330125 0.700001
v -15.463874 2.330125 -0.699999
v -15.399776 2.237630 0.700001
v -15.399776 2.237630 -0.699999
v -15.345425 2.135000 0.700001
v -15.345425 2.135000 -0.699999
v -15.301671 2.023328 0.700001
v -15.301671 2.023328 -0.699999
v -15.269365 1.903708 0.700001
v -15.269365 1.903708 -0.699999
v -15.249358 1.777234 0.700001
v -15.249358 1.777234 -0.699999
v -15.242500 1.645000 0.700001
v -15.242500 1.645000 -0.699999
v -15.242500 0.000000 0.700001
v -15.242500 -0.000000 -0.699999
v -14.619500 0.000000 0.700001
v -14.619500 -0.000000 -0.699999
v -14.619500 3.143000 0.700001
v -14.619500 3.143000 -0.699999
v -15.242500 3.143000 0.700001
v -15.242500 3.143000 -0.699999
vn -0.0000 -0.0000 -1.0000
vn -0.0000 -0.0000 1.0000
vn -0.3491 -0.9371 -0.0000
vn -0.3771 -0.9262 -0.0000
vn -0.3180 -0.9481 -0.0000
vn -0.2842 -0.9588 -0.0000
vn -0.2482 -0.9687 -0.0000
vn -0.2107 -0.9776 -0.0000
vn -0.1725 -0.9850 -0.0000
vn -0.1345 -0.9909 -0.0000
vn -0.0977 -0.9952 -0.0000
vn -0.0626 -0.9980 -0.0000
vn -0.0301 -0.9995 -0.0000
vn 0.0220 -0.9998 -0.0000
vn 0.1184 -0.9930 -0.0000
vn 0.2385 -0.9711 -0.0000
vn 0.3584 -0.9336 -0.0000
vn 0.4753 -0.8798 -0.0000
vn 0.5867 -0.8098 -0.0000
vn 0.6895 -0.7242 -0.0000
vn 0.7812 -0.6243 -0.0000
vn 0.8590 -0.5119 -0.0000
vn 0.9209 -0.3898 -0.0000
vn 0.9652 -0.2614 -0.0000
vn 0.9915 -0.1303 -0.0000
vn 1.0000 0.0006 -0.0000
vn 0.9913 0.1318 -0.0000
vn 0.9648 0.2630 -0.0000
vn 0.9208 0.3901 -0.0000
vn 0.8602 0.5100 -0.0000
vn 0.7845 0.6202 -0.0000
vn 0.6955 0.7186 -0.0000
vn 0.5951 0.8036 -0.0000
vn 0.4855 0.8742 -0.0000
vn 0.3688 0.9295 -0.0000
vn 0.2474 0.9689 -0.0000
vn 0.1236 0.9923 -0.0000
vn 0.0235 0.9997 -0.0000
vn -0.0308 0.9995 -0.0000
vn -0.0661 0.9978 -0.0000
vn -0.1056 0.9944 -0.0000
vn -0.1475 0.9891 -0.0000
vn -0.1899 0.9818 -0.0000
vn -0.2307 0.9730 -0.0000
vn -0.2683 0.9633 -0.0000
vn -0.3015 0.9535 -0.0000
vn -0.3299 0.9440 -0.0000
vn -0.3535 0.9355 -0.0000
vn -0.3724 0.9281 -0.0000
vn -0.8309 0.5565 -0.0000
vn -0.5168 -0.8561 -0.0000
vn 0.4493 -0.8934 -0.0000
vn 0.4153 -0.9097 -0.0000
vn 0.3798 -0.9250 -0.0000
vn 0.3429 -0.9394 -0.0000
vn 0.3798 -0.9251 -0.0000
vn 0.3044 -0.9525 -0.0000
vn 0.2645 -0.9644 -0.0000
vn 0.2232 -0.9748 -0.0000
vn 0.1806 -0.9835 -0.0000
vn 0.1369 -0.9906 -0.0000
vn 0.0921 -0.9958 -0.0000
vn 0.0464 -0.9989 -0.0000
vn -0.0201 -0.9998 -0.0000
vn -0.1277 -0.9918 -0.0000
vn -0.2547 -0.9670 -0.0000
vn -0.3780 -0.9258 -0.0000
vn -0.4953 -0.8687 -0.0000
vn -0.6044 -0.7967 -0.0000
vn -0.7034 -0.7108 -0.0000
vn -0.7905 -0.6124 -0.0000
vn -0.8642 -0.5031 -0.0000
vn -0.9231 -0.3846 -0.0000
vn -0.9658 -0.2593 -0.0000
vn -0.9915 -0.1301 -0.0000
vn -0.9658 -0.2594 -0.0000
vn -1.0000 -0.0009 -0.0000
vn -0.9918 0.1281 -0.0000
vn -1.0000 -0.0008 -0.0000
vn -0.9660 0.2586 -0.0000
vn -0.9216 0.3881 -0.0000
vn -0.8588 0.5123 -0.0000
vn -0.7790 0.6271 -0.0000
vn -0.6845 0.7290 -0.0000
vn -0.5788 0.8154 -0.0000
vn -0.4655 0.8851 -0.0000
vn -0.3480 0.9375 -0.0000
vn -0.2297 0.9733 -0.0000
vn -0.1131 0.9936 -0.0000
vn -0.0185 0.9998 -0.0000
vn 0.0368 0.9993 -0.0000
vn 0.0724 0.9974 -0.0000
vn 0.1062 0.9943 -0.0000
vn 0.1380 0.9904 -0.0000
vn 0.1675 0.9859 -0.0000
vn 0.1947 0.9809 -0.0000
vn 0.1676 0.9859 -0.0000
vn 0.2195 0.9756 -0.0000
vn 0.1948 0.9809 -0.0000
vn 0.2416 0.9704 -0.0000
vn 0.2611 0.9653 -0.0000
vn 0.2779 0.9606 -0.0000
vn 0.2921 0.9564 -0.0000
vn 0.8058 0.5922 -0.0000
vn 0.7071 -0.7071 -0.0000
vn 0.7071 0.7071 -0.0000
vn -0.7071 0.7071 -0.0000
vn -0.8338 -0.5521 -0.0000
vn -0.5244 -0.8515 -0.0000
vn -0.5395 -0.8420 -0.0000
vn -0.5027 -0.8645 -0.0000
vn -0.4729 -0.8811 -0.0000
vn -0.4336 -0.9011 -0.0000
vn -0.3841 -0.9233 -0.0000
vn -0.3247 -0.9458 -0.0000
vn -0.2577 -0.9662 -0.0000
vn -0.1870 -0.9824 -0.0000
vn -0.1177 -0.9930 -0.0000
vn -0.0548 -0.9985 -0.0000
vn 0.0029 -1.0000 -0.0000
vn 0.0670 -0.9978 -0.0000
vn 0.1445 -0.9895 -0.0000
vn 0.2345 -0.9721 -0.0000
vn 0.3361 -0.9418 -0.0000
vn 0.4465 -0.8948 -0.0000
vn 0.5597 -0.8287 -0.0000
vn 0.4464 -0.8948 -0.0000
vn 0.6682 -0.7440 -0.0000
vn 0.7643 -0.6449 -0.0000
vn 0.8426 -0.5385 -0.0000
vn 0.9016 -0.4327 -0.0000
vn 0.9428 -0.3334 -0.0000
vn 0.9016 -0.4326 -0.0000
vn 0.3111 -0.9504 -0.0000
vn -0.5845 -0.8114 -0.0000
vn -0.5440 -0.8391 -0.0000
vn -0.5005 -0.8657 -0.0000
vn -0.4539 -0.8910 -0.0000
vn -0.5005 -0.8658 -0.0000
vn -0.4045 -0.9146 -0.0000
vn -0.3522 -0.9359 -0.0000
vn -0.2975 -0.9547 -0.0000
vn -0.2406 -0.9706 -0.0000
vn -0.1819 -0.9833 -0.0000
vn -0.1219 -0.9925 -0.0000
vn -0.0611 -0.9981 -0.0000
vn 0.0176 -0.9998 -0.0000
vn 0.1330 -0.9911 -0.0000
vn 0.2663 -0.9639 -0.0000
vn 0.3956 -0.9184 -0.0000
vn 0.5169 -0.8560 -0.0000
vn 0.6272 -0.7789 -0.0000
vn 0.7244 -0.6893 -0.0000
vn 0.8076 -0.5898 -0.0000
vn 0.8761 -0.4821 -0.0000
vn 0.8076 -0.5897 -0.0000
vn 0.9298 -0.3680 -0.0000
vn 0.9686 -0.2487 -0.0000
vn 0.9921 -0.1254 -0.0000
vn 1.0000 0.0074 -0.0000
vn 0.9868 0.1617 -0.0000
vn 0.9441 0.3297 -0.0000
vn 0.8721 0.4894 -0.0000
vn 0.7800 0.6258 -0.0000
vn 0.6815 0.7318 -0.0000
vn 0.5887 0.8084 -0.0000
vn 0.5086 0.8610 -0.0000
vn 0.4442 0.8959 -0.0000
vn 0.3959 0.9183 -0.0000
vn 0.3631 0.9318 -0.0000
vn 0.3452 0.9385 -0.0000
vn 0.3370 0.9415 -0.0000
vn 0.8167 0.5770 -0.0000
vn 0.9998 -0.0211 -0.0000
vn 0.9959 -0.0910 -0.0000
vn 0.9803 -0.1975 -0.0000
vn 0.9470 -0.3213 -0.0000
vn 0.8889 -0.4580 -0.0000
vn 0.9470 -0.3214 -0.0000
vn 0.8017 -0.5977 -0.0000
vn 0.8889 -0.4581 -0.0000
vn 0.6870 -0.7266 -0.0000
vn 0.8017 -0.5978 -0.0000
vn 0.5545 -0.8322 -0.0000
vn 0.6870 -0.7267 -0.0000
vn 0.4179 -0.9085 -0.0000
vn 0.2895 -0.9572 -0.0000
vn 0.1765 -0.9843 -0.0000
vn 0.0809 -0.9967 -0.0000
vn -0.0009 -1.0000 -0.0000
vn -0.0786 -0.9969 -0.0000
vn -0.1570 -0.9876 -0.0000
vn -0.2344 -0.9722 -0.0000
vn -0.3097 -0.9508 -0.0000
vn -0.2344 -0.9721 -0.0000
vn -0.3821 -0.9241 -0.0000
vn -0.4508 -0.8926 -0.0000
vn -0.5152 -0.8571 -0.0000
vn -0.5750 -0.8182 -0.0000
vn -0.6298 -0.7768 -0.0000
vn -0.6795 -0.7337 -0.0000
vn -0.7243 -0.6895 -0.0000
vn 0.3569 -0.9341 -0.0000
vn 0.9315 0.3638 -0.0000
vn 0.7084 0.7058 -0.0000
vn 0.9315 0.3637 -0.0000
vn 0.6504 0.7596 -0.0000
vn 0.5872 0.8094 -0.0000
vn 0.5199 0.8542 -0.0000
vn 0.4500 0.8930 -0.0000
vn 0.3790 0.9254 -0.0000
vn 0.3085 0.9512 -0.0000
vn 0.2398 0.9708 -0.0000
vn 0.1740 0.9847 -0.0000
vn 0.1120 0.9937 -0.0000
vn 0.0541 0.9985 -0.0000
vn -0.0085 1.0000 -0.0000
vn -0.0893 0.9960 -0.0000
vn -0.1859 0.9826 -0.0000
vn -0.2909 0.9568 -0.0000
vn -0.4034 0.9150 -0.0000
vn -0.5207 0.8538 -0.0000
vn -0.6378 0.7702 -0.0000
vn -0.7476 0.6642 -0.0000
vn -0.8423 0.5390 -0.0000
vn -0.9158 0.4017 -0.0000
vn -0.9653 0.2612 -0.0000
vn -0.9921 0.1258 -0.0000
vn -0.9995 0.0301 -0.0000
vn -0.9999 0.0154 -0.0000
vn -0.9978 0.0670 -0.0000
vn -0.9999 0.0155 -0.0000
vn -0.9891 0.1470 -0.0000
vn -0.9698 0.2438 -0.0000
vn -0.9891 0.1471 -0.0000
vn -0.9336 0.3582 -0.0000
vn -0.8733 0.4873 -0.0000
vn -0.9337 0.3581 -0.0000
vn -0.7826 0.6226 -0.0000
vn -0.8733 0.4872 -0.0000
vn -0.6612 0.7503 -0.0000
vn -0.7825 0.6226 -0.0000
vn -0.5178 0.8555 -0.0000
vn -0.6611 0.7503 -0.0000
vn -0.3682 0.9298 -0.0000
vn -0.5179 0.8555 -0.0000
vn -0.2272 0.9738 -0.0000
vn -0.3681 0.9298 -0.0000
vn -0.1045 0.9945 -0.0000
vn 0.0139 0.9999 -0.0000
vn 0.1353 0.9908 -0.0000
vn 0.2368 0.9716 -0.0000
vn 0.3116 0.9502 -0.0000
vn 0.3115 0.9502 -0.0000
vn 0.4145 0.9101 -0.0000
vn 0.3689 0.9295 -0.0000
vn 0.4521 0.8920 -0.0000
vn 0.4145 0.9100 -0.0000
vn 0.4840 0.8751 -0.0000
vn 0.5119 0.8591 -0.0000
vn 0.5367 0.8438 -0.0000
vn 0.5118 0.8591 -0.0000
vn 0.5593 0.8290 -0.0000
vn 0.5802 0.8144 -0.0000
vn -0.4526 0.8917 -0.0000
vn -0.8791 -0.4767 -0.0000
vn -0.3536 -0.9354 -0.0000
vn -0.3352 -0.9422 -0.0000
vn -0.3812 -0.9245 -0.0000
vn -0.4196 -0.9077 -0.0000
vn -0.4705 -0.8824 -0.0000
vn -0.5358 -0.8443 -0.0000
vn -0.6169 -0.7870 -0.0000
vn -0.7126 -0.7016 -0.0000
vn -0.8158 -0.5784 -0.0000
vn -0.9110 -0.4124 -0.0000
vn -0.9772 -0.2122 -0.0000
vn -0.9998 -0.0220 -0.0000
vn -0.9922 0.1244 -0.0000
vn -0.9680 0.2510 -0.0000
vn -0.9262 0.3771 -0.0000
vn -0.9680 0.2511 -0.0000
vn -0.8667 0.4988 -0.0000
vn -0.7905 0.6124 -0.0000
vn -0.6993 0.7148 -0.0000
vn -0.7905 0.6125 -0.0000
vn -0.5957 0.8032 -0.0000
vn -0.4827 0.8758 -0.0000
vn -0.3636 0.9316 -0.0000
vn -0.2415 0.9704 -0.0000
vn -0.3635 0.9316 -0.0000
vn -0.1196 0.9928 -0.0000
vn -0.0087 1.0000 -0.0000
vn 0.0825 0.9966 -0.0000
vn 0.1630 0.9866 -0.0000
vn 0.2399 0.9708 -0.0000
vn 0.3121 0.9501 -0.0000
vn 0.3788 0.9255 -0.0000
vn 0.4397 0.8981 -0.0000
vn 0.4947 0.8691 -0.0000
vn 0.5439 0.8391 -0.0000
vn 0.5878 0.8090 -0.0000
vn 0.6267 0.7792 -0.0000
vn 0.6611 0.7503 -0.0000
vn 0.6267 0.7793 -0.0000
vn 0.9157 0.4018 -0.0000
vn 0.5796 -0.8149 -0.0000
vn 0.6779 0.7351 -0.0000
vn -0.3916 0.9201 -0.0000
vn 0.6448 0.7643 -0.0000
vn 0.6070 0.7947 -0.0000
vn 0.5637 0.8260 -0.0000
vn 0.5145 0.8575 -0.0000
vn 0.4588 0.8885 -0.0000
vn 0.3965 0.9180 -0.0000
vn 0.3274 0.9449 -0.0000
vn 0.2521 0.9677 -0.0000
vn 0.1714 0.9852 -0.0000
vn 0.0868 0.9962 -0.0000
vn 0.0011 1.0000 -0.0000
vn -0.0842 0.9965 -0.0000
vn -0.1708 0.9853 -0.0000
vn -0.2590 0.9659 -0.0000
vn -0.3471 0.9378 -0.0000
vn -0.4333 0.9012 -0.0000
vn -0.5158 0.8567 -0.0000
vn -0.5930 0.8052 -0.0000
vn -0.6636 0.7481 -0.0000
vn -0.7268 0.6868 -0.0000
vn -0.7822 0.6230 -0.0000
vn -0.8299 0.5580 -0.0000
vn -0.0942 0.9956 -0.0000
vn 0.7251 0.6887 -0.0000
vn 0.6970 0.7171 -0.0000
vn 0.6625 0.7490 -0.0000
vn 0.6209 0.7839 -0.0000
vn 0.5712 0.8208 -0.0000
vn 0.5128 0.8585 -0.0000
vn 0.4451 0.8955 -0.0000
vn 0.3684 0.9297 -0.0000
vn 0.2835 0.9590 -0.0000
vn 0.1920 0.9814 -0.0000
vn 0.0965 0.9953 -0.0000
vn -0.1337 0.9910 -0.0000
vn -0.2723 0.9622 -0.0000
vn -0.4111 0.9116 -0.0000
vn -0.5434 0.8395 -0.0000
vn -0.6628 0.7488 -0.0000
vn -0.7646 0.6445 -0.0000
vn -0.8464 0.5325 -0.0000
vn -0.9084 0.4180 -0.0000
vn -0.9522 0.3054 -0.0000
vn -0.9803 0.1974 -0.0000
vn -0.9954 0.0956 -0.0000
vn -0.9997 0.0232 -0.0000
vn -0.7071 -0.7071 -0.0000
vn 0.9997 -0.0261 -0.0000
vn 0.9941 -0.1080 -0.0000
vn 0.9749 -0.2226 -0.0000
vn 0.9397 -0.3421 -0.0000
vn 0.8865 -0.4627 -0.0000
vn 0.8146 -0.5800 -0.0000
vn 0.7248 -0.6890 -0.0000
vn 0.6195 -0.7850 -0.0000
vn 0.5026 -0.8645 -0.0000
vn 0.3783 -0.9257 -0.0000
vn 0.2509 -0.9680 -0.0000
vn 0.1240 -0.9923 -0.0000
vn 0.0117 -0.9999 -0.0000
vn -0.1013 -0.9949 -0.0000
vn -0.2169 -0.9762 -0.0000
vn -0.3115 -0.9502 -0.0000
vn -0.3891 -0.9212 -0.0000
vn -0.4533 -0.8913 -0.0000
vn -0.5073 -0.8618 -0.0000
vn -0.5533 -0.8330 -0.0000
vn -0.5934 -0.8049 -0.0000
vn -0.6288 -0.7775 -0.0000
vn -0.6609 -0.7505 -0.0000
vn -0.6903 -0.7235 -0.0000
vn -0.9231 -0.3845 -0.0000
vn 0.9998 -0.0217 -0.0000
vn 0.9815 -0.1916 -0.0000
vn 0.9533 -0.3021 -0.0000
vn 0.9075 -0.4201 -0.0000
vn 0.8411 -0.5409 -0.0000
vn 0.7527 -0.6583 -0.0000
vn 0.6442 -0.7648 -0.0000
vn 0.5203 -0.8540 -0.0000
vn 0.6442 -0.7649 -0.0000
vn 0.3877 -0.9218 -0.0000
vn 0.5202 -0.8540 -0.0000
vn 0.2535 -0.9673 -0.0000
vn 0.1235 -0.9923 -0.0000
vn 0.0163 -0.9999 -0.0000
vn -0.0585 -0.9983 -0.0000
vn -0.1256 -0.9921 -0.0000
vn -0.2011 -0.9796 -0.0000
vn -0.2825 -0.9593 -0.0000
vn -0.3659 -0.9307 -0.0000
vn -0.4469 -0.8946 -0.0000
vn -0.5218 -0.8531 -0.0000
vn -0.5879 -0.8089 -0.0000
vn -0.6441 -0.7649 -0.0000
vn -0.6904 -0.7234 -0.0000
vn -0.7277 -0.6859 -0.0000
vn -0.9338 -0.3577 -0.0000
vn -0.4869 -0.8735 -0.0000
vn -0.5233 -0.8522 -0.0000
vn -0.4449 -0.8956 -0.0000
vn -0.3980 -0.9174 -0.0000
vn -0.3470 -0.9379 -0.0000
vn -0.2934 -0.9560 -0.0000
vn -0.2388 -0.9711 -0.0000
vn -0.1848 -0.9828 -0.0000
vn -0.1330 -0.9911 -0.0000
vn -0.0845 -0.9964 -0.0000
vn -0.0403 -0.9992 -0.0000
vn 0.0250 -0.9997 -0.0000
vn 0.1412 -0.9900 -0.0000
vn 0.2852 -0.9585 -0.0000
vn 0.4256 -0.9049 -0.0000
vn 0.5557 -0.8314 -0.0000
vn 0.6701 -0.7422 -0.0000
vn 0.7664 -0.6424 -0.0000
vn 0.8438 -0.5366 -0.0000
vn 0.9036 -0.4283 -0.0000
vn 0.9475 -0.3198 -0.0000
vn 0.9773 -0.2121 -0.0000
vn 0.9944 -0.1055 -0.0000
vn 1.0000 0.0004 -0.0000
vn 0.9940 0.1091 -0.0000
vn 0.9749 0.2227 -0.0000
vn 0.9406 0.3396 -0.0000
vn 0.8894 0.4571 -0.0000
vn 0.8205 0.5717 -0.0000
vn 0.7339 0.6793 -0.0000
vn 0.6309 0.7758 -0.0000
vn 0.3887 0.9214 -0.0000
vn 0.2581 0.9661 -0.0000
vn 0.1274 0.9919 -0.0000
vn 0.0020 1.0000 -0.0000
vn -0.1222 0.9925 -0.0000
vn -0.2545 0.9671 -0.0000
vn -0.3939 0.9192 -0.0000
vn -0.5325 0.8465 -0.0000
vn -0.6607 0.7506 -0.0000
vn -0.7703 0.6377 -0.0000
vn -0.8564 0.5163 -0.0000
vn -0.9186 0.3951 -0.0000
vn -0.9599 0.2805 -0.0000
vn -0.9844 0.1760 -0.0000
vn -0.9966 0.0830 -0.0000
vn -0.7209 -0.6931 -0.0000
vn -0.7733 -0.6340 -0.0000
vn -0.9706 0.2406 -0.0000
vn -0.9427 0.3338 -0.0000
vn -0.9005 0.4348 -0.0000
vn -0.8413 0.5406 -0.0000
vn -0.7633 0.6461 -0.0000
vn -0.6671 0.7449 -0.0000
vn -0.5566 0.8308 -0.0000
vn -0.4378 0.8991 -0.0000
vn -0.3177 0.9482 -0.0000
vn -0.2026 0.9793 -0.0000
vn -0.0965 0.9953 -0.0000
vn -0.0076 1.0000 -0.0000
vn 0.0612 0.9981 -0.0000
vn 0.1212 0.9926 -0.0000
vn 0.1792 0.9838 -0.0000
vn 0.2344 0.9721 -0.0000
vn 0.2864 0.9581 -0.0000
vn 0.3347 0.9423 -0.0000
vn 0.3793 0.9253 -0.0000
vn 0.4201 0.9075 -0.0000
vn 0.4571 0.8894 -0.0000
vn 0.4904 0.8715 -0.0000
vn 0.5202 0.8540 -0.0000
vn -0.4825 0.8759 -0.0000
vn -0.8775 -0.4796 -0.0000
vn 0.9704 -0.2417 -0.0000
vn 0.9902 -0.1396 -0.0000
vn 0.9367 -0.3501 -0.0000
vn 0.8866 -0.4625 -0.0000
vn 0.8179 -0.5753 -0.0000
vn 0.7300 -0.6835 -0.0000
vn 0.6242 -0.7812 -0.0000
vn 0.5045 -0.8634 -0.0000
vn 0.3763 -0.9265 -0.0000
vn 0.5044 -0.8634 -0.0000
vn 0.2462 -0.9692 -0.0000
vn 0.1198 -0.9928 -0.0000
vn 0.0038 -1.0000 -0.0000
vn -0.1048 -0.9945 -0.0000
vn -0.2179 -0.9760 -0.0000
vn -0.3375 -0.9413 -0.0000
vn -0.4587 -0.8886 -0.0000
vn -0.5754 -0.8179 -0.0000
vn -0.6814 -0.7319 -0.0000
vn -0.7721 -0.6356 -0.0000
vn -0.8452 -0.5345 -0.0000
vn -0.7721 -0.6355 -0.0000
vn -0.9009 -0.4341 -0.0000
vn -0.9411 -0.3381 -0.0000
vn -0.9685 -0.2490 -0.0000
vn -0.7766 0.6300 -0.0000
vn 0.7383 0.6745 -0.0000
vn 0.7383 0.6744 -0.0000
vn -0.2465 0.9692 -0.0000
vn -0.1217 0.9926 -0.0000
vn -0.3712 0.9285 -0.0000
vn -0.4921 0.8705 -0.0000
vn -0.6053 0.7960 -0.0000
vn -0.7076 0.7066 -0.0000
vn -0.7964 0.6048 -0.0000
vn -0.8700 0.4931 -0.0000
vn -0.9273 0.3743 -0.0000
vn -0.9921 0.1255 -0.0000
vn -1.0000 -0.0000 -0.0000
vn -0.9921 -0.1251 -0.0000
vn -0.9684 -0.2494 -0.0000
vn -0.9286 -0.3711 -0.0000
vn -0.8726 -0.4885 -0.0000
vn -0.8005 -0.5993 -0.0000
vn -0.7130 -0.7012 -0.0000
vn -0.6114 -0.7913 -0.0000
vn -0.4980 -0.8672 -0.0000
vn -0.3761 -0.9266 -0.0000
vn -0.2497 -0.9683 -0.0000
vn -0.1232 -0.9924 -0.0000
vn 0.0008 -1.0000 -0.0000
vn 0.1260 -0.9920 -0.0000
vn 0.2541 -0.9672 -0.0000
vn 0.3807 -0.9247 -0.0000
vn 0.5017 -0.8650 -0.0000
vn 0.6136 -0.7896 -0.0000
vn 0.7137 -0.7004 -0.0000
vn 0.8001 -0.5999 -0.0000
vn 0.8716 -0.4902 -0.0000
vn 0.9276 -0.3736 -0.0000
vn 0.9678 -0.2519 -0.0000
vn 0.9919 -0.1267 -0.0000
vn 1.0000 0.0003 -0.0000
vn 0.9918 0.1281 -0.0000
vn 0.9669 0.2551 -0.0000
vn 0.9255 0.3787 -0.0000
vn 0.8679 0.4967 -0.0000
vn 0.7947 0.6070 -0.0000
vn 0.7069 0.7073 -0.0000
vn 0.6061 0.7954 -0.0000
vn 0.4944 0.8692 -0.0000
vn 0.3745 0.9272 -0.0000
vn 0.2498 0.9683 -0.0000
vn 0.1239 0.9923 -0.0000
vn 0.0007 1.0000 -0.0000
vn 0.2464 0.9692 -0.0000
vn 0.1226 0.9925 -0.0000
vn 0.4869 0.8735 -0.0000
vn 0.3687 0.9295 -0.0000
vn 0.5981 0.8015 -0.0000
vn 0.6996 0.7145 -0.0000
vn 0.5981 0.8014 -0.0000
vn 0.7891 0.6143 -0.0000
vn 0.8644 0.5028 -0.0000
vn 0.9239 0.3825 -0.0000
vn 0.9665 0.2565 -0.0000
vn 0.9918 0.1280 -0.0000
vn 1.0000 0.0002 -0.0000
vn 0.9918 -0.1274 -0.0000
vn 0.9667 -0.2558 -0.0000
vn 0.9241 -0.3821 -0.0000
vn 0.8644 -0.5028 -0.0000
vn 0.7887 -0.6148 -0.0000
vn 0.6986 -0.7155 -0.0000
vn 0.5966 -0.8025 -0.0000
vn 0.4851 -0.8745 -0.0000
vn 0.3668 -0.9303 -0.0000
vn 0.2448 -0.9696 -0.0000
vn 0.1217 -0.9926 -0.0000
vn -0.0002 -1.0000 -0.0000
vn -0.1224 -0.9925 -0.0000
vn -0.2459 -0.9693 -0.0000
vn -0.3682 -0.9297 -0.0000
vn -0.4864 -0.8737 -0.0000
vn -0.5978 -0.8016 -0.0000
vn -0.6996 -0.7146 -0.0000
vn -0.7893 -0.6140 -0.0000
vn -0.8648 -0.5022 -0.0000
vn -0.9243 -0.3817 -0.0000
vn -0.9668 -0.2556 -0.0000
vn -0.9919 -0.1274 -0.0000
vn -1.0000 0.0002 -0.0000
vn -0.9918 0.1279 -0.0000
vn -0.9666 0.2563 -0.0000
vn -0.9241 0.3821 -0.0000
vn -0.8648 0.5022 -0.0000
vn -0.7897 0.6135 -0.0000
vn -0.7005 0.7136 -0.0000
vn -0.5993 0.8005 -0.0000
vn -0.4883 0.8727 -0.0000
vn -0.3701 0.9290 -0.0000
vn -0.2475 0.9689 -0.0000
vn -0.1233 0.9924 -0.0000
vn -0.0002 1.0000 -0.0000
vn 0.0046 1.0000 -0.0000
vn -0.5470 0.8371 -0.0000
vn 0.5509 0.8346 -0.0000
vn -0.8357 0.5491 -0.0000
vn -0.5492 -0.8357 -0.0000
vn -0.8357 0.5492 -0.0000
vn 0.5453 -0.8382 -0.0000
vn 0.8382 0.5454 -0.0000
vn 0.8382 0.5453 -0.0000
vn -0.9965 0.0830 -0.0000
vn 0.3348 0.9423 -0.0000
vn 0.9703 -0.2417 -0.0000
vn 0.4939 0.8695 -0.0000
vn 0.8475 0.5309 -0.0000
vn 0.8215 0.5702 -0.0000
vn 0.7896 0.6136 -0.0000
vn 0.7502 0.6612 -0.0000
vn 0.7015 0.7127 -0.0000
vn 0.6414 0.7672 -0.0000
vn 0.5679 0.8231 -0.0000
vn 0.4795 0.8775 -0.0000
vn 0.3758 0.9267 -0.0000
vn 0.2585 0.9660 -0.0000
vn 0.1314 0.9913 -0.0000
vn 0.0132 0.9999 -0.0000
vn -0.0794 0.9968 -0.0000
vn -0.1584 0.9874 -0.0000
vn -0.2354 0.9719 -0.0000
vn -0.3086 0.9512 -0.0000
vn -0.2353 0.9719 -0.0000
vn -0.3768 0.9263 -0.0000
vn -0.4390 0.8985 -0.0000
vn -0.3767 0.9263 -0.0000
vn -0.4949 0.8690 -0.0000
vn -0.5444 0.8388 -0.0000
vn -0.5879 0.8090 -0.0000
vn -0.6257 0.7800 -0.0000
vn -0.5879 0.8089 -0.0000
vn -0.6585 0.7526 -0.0000
vn -0.9900 0.1414 -0.0000
vn -0.1400 -0.9902 -0.0000
vn 0.6579 -0.7531 -0.0000
vn 0.6218 -0.7832 -0.0000
vn 0.6578 -0.7532 -0.0000
vn 0.5852 -0.8109 -0.0000
vn 0.5474 -0.8368 -0.0000
vn 0.5077 -0.8616 -0.0000
vn 0.4647 -0.8855 -0.0000
vn 0.5077 -0.8615 -0.0000
vn 0.4171 -0.9089 -0.0000
vn 0.4647 -0.8854 -0.0000
vn 0.3627 -0.9319 -0.0000
vn 0.2985 -0.9544 -0.0000
vn 0.2203 -0.9754 -0.0000
vn 0.1219 -0.9925 -0.0000
vn -0.0082 -1.0000 -0.0000
vn -0.1651 -0.9863 -0.0000
vn -0.3230 -0.9464 -0.0000
vn -0.4666 -0.8845 -0.0000
vn -0.5918 -0.8061 -0.0000
vn -0.6975 -0.7166 -0.0000
vn -0.7845 -0.6201 -0.0000
vn -0.8543 -0.5197 -0.0000
vn -0.9089 -0.4171 -0.0000
vn -0.9497 -0.3132 -0.0000
vn -0.9780 -0.2088 -0.0000
vn -0.9946 -0.1042 -0.0000
vn -0.9997 -0.0259 -0.0000
vt 0.222222 0.000000
vt 0.259259 0.000000
vt 0.240741 0.000000
vt 0.277778 0.000000
vt 0.203704 0.000000
vt 0.296296 0.000000
vt 0.185185 0.000000
vt 0.314815 0.000000
vt 0.333333 0.000000
vt 0.166667 0.000000
vt 0.351852 0.000000
vt 0.962963 0.000000
vt 1.000000 0.000000
vt 0.981481 0.000000
vt 0.000000 0.000000
vt 0.148148 0.000000
vt 0.370370 0.000000
vt 0.388889 0.000000
vt 0.129630 0.000000
vt 0.407407 0.000000
vt 0.111111 0.000000
vt 0.425926 0.000000
vt 0.444444 0.000000
vt 0.092593 0.000000
vt 0.462963 0.000000
vt 0.074074 0.000000
vt 0.648148 0.000000
vt 0.629630 0.000000
vt 0.611111 0.000000
vt 0.592593 0.000000
vt 0.574074 0.000000
vt 0.555556 0.000000
vt 0.537037 0.000000
vt 0.518519 0.000000
vt 0.500000 0.000000
vt 0.481481 0.000000
vt 0.055556 0.000000
vt 0.685185 0.000000
vt 0.666667 0.000000
vt 0.037037 0.000000
vt 0.722222 0.000000
vt 0.703704 0.000000
vt 0.740741 0.000000
vt 0.759259 0.000000
vt 0.018519 0.000000
vt 0.777778 0.000000
vt 0.796296 0.000000
vt 0.870370 0.000000
vt 0.851852 0.000000
vt 0.833333 0.000000
vt 0.814815 0.000000
vt 0.888889 0.000000
vt 0.907407 0.000000
vt 0.925926 0.000000
vt 0.944444 0.000000
vt 0.346939 0.000000
vt 0.367347 0.000000
vt 0.357143 0.000000
vt 0.377551 0.000000
vt 0.336735 0.000000
vt 0.387755 0.000000
vt 0.326531 0.000000
vt 0.397959 0.000000
vt 0.316327 0.000000
vt 0.408163 0.000000
vt 0.306122 0.000000
vt 0.418367 0.000000
vt 0.295918 0.000000
vt 0.428571 0.000000
vt 0.285714 0.000000
vt 0.867347 0.000000
vt 0.877551 0.000000
vt 0.857143 0.000000
vt 0.887755 0.000000
vt 0.846939 0.000000
vt 0.897959 0.000000
vt 0.836735 0.000000
vt 0.438776 0.000000
vt 0.908163 0.000000
vt 0.275510 0.000000
vt 0.826531 0.000000
vt 0.918367 0.000000
vt 0.816327 0.000000
vt 0.928571 0.000000
vt 0.806122 0.000000
vt 0.938776 0.000000
vt 0.795918 0.000000
vt 0.265306 0.000000
vt 0.448980 0.000000
vt 0.948980 0.000000
vt 0.785714 0.000000
vt 0.959184 0.000000
vt 0.775510 0.000000
vt 0.255102 0.000000
vt 0.459184 0.000000
vt 0.969388 0.000000
vt 0.765306 0.000000
vt 0.979592 0.000000
vt 0.755102 0.000000
vt 0.244898 0.000000
vt 0.989796 0.000000
vt 0.469388 0.000000
vt 0.234694 0.000000
vt 0.479592 0.000000
vt 0.224490 0.000000
vt 0.489796 0.000000
vt 0.214286 0.000000
vt 0.510204 0.000000
vt 0.520408 0.000000
vt 0.204082 0.000000
vt 0.530612 0.000000
vt 0.193878 0.000000
vt 0.540816 0.000000
vt 0.724490 0.000000
vt 0.744898 0.000000
vt 0.734694 0.000000
vt 0.551020 0.000000
vt 0.714286 0.000000
vt 0.704082 0.000000
vt 0.183673 0.000000
vt 0.561224 0.000000
vt 0.693878 0.000000
vt 0.683673 0.000000
vt 0.571429 0.000000
vt 0.673469 0.000000
vt 0.581633 0.000000
vt 0.663265 0.000000
vt 0.173469 0.000000
vt 0.653061 0.000000
vt 0.591837 0.000000
vt 0.642857 0.000000
vt 0.602041 0.000000
vt 0.632653 0.000000
vt 0.622449 0.000000
vt 0.612245 0.000000
vt 0.163265 0.000000
vt 0.153061 0.000000
vt 0.010204 0.000000
vt 0.020408 0.000000
vt 0.142857 0.000000
vt 0.030612 0.000000
vt 0.040816 0.000000
vt 0.132653 0.000000
vt 0.051020 0.000000
vt 0.061224 0.000000
vt 0.122449 0.000000
vt 0.071429 0.000000
vt 0.081633 0.000000
vt 0.091837 0.000000
vt 0.112245 0.000000
vt 0.102041 0.000000
vt 0.484211 0.000000
vt 0.494737 0.000000
vt 0.010526 0.000000
vt 0.473684 0.000000
vt 0.021053 0.000000
vt 0.463158 0.000000
vt 0.031579 0.000000
vt 0.452632 0.000000
vt 0.042105 0.000000
vt 0.442105 0.000000
vt 0.052632 0.000000
vt 0.431579 0.000000
vt 0.747368 0.000000
vt 0.757895 0.000000
vt 0.736842 0.000000
vt 0.768421 0.000000
vt 0.726316 0.000000
vt 0.778947 0.000000
vt 0.715789 0.000000
vt 0.063158 0.000000
vt 0.421053 0.000000
vt 0.789474 0.000000
vt 0.705263 0.000000
vt 0.694737 0.000000
vt 0.800000 0.000000
vt 0.073684 0.000000
vt 0.410526 0.000000
vt 0.684211 0.000000
vt 0.810526 0.000000
vt 0.673684 0.000000
vt 0.821053 0.000000
vt 0.084211 0.000000
vt 0.400000 0.000000
vt 0.663158 0.000000
vt 0.831579 0.000000
vt 0.094737 0.000000
vt 0.389474 0.000000
vt 0.652632 0.000000
vt 0.842105 0.000000
vt 0.642105 0.000000
vt 0.852632 0.000000
vt 0.105263 0.000000
vt 0.378947 0.000000
vt 0.631579 0.000000
vt 0.863158 0.000000
vt 0.115789 0.000000
vt 0.368421 0.000000
vt 0.621053 0.000000
vt 0.873684 0.000000
vt 0.357895 0.000000
vt 0.884211 0.000000
vt 0.610526 0.000000
vt 0.126316 0.000000
vt 0.600000 0.000000
vt 0.894737 0.000000
vt 0.136842 0.000000
vt 0.347368 0.000000
vt 0.589474 0.000000
vt 0.905263 0.000000
vt 0.147368 0.000000
vt 0.336842 0.000000
vt 0.578947 0.000000
vt 0.915789 0.000000
vt 0.157895 0.000000
vt 0.326316 0.000000
vt 0.568421 0.000000
vt 0.926316 0.000000
vt 0.557895 0.000000
vt 0.936842 0.000000
vt 0.168421 0.000000
vt 0.315789 0.000000
vt 0.547368 0.000000
vt 0.947368 0.000000
vt 0.536842 0.000000
vt 0.957895 0.000000
vt 0.178947 0.000000
vt 0.305263 0.000000
vt 0.526316 0.000000
vt 0.968421 0.000000
vt 0.515789 0.000000
vt 0.978947 0.000000
vt 0.189474 0.000000
vt 0.294737 0.000000
vt 0.505263 0.000000
vt 0.989474 0.000000
vt 0.200000 0.000000
vt 0.284211 0.000000
vt 0.210526 0.000000
vt 0.273684 0.000000
vt 0.221053 0.000000
vt 0.263158 0.000000
vt 0.231579 0.000000
vt 0.252632 0.000000
vt 0.242105 0.000000
vt 0.103774 0.000000
vt 0.122642 0.000000
vt 0.113208 0.000000
vt 0.330189 0.000000
vt 0.349057 0.000000
vt 0.339623 0.000000
vt 0.094340 0.000000
vt 0.132075 0.000000
vt 0.320755 0.000000
vt 0.358491 0.000000
vt 0.084906 0.000000
vt 0.141509 0.000000
vt 0.311321 0.000000
vt 0.075472 0.000000
vt 0.150943 0.000000
vt 0.367925 0.000000
vt 0.301887 0.000000
vt 0.066038 0.000000
vt 0.981132 0.000000
vt 0.990566 0.000000
vt 0.160377 0.000000
vt 0.292453 0.000000
vt 0.056604 0.000000
vt 0.377358 0.000000
vt 0.169811 0.000000
vt 0.047170 0.000000
vt 0.283019 0.000000
vt 0.179245 0.000000
vt 0.386792 0.000000
vt 0.037736 0.000000
vt 0.273585 0.000000
vt 0.188679 0.000000
vt 0.028302 0.000000
vt 0.264151 0.000000
vt 0.396226 0.000000
vt 0.198113 0.000000
vt 0.018868 0.000000
vt 0.254717 0.000000
vt 0.207547 0.000000
vt 0.009434 0.000000
vt 0.405660 0.000000
vt 0.245283 0.000000
vt 0.216981 0.000000
vt 0.235849 0.000000
vt 0.594340 0.000000
vt 0.415094 0.000000
vt 0.962264 0.000000
vt 0.952830 0.000000
vt 0.943396 0.000000
vt 0.933962 0.000000
vt 0.924528 0.000000
vt 0.915094 0.000000
vt 0.905660 0.000000
vt 0.896226 0.000000
vt 0.886792 0.000000
vt 0.877358 0.000000
vt 0.867925 0.000000
vt 0.858491 0.000000
vt 0.849057 0.000000
vt 0.226415 0.000000
vt 0.603774 0.000000
vt 0.839623 0.000000
vt 0.584906 0.000000
vt 0.613208 0.000000
vt 0.830189 0.000000
vt 0.575472 0.000000
vt 0.622642 0.000000
vt 0.820755 0.000000
vt 0.566038 0.000000
vt 0.632075 0.000000
vt 0.811321 0.000000
vt 0.556604 0.000000
vt 0.641509 0.000000
vt 0.424528 0.000000
vt 0.801887 0.000000
vt 0.650943 0.000000
vt 0.547170 0.000000
vt 0.660377 0.000000
vt 0.792453 0.000000
vt 0.537736 0.000000
vt 0.669811 0.000000
vt 0.783019 0.000000
vt 0.528302 0.000000
vt 0.679245 0.000000
vt 0.433962 0.000000
vt 0.773585 0.000000
vt 0.688679 0.000000
vt 0.518868 0.000000
vt 0.698113 0.000000
vt 0.764151 0.000000
vt 0.509434 0.000000
vt 0.707547 0.000000
vt 0.443396 0.000000
vt 0.754717 0.000000
vt 0.971698 0.000000
vt 0.716981 0.000000
vt 0.745283 0.000000
vt 0.490566 0.000000
vt 0.452830 0.000000
vt 0.735849 0.000000
vt 0.481132 0.000000
vt 0.462264 0.000000
vt 0.726415 0.000000
vt 0.471698 0.000000
vt 0.560694 0.000000
vt 0.572254 0.000000
vt 0.566474 0.000000
vt 0.554913 0.000000
vt 0.578035 0.000000
vt 0.549133 0.000000
vt 0.543353 0.000000
vt 0.583815 0.000000
vt 0.537572 0.000000
vt 0.589595 0.000000
vt 0.531792 0.000000
vt 0.526012 0.000000
vt 0.595376 0.000000
vt 0.520231 0.000000
vt 0.601156 0.000000
vt 0.514451 0.000000
vt 0.508671 0.000000
vt 0.606936 0.000000
vt 0.502890 0.000000
vt 0.612717 0.000000
vt 0.497110 0.000000
vt 0.491329 0.000000
vt 0.485549 0.000000
vt 0.479769 0.000000
vt 0.473988 0.000000
vt 0.468208 0.000000
vt 0.462428 0.000000
vt 0.456647 0.000000
vt 0.450867 0.000000
vt 0.445087 0.000000
vt 0.439306 0.000000
vt 0.433526 0.000000
vt 0.427746 0.000000
vt 0.421965 0.000000
vt 0.618497 0.000000
vt 0.416185 0.000000
vt 0.624277 0.000000
vt 0.410405 0.000000
vt 0.404624 0.000000
vt 0.398844 0.000000
vt 0.393064 0.000000
vt 0.387283 0.000000
vt 0.630058 0.000000
vt 0.381503 0.000000
vt 0.375723 0.000000
vt 0.369942 0.000000
vt 0.635838 0.000000
vt 0.364162 0.000000
vt 0.358382 0.000000
vt 0.641618 0.000000
vt 0.352601 0.000000
vt 0.346821 0.000000
vt 0.341040 0.000000
vt 0.335260 0.000000
vt 0.329480 0.000000
vt 0.323699 0.000000
vt 0.317919 0.000000
vt 0.791907 0.000000
vt 0.994220 0.000000
vt 0.797688 0.000000
vt 0.312139 0.000000
vt 0.803468 0.000000
vt 0.306358 0.000000
vt 0.809249 0.000000
vt 0.300578 0.000000
vt 0.815029 0.000000
vt 0.820809 0.000000
vt 0.294798 0.000000
vt 0.826590 0.000000
vt 0.289017 0.000000
vt 0.832370 0.000000
vt 0.838150 0.000000
vt 0.283237 0.000000
vt 0.843931 0.000000
vt 0.849711 0.000000
vt 0.277457 0.000000
vt 0.855491 0.000000
vt 0.271676 0.000000
vt 0.861272 0.000000
vt 0.867052 0.000000
vt 0.265896 0.000000
vt 0.872832 0.000000
vt 0.878613 0.000000
vt 0.988439 0.000000
vt 0.260116 0.000000
vt 0.982659 0.000000
vt 0.884393 0.000000
vt 0.976879 0.000000
vt 0.774566 0.000000
vt 0.786127 0.000000
vt 0.780347 0.000000
vt 0.647399 0.000000
vt 0.890173 0.000000
vt 0.768786 0.000000
vt 0.971098 0.000000
vt 0.653179 0.000000
vt 0.763006 0.000000
vt 0.254335 0.000000
vt 0.895954 0.000000
vt 0.658960 0.000000
vt 0.965318 0.000000
vt 0.757225 0.000000
vt 0.664740 0.000000
vt 0.959538 0.000000
vt 0.751445 0.000000
vt 0.901734 0.000000
vt 0.670520 0.000000
vt 0.745665 0.000000
vt 0.953757 0.000000
vt 0.676301 0.000000
vt 0.739884 0.000000
vt 0.907514 0.000000
vt 0.682081 0.000000
vt 0.947977 0.000000
vt 0.734104 0.000000
vt 0.687861 0.000000
vt 0.248555 0.000000
vt 0.728324 0.000000
vt 0.913295 0.000000
vt 0.942197 0.000000
vt 0.693642 0.000000
vt 0.722543 0.000000
vt 0.699422 0.000000
vt 0.716763 0.000000
vt 0.936416 0.000000
vt 0.705202 0.000000
vt 0.710983 0.000000
vt 0.919075 0.000000
vt 0.930636 0.000000
vt 0.924855 0.000000
vt 0.132948 0.000000
vt 0.242775 0.000000
vt 0.138728 0.000000
vt 0.127168 0.000000
vt 0.236994 0.000000
vt 0.144509 0.000000
vt 0.121387 0.000000
vt 0.231214 0.000000
vt 0.150289 0.000000
vt 0.115607 0.000000
vt 0.005780 0.000000
vt 0.156069 0.000000
vt 0.109827 0.000000
vt 0.225434 0.000000
vt 0.011561 0.000000
vt 0.161850 0.000000
vt 0.104046 0.000000
vt 0.017341 0.000000
vt 0.219653 0.000000
vt 0.167630 0.000000
vt 0.098266 0.000000
vt 0.023121 0.000000
vt 0.173410 0.000000
vt 0.092486 0.000000
vt 0.028902 0.000000
vt 0.213873 0.000000
vt 0.179191 0.000000
vt 0.086705 0.000000
vt 0.034682 0.000000
vt 0.184971 0.000000
vt 0.040462 0.000000
vt 0.080925 0.000000
vt 0.208092 0.000000
vt 0.046243 0.000000
vt 0.190751 0.000000
vt 0.075145 0.000000
vt 0.052023 0.000000
vt 0.196532 0.000000
vt 0.069364 0.000000
vt 0.202312 0.000000
vt 0.057803 0.000000
vt 0.063584 0.000000
vt 0.336634 0.000000
vt 0.356436 0.000000
vt 0.346535 0.000000
vt 0.366337 0.000000
vt 0.376238 0.000000
vt 0.386139 0.000000
vt 0.326733 0.000000
vt 0.396040 0.000000
vt 0.405941 0.000000
vt 0.415842 0.000000
vt 0.316832 0.000000
vt 0.425743 0.000000
vt 0.435644 0.000000
vt 0.306931 0.000000
vt 0.445545 0.000000
vt 0.455446 0.000000
vt 0.297030 0.000000
vt 0.465347 0.000000
vt 0.574257 0.000000
vt 0.564356 0.000000
vt 0.554455 0.000000
vt 0.544554 0.000000
vt 0.534653 0.000000
vt 0.524752 0.000000
vt 0.514852 0.000000
vt 0.504951 0.000000
vt 0.495050 0.000000
vt 0.485149 0.000000
vt 0.475248 0.000000
vt 0.287129 0.000000
vt 0.594059 0.000000
vt 0.584158 0.000000
vt 0.603960 0.000000
vt 0.613861 0.000000
vt 0.623762 0.000000
vt 0.277228 0.000000
vt 0.633663 0.000000
vt 0.643564 0.000000
vt 0.267327 0.000000
vt 0.653465 0.000000
vt 0.663366 0.000000
vt 0.257426 0.000000
vt 0.673267 0.000000
vt 0.247525 0.000000
vt 0.683168 0.000000
vt 0.693069 0.000000
vt 0.237624 0.000000
vt 0.702970 0.000000
vt 0.227723 0.000000
vt 0.712871 0.000000
vt 0.722772 0.000000
vt 0.217822 0.000000
vt 0.970297 0.000000
vt 0.990099 0.000000
vt 0.980198 0.000000
vt 0.960396 0.000000
vt 0.732673 0.000000
vt 0.207921 0.000000
vt 0.742574 0.000000
vt 0.950495 0.000000
vt 0.198020 0.000000
vt 0.752475 0.000000
vt 0.762376 0.000000
vt 0.188119 0.000000
vt 0.772277 0.000000
vt 0.178218 0.000000
vt 0.782178 0.000000
vt 0.792079 0.000000
vt 0.168317 0.000000
vt 0.801980 0.000000
vt 0.940594 0.000000
vt 0.930693 0.000000
vt 0.920792 0.000000
vt 0.811881 0.000000
vt 0.910891 0.000000
vt 0.900990 0.000000
vt 0.891089 0.000000
vt 0.821782 0.000000
vt 0.158416 0.000000
vt 0.881188 0.000000
vt 0.871287 0.000000
vt 0.861386 0.000000
vt 0.831683 0.000000
vt 0.851485 0.000000
vt 0.841584 0.000000
vt 0.148515 0.000000
vt 0.009901 0.000000
vt 0.138614 0.000000
vt 0.019802 0.000000
vt 0.029703 0.000000
vt 0.128713 0.000000
vt 0.039604 0.000000
vt 0.049505 0.000000
vt 0.059406 0.000000
vt 0.118812 0.000000
vt 0.069307 0.000000
vt 0.079208 0.000000
vt 0.089109 0.000000
vt 0.108911 0.000000
vt 0.099010 0.000000
vt 0.009804 1.000000
vt 0.000000 1.000000
vt 0.019608 1.000000
vt 0.009804 0.000000
vt 0.029412 1.000000
vt 0.019608 0.000000
vt 0.039216 1.000000
vt 0.029412 0.000000
vt 0.049020 1.000000
vt 0.039216 0.000000
vt 0.058824 1.000000
vt 0.049020 0.000000
vt 0.068627 1.000000
vt 0.058824 0.000000
vt 0.078431 1.000000
vt 0.068627 0.000000
vt 0.088235 1.000000
vt 0.078431 0.000000
vt 0.098039 1.000000
vt 0.088235 0.000000
vt 0.107843 1.000000
vt 0.098039 0.000000
vt 0.117647 1.000000
vt 0.107843 0.000000
vt 0.127451 1.000000
vt 0.117647 0.000000
vt 0.137255 1.000000
vt 0.127451 0.000000
vt 0.147059 1.000000
vt 0.137255 0.000000
vt 0.156863 1.000000
vt 0.147059 0.000000
vt 0.166667 1.000000
vt 0.156863 0.000000
vt 0.176471 1.000000
vt 0.186275 1.000000
vt 0.176471 0.000000
vt 0.196078 1.000000
vt 0.186275 0.000000
vt 0.205882 1.000000
vt 0.196078 0.000000
vt 0.215686 1.000000
vt 0.205882 0.000000
vt 0.225490 1.000000
vt 0.215686 0.000000
vt 0.235294 1.000000
vt 0.225490 0.000000
vt 0.245098 1.000000
vt 0.235294 0.000000
vt 0.254902 1.000000
vt 0.245098 0.000000
vt 0.264706 1.000000
vt 0.254902 0.000000
vt 0.274510 1.000000
vt 0.264706 0.000000
vt 0.284314 1.000000
vt 0.274510 0.000000
vt 0.294118 1.000000
vt 0.284314 0.000000
vt 0.303922 1.000000
vt 0.294118 0.000000
vt 0.313726 1.000000
vt 0.303922 0.000000
vt 0.323529 1.000000
vt 0.313726 0.000000
vt 0.333333 1.000000
vt 0.323529 0.000000
vt 0.343137 1.000000
vt 0.352941 1.000000
vt 0.343137 0.000000
vt 0.362745 1.000000
vt 0.352941 0.000000
vt 0.372549 1.000000
vt 0.362745 0.000000
vt 0.382353 1.000000
vt 0.372549 0.000000
vt 0.392157 1.000000
vt 0.382353 0.000000
vt 0.401961 1.000000
vt 0.392157 0.000000
vt 0.411765 1.000000
vt 0.401961 0.000000
vt 0.421569 1.000000
vt 0.411765 0.000000
vt 0.431373 1.000000
vt 0.421569 0.000000
vt 0.441176 1.000000
vt 0.431373 0.000000
vt 0.450980 1.000000
vt 0.441176 0.000000
vt 0.460784 1.000000
vt 0.450980 0.000000
vt 0.470588 1.000000
vt 0.460784 0.000000
vt 0.480392 1.000000
vt 0.470588 0.000000
vt 0.490196 1.000000
vt 0.480392 0.000000
vt 0.500000 1.000000
vt 0.490196 0.000000
vt 0.509804 1.000000
vt 0.519608 1.000000
vt 0.509804 0.000000
vt 0.529412 1.000000
vt 0.519608 0.000000
vt 0.539216 1.000000
vt 0.529412 0.000000
vt 0.549020 1.000000
vt 0.539216 0.000000
vt 0.558824 1.000000
vt 0.549020 0.000000
vt 0.568627 1.000000
vt 0.558824 0.000000
vt 0.578431 1.000000
vt 0.568627 0.000000
vt 0.588235 1.000000
vt 0.578431 0.000000
vt 0.598039 1.000000
vt 0.588235 0.000000
vt 0.607843 1.000000
vt 0.598039 0.000000
vt 0.617647 1.000000
vt 0.607843 0.000000
vt 0.627451 1.000000
vt 0.617647 0.000000
vt 0.637255 1.000000
vt 0.627451 0.000000
vt 0.647059 1.000000
vt 0.637255 0.000000
vt 0.656863 1.000000
vt 0.647059 0.000000
vt 0.666667 1.000000
vt 0.656863 0.000000
vt 0.676471 1.000000
vt 0.686275 1.000000
vt 0.676471 0.000000
vt 0.696078 1.000000
vt 0.686275 0.000000
vt 0.705882 1.000000
vt 0.696078 0.000000
vt 0.715686 1.000000
vt 0.705882 0.000000
vt 0.725490 1.000000
vt 0.715686 0.000000
vt 0.735294 1.000000
vt 0.725490 0.000000
vt 0.745098 1.000000
vt 0.735294 0.000000
vt 0.754902 1.000000
vt 0.745098 0.000000
vt 0.764706 1.000000
vt 0.754902 0.000000
vt 0.774510 1.000000
vt 0.764706 0.000000
vt 0.784314 1.000000
vt 0.774510 0.000000
vt 0.794118 1.000000
vt 0.784314 0.000000
vt 0.803922 1.000000
vt 0.794118 0.000000
vt 0.813725 1.000000
vt 0.803922 0.000000
vt 0.823529 1.000000
vt 0.813725 0.000000
vt 0.833333 1.000000
vt 0.823529 0.000000
vt 0.843137 1.000000
vt 0.852941 1.000000
vt 0.843137 0.000000
vt 0.862745 1.000000
vt 0.852941 0.000000
vt 0.872549 1.000000
vt 0.862745 0.000000
vt 0.882353 1.000000
vt 0.872549 0.000000
vt 0.892157 1.000000
vt 0.882353 0.000000
vt 0.901961 1.000000
vt 0.892157 0.000000
vt 0.911765 1.000000
vt 0.901961 0.000000
vt 0.921569 1.000000
vt 0.911765 0.000000
vt 0.931373 1.000000
vt 0.921569 0.000000
vt 0.941176 1.000000
vt 0.931373 0.000000
vt 0.950980 1.000000
vt 0.941176 0.000000
vt 0.960784 1.000000
vt 0.950980 0.000000
vt 0.970588 1.000000
vt 0.960784 0.000000
vt 0.980392 1.000000
vt 0.970588 0.000000
vt 0.990196 1.000000
vt 0.980392 0.000000
vt 1.000000 1.000000
vt 0.990196 0.000000
vt 0.007299 1.000000
vt 0.014599 1.000000
vt 0.007299 0.000000
vt 0.021898 1.000000
vt 0.014599 0.000000
vt 0.029197 1.000000
vt 0.021898 0.000000
vt 0.036496 1.000000
vt 0.029197 0.000000
vt 0.043796 1.000000
vt 0.036496 0.000000
vt 0.051095 1.000000
vt 0.043796 0.000000
vt 0.058394 1.000000
vt 0.051095 0.000000
vt 0.065693 1.000000
vt 0.058394 0.000000
vt 0.072993 1.000000
vt 0.065693 0.000000
vt 0.080292 1.000000
vt 0.072993 0.000000
vt 0.087591 1.000000
vt 0.080292 0.000000
vt 0.094891 1.000000
vt 0.087591 0.000000
vt 0.102190 1.000000
vt 0.094891 0.000000
vt 0.109489 1.000000
vt 0.102190 0.000000
vt 0.116788 1.000000
vt 0.109489 0.000000
vt 0.124088 1.000000
vt 0.116788 0.000000
vt 0.131387 1.000000
vt 0.124088 0.000000
vt 0.138686 1.000000
vt 0.131387 0.000000
vt 0.145985 1.000000
vt 0.138686 0.000000
vt 0.153285 1.000000
vt 0.145985 0.000000
vt 0.160584 1.000000
vt 0.153285 0.000000
vt 0.167883 1.000000
vt 0.160584 0.000000
vt 0.175182 1.000000
vt 0.167883 0.000000
vt 0.182482 1.000000
vt 0.175182 0.000000
vt 0.189781 1.000000
vt 0.182482 0.000000
vt 0.197080 1.000000
vt 0.189781 0.000000
vt 0.204380 1.000000
vt 0.197080 0.000000
vt 0.211679 1.000000
vt 0.204380 0.000000
vt 0.218978 1.000000
vt 0.211679 0.000000
vt 0.226277 1.000000
vt 0.218978 0.000000
vt 0.233577 1.000000
vt 0.226277 0.000000
vt 0.240876 1.000000
vt 0.233577 0.000000
vt 0.248175 1.000000
vt 0.240876 0.000000
vt 0.255474 1.000000
vt 0.248175 0.000000
vt 0.262774 1.000000
vt 0.255474 0.000000
vt 0.270073 1.000000
vt 0.262774 0.000000
vt 0.277372 1.000000
vt 0.270073 0.000000
vt 0.284672 1.000000
vt 0.277372 0.000000
vt 0.291971 1.000000
vt 0.284672 0.000000
vt 0.299270 1.000000
vt 0.291971 0.000000
vt 0.306569 1.000000
vt 0.299270 0.000000
vt 0.313869 1.000000
vt 0.306569 0.000000
vt 0.321168 1.000000
vt 0.313869 0.000000
vt 0.328467 1.000000
vt 0.321168 0.000000
vt 0.335766 1.000000
vt 0.328467 0.000000
vt 0.343066 1.000000
vt 0.335766 0.000000
vt 0.350365 1.000000
vt 0.343066 0.000000
vt 0.357664 1.000000
vt 0.350365 0.000000
vt 0.364964 1.000000
vt 0.357664 0.000000
vt 0.372263 1.000000
vt 0.364964 0.000000
vt 0.379562 1.000000
vt 0.372263 0.000000
vt 0.386861 1.000000
vt 0.379562 0.000000
vt 0.394161 1.000000
vt 0.386861 0.000000
vt 0.401460 1.000000
vt 0.394161 0.000000
vt 0.408759 1.000000
vt 0.401460 0.000000
vt 0.416058 1.000000
vt 0.408759 0.000000
vt 0.423358 1.000000
vt 0.416058 0.000000
vt 0.430657 1.000000
vt 0.423358 0.000000
vt 0.437956 1.000000
vt 0.430657 0.000000
vt 0.445255 1.000000
vt 0.437956 0.000000
vt 0.452555 1.000000
vt 0.445255 0.000000
vt 0.459854 1.000000
vt 0.452555 0.000000
vt 0.467153 1.000000
vt 0.459854 0.000000
vt 0.474453 1.000000
vt 0.467153 0.000000
vt 0.481752 1.000000
vt 0.474453 0.000000
vt 0.489051 1.000000
vt 0.481752 0.000000
vt 0.496350 1.000000
vt 0.489051 0.000000
vt 0.503650 1.000000
vt 0.496350 0.000000
vt 0.510949 1.000000
vt 0.503650 0.000000
vt 0.518248 1.000000
vt 0.510949 0.000000
vt 0.525547 1.000000
vt 0.518248 0.000000
vt 0.532847 1.000000
vt 0.525547 0.000000
vt 0.540146 1.000000
vt 0.532847 0.000000
vt 0.547445 1.000000
vt 0.540146 0.000000
vt 0.554745 1.000000
vt 0.547445 0.000000
vt 0.562044 1.000000
vt 0.554745 0.000000
vt 0.569343 1.000000
vt 0.562044 0.000000
vt 0.576642 1.000000
vt 0.569343 0.000000
vt 0.583942 1.000000
vt 0.576642 0.000000
vt 0.591241 1.000000
vt 0.583942 0.000000
vt 0.598540 1.000000
vt 0.591241 0.000000
vt 0.605839 1.000000
vt 0.598540 0.000000
vt 0.613139 1.000000
vt 0.605839 0.000000
vt 0.620438 1.000000
vt 0.613139 0.000000
vt 0.627737 1.000000
vt 0.620438 0.000000
vt 0.635036 1.000000
vt 0.627737 0.000000
vt 0.642336 1.000000
vt 0.635036 0.000000
vt 0.649635 1.000000
vt 0.642336 0.000000
vt 0.656934 1.000000
vt 0.649635 0.000000
vt 0.664234 1.000000
vt 0.656934 0.000000
vt 0.671533 1.000000
vt 0.664234 0.000000
vt 0.678832 1.000000
vt 0.671533 0.000000
vt 0.686131 1.000000
vt 0.678832 0.000000
vt 0.693431 1.000000
vt 0.686131 0.000000
vt 0.700730 1.000000
vt 0.693431 0.000000
vt 0.708029 1.000000
vt 0.700730 0.000000
vt 0.715328 1.000000
vt 0.708029 0.000000
vt 0.722628 1.000000
vt 0.715328 0.000000
vt 0.729927 1.000000
vt 0.722628 0.000000
vt 0.737226 1.000000
vt 0.729927 0.000000
vt 0.744526 1.000000
vt 0.737226 0.000000
vt 0.751825 1.000000
vt 0.744526 0.000000
vt 0.759124 1.000000
vt 0.751825 0.000000
vt 0.766423 1.000000
vt 0.759124 0.000000
vt 0.773723 1.000000
vt 0.766423 0.000000
vt 0.781022 1.000000
vt 0.773723 0.000000
vt 0.788321 1.000000
vt 0.781022 0.000000
vt 0.795620 1.000000
vt 0.788321 0.000000
vt 0.802920 1.000000
vt 0.795620 0.000000
vt 0.810219 1.000000
vt 0.802920 0.000000
vt 0.817518 1.000000
vt 0.810219 0.000000
vt 0.824818 1.000000
vt 0.817518 0.000000
vt 0.832117 1.000000
vt 0.824818 0.000000
vt 0.839416 1.000000
vt 0.832117 0.000000
vt 0.846715 1.000000
vt 0.839416 0.000000
vt 0.854015 1.000000
vt 0.846715 0.000000
vt 0.861314 1.000000
vt 0.854015 0.000000
vt 0.868613 1.000000
vt 0.861314 0.000000
vt 0.875912 1.000000
vt 0.868613 0.000000
vt 0.883212 1.000000
vt 0.875912 0.000000
vt 0.890511 1.000000
vt 0.883212 0.000000
vt 0.897810 1.000000
vt 0.890511 0.000000
vt 0.905109 1.000000
vt 0.897810 0.000000
vt 0.912409 1.000000
vt 0.905109 0.000000
vt 0.919708 1.000000
vt 0.912409 0.000000
vt 0.927007 1.000000
vt 0.919708 0.000000
vt 0.934307 1.000000
vt 0.927007 0.000000
vt 0.941606 1.000000
vt 0.934307 0.000000
vt 0.948905 1.000000
vt 0.941606 0.000000
vt 0.956204 1.000000
vt 0.948905 0.000000
vt 0.963504 1.000000
vt 0.956204 0.000000
vt 0.970803 1.000000
vt 0.963504 0.000000
vt 0.978102 1.000000
vt 0.970803 0.000000
vt 0.985401 1.000000
vt 0.978102 0.000000
vt 0.992701 1.000000
vt 0.985401 0.000000
vt 0.992701 0.000000
vt 0.027027 1.000000
vt 0.054054 1.000000
vt 0.027027 0.000000
vt 0.081081 1.000000
vt 0.054054 0.000000
vt 0.108108 1.000000
vt 0.081081 0.000000
vt 0.135135 1.000000
vt 0.108108 0.000000
vt 0.162162 1.000000
vt 0.135135 0.000000
vt 0.189189 1.000000
vt 0.162162 0.000000
vt 0.216216 1.000000
vt 0.189189 0.000000
vt 0.243243 1.000000
vt 0.216216 0.000000
vt 0.270270 1.000000
vt 0.243243 0.000000
vt 0.297297 1.000000
vt 0.270270 0.000000
vt 0.324324 1.000000
vt 0.297297 0.000000
vt 0.351351 1.000000
vt 0.324324 0.000000
vt 0.378378 1.000000
vt 0.351351 0.000000
vt 0.405405 1.000000
vt 0.378378 0.000000
vt 0.432432 1.000000
vt 0.405405 0.000000
vt 0.459459 1.000000
vt 0.432432 0.000000
vt 0.486486 1.000000
vt 0.459459 0.000000
vt 0.513514 1.000000
vt 0.486486 0.000000
vt 0.540541 1.000000
vt 0.513514 0.000000
vt 0.567568 1.000000
vt 0.540541 0.000000
vt 0.594595 1.000000
vt 0.567568 0.000000
vt 0.621622 1.000000
vt 0.594595 0.000000
vt 0.648649 1.000000
vt 0.621622 0.000000
vt 0.675676 1.000000
vt 0.648649 0.000000
vt 0.702703 1.000000
vt 0.675676 0.000000
vt 0.729730 1.000000
vt 0.702703 0.000000
vt 0.756757 1.000000
vt 0.729730 0.000000
vt 0.783784 1.000000
vt 0.756757 0.000000
vt 0.810811 1.000000
vt 0.783784 0.000000
vt 0.837838 1.000000
vt 0.810811 0.000000
vt 0.864865 1.000000
vt 0.837838 0.000000
vt 0.891892 1.000000
vt 0.864865 0.000000
vt 0.918919 1.000000
vt 0.891892 0.000000
vt 0.945946 1.000000
vt 0.918919 0.000000
vt 0.972973 1.000000
vt 0.945946 0.000000
vt 0.972973 0.000000
vt 0.009346 1.000000
vt 0.018692 1.000000
vt 0.009346 0.000000
vt 0.028037 1.000000
vt 0.018692 0.000000
vt 0.037383 1.000000
vt 0.028037 0.000000
vt 0.046729 1.000000
vt 0.037383 0.000000
vt 0.056075 1.000000
vt 0.046729 0.000000
vt 0.065421 1.000000
vt 0.056075 0.000000
vt 0.074766 1.000000
vt 0.065421 0.000000
vt 0.084112 1.000000
vt 0.074766 0.000000
vt 0.093458 1.000000
vt 0.084112 0.000000
vt 0.102804 1.000000
vt 0.093458 0.000000
vt 0.112150 1.000000
vt 0.102804 0.000000
vt 0.121495 1.000000
vt 0.112150 0.000000
vt 0.130841 1.000000
vt 0.121495 0.000000
vt 0.140187 1.000000
vt 0.130841 0.000000
vt 0.149533 1.000000
vt 0.140187 0.000000
vt 0.158879 1.000000
vt 0.149533 0.000000
vt 0.168224 1.000000
vt 0.158879 0.000000
vt 0.177570 1.000000
vt 0.168224 0.000000
vt 0.186916 1.000000
vt 0.177570 0.000000
vt 0.196262 1.000000
vt 0.186916 0.000000
vt 0.205607 1.000000
vt 0.196262 0.000000
vt 0.214953 1.000000
vt 0.205607 0.000000
vt 0.224299 1.000000
vt 0.214953 0.000000
vt 0.233645 1.000000
vt 0.224299 0.000000
vt 0.242991 1.000000
vt 0.233645 0.000000
vt 0.252336 1.000000
vt 0.242991 0.000000
vt 0.261682 1.000000
vt 0.252336 0.000000
vt 0.271028 1.000000
vt 0.261682 0.000000
vt 0.280374 1.000000
vt 0.271028 0.000000
vt 0.289720 1.000000
vt 0.280374 0.000000
vt 0.299065 1.000000
vt 0.289720 0.000000
vt 0.308411 1.000000
vt 0.299065 0.000000
vt 0.317757 1.000000
vt 0.308411 0.000000
vt 0.327103 1.000000
vt 0.317757 0.000000
vt 0.336449 1.000000
vt 0.327103 0.000000
vt 0.345794 1.000000
vt 0.336449 0.000000
vt 0.355140 1.000000
vt 0.345794 0.000000
vt 0.364486 1.000000
vt 0.355140 0.000000
vt 0.373832 1.000000
vt 0.364486 0.000000
vt 0.383178 1.000000
vt 0.373832 0.000000
vt 0.392523 1.000000
vt 0.383178 0.000000
vt 0.401869 1.000000
vt 0.392523 0.000000
vt 0.411215 1.000000
vt 0.401869 0.000000
vt 0.420561 1.000000
vt 0.411215 0.000000
vt 0.429907 1.000000
vt 0.420561 0.000000
vt 0.439252 1.000000
vt 0.429907 0.000000
vt 0.448598 1.000000
vt 0.439252 0.000000
vt 0.457944 1.000000
vt 0.448598 0.000000
vt 0.467290 1.000000
vt 0.457944 0.000000
vt 0.476636 1.000000
vt 0.467290 0.000000
vt 0.485981 1.000000
vt 0.476636 0.000000
vt 0.495327 1.000000
vt 0.485981 0.000000
vt 0.504673 1.000000
vt 0.495327 0.000000
vt 0.514019 1.000000
vt 0.504673 0.000000
vt 0.523364 1.000000
vt 0.514019 0.000000
vt 0.532710 1.000000
vt 0.523364 0.000000
vt 0.542056 1.000000
vt 0.532710 0.000000
vt 0.551402 1.000000
vt 0.542056 0.000000
vt 0.560748 1.000000
vt 0.551402 0.000000
vt 0.570093 1.000000
vt 0.560748 0.000000
vt 0.579439 1.000000
vt 0.570093 0.000000
vt 0.588785 1.000000
vt 0.579439 0.000000
vt 0.598131 1.000000
vt 0.588785 0.000000
vt 0.607477 1.000000
vt 0.598131 0.000000
vt 0.616822 1.000000
vt 0.607477 0.000000
vt 0.626168 1.000000
vt 0.616822 0.000000
vt 0.635514 1.000000
vt 0.626168 0.000000
vt 0.644860 1.000000
vt 0.635514 0.000000
vt 0.654206 1.000000
vt 0.644860 0.000000
vt 0.663551 1.000000
vt 0.654206 0.000000
vt 0.672897 1.000000
vt 0.663551 0.000000
vt 0.682243 1.000000
vt 0.672897 0.000000
vt 0.691589 1.000000
vt 0.682243 0.000000
vt 0.700935 1.000000
vt 0.691589 0.000000
vt 0.710280 1.000000
vt 0.700935 0.000000
vt 0.719626 1.000000
vt 0.710280 0.000000
vt 0.728972 1.000000
vt 0.719626 0.000000
vt 0.738318 1.000000
vt 0.728972 0.000000
vt 0.747664 1.000000
vt 0.738318 0.000000
vt 0.757009 1.000000
vt 0.747664 0.000000
vt 0.766355 1.000000
vt 0.757009 0.000000
vt 0.775701 1.000000
vt 0.766355 0.000000
vt 0.785047 1.000000
vt 0.775701 0.000000
vt 0.794393 1.000000
vt 0.785047 0.000000
vt 0.803738 1.000000
vt 0.794393 0.000000
vt 0.813084 1.000000
vt 0.803738 0.000000
vt 0.822430 1.000000
vt 0.813084 0.000000
vt 0.831776 1.000000
vt 0.822430 0.000000
vt 0.841121 1.000000
vt 0.831776 0.000000
vt 0.850467 1.000000
vt 0.841121 0.000000
vt 0.859813 1.000000
vt 0.850467 0.000000
vt 0.869159 1.000000
vt 0.859813 0.000000
vt 0.878505 1.000000
vt 0.869159 0.000000
vt 0.887850 1.000000
vt 0.878505 0.000000
vt 0.897196 1.000000
vt 0.887850 0.000000
vt 0.906542 1.000000
vt 0.897196 0.000000
vt 0.915888 1.000000
vt 0.906542 0.000000
vt 0.925234 1.000000
vt 0.915888 0.000000
vt 0.934579 1.000000
vt 0.925234 0.000000
vt 0.943925 1.000000
vt 0.934579 0.000000
vt 0.953271 1.000000
vt 0.943925 0.000000
vt 0.962617 1.000000
vt 0.953271 0.000000
vt 0.971963 1.000000
vt 0.962617 0.000000
vt 0.981308 1.000000
vt 0.971963 0.000000
vt 0.990654 1.000000
vt 0.981308 0.000000
vt 0.990654 0.000000
vt 0.013514 1.000000
vt 0.013514 0.000000
vt 0.040541 1.000000
vt 0.040541 0.000000
vt 0.067568 1.000000
vt 0.067568 0.000000
vt 0.094595 1.000000
vt 0.094595 0.000000
vt 0.121622 1.000000
vt 0.121622 0.000000
vt 0.148649 1.000000
vt 0.148649 0.000000
vt 0.175676 1.000000
vt 0.175676 0.000000
vt 0.202703 1.000000
vt 0.202703 0.000000
vt 0.229730 1.000000
vt 0.229730 0.000000
vt 0.256757 1.000000
vt 0.256757 0.000000
vt 0.283784 1.000000
vt 0.283784 0.000000
vt 0.310811 1.000000
vt 0.310811 0.000000
vt 0.337838 1.000000
vt 0.337838 0.000000
vt 0.364865 1.000000
vt 0.364865 0.000000
vt 0.391892 1.000000
vt 0.391892 0.000000
vt 0.418919 1.000000
vt 0.418919 0.000000
vt 0.445946 1.000000
vt 0.445946 0.000000
vt 0.472973 1.000000
vt 0.472973 0.000000
vt 0.527027 1.000000
vt 0.527027 0.000000
vt 0.554054 1.000000
vt 0.554054 0.000000
vt 0.581081 1.000000
vt 0.581081 0.000000
vt 0.608108 1.000000
vt 0.608108 0.000000
vt 0.635135 1.000000
vt 0.635135 0.000000
vt 0.662162 1.000000
vt 0.662162 0.000000
vt 0.689189 1.000000
vt 0.689189 0.000000
vt 0.716216 1.000000
vt 0.716216 0.000000
vt 0.743243 1.000000
vt 0.743243 0.000000
vt 0.770270 1.000000
vt 0.770270 0.000000
vt 0.797297 1.000000
vt 0.797297 0.000000
vt 0.824324 1.000000
vt 0.824324 0.000000
vt 0.851351 1.000000
vt 0.851351 0.000000
vt 0.878378 1.000000
vt 0.878378 0.000000
vt 0.905405 1.000000
vt 0.905405 0.000000
vt 0.932432 1.000000
vt 0.932432 0.000000
vt 0.959459 1.000000
vt 0.959459 0.000000
vt 0.986486 1.000000
vt 0.986486 0.000000
vt 0.040000 1.000000
vt 0.080000 1.000000
vt 0.040000 0.000000
vt 0.120000 1.000000
vt 0.080000 0.000000
vt 0.160000 1.000000
vt 0.120000 0.000000
vt 0.200000 1.000000
vt 0.160000 0.000000
vt 0.240000 1.000000
vt 0.280000 1.000000
vt 0.240000 0.000000
vt 0.320000 1.000000
vt 0.280000 0.000000
vt 0.360000 1.000000
vt 0.320000 0.000000
vt 0.400000 1.000000
vt 0.360000 0.000000
vt 0.440000 1.000000
vt 0.480000 1.000000
vt 0.440000 0.000000
vt 0.520000 1.000000
vt 0.480000 0.000000
vt 0.560000 1.000000
vt 0.520000 0.000000
vt 0.600000 1.000000
vt 0.560000 0.000000
vt 0.640000 1.000000
vt 0.680000 1.000000
vt 0.640000 0.000000
vt 0.720000 1.000000
vt 0.680000 0.000000
vt 0.760000 1.000000
vt 0.720000 0.000000
vt 0.800000 1.000000
vt 0.760000 0.000000
vt 0.840000 1.000000
vt 0.880000 1.000000
vt 0.840000 0.000000
vt 0.920000 1.000000
vt 0.880000 0.000000
vt 0.960000 1.000000
vt 0.920000 0.000000
vt 0.960000 0.000000
vt 0.020833 1.000000
vt 0.041667 1.000000
vt 0.020833 0.000000
vt 0.062500 1.000000
vt 0.041667 0.000000
vt 0.083333 1.000000
vt 0.062500 0.000000
vt 0.104167 1.000000
vt 0.083333 0.000000
vt 0.125000 1.000000
vt 0.104167 0.000000
vt 0.145833 1.000000
vt 0.125000 0.000000
vt 0.145833 0.000000
vt 0.187500 1.000000
vt 0.208333 1.000000
vt 0.187500 0.000000
vt 0.229167 1.000000
vt 0.208333 0.000000
vt 0.250000 1.000000
vt 0.229167 0.000000
vt 0.270833 1.000000
vt 0.250000 0.000000
vt 0.291667 1.000000
vt 0.270833 0.000000
vt 0.312500 1.000000
vt 0.291667 0.000000
vt 0.312500 0.000000
vt 0.354167 1.000000
vt 0.375000 1.000000
vt 0.354167 0.000000
vt 0.395833 1.000000
vt 0.375000 0.000000
vt 0.416667 1.000000
vt 0.395833 0.000000
vt 0.437500 1.000000
vt 0.416667 0.000000
vt 0.458333 1.000000
vt 0.437500 0.000000
vt 0.479167 1.000000
vt 0.458333 0.000000
vt 0.479167 0.000000
vt 0.520833 1.000000
vt 0.541667 1.000000
vt 0.520833 0.000000
vt 0.562500 1.000000
vt 0.541667 0.000000
vt 0.583333 1.000000
vt 0.562500 0.000000
vt 0.604167 1.000000
vt 0.583333 0.000000
vt 0.625000 1.000000
vt 0.604167 0.000000
vt 0.645833 1.000000
vt 0.625000 0.000000
vt 0.645833 0.000000
vt 0.687500 1.000000
vt 0.708333 1.000000
vt 0.687500 0.000000
vt 0.729167 1.000000
vt 0.708333 0.000000
vt 0.750000 1.000000
vt 0.729167 0.000000
vt 0.770833 1.000000
vt 0.750000 0.000000
vt 0.791667 1.000000
vt 0.770833 0.000000
vt 0.812500 1.000000
vt 0.791667 0.000000
vt 0.812500 0.000000
vt 0.854167 1.000000
vt 0.875000 1.000000
vt 0.854167 0.000000
vt 0.895833 1.000000
vt 0.875000 0.000000
vt 0.916667 1.000000
vt 0.895833 0.000000
vt 0.937500 1.000000
vt 0.916667 0.000000
vt 0.958333 1.000000
vt 0.937500 0.000000
vt 0.979167 1.000000
vt 0.958333 0.000000
vt 0.979167 0.000000
vt 0.142857 1.000000
vt 0.285714 1.000000
vt 0.428571 1.000000
vt 0.571429 1.000000
vt 0.714286 1.000000
vt 0.857143 1.000000
vt 0.018182 1.000000
vt 0.036364 1.000000
vt 0.018182 0.000000
vt 0.054545 1.000000
vt 0.036364 0.000000
vt 0.072727 1.000000
vt 0.054545 0.000000
vt 0.090909 1.000000
vt 0.072727 0.000000
vt 0.109091 1.000000
vt 0.090909 0.000000
vt 0.127273 1.000000
vt 0.109091 0.000000
vt 0.145455 1.000000
vt 0.127273 0.000000
vt 0.163636 1.000000
vt 0.145455 0.000000
vt 0.181818 1.000000
vt 0.163636 0.000000
vt 0.181818 0.000000
vt 0.218182 1.000000
vt 0.236364 1.000000
vt 0.218182 0.000000
vt 0.254545 1.000000
vt 0.236364 0.000000
vt 0.272727 1.000000
vt 0.254545 0.000000
vt 0.290909 1.000000
vt 0.272727 0.000000
vt 0.309091 1.000000
vt 0.290909 0.000000
vt 0.327273 1.000000
vt 0.309091 0.000000
vt 0.345455 1.000000
vt 0.327273 0.000000
vt 0.363636 1.000000
vt 0.345455 0.000000
vt 0.381818 1.000000
vt 0.363636 0.000000
vt 0.381818 0.000000
vt 0.418182 1.000000
vt 0.436364 1.000000
vt 0.418182 0.000000
vt 0.454545 1.000000
vt 0.436364 0.000000
vt 0.472727 1.000000
vt 0.454545 0.000000
vt 0.490909 1.000000
vt 0.472727 0.000000
vt 0.509091 1.000000
vt 0.490909 0.000000
vt 0.527273 1.000000
vt 0.509091 0.000000
vt 0.545455 1.000000
vt 0.527273 0.000000
vt 0.563636 1.000000
vt 0.545455 0.000000
vt 0.581818 1.000000
vt 0.563636 0.000000
vt 0.581818 0.000000
vt 0.618182 1.000000
vt 0.636364 1.000000
vt 0.618182 0.000000
vt 0.654545 1.000000
vt 0.636364 0.000000
vt 0.672727 1.000000
vt 0.654545 0.000000
vt 0.690909 1.000000
vt 0.672727 0.000000
vt 0.709091 1.000000
vt 0.690909 0.000000
vt 0.727273 1.000000
vt 0.709091 0.000000
vt 0.745455 1.000000
vt 0.727273 0.000000
vt 0.763636 1.000000
vt 0.745455 0.000000
vt 0.781818 1.000000
vt 0.763636 0.000000
vt 0.781818 0.000000
vt 0.818182 1.000000
vt 0.836364 1.000000
vt 0.818182 0.000000
vt 0.854545 1.000000
vt 0.836364 0.000000
vt 0.872727 1.000000
vt 0.854545 0.000000
vt 0.890909 1.000000
vt 0.872727 0.000000
vt 0.909091 1.000000
vt 0.890909 0.000000
vt 0.927273 1.000000
vt 0.909091 0.000000
vt 0.945455 1.000000
vt 0.927273 0.000000
vt 0.963636 1.000000
vt 0.945455 0.000000
vt 0.981818 1.000000
vt 0.963636 0.000000
vt 0.981818 0.000000
s 0
usemtl マテリアル.004
f 13/1/1 15/2/1 14/3/1
f 13/1/1 16/4/1 15/2/1
f 12/5/1 16/4/1 13/1/1
f 12/5/1 17/6/1 16/4/1
f 11/7/1 17/6/1 12/5/1
f 11/7/1 18/8/1 17/6/1
f 11/7/1 19/9/1 18/8/1
f 10/10/1 19/9/1 11/7/1
f 10/10/1 20/11/1 19/9/1
f 53/12/1 55/13/1 54/14/1
f 53/12/1 1/15/1 55/13/1
f 9/16/1 20/11/1 10/10/1
f 9/16/1 21/17/1 20/11/1
f 9/16/1 22/18/1 21/17/1
f 8/19/1 22/18/1 9/16/1
f 8/19/1 23/20/1 22/18/1
f 7/21/1 23/20/1 8/19/1
f 7/21/1 24/22/1 23/20/1
f 7/21/1 25/23/1 24/22/1
f 6/24/1 25/23/1 7/21/1
f 6/24/1 26/25/1 25/23/1
f 5/26/1 26/25/1 6/24/1
f 5/26/1 36/27/1 26/25/1
f 36/27/1 35/28/1 26/25/1
f 35/28/1 34/29/1 26/25/1
f 34/29/1 33/30/1 26/25/1
f 33/30/1 32/31/1 26/25/1
f 32/31/1 31/32/1 26/25/1
f 31/32/1 30/33/1 26/25/1
f 30/33/1 29/34/1 26/25/1
f 29/34/1 28/35/1 26/25/1
f 28/35/1 27/36/1 26/25/1
f 4/37/1 38/38/1 5/26/1
f 38/38/1 37/39/1 5/26/1
f 37/39/1 36/27/1 5/26/1
f 3/40/1 40/41/1 4/37/1
f 40/41/1 39/42/1 4/37/1
f 39/42/1 38/38/1 4/37/1
f 3/40/1 41/43/1 40/41/1
f 3/40/1 42/44/1 41/43/1
f 2/45/1 42/44/1 3/40/1
f 2/45/1 43/46/1 42/44/1
f 2/45/1 44/47/1 43/46/1
f 53/12/1 2/45/1 1/15/1
f 53/12/1 48/48/1 2/45/1
f 48/48/1 47/49/1 2/45/1
f 47/49/1 46/50/1 2/45/1
f 46/50/1 45/51/1 2/45/1
f 45/51/1 44/47/1 2/45/1
f 53/12/1 49/52/1 48/48/1
f 53/12/1 50/53/1 49/52/1
f 53/12/1 51/54/1 50/53/1
f 53/12/1 52/55/1 51/54/1
f 90/56/1 92/57/1 91/58/1
f 90/56/1 93/59/1 92/57/1
f 89/60/1 93/59/1 90/56/1
f 89/60/1 94/61/1 93/59/1
f 88/62/1 94/61/1 89/60/1
f 88/62/1 95/63/1 94/61/1
f 87/64/1 95/63/1 88/62/1
f 87/64/1 96/65/1 95/63/1
f 86/66/1 96/65/1 87/64/1
f 86/66/1 97/67/1 96/65/1
f 85/68/1 97/67/1 86/66/1
f 85/68/1 98/69/1 97/67/1
f 84/70/1 141/71/1 85/68/1
f 141/71/1 98/69/1 85/68/1
f 84/70/1 142/72/1 141/71/1
f 140/73/1 98/69/1 141/71/1
f 84/70/1 143/74/1 142/72/1
f 139/75/1 98/69/1 140/73/1
f 84/70/1 144/76/1 143/74/1
f 138/77/1 98/69/1 139/75/1
f 138/77/1 99/78/1 98/69/1
f 84/70/1 145/79/1 144/76/1
f 83/80/1 145/79/1 84/70/1
f 137/81/1 99/78/1 138/77/1
f 83/80/1 146/82/1 145/79/1
f 136/83/1 99/78/1 137/81/1
f 83/80/1 147/84/1 146/82/1
f 135/85/1 99/78/1 136/83/1
f 83/80/1 148/86/1 147/84/1
f 134/87/1 99/78/1 135/85/1
f 82/88/1 148/86/1 83/80/1
f 134/87/1 100/89/1 99/78/1
f 82/88/1 149/90/1 148/86/1
f 133/91/1 100/89/1 134/87/1
f 82/88/1 150/92/1 149/90/1
f 132/93/1 100/89/1 133/91/1
f 81/94/1 150/92/1 82/88/1
f 132/93/1 101/95/1 100/89/1
f 81/94/1 151/96/1 150/92/1
f 131/97/1 101/95/1 132/93/1
f 81/94/1 152/98/1 151/96/1
f 130/99/1 101/95/1 131/97/1
f 80/100/1 152/98/1 81/94/1
f 80/100/1 153/101/1 152/98/1
f 130/99/1 102/102/1 101/95/1
f 154/13/1 102/102/1 130/99/1
f 80/100/1 154/13/1 153/101/1
f 80/100/1 102/102/1 154/13/1
f 79/103/1 102/102/1 80/100/1
f 79/103/1 103/104/1 102/102/1
f 78/105/1 104/106/1 79/103/1
f 104/106/1 103/104/1 79/103/1
f 78/105/1 105/35/1 104/106/1
f 77/107/1 105/35/1 78/105/1
f 77/107/1 106/108/1 105/35/1
f 77/107/1 107/109/1 106/108/1
f 76/110/1 107/109/1 77/107/1
f 76/110/1 108/111/1 107/109/1
f 75/112/1 108/111/1 76/110/1
f 75/112/1 109/113/1 108/111/1
f 127/114/1 129/115/1 128/116/1
f 75/112/1 110/117/1 109/113/1
f 126/118/1 129/115/1 127/114/1
f 125/119/1 129/115/1 126/118/1
f 74/120/1 110/117/1 75/112/1
f 74/120/1 111/121/1 110/117/1
f 124/122/1 129/115/1 125/119/1
f 123/123/1 129/115/1 124/122/1
f 74/120/1 112/124/1 111/121/1
f 122/125/1 129/115/1 123/123/1
f 74/120/1 113/126/1 112/124/1
f 121/127/1 129/115/1 122/125/1
f 73/128/1 113/126/1 74/120/1
f 120/129/1 129/115/1 121/127/1
f 73/128/1 114/130/1 113/126/1
f 119/131/1 129/115/1 120/129/1
f 73/128/1 115/132/1 114/130/1
f 118/133/1 129/115/1 119/131/1
f 117/134/1 129/115/1 118/133/1
f 73/128/1 116/135/1 115/132/1
f 116/135/1 129/115/1 117/134/1
f 73/128/1 129/115/1 116/135/1
f 72/136/1 129/115/1 73/128/1
f 72/136/1 56/15/1 129/115/1
f 71/137/1 56/15/1 72/136/1
f 71/137/1 57/138/1 56/15/1
f 71/137/1 58/139/1 57/138/1
f 70/140/1 58/139/1 71/137/1
f 70/140/1 59/141/1 58/139/1
f 70/140/1 60/142/1 59/141/1
f 69/143/1 60/142/1 70/140/1
f 69/143/1 61/144/1 60/142/1
f 69/143/1 62/145/1 61/144/1
f 68/146/1 62/145/1 69/143/1
f 68/146/1 63/147/1 62/145/1
f 68/146/1 64/148/1 63/147/1
f 68/146/1 65/149/1 64/148/1
f 67/150/1 65/149/1 68/146/1
f 67/150/1 66/151/1 65/149/1
f 160/50/1 155/15/1 161/13/1
f 160/50/1 156/10/1 155/15/1
f 156/10/1 158/35/1 157/9/1
f 156/10/1 159/39/1 158/35/1
f 160/50/1 159/39/1 156/10/1
f 208/152/1 162/15/1 209/153/1
f 208/152/1 163/154/1 162/15/1
f 207/155/1 163/154/1 208/152/1
f 207/155/1 164/156/1 163/154/1
f 206/157/1 164/156/1 207/155/1
f 206/157/1 165/158/1 164/156/1
f 205/159/1 165/158/1 206/157/1
f 205/159/1 166/160/1 165/158/1
f 204/161/1 166/160/1 205/159/1
f 204/161/1 167/162/1 166/160/1
f 203/163/1 233/164/1 204/161/1
f 233/164/1 167/162/1 204/161/1
f 203/163/1 234/165/1 233/164/1
f 232/166/1 167/162/1 233/164/1
f 203/163/1 235/167/1 234/165/1
f 231/168/1 167/162/1 232/166/1
f 203/163/1 236/169/1 235/167/1
f 230/170/1 167/162/1 231/168/1
f 230/170/1 168/171/1 167/162/1
f 202/172/1 236/169/1 203/163/1
f 202/172/1 237/173/1 236/169/1
f 229/174/1 168/171/1 230/170/1
f 228/175/1 168/171/1 229/174/1
f 202/172/1 238/176/1 237/173/1
f 228/175/1 169/177/1 168/171/1
f 201/178/1 238/176/1 202/172/1
f 227/179/1 169/177/1 228/175/1
f 201/178/1 239/180/1 238/176/1
f 226/181/1 169/177/1 227/179/1
f 201/178/1 240/182/1 239/180/1
f 226/181/1 170/183/1 169/177/1
f 200/184/1 240/182/1 201/178/1
f 225/185/1 170/183/1 226/181/1
f 200/184/1 241/186/1 240/182/1
f 225/185/1 171/187/1 170/183/1
f 199/188/1 241/186/1 200/184/1
f 224/189/1 171/187/1 225/185/1
f 199/188/1 242/190/1 241/186/1
f 223/191/1 171/187/1 224/189/1
f 199/188/1 243/192/1 242/190/1
f 223/191/1 172/193/1 171/187/1
f 198/194/1 243/192/1 199/188/1
f 222/195/1 172/193/1 223/191/1
f 198/194/1 244/196/1 243/192/1
f 222/195/1 173/197/1 172/193/1
f 197/198/1 244/196/1 198/194/1
f 221/199/1 173/197/1 222/195/1
f 197/198/1 245/200/1 244/196/1
f 196/201/1 245/200/1 197/198/1
f 196/201/1 246/202/1 245/200/1
f 220/203/1 173/197/1 221/199/1
f 220/203/1 174/204/1 173/197/1
f 219/205/1 174/204/1 220/203/1
f 196/201/1 247/206/1 246/202/1
f 219/205/1 175/207/1 174/204/1
f 195/208/1 247/206/1 196/201/1
f 218/209/1 175/207/1 219/205/1
f 195/208/1 248/210/1 247/206/1
f 218/209/1 176/211/1 175/207/1
f 194/212/1 248/210/1 195/208/1
f 217/213/1 176/211/1 218/209/1
f 194/212/1 249/214/1 248/210/1
f 217/213/1 177/215/1 176/211/1
f 193/216/1 249/214/1 194/212/1
f 216/217/1 177/215/1 217/213/1
f 193/216/1 250/218/1 249/214/1
f 215/219/1 177/215/1 216/217/1
f 193/216/1 251/220/1 250/218/1
f 215/219/1 178/221/1 177/215/1
f 192/222/1 251/220/1 193/216/1
f 214/223/1 178/221/1 215/219/1
f 192/222/1 252/224/1 251/220/1
f 213/225/1 178/221/1 214/223/1
f 192/222/1 253/226/1 252/224/1
f 213/225/1 179/227/1 178/221/1
f 191/228/1 253/226/1 192/222/1
f 212/229/1 179/227/1 213/225/1
f 191/228/1 254/230/1 253/226/1
f 211/231/1 179/227/1 212/229/1
f 191/228/1 255/232/1 254/230/1
f 211/231/1 180/233/1 179/227/1
f 190/234/1 255/232/1 191/228/1
f 210/235/1 180/233/1 211/231/1
f 190/234/1 256/236/1 255/232/1
f 257/13/1 180/233/1 210/235/1
f 190/234/1 257/13/1 256/236/1
f 190/234/1 180/233/1 257/13/1
f 190/234/1 181/237/1 180/233/1
f 189/238/1 181/237/1 190/234/1
f 189/238/1 182/239/1 181/237/1
f 188/240/1 182/239/1 189/238/1
f 188/240/1 183/241/1 182/239/1
f 187/242/1 183/241/1 188/240/1
f 187/242/1 184/243/1 183/241/1
f 186/244/1 184/243/1 187/242/1
f 186/244/1 185/245/1 184/243/1
f 292/56/1 294/57/1 293/58/1
f 292/56/1 295/59/1 294/57/1
f 291/60/1 295/59/1 292/56/1
f 291/60/1 296/61/1 295/59/1
f 290/62/1 296/61/1 291/60/1
f 290/62/1 297/63/1 296/61/1
f 289/64/1 297/63/1 290/62/1
f 289/64/1 298/65/1 297/63/1
f 288/66/1 298/65/1 289/64/1
f 288/66/1 299/67/1 298/65/1
f 287/68/1 299/67/1 288/66/1
f 287/68/1 300/69/1 299/67/1
f 286/70/1 343/71/1 287/68/1
f 343/71/1 300/69/1 287/68/1
f 286/70/1 344/72/1 343/71/1
f 342/73/1 300/69/1 343/71/1
f 286/70/1 345/74/1 344/72/1
f 341/75/1 300/69/1 342/73/1
f 286/70/1 346/76/1 345/74/1
f 340/77/1 300/69/1 341/75/1
f 340/77/1 301/78/1 300/69/1
f 286/70/1 347/79/1 346/76/1
f 285/80/1 347/79/1 286/70/1
f 339/81/1 301/78/1 340/77/1
f 285/80/1 348/82/1 347/79/1
f 338/83/1 301/78/1 339/81/1
f 285/80/1 349/84/1 348/82/1
f 337/85/1 301/78/1 338/83/1
f 285/80/1 350/86/1 349/84/1
f 336/87/1 301/78/1 337/85/1
f 284/88/1 350/86/1 285/80/1
f 336/87/1 302/89/1 301/78/1
f 284/88/1 351/90/1 350/86/1
f 335/91/1 302/89/1 336/87/1
f 284/88/1 352/92/1 351/90/1
f 334/93/1 302/89/1 335/91/1
f 283/94/1 352/92/1 284/88/1
f 334/93/1 303/95/1 302/89/1
f 283/94/1 353/96/1 352/92/1
f 333/97/1 303/95/1 334/93/1
f 283/94/1 354/98/1 353/96/1
f 332/99/1 303/95/1 333/97/1
f 282/100/1 354/98/1 283/94/1
f 282/100/1 355/101/1 354/98/1
f 332/99/1 304/102/1 303/95/1
f 356/13/1 304/102/1 332/99/1
f 282/100/1 356/13/1 355/101/1
f 282/100/1 304/102/1 356/13/1
f 281/103/1 304/102/1 282/100/1
f 281/103/1 305/104/1 304/102/1
f 280/105/1 306/106/1 281/103/1
f 306/106/1 305/104/1 281/103/1
f 280/105/1 307/35/1 306/106/1
f 279/107/1 307/35/1 280/105/1
f 279/107/1 308/108/1 307/35/1
f 279/107/1 309/109/1 308/108/1
f 278/110/1 309/109/1 279/107/1
f 278/110/1 310/111/1 309/109/1
f 277/112/1 310/111/1 278/110/1
f 277/112/1 311/113/1 310/111/1
f 329/114/1 331/115/1 330/116/1
f 277/112/1 312/117/1 311/113/1
f 328/118/1 331/115/1 329/114/1
f 327/119/1 331/115/1 328/118/1
f 276/120/1 312/117/1 277/112/1
f 276/120/1 313/121/1 312/117/1
f 326/122/1 331/115/1 327/119/1
f 325/123/1 331/115/1 326/122/1
f 276/120/1 314/124/1 313/121/1
f 324/125/1 331/115/1 325/123/1
f 276/120/1 315/126/1 314/124/1
f 323/127/1 331/115/1 324/125/1
f 275/128/1 315/126/1 276/120/1
f 322/129/1 331/115/1 323/127/1
f 275/128/1 316/130/1 315/126/1
f 321/131/1 331/115/1 322/129/1
f 275/128/1 317/132/1 316/130/1
f 320/133/1 331/115/1 321/131/1
f 319/134/1 331/115/1 320/133/1
f 275/128/1 318/135/1 317/132/1
f 318/135/1 331/115/1 319/134/1
f 275/128/1 331/115/1 318/135/1
f 274/136/1 331/115/1 275/128/1
f 274/136/1 258/15/1 331/115/1
f 273/137/1 258/15/1 274/136/1
f 273/137/1 259/138/1 258/15/1
f 273/137/1 260/139/1 259/138/1
f 272/140/1 260/139/1 273/137/1
f 272/140/1 261/141/1 260/139/1
f 272/140/1 262/142/1 261/141/1
f 271/143/1 262/142/1 272/140/1
f 271/143/1 263/144/1 262/142/1
f 271/143/1 264/145/1 263/144/1
f 270/146/1 264/145/1 271/143/1
f 270/146/1 265/147/1 264/145/1
f 270/146/1 266/148/1 265/147/1
f 270/146/1 267/149/1 266/148/1
f 269/150/1 267/149/1 270/146/1
f 269/150/1 268/151/1 267/149/1
f 368/246/1 370/247/1 369/248/1
f 392/249/1 394/250/1 393/251/1
f 367/252/1 370/247/1 368/246/1
f 367/252/1 371/253/1 370/247/1
f 391/254/1 394/250/1 392/249/1
f 391/254/1 395/255/1 394/250/1
f 366/256/1 371/253/1 367/252/1
f 366/256/1 372/257/1 371/253/1
f 390/258/1 395/255/1 391/254/1
f 365/259/1 372/257/1 366/256/1
f 365/259/1 373/260/1 372/257/1
f 390/258/1 396/261/1 395/255/1
f 389/262/1 396/261/1 390/258/1
f 364/263/1 373/260/1 365/259/1
f 461/264/1 463/13/1 462/265/1
f 461/264/1 357/15/1 463/13/1
f 364/263/1 374/266/1 373/260/1
f 388/267/1 396/261/1 389/262/1
f 363/268/1 374/266/1 364/263/1
f 388/267/1 397/269/1 396/261/1
f 363/268/1 375/270/1 374/266/1
f 362/271/1 375/270/1 363/268/1
f 387/272/1 397/269/1 388/267/1
f 362/271/1 376/273/1 375/270/1
f 387/272/1 398/274/1 397/269/1
f 361/275/1 376/273/1 362/271/1
f 386/276/1 398/274/1 387/272/1
f 361/275/1 377/277/1 376/273/1
f 360/278/1 377/277/1 361/275/1
f 385/279/1 398/274/1 386/276/1
f 385/279/1 399/280/1 398/274/1
f 360/278/1 378/281/1 377/277/1
f 359/282/1 378/281/1 360/278/1
f 384/283/1 399/280/1 385/279/1
f 359/282/1 379/284/1 378/281/1
f 358/285/1 379/284/1 359/282/1
f 384/283/1 400/286/1 399/280/1
f 383/287/1 400/286/1 384/283/1
f 358/285/1 380/288/1 379/284/1
f 357/15/1 380/288/1 358/285/1
f 382/289/1 400/286/1 383/287/1
f 382/289/1 420/290/1 400/286/1
f 420/290/1 401/291/1 400/286/1
f 461/264/1 459/292/1 357/15/1
f 459/292/1 458/293/1 357/15/1
f 458/293/1 457/294/1 357/15/1
f 457/294/1 456/295/1 357/15/1
f 456/295/1 455/296/1 357/15/1
f 455/296/1 454/297/1 357/15/1
f 454/297/1 453/298/1 357/15/1
f 453/298/1 452/299/1 357/15/1
f 452/299/1 451/300/1 357/15/1
f 451/300/1 450/301/1 357/15/1
f 450/301/1 449/302/1 357/15/1
f 449/302/1 448/303/1 357/15/1
f 448/303/1 380/288/1 357/15/1
f 448/303/1 447/304/1 380/288/1
f 447/304/1 381/305/1 380/288/1
f 381/305/1 421/306/1 382/289/1
f 421/306/1 420/290/1 382/289/1
f 446/307/1 381/305/1 447/304/1
f 419/308/1 401/291/1 420/290/1
f 381/305/1 422/309/1 421/306/1
f 445/310/1 381/305/1 446/307/1
f 418/311/1 401/291/1 419/308/1
f 381/305/1 423/312/1 422/309/1
f 444/313/1 381/305/1 445/310/1
f 417/314/1 401/291/1 418/311/1
f 381/305/1 424/315/1 423/312/1
f 443/316/1 381/305/1 444/313/1
f 443/316/1 424/315/1 381/305/1
f 416/317/1 401/291/1 417/314/1
f 443/316/1 425/318/1 424/315/1
f 416/317/1 402/319/1 401/291/1
f 442/320/1 425/318/1 443/316/1
f 442/320/1 426/321/1 425/318/1
f 415/322/1 402/319/1 416/317/1
f 442/320/1 427/323/1 426/321/1
f 441/324/1 427/323/1 442/320/1
f 414/325/1 402/319/1 415/322/1
f 441/324/1 428/326/1 427/323/1
f 440/327/1 428/326/1 441/324/1
f 413/328/1 402/319/1 414/325/1
f 440/327/1 429/329/1 428/326/1
f 413/328/1 403/330/1 402/319/1
f 439/331/1 429/329/1 440/327/1
f 439/331/1 430/332/1 429/329/1
f 412/333/1 403/330/1 413/328/1
f 439/331/1 431/334/1 430/332/1
f 438/335/1 431/334/1 439/331/1
f 411/336/1 403/330/1 412/333/1
f 438/335/1 432/337/1 431/334/1
f 411/336/1 404/338/1 403/330/1
f 437/339/1 432/337/1 438/335/1
f 461/264/1 460/340/1 459/292/1
f 437/339/1 433/341/1 432/337/1
f 410/35/1 404/338/1 411/336/1
f 436/342/1 433/341/1 437/339/1
f 409/343/1 404/338/1 410/35/1
f 409/343/1 405/344/1 404/338/1
f 435/345/1 433/341/1 436/342/1
f 408/346/1 405/344/1 409/343/1
f 408/346/1 406/347/1 405/344/1
f 434/348/1 433/341/1 435/345/1
f 407/349/1 406/347/1 408/346/1
f 561/350/1 563/351/1 562/352/1
f 560/353/1 563/351/1 561/350/1
f 560/353/1 564/354/1 563/351/1
f 559/355/1 564/354/1 560/353/1
f 558/356/1 564/354/1 559/355/1
f 558/356/1 565/357/1 564/354/1
f 557/358/1 565/357/1 558/356/1
f 557/358/1 566/359/1 565/357/1
f 556/360/1 566/359/1 557/358/1
f 555/361/1 566/359/1 556/360/1
f 555/361/1 567/362/1 566/359/1
f 554/363/1 567/362/1 555/361/1
f 554/363/1 568/364/1 567/362/1
f 553/365/1 568/364/1 554/363/1
f 552/366/1 568/364/1 553/365/1
f 552/366/1 569/367/1 568/364/1
f 551/368/1 569/367/1 552/366/1
f 551/368/1 570/369/1 569/367/1
f 550/370/1 570/369/1 551/368/1
f 549/371/1 548/372/1 550/370/1
f 548/372/1 547/373/1 550/370/1
f 547/373/1 546/374/1 550/370/1
f 546/374/1 545/375/1 550/370/1
f 545/375/1 544/376/1 550/370/1
f 544/376/1 543/377/1 550/370/1
f 543/377/1 542/378/1 550/370/1
f 542/378/1 541/379/1 550/370/1
f 541/379/1 540/380/1 550/370/1
f 540/380/1 539/381/1 550/370/1
f 539/381/1 570/369/1 550/370/1
f 539/381/1 538/382/1 570/369/1
f 538/382/1 537/383/1 570/369/1
f 537/383/1 571/384/1 570/369/1
f 537/383/1 536/385/1 571/384/1
f 536/385/1 572/386/1 571/384/1
f 535/387/1 572/386/1 536/385/1
f 534/388/1 572/386/1 535/387/1
f 533/389/1 572/386/1 534/388/1
f 532/390/1 572/386/1 533/389/1
f 531/391/1 572/386/1 532/390/1
f 531/391/1 573/392/1 572/386/1
f 530/393/1 573/392/1 531/391/1
f 529/394/1 573/392/1 530/393/1
f 528/395/1 573/392/1 529/394/1
f 528/395/1 574/396/1 573/392/1
f 527/397/1 574/396/1 528/395/1
f 526/398/1 574/396/1 527/397/1
f 526/398/1 575/399/1 574/396/1
f 525/400/1 575/399/1 526/398/1
f 524/401/1 575/399/1 525/400/1
f 523/402/1 637/13/1 524/401/1
f 637/13/1 575/399/1 524/401/1
f 522/403/1 637/13/1 523/402/1
f 521/404/1 637/13/1 522/403/1
f 520/405/1 637/13/1 521/404/1
f 519/406/1 637/13/1 520/405/1
f 519/406/1 601/407/1 637/13/1
f 636/408/1 575/399/1 637/13/1
f 519/406/1 602/409/1 601/407/1
f 518/410/1 602/409/1 519/406/1
f 518/410/1 603/411/1 602/409/1
f 517/412/1 603/411/1 518/410/1
f 517/412/1 604/413/1 603/411/1
f 516/414/1 604/413/1 517/412/1
f 516/414/1 605/415/1 604/413/1
f 516/414/1 606/416/1 605/415/1
f 515/417/1 606/416/1 516/414/1
f 515/417/1 607/418/1 606/416/1
f 514/419/1 607/418/1 515/417/1
f 514/419/1 608/420/1 607/418/1
f 514/419/1 609/421/1 608/420/1
f 513/422/1 609/421/1 514/419/1
f 513/422/1 610/423/1 609/421/1
f 513/422/1 611/424/1 610/423/1
f 512/425/1 611/424/1 513/422/1
f 512/425/1 612/426/1 611/424/1
f 511/427/1 612/426/1 512/425/1
f 511/427/1 613/428/1 612/426/1
f 511/427/1 614/429/1 613/428/1
f 510/430/1 614/429/1 511/427/1
f 510/430/1 615/431/1 614/429/1
f 510/430/1 616/432/1 615/431/1
f 635/433/1 575/399/1 636/408/1
f 509/434/1 616/432/1 510/430/1
f 634/435/1 575/399/1 635/433/1
f 509/434/1 617/436/1 616/432/1
f 633/437/1 575/399/1 634/435/1
f 598/438/1 600/439/1 599/440/1
f 633/437/1 576/441/1 575/399/1
f 509/434/1 618/442/1 617/436/1
f 597/443/1 600/439/1 598/438/1
f 632/444/1 576/441/1 633/437/1
f 632/444/1 577/445/1 576/441/1
f 596/446/1 600/439/1 597/443/1
f 508/447/1 618/442/1 509/434/1
f 508/447/1 619/448/1 618/442/1
f 632/444/1 578/449/1 577/445/1
f 631/450/1 578/449/1 632/444/1
f 595/451/1 600/439/1 596/446/1
f 631/450/1 579/452/1 578/449/1
f 630/453/1 579/452/1 631/450/1
f 594/454/1 600/439/1 595/451/1
f 508/447/1 620/455/1 619/448/1
f 630/453/1 580/456/1 579/452/1
f 593/457/1 600/439/1 594/454/1
f 629/458/1 580/456/1 630/453/1
f 629/458/1 581/459/1 580/456/1
f 592/460/1 600/439/1 593/457/1
f 508/447/1 621/461/1 620/455/1
f 629/458/1 582/462/1 581/459/1
f 628/463/1 582/462/1 629/458/1
f 591/464/1 600/439/1 592/460/1
f 628/463/1 583/465/1 582/462/1
f 507/466/1 621/461/1 508/447/1
f 590/467/1 600/439/1 591/464/1
f 507/466/1 622/468/1 621/461/1
f 627/469/1 583/465/1 628/463/1
f 627/469/1 584/470/1 583/465/1
f 589/471/1 600/439/1 590/467/1
f 627/469/1 585/472/1 584/470/1
f 588/473/1 600/439/1 589/471/1
f 626/474/1 585/472/1 627/469/1
f 626/474/1 586/475/1 585/472/1
f 587/476/1 600/439/1 588/473/1
f 626/474/1 587/476/1 586/475/1
f 507/466/1 623/477/1 622/468/1
f 626/474/1 600/439/1 587/476/1
f 625/478/1 600/439/1 626/474/1
f 507/466/1 624/479/1 623/477/1
f 624/479/1 600/439/1 625/478/1
f 507/466/1 487/480/1 624/479/1
f 487/480/1 600/439/1 624/479/1
f 506/481/1 487/480/1 507/466/1
f 506/481/1 488/482/1 487/480/1
f 486/483/1 600/439/1 487/480/1
f 505/484/1 488/482/1 506/481/1
f 505/484/1 489/485/1 488/482/1
f 485/486/1 600/439/1 486/483/1
f 485/486/1 464/15/1 600/439/1
f 504/487/1 489/485/1 505/484/1
f 504/487/1 490/488/1 489/485/1
f 484/489/1 464/15/1 485/486/1
f 484/489/1 465/490/1 464/15/1
f 504/487/1 491/491/1 490/488/1
f 483/492/1 465/490/1 484/489/1
f 503/493/1 491/491/1 504/487/1
f 483/492/1 466/494/1 465/490/1
f 503/493/1 492/495/1 491/491/1
f 482/496/1 466/494/1 483/492/1
f 482/496/1 467/497/1 466/494/1
f 502/498/1 492/495/1 503/493/1
f 502/498/1 493/499/1 492/495/1
f 481/500/1 467/497/1 482/496/1
f 481/500/1 468/501/1 467/497/1
f 502/498/1 494/502/1 493/499/1
f 480/503/1 468/501/1 481/500/1
f 480/503/1 469/504/1 468/501/1
f 501/505/1 494/502/1 502/498/1
f 501/505/1 495/506/1 494/502/1
f 479/507/1 469/504/1 480/503/1
f 479/507/1 470/508/1 469/504/1
f 501/505/1 496/509/1 495/506/1
f 479/507/1 471/510/1 470/508/1
f 478/511/1 471/510/1 479/507/1
f 500/512/1 496/509/1 501/505/1
f 478/511/1 472/513/1 471/510/1
f 500/512/1 497/514/1 496/509/1
f 477/515/1 472/513/1 478/511/1
f 477/515/1 473/516/1 472/513/1
f 500/512/1 498/517/1 497/514/1
f 476/518/1 473/516/1 477/515/1
f 499/519/1 498/517/1 500/512/1
f 476/518/1 474/520/1 473/516/1
f 475/521/1 474/520/1 476/518/1
f 672/522/1 674/523/1 673/524/1
f 672/522/1 675/525/1 674/523/1
f 672/522/1 676/526/1 675/525/1
f 672/522/1 677/527/1 676/526/1
f 671/528/1 677/527/1 672/522/1
f 671/528/1 678/529/1 677/527/1
f 671/528/1 679/530/1 678/529/1
f 671/528/1 680/531/1 679/530/1
f 670/532/1 680/531/1 671/528/1
f 670/532/1 681/533/1 680/531/1
f 670/532/1 682/534/1 681/533/1
f 669/535/1 682/534/1 670/532/1
f 669/535/1 683/536/1 682/534/1
f 669/535/1 684/537/1 683/536/1
f 668/538/1 684/537/1 669/535/1
f 668/538/1 685/539/1 684/537/1
f 668/538/1 696/540/1 685/539/1
f 696/540/1 695/541/1 685/539/1
f 695/541/1 694/542/1 685/539/1
f 694/542/1 693/543/1 685/539/1
f 693/543/1 692/544/1 685/539/1
f 692/544/1 691/545/1 685/539/1
f 691/545/1 690/546/1 685/539/1
f 690/546/1 689/547/1 685/539/1
f 689/547/1 688/548/1 685/539/1
f 688/548/1 687/549/1 685/539/1
f 687/549/1 686/550/1 685/539/1
f 667/551/1 698/552/1 668/538/1
f 698/552/1 697/553/1 668/538/1
f 697/553/1 696/540/1 668/538/1
f 667/551/1 699/554/1 698/552/1
f 667/551/1 700/555/1 699/554/1
f 667/551/1 701/556/1 700/555/1
f 666/557/1 701/556/1 667/551/1
f 666/557/1 702/558/1 701/556/1
f 666/557/1 703/559/1 702/558/1
f 665/560/1 703/559/1 666/557/1
f 665/560/1 704/561/1 703/559/1
f 665/560/1 705/562/1 704/561/1
f 664/563/1 705/562/1 665/560/1
f 664/563/1 706/564/1 705/562/1
f 663/565/1 706/564/1 664/563/1
f 663/565/1 707/566/1 706/564/1
f 663/565/1 708/567/1 707/566/1
f 662/568/1 708/567/1 663/565/1
f 662/568/1 709/569/1 708/567/1
f 661/570/1 709/569/1 662/568/1
f 661/570/1 710/571/1 709/569/1
f 661/570/1 711/572/1 710/571/1
f 660/573/1 711/572/1 661/570/1
f 736/574/1 738/575/1 737/576/1
f 736/574/1 735/577/1 738/575/1
f 735/577/1 739/13/1 738/575/1
f 660/573/1 712/578/1 711/572/1
f 659/579/1 712/578/1 660/573/1
f 659/579/1 713/580/1 712/578/1
f 734/581/1 739/13/1 735/577/1
f 658/582/1 713/580/1 659/579/1
f 658/582/1 714/583/1 713/580/1
f 658/582/1 715/584/1 714/583/1
f 657/585/1 715/584/1 658/582/1
f 657/585/1 716/586/1 715/584/1
f 656/587/1 716/586/1 657/585/1
f 656/587/1 717/588/1 716/586/1
f 656/587/1 718/589/1 717/588/1
f 655/590/1 718/589/1 656/587/1
f 655/590/1 719/591/1 718/589/1
f 733/592/1 739/13/1 734/581/1
f 732/593/1 739/13/1 733/592/1
f 731/594/1 739/13/1 732/593/1
f 655/590/1 720/595/1 719/591/1
f 730/596/1 739/13/1 731/594/1
f 729/597/1 739/13/1 730/596/1
f 728/598/1 739/13/1 729/597/1
f 655/590/1 721/599/1 720/595/1
f 654/600/1 721/599/1 655/590/1
f 727/601/1 739/13/1 728/598/1
f 726/602/1 739/13/1 727/601/1
f 725/603/1 739/13/1 726/602/1
f 654/600/1 722/604/1 721/599/1
f 724/605/1 739/13/1 725/603/1
f 723/606/1 739/13/1 724/605/1
f 722/604/1 739/13/1 723/606/1
f 654/600/1 739/13/1 722/604/1
f 653/607/1 739/13/1 654/600/1
f 653/607/1 638/15/1 739/13/1
f 653/607/1 639/608/1 638/15/1
f 652/609/1 639/608/1 653/607/1
f 652/609/1 640/610/1 639/608/1
f 652/609/1 641/611/1 640/610/1
f 651/612/1 641/611/1 652/609/1
f 651/612/1 642/613/1 641/611/1
f 651/612/1 643/614/1 642/613/1
f 651/612/1 644/615/1 643/614/1
f 650/616/1 644/615/1 651/612/1
f 650/616/1 645/617/1 644/615/1
f 650/616/1 646/618/1 645/617/1
f 650/616/1 647/619/1 646/618/1
f 649/620/1 647/619/1 650/616/1
f 649/620/1 648/621/1 647/619/1
f 752/1/2 753/3/2 754/2/2
f 752/1/2 754/2/2 755/4/2
f 751/5/2 752/1/2 755/4/2
f 751/5/2 755/4/2 756/6/2
f 750/7/2 751/5/2 756/6/2
f 750/7/2 756/6/2 757/8/2
f 750/7/2 757/8/2 758/9/2
f 749/10/2 750/7/2 758/9/2
f 749/10/2 758/9/2 759/11/2
f 792/12/2 793/14/2 794/13/2
f 792/12/2 794/13/2 740/15/2
f 748/16/2 749/10/2 759/11/2
f 748/16/2 759/11/2 760/17/2
f 748/16/2 760/17/2 761/18/2
f 747/19/2 748/16/2 761/18/2
f 747/19/2 761/18/2 762/20/2
f 746/21/2 747/19/2 762/20/2
f 746/21/2 762/20/2 763/22/2
f 746/21/2 763/22/2 764/23/2
f 745/24/2 746/21/2 764/23/2
f 745/24/2 764/23/2 765/25/2
f 744/26/2 745/24/2 765/25/2
f 744/26/2 765/25/2 775/27/2
f 775/27/2 765/25/2 774/28/2
f 774/28/2 765/25/2 773/29/2
f 773/29/2 765/25/2 772/30/2
f 772/30/2 765/25/2 771/31/2
f 771/31/2 765/25/2 770/32/2
f 770/32/2 765/25/2 769/33/2
f 769/33/2 765/25/2 768/34/2
f 768/34/2 765/25/2 767/35/2
f 767/35/2 765/25/2 766/36/2
f 743/37/2 744/26/2 777/38/2
f 777/38/2 744/26/2 776/39/2
f 776/39/2 744/26/2 775/27/2
f 742/40/2 743/37/2 779/41/2
f 779/41/2 743/37/2 778/42/2
f 778/42/2 743/37/2 777/38/2
f 742/40/2 779/41/2 780/43/2
f 742/40/2 780/43/2 781/44/2
f 741/45/2 742/40/2 781/44/2
f 741/45/2 781/44/2 782/46/2
f 741/45/2 782/46/2 783/47/2
f 792/12/2 740/15/2 741/45/2
f 792/12/2 741/45/2 787/48/2
f 787/48/2 741/45/2 786/49/2
f 786/49/2 741/45/2 785/50/2
f 785/50/2 741/45/2 784/51/2
f 784/51/2 741/45/2 783/47/2
f 792/12/2 787/48/2 788/52/2
f 792/12/2 788/52/2 789/53/2
f 792/12/2 789/53/2 790/54/2
f 792/12/2 790/54/2 791/55/2
f 829/56/2 830/58/2 831/57/2
f 829/56/2 831/57/2 832/59/2
f 828/60/2 829/56/2 832/59/2
f 828/60/2 832/59/2 833/61/2
f 827/62/2 828/60/2 833/61/2
f 827/62/2 833/61/2 834/63/2
f 826/64/2 827/62/2 834/63/2
f 826/64/2 834/63/2 835/65/2
f 825/66/2 826/64/2 835/65/2
f 825/66/2 835/65/2 836/67/2
f 824/68/2 825/66/2 836/67/2
f 824/68/2 836/67/2 837/69/2
f 823/70/2 824/68/2 880/71/2
f 880/71/2 824/68/2 837/69/2
f 823/70/2 880/71/2 881/72/2
f 879/73/2 880/71/2 837/69/2
f 823/70/2 881/72/2 882/74/2
f 878/75/2 879/73/2 837/69/2
f 823/70/2 882/74/2 883/76/2
f 877/77/2 878/75/2 837/69/2
f 877/77/2 837/69/2 838/78/2
f 823/70/2 883/76/2 884/79/2
f 822/80/2 823/70/2 884/79/2
f 876/81/2 877/77/2 838/78/2
f 822/80/2 884/79/2 885/82/2
f 875/83/2 876/81/2 838/78/2
f 822/80/2 885/82/2 886/84/2
f 874/85/2 875/83/2 838/78/2
f 822/80/2 886/84/2 887/86/2
f 873/87/2 874/85/2 838/78/2
f 821/88/2 822/80/2 887/86/2
f 873/87/2 838/78/2 839/89/2
f 821/88/2 887/86/2 888/90/2
f 872/91/2 873/87/2 839/89/2
f 821/88/2 888/90/2 889/92/2
f 871/93/2 872/91/2 839/89/2
f 820/94/2 821/88/2 889/92/2
f 871/93/2 839/89/2 840/95/2
f 820/94/2 889/92/2 890/96/2
f 870/97/2 871/93/2 840/95/2
f 820/94/2 890/96/2 891/98/2
f 869/99/2 870/97/2 840/95/2
f 819/100/2 820/94/2 891/98/2
f 819/100/2 891/98/2 892/101/2
f 869/99/2 840/95/2 841/102/2
f 893/13/2 869/99/2 841/102/2
f 819/100/2 892/101/2 893/13/2
f 819/100/2 893/13/2 841/102/2
f 818/103/2 819/100/2 841/102/2
f 818/103/2 841/102/2 842/104/2
f 817/105/2 818/103/2 843/106/2
f 843/106/2 818/103/2 842/104/2
f 817/105/2 843/106/2 844/35/2
f 816/107/2 817/105/2 844/35/2
f 816/107/2 844/35/2 845/108/2
f 816/107/2 845/108/2 846/109/2
f 815/110/2 816/107/2 846/109/2
f 815/110/2 846/109/2 847/111/2
f 814/112/2 815/110/2 847/111/2
f 814/112/2 847/111/2 848/113/2
f 866/114/2 867/116/2 868/115/2
f 814/112/2 848/113/2 849/117/2
f 865/118/2 866/114/2 868/115/2
f 864/119/2 865/118/2 868/115/2
f 813/120/2 814/112/2 849/117/2
f 813/120/2 849/117/2 850/121/2
f 863/122/2 864/119/2 868/115/2
f 862/123/2 863/122/2 868/115/2
f 813/120/2 850/121/2 851/124/2
f 861/125/2 862/123/2 868/115/2
f 813/120/2 851/124/2 852/126/2
f 860/127/2 861/125/2 868/115/2
f 812/128/2 813/120/2 852/126/2
f 859/129/2 860/127/2 868/115/2
f 812/128/2 852/126/2 853/130/2
f 858/131/2 859/129/2 868/115/2
f 812/128/2 853/130/2 854/132/2
f 857/133/2 858/131/2 868/115/2
f 856/134/2 857/133/2 868/115/2
f 812/128/2 854/132/2 855/135/2
f 855/135/2 856/134/2 868/115/2
f 812/128/2 855/135/2 868/115/2
f 811/136/2 812/128/2 868/115/2
f 811/136/2 868/115/2 795/15/2
f 810/137/2 811/136/2 795/15/2
f 810/137/2 795/15/2 796/138/2
f 810/137/2 796/138/2 797/139/2
f 809/140/2 810/137/2 797/139/2
f 809/140/2 797/139/2 798/141/2
f 809/140/2 798/141/2 799/142/2
f 808/143/2 809/140/2 799/142/2
f 808/143/2 799/142/2 800/144/2
f 808/143/2 800/144/2 801/145/2
f 807/146/2 808/143/2 801/145/2
f 807/146/2 801/145/2 802/147/2
f 807/146/2 802/147/2 803/148/2
f 807/146/2 803/148/2 804/149/2
f 806/150/2 807/146/2 804/149/2
f 806/150/2 804/149/2 805/151/2
f 899/50/2 900/13/2 894/15/2
f 899/50/2 894/15/2 895/10/2
f 895/10/2 896/9/2 897/35/2
f 895/10/2 897/35/2 898/39/2
f 899/50/2 895/10/2 898/39/2
f 947/152/2 948/153/2 901/15/2
f 947/152/2 901/15/2 902/154/2
f 946/155/2 947/152/2 902/154/2
f 946/155/2 902/154/2 903/156/2
f 945/157/2 946/155/2 903/156/2
f 945/157/2 903/156/2 904/158/2
f 944/159/2 945/157/2 904/158/2
f 944/159/2 904/158/2 905/160/2
f 943/161/2 944/159/2 905/160/2
f 943/161/2 905/160/2 906/162/2
f 942/163/2 943/161/2 972/164/2
f 972/164/2 943/161/2 906/162/2
f 942/163/2 972/164/2 973/165/2
f 971/166/2 972/164/2 906/162/2
f 942/163/2 973/165/2 974/167/2
f 970/168/2 971/166/2 906/162/2
f 942/163/2 974/167/2 975/169/2
f 969/170/2 970/168/2 906/162/2
f 969/170/2 906/162/2 907/171/2
f 941/172/2 942/163/2 975/169/2
f 941/172/2 975/169/2 976/173/2
f 968/174/2 969/170/2 907/171/2
f 967/175/2 968/174/2 907/171/2
f 941/172/2 976/173/2 977/176/2
f 967/175/2 907/171/2 908/177/2
f 940/178/2 941/172/2 977/176/2
f 966/179/2 967/175/2 908/177/2
f 940/178/2 977/176/2 978/180/2
f 965/181/2 966/179/2 908/177/2
f 940/178/2 978/180/2 979/182/2
f 965/181/2 908/177/2 909/183/2
f 939/184/2 940/178/2 979/182/2
f 964/185/2 965/181/2 909/183/2
f 939/184/2 979/182/2 980/186/2
f 964/185/2 909/183/2 910/187/2
f 938/188/2 939/184/2 980/186/2
f 963/189/2 964/185/2 910/187/2
f 938/188/2 980/186/2 981/190/2
f 962/191/2 963/189/2 910/187/2
f 938/188/2 981/190/2 982/192/2
f 962/191/2 910/187/2 911/193/2
f 937/194/2 938/188/2 982/192/2
f 961/195/2 962/191/2 911/193/2
f 937/194/2 982/192/2 983/196/2
f 961/195/2 911/193/2 912/197/2
f 936/198/2 937/194/2 983/196/2
f 960/199/2 961/195/2 912/197/2
f 936/198/2 983/196/2 984/200/2
f 935/201/2 936/198/2 984/200/2
f 935/201/2 984/200/2 985/202/2
f 959/203/2 960/199/2 912/197/2
f 959/203/2 912/197/2 913/204/2
f 958/205/2 959/203/2 913/204/2
f 935/201/2 985/202/2 986/206/2
f 958/205/2 913/204/2 914/207/2
f 934/208/2 935/201/2 986/206/2
f 957/209/2 958/205/2 914/207/2
f 934/208/2 986/206/2 987/210/2
f 957/209/2 914/207/2 915/211/2
f 933/212/2 934/208/2 987/210/2
f 956/213/2 957/209/2 915/211/2
f 933/212/2 987/210/2 988/214/2
f 956/213/2 915/211/2 916/215/2
f 932/216/2 933/212/2 988/214/2
f 955/217/2 956/213/2 916/215/2
f 932/216/2 988/214/2 989/218/2
f 954/219/2 955/217/2 916/215/2
f 932/216/2 989/218/2 990/220/2
f 954/219/2 916/215/2 917/221/2
f 931/222/2 932/216/2 990/220/2
f 953/223/2 954/219/2 917/221/2
f 931/222/2 990/220/2 991/224/2
f 952/225/2 953/223/2 917/221/2
f 931/222/2 991/224/2 992/226/2
f 952/225/2 917/221/2 918/227/2
f 930/228/2 931/222/2 992/226/2
f 951/229/2 952/225/2 918/227/2
f 930/228/2 992/226/2 993/230/2
f 950/231/2 951/229/2 918/227/2
f 930/228/2 993/230/2 994/232/2
f 950/231/2 918/227/2 919/233/2
f 929/234/2 930/228/2 994/232/2
f 949/235/2 950/231/2 919/233/2
f 929/234/2 994/232/2 995/236/2
f 996/13/2 949/235/2 919/233/2
f 929/234/2 995/236/2 996/13/2
f 929/234/2 996/13/2 919/233/2
f 929/234/2 919/233/2 920/237/2
f 928/238/2 929/234/2 920/237/2
f 928/238/2 920/237/2 921/239/2
f 927/240/2 928/238/2 921/239/2
f 927/240/2 921/239/2 922/241/2
f 926/242/2 927/240/2 922/241/2
f 926/242/2 922/241/2 923/243/2
f 925/244/2 926/242/2 923/243/2
f 925/244/2 923/243/2 924/245/2
f 1031/56/2 1032/58/2 1033/57/2
f 1031/56/2 1033/57/2 1034/59/2
f 1030/60/2 1031/56/2 1034/59/2
f 1030/60/2 1034/59/2 1035/61/2
f 1029/62/2 1030/60/2 1035/61/2
f 1029/62/2 1035/61/2 1036/63/2
f 1028/64/2 1029/62/2 1036/63/2
f 1028/64/2 1036/63/2 1037/65/2
f 1027/66/2 1028/64/2 1037/65/2
f 1027/66/2 1037/65/2 1038/67/2
f 1026/68/2 1027/66/2 1038/67/2
f 1026/68/2 1038/67/2 1039/69/2
f 1025/70/2 1026/68/2 1082/71/2
f 1082/71/2 1026/68/2 1039/69/2
f 1025/70/2 1082/71/2 1083/72/2
f 1081/73/2 1082/71/2 1039/69/2
f 1025/70/2 1083/72/2 1084/74/2
f 1080/75/2 1081/73/2 1039/69/2
f 1025/70/2 1084/74/2 1085/76/2
f 1079/77/2 1080/75/2 1039/69/2
f 1079/77/2 1039/69/2 1040/78/2
f 1025/70/2 1085/76/2 1086/79/2
f 1024/80/2 1025/70/2 1086/79/2
f 1078/81/2 1079/77/2 1040/78/2
f 1024/80/2 1086/79/2 1087/82/2
f 1077/83/2 1078/81/2 1040/78/2
f 1024/80/2 1087/82/2 1088/84/2
f 1076/85/2 1077/83/2 1040/78/2
f 1024/80/2 1088/84/2 1089/86/2
f 1075/87/2 1076/85/2 1040/78/2
f 1023/88/2 1024/80/2 1089/86/2
f 1075/87/2 1040/78/2 1041/89/2
f 1023/88/2 1089/86/2 1090/90/2
f 1074/91/2 1075/87/2 1041/89/2
f 1023/88/2 1090/90/2 1091/92/2
f 1073/93/2 1074/91/2 1041/89/2
f 1022/94/2 1023/88/2 1091/92/2
f 1073/93/2 1041/89/2 1042/95/2
f 1022/94/2 1091/92/2 1092/96/2
f 1072/97/2 1073/93/2 1042/95/2
f 1022/94/2 1092/96/2 1093/98/2
f 1071/99/2 1072/97/2 1042/95/2
f 1021/100/2 1022/94/2 1093/98/2
f 1021/100/2 1093/98/2 1094/101/2
f 1071/99/2 1042/95/2 1043/102/2
f 1095/13/2 1071/99/2 1043/102/2
f 1021/100/2 1094/101/2 1095/13/2
f 1021/100/2 1095/13/2 1043/102/2
f 1020/103/2 1021/100/2 1043/102/2
f 1020/103/2 1043/102/2 1044/104/2
f 1019/105/2 1020/103/2 1045/106/2
f 1045/106/2 1020/103/2 1044/104/2
f 1019/105/2 1045/106/2 1046/35/2
f 1018/107/2 1019/105/2 1046/35/2
f 1018/107/2 1046/35/2 1047/108/2
f 1018/107/2 1047/108/2 1048/109/2
f 1017/110/2 1018/107/2 1048/109/2
f 1017/110/2 1048/109/2 1049/111/2
f 1016/112/2 1017/110/2 1049/111/2
f 1016/112/2 1049/111/2 1050/113/2
f 1068/114/2 1069/116/2 1070/115/2
f 1016/112/2 1050/113/2 1051/117/2
f 1067/118/2 1068/114/2 1070/115/2
f 1066/119/2 1067/118/2 1070/115/2
f 1015/120/2 1016/112/2 1051/117/2
f 1015/120/2 1051/117/2 1052/121/2
f 1065/122/2 1066/119/2 1070/115/2
f 1064/123/2 1065/122/2 1070/115/2
f 1015/120/2 1052/121/2 1053/124/2
f 1063/125/2 1064/123/2 1070/115/2
f 1015/120/2 1053/124/2 1054/126/2
f 1062/127/2 1063/125/2 1070/115/2
f 1014/128/2 1015/120/2 1054/126/2
f 1061/129/2 1062/127/2 1070/115/2
f 1014/128/2 1054/126/2 1055/130/2
f 1060/131/2 1061/129/2 1070/115/2
f 1014/128/2 1055/130/2 1056/132/2
f 1059/133/2 1060/131/2 1070/115/2
f 1058/134/2 1059/133/2 1070/115/2
f 1014/128/2 1056/132/2 1057/135/2
f 1057/135/2 1058/134/2 1070/115/2
f 1014/128/2 1057/135/2 1070/115/2
f 1013/136/2 1014/128/2 1070/115/2
f 1013/136/2 1070/115/2 997/15/2
f 1012/137/2 1013/136/2 997/15/2
f 1012/137/2 997/15/2 998/138/2
f 1012/137/2 998/138/2 999/139/2
f 1011/140/2 1012/137/2 999/139/2
f 1011/140/2 999/139/2 1000/141/2
f 1011/140/2 1000/141/2 1001/142/2
f 1010/143/2 1011/140/2 1001/142/2
f 1010/143/2 1001/142/2 1002/144/2
f 1010/143/2 1002/144/2 1003/145/2
f 1009/146/2 1010/143/2 1003/145/2
f 1009/146/2 1003/145/2 1004/147/2
f 1009/146/2 1004/147/2 1005/148/2
f 1009/146/2 1005/148/2 1006/149/2
f 1008/150/2 1009/146/2 1006/149/2
f 1008/150/2 1006/149/2 1007/151/2
f 1107/246/2 1108/248/2 1109/247/2
f 1131/249/2 1132/251/2 1133/250/2
f 1106/252/2 1107/246/2 1109/247/2
f 1106/252/2 1109/247/2 1110/253/2
f 1130/254/2 1131/249/2 1133/250/2
f 1130/254/2 1133/250/2 1134/255/2
f 1105/256/2 1106/252/2 1110/253/2
f 1105/256/2 1110/253/2 1111/257/2
f 1129/258/2 1130/254/2 1134/255/2
f 1104/259/2 1105/256/2 1111/257/2
f 1104/259/2 1111/257/2 1112/260/2
f 1129/258/2 1134/255/2 1135/261/2
f 1128/262/2 1129/258/2 1135/261/2
f 1103/263/2 1104/259/2 1112/260/2
f 1200/264/2 1201/265/2 1202/13/2
f 1200/264/2 1202/13/2 1096/15/2
f 1103/263/2 1112/260/2 1113/266/2
f 1127/267/2 1128/262/2 1135/261/2
f 1102/268/2 1103/263/2 1113/266/2
f 1127/267/2 1135/261/2 1136/269/2
f 1102/268/2 1113/266/2 1114/270/2
f 1101/271/2 1102/268/2 1114/270/2
f 1126/272/2 1127/267/2 1136/269/2
f 1101/271/2 1114/270/2 1115/273/2
f 1126/272/2 1136/269/2 1137/274/2
f 1100/275/2 1101/271/2 1115/273/2
f 1125/276/2 1126/272/2 1137/274/2
f 1100/275/2 1115/273/2 1116/277/2
f 1099/278/2 1100/275/2 1116/277/2
f 1124/279/2 1125/276/2 1137/274/2
f 1124/279/2 1137/274/2 1138/280/2
f 1099/278/2 1116/277/2 1117/281/2
f 1098/282/2 1099/278/2 1117/281/2
f 1123/283/2 1124/279/2 1138/280/2
f 1098/282/2 1117/281/2 1118/284/2
f 1097/285/2 1098/282/2 1118/284/2
f 1123/283/2 1138/280/2 1139/286/2
f 1122/287/2 1123/283/2 1139/286/2
f 1097/285/2 1118/284/2 1119/288/2
f 1096/15/2 1097/285/2 1119/288/2
f 1121/289/2 1122/287/2 1139/286/2
f 1121/289/2 1139/286/2 1159/290/2
f 1159/290/2 1139/286/2 1140/291/2
f 1200/264/2 1096/15/2 1198/292/2
f 1198/292/2 1096/15/2 1197/293/2
f 1197/293/2 1096/15/2 1196/294/2
f 1196/294/2 1096/15/2 1195/295/2
f 1195/295/2 1096/15/2 1194/296/2
f 1194/296/2 1096/15/2 1193/297/2
f 1193/297/2 1096/15/2 1192/298/2
f 1192/298/2 1096/15/2 1191/299/2
f 1191/299/2 1096/15/2 1190/300/2
f 1190/300/2 1096/15/2 1189/301/2
f 1189/301/2 1096/15/2 1188/302/2
f 1188/302/2 1096/15/2 1187/303/2
f 1187/303/2 1096/15/2 1119/288/2
f 1187/303/2 1119/288/2 1186/304/2
f 1186/304/2 1119/288/2 1120/305/2
f 1120/305/2 1121/289/2 1160/306/2
f 1160/306/2 1121/289/2 1159/290/2
f 1185/307/2 1186/304/2 1120/305/2
f 1158/308/2 1159/290/2 1140/291/2
f 1120/305/2 1160/306/2 1161/309/2
f 1184/310/2 1185/307/2 1120/305/2
f 1157/311/2 1158/308/2 1140/291/2
f 1120/305/2 1161/309/2 1162/312/2
f 1183/313/2 1184/310/2 1120/305/2
f 1156/314/2 1157/311/2 1140/291/2
f 1120/305/2 1162/312/2 1163/315/2
f 1182/316/2 1183/313/2 1120/305/2
f 1182/316/2 1120/305/2 1163/315/2
f 1155/317/2 1156/314/2 1140/291/2
f 1182/316/2 1163/315/2 1164/318/2
f 1155/317/2 1140/291/2 1141/319/2
f 1181/320/2 1182/316/2 1164/318/2
f 1181/320/2 1164/318/2 1165/321/2
f 1154/322/2 1155/317/2 1141/319/2
f 1181/320/2 1165/321/2 1166/323/2
f 1180/324/2 1181/320/2 1166/323/2
f 1153/325/2 1154/322/2 1141/319/2
f 1180/324/2 1166/323/2 1167/326/2
f 1179/327/2 1180/324/2 1167/326/2
f 1152/328/2 1153/325/2 1141/319/2
f 1179/327/2 1167/326/2 1168/329/2
f 1152/328/2 1141/319/2 1142/330/2
f 1178/331/2 1179/327/2 1168/329/2
f 1178/331/2 1168/329/2 1169/332/2
f 1151/333/2 1152/328/2 1142/330/2
f 1178/331/2 1169/332/2 1170/334/2
f 1177/335/2 1178/331/2 1170/334/2
f 1150/336/2 1151/333/2 1142/330/2
f 1177/335/2 1170/334/2 1171/337/2
f 1150/336/2 1142/330/2 1143/338/2
f 1176/339/2 1177/335/2 1171/337/2
f 1200/264/2 1198/292/2 1199/340/2
f 1176/339/2 1171/337/2 1172/341/2
f 1149/35/2 1150/336/2 1143/338/2
f 1175/342/2 1176/339/2 1172/341/2
f 1148/343/2 1149/35/2 1143/338/2
f 1148/343/2 1143/338/2 1144/344/2
f 1174/345/2 1175/342/2 1172/341/2
f 1147/346/2 1148/343/2 1144/344/2
f 1147/346/2 1144/344/2 1145/347/2
f 1173/348/2 1174/345/2 1172/341/2
f 1146/349/2 1147/346/2 1145/347/2
f 1300/350/2 1301/352/2 1302/351/2
f 1299/353/2 1300/350/2 1302/351/2
f 1299/353/2 1302/351/2 1303/354/2
f 1298/355/2 1299/353/2 1303/354/2
f 1297/356/2 1298/355/2 1303/354/2
f 1297/356/2 1303/354/2 1304/357/2
f 1296/358/2 1297/356/2 1304/357/2
f 1296/358/2 1304/357/2 1305/359/2
f 1295/360/2 1296/358/2 1305/359/2
f 1294/361/2 1295/360/2 1305/359/2
f 1294/361/2 1305/359/2 1306/362/2
f 1293/363/2 1294/361/2 1306/362/2
f 1293/363/2 1306/362/2 1307/364/2
f 1292/365/2 1293/363/2 1307/364/2
f 1291/366/2 1292/365/2 1307/364/2
f 1291/366/2 1307/364/2 1308/367/2
f 1290/368/2 1291/366/2 1308/367/2
f 1290/368/2 1308/367/2 1309/369/2
f 1289/370/2 1290/368/2 1309/369/2
f 1288/371/2 1289/370/2 1287/372/2
f 1287/372/2 1289/370/2 1286/373/2
f 1286/373/2 1289/370/2 1285/374/2
f 1285/374/2 1289/370/2 1284/375/2
f 1284/375/2 1289/370/2 1283/376/2
f 1283/376/2 1289/370/2 1282/377/2
f 1282/377/2 1289/370/2 1281/378/2
f 1281/378/2 1289/370/2 1280/379/2
f 1280/379/2 1289/370/2 1279/380/2
f 1279/380/2 1289/370/2 1278/381/2
f 1278/381/2 1289/370/2 1309/369/2
f 1278/381/2 1309/369/2 1277/382/2
f 1277/382/2 1309/369/2 1276/383/2
f 1276/383/2 1309/369/2 1310/384/2
f 1276/383/2 1310/384/2 1275/385/2
f 1275/385/2 1310/384/2 1311/386/2
f 1274/387/2 1275/385/2 1311/386/2
f 1273/388/2 1274/387/2 1311/386/2
f 1272/389/2 1273/388/2 1311/386/2
f 1271/390/2 1272/389/2 1311/386/2
f 1270/391/2 1271/390/2 1311/386/2
f 1270/391/2 1311/386/2 1312/392/2
f 1269/393/2 1270/391/2 1312/392/2
f 1268/394/2 1269/393/2 1312/392/2
f 1267/395/2 1268/394/2 1312/392/2
f 1267/395/2 1312/392/2 1313/396/2
f 1266/397/2 1267/395/2 1313/396/2
f 1265/398/2 1266/397/2 1313/396/2
f 1265/398/2 1313/396/2 1314/399/2
f 1264/400/2 1265/398/2 1314/399/2
f 1263/401/2 1264/400/2 1314/399/2
f 1262/402/2 1263/401/2 1376/13/2
f 1376/13/2 1263/401/2 1314/399/2
f 1261/403/2 1262/402/2 1376/13/2
f 1260/404/2 1261/403/2 1376/13/2
f 1259/405/2 1260/404/2 1376/13/2
f 1258/406/2 1259/405/2 1376/13/2
f 1258/406/2 1376/13/2 1340/407/2
f 1375/408/2 1376/13/2 1314/399/2
f 1258/406/2 1340/407/2 1341/409/2
f 1257/410/2 1258/406/2 1341/409/2
f 1257/410/2 1341/409/2 1342/411/2
f 1256/412/2 1257/410/2 1342/411/2
f 1256/412/2 1342/411/2 1343/413/2
f 1255/414/2 1256/412/2 1343/413/2
f 1255/414/2 1343/413/2 1344/415/2
f 1255/414/2 1344/415/2 1345/416/2
f 1254/417/2 1255/414/2 1345/416/2
f 1254/417/2 1345/416/2 1346/418/2
f 1253/419/2 1254/417/2 1346/418/2
f 1253/419/2 1346/418/2 1347/420/2
f 1253/419/2 1347/420/2 1348/421/2
f 1252/422/2 1253/419/2 1348/421/2
f 1252/422/2 1348/421/2 1349/423/2
f 1252/422/2 1349/423/2 1350/424/2
f 1251/425/2 1252/422/2 1350/424/2
f 1251/425/2 1350/424/2 1351/426/2
f 1250/427/2 1251/425/2 1351/426/2
f 1250/427/2 1351/426/2 1352/428/2
f 1250/427/2 1352/428/2 1353/429/2
f 1249/430/2 1250/427/2 1353/429/2
f 1249/430/2 1353/429/2 1354/431/2
f 1249/430/2 1354/431/2 1355/432/2
f 1374/433/2 1375/408/2 1314/399/2
f 1248/434/2 1249/430/2 1355/432/2
f 1373/435/2 1374/433/2 1314/399/2
f 1248/434/2 1355/432/2 1356/436/2
f 1372/437/2 1373/435/2 1314/399/2
f 1337/438/2 1338/440/2 1339/439/2
f 1372/437/2 1314/399/2 1315/441/2
f 1248/434/2 1356/436/2 1357/442/2
f 1336/443/2 1337/438/2 1339/439/2
f 1371/444/2 1372/437/2 1315/441/2
f 1371/444/2 1315/441/2 1316/445/2
f 1335/446/2 1336/443/2 1339/439/2
f 1247/447/2 1248/434/2 1357/442/2
f 1247/447/2 1357/442/2 1358/448/2
f 1371/444/2 1316/445/2 1317/449/2
f 1370/450/2 1371/444/2 1317/449/2
f 1334/451/2 1335/446/2 1339/439/2
f 1370/450/2 1317/449/2 1318/452/2
f 1369/453/2 1370/450/2 1318/452/2
f 1333/454/2 1334/451/2 1339/439/2
f 1247/447/2 1358/448/2 1359/455/2
f 1369/453/2 1318/452/2 1319/456/2
f 1332/457/2 1333/454/2 1339/439/2
f 1368/458/2 1369/453/2 1319/456/2
f 1368/458/2 1319/456/2 1320/459/2
f 1331/460/2 1332/457/2 1339/439/2
f 1247/447/2 1359/455/2 1360/461/2
f 1368/458/2 1320/459/2 1321/462/2
f 1367/463/2 1368/458/2 1321/462/2
f 1330/464/2 1331/460/2 1339/439/2
f 1367/463/2 1321/462/2 1322/465/2
f 1246/466/2 1247/447/2 1360/461/2
f 1329/467/2 1330/464/2 1339/439/2
f 1246/466/2 1360/461/2 1361/468/2
f 1366/469/2 1367/463/2 1322/465/2
f 1366/469/2 1322/465/2 1323/470/2
f 1328/471/2 1329/467/2 1339/439/2
f 1366/469/2 1323/470/2 1324/472/2
f 1327/473/2 1328/471/2 1339/439/2
f 1365/474/2 1366/469/2 1324/472/2
f 1365/474/2 1324/472/2 1325/475/2
f 1326/476/2 1327/473/2 1339/439/2
f 1365/474/2 1325/475/2 1326/476/2
f 1246/466/2 1361/468/2 1362/477/2
f 1365/474/2 1326/476/2 1339/439/2
f 1364/478/2 1365/474/2 1339/439/2
f 1246/466/2 1362/477/2 1363/479/2
f 1363/479/2 1364/478/2 1339/439/2
f 1246/466/2 1363/479/2 1226/480/2
f 1226/480/2 1363/479/2 1339/439/2
f 1245/481/2 1246/466/2 1226/480/2
f 1245/481/2 1226/480/2 1227/482/2
f 1225/483/2 1226/480/2 1339/439/2
f 1244/484/2 1245/481/2 1227/482/2
f 1244/484/2 1227/482/2 1228/485/2
f 1224/486/2 1225/483/2 1339/439/2
f 1224/486/2 1339/439/2 1203/15/2
f 1243/487/2 1244/484/2 1228/485/2
f 1243/487/2 1228/485/2 1229/488/2
f 1223/489/2 1224/486/2 1203/15/2
f 1223/489/2 1203/15/2 1204/490/2
f 1243/487/2 1229/488/2 1230/491/2
f 1222/492/2 1223/489/2 1204/490/2
f 1242/493/2 1243/487/2 1230/491/2
f 1222/492/2 1204/490/2 1205/494/2
f 1242/493/2 1230/491/2 1231/495/2
f 1221/496/2 1222/492/2 1205/494/2
f 1221/496/2 1205/494/2 1206/497/2
f 1241/498/2 1242/493/2 1231/495/2
f 1241/498/2 1231/495/2 1232/499/2
f 1220/500/2 1221/496/2 1206/497/2
f 1220/500/2 1206/497/2 1207/501/2
f 1241/498/2 1232/499/2 1233/502/2
f 1219/503/2 1220/500/2 1207/501/2
f 1219/503/2 1207/501/2 1208/504/2
f 1240/505/2 1241/498/2 1233/502/2
f 1240/505/2 1233/502/2 1234/506/2
f 1218/507/2 1219/503/2 1208/504/2
f 1218/507/2 1208/504/2 1209/508/2
f 1240/505/2 1234/506/2 1235/509/2
f 1218/507/2 1209/508/2 1210/510/2
f 1217/511/2 1218/507/2 1210/510/2
f 1239/512/2 1240/505/2 1235/509/2
f 1217/511/2 1210/510/2 1211/513/2
f 1239/512/2 1235/509/2 1236/514/2
f 1216/515/2 1217/511/2 1211/513/2
f 1216/515/2 1211/513/2 1212/516/2
f 1239/512/2 1236/514/2 1237/517/2
f 1215/518/2 1216/515/2 1212/516/2
f 1238/519/2 1239/512/2 1237/517/2
f 1215/518/2 1212/516/2 1213/520/2
f 1214/521/2 1215/518/2 1213/520/2
f 1411/522/2 1412/524/2 1413/523/2
f 1411/522/2 1413/523/2 1414/525/2
f 1411/522/2 1414/525/2 1415/526/2
f 1411/522/2 1415/526/2 1416/527/2
f 1410/528/2 1411/522/2 1416/527/2
f 1410/528/2 1416/527/2 1417/529/2
f 1410/528/2 1417/529/2 1418/530/2
f 1410/528/2 1418/530/2 1419/531/2
f 1409/532/2 1410/528/2 1419/531/2
f 1409/532/2 1419/531/2 1420/533/2
f 1409/532/2 1420/533/2 1421/534/2
f 1408/535/2 1409/532/2 1421/534/2
f 1408/535/2 1421/534/2 1422/536/2
f 1408/535/2 1422/536/2 1423/537/2
f 1407/538/2 1408/535/2 1423/537/2
f 1407/538/2 1423/537/2 1424/539/2
f 1407/538/2 1424/539/2 1435/540/2
f 1435/540/2 1424/539/2 1434/541/2
f 1434/541/2 1424/539/2 1433/542/2
f 1433/542/2 1424/539/2 1432/543/2
f 1432/543/2 1424/539/2 1431/544/2
f 1431/544/2 1424/539/2 1430/545/2
f 1430/545/2 1424/539/2 1429/546/2
f 1429/546/2 1424/539/2 1428/547/2
f 1428/547/2 1424/539/2 1427/548/2
f 1427/548/2 1424/539/2 1426/549/2
f 1426/549/2 1424/539/2 1425/550/2
f 1406/551/2 1407/538/2 1437/552/2
f 1437/552/2 1407/538/2 1436/553/2
f 1436/553/2 1407/538/2 1435/540/2
f 1406/551/2 1437/552/2 1438/554/2
f 1406/551/2 1438/554/2 1439/555/2
f 1406/551/2 1439/555/2 1440/556/2
f 1405/557/2 1406/551/2 1440/556/2
f 1405/557/2 1440/556/2 1441/558/2
f 1405/557/2 1441/558/2 1442/559/2
f 1404/560/2 1405/557/2 1442/559/2
f 1404/560/2 1442/559/2 1443/561/2
f 1404/560/2 1443/561/2 1444/562/2
f 1403/563/2 1404/560/2 1444/562/2
f 1403/563/2 1444/562/2 1445/564/2
f 1402/565/2 1403/563/2 1445/564/2
f 1402/565/2 1445/564/2 1446/566/2
f 1402/565/2 1446/566/2 1447/567/2
f 1401/568/2 1402/565/2 1447/567/2
f 1401/568/2 1447/567/2 1448/569/2
f 1400/570/2 1401/568/2 1448/569/2
f 1400/570/2 1448/569/2 1449/571/2
f 1400/570/2 1449/571/2 1450/572/2
f 1399/573/2 1400/570/2 1450/572/2
f 1475/574/2 1476/576/2 1477/575/2
f 1475/574/2 1477/575/2 1474/577/2
f 1474/577/2 1477/575/2 1478/13/2
f 1399/573/2 1450/572/2 1451/578/2
f 1398/579/2 1399/573/2 1451/578/2
f 1398/579/2 1451/578/2 1452/580/2
f 1473/581/2 1474/577/2 1478/13/2
f 1397/582/2 1398/579/2 1452/580/2
f 1397/582/2 1452/580/2 1453/583/2
f 1397/582/2 1453/583/2 1454/584/2
f 1396/585/2 1397/582/2 1454/584/2
f 1396/585/2 1454/584/2 1455/586/2
f 1395/587/2 1396/585/2 1455/586/2
f 1395/587/2 1455/586/2 1456/588/2
f 1395/587/2 1456/588/2 1457/589/2
f 1394/590/2 1395/587/2 1457/589/2
f 1394/590/2 1457/589/2 1458/591/2
f 1472/592/2 1473/581/2 1478/13/2
f 1471/593/2 1472/592/2 1478/13/2
f 1470/594/2 1471/593/2 1478/13/2
f 1394/590/2 1458/591/2 1459/595/2
f 1469/596/2 1470/594/2 1478/13/2
f 1468/597/2 1469/596/2 1478/13/2
f 1467/598/2 1468/597/2 1478/13/2
f 1394/590/2 1459/595/2 1460/599/2
f 1393/600/2 1394/590/2 1460/599/2
f 1466/601/2 1467/598/2 1478/13/2
f 1465/602/2 1466/601/2 1478/13/2
f 1464/603/2 1465/602/2 1478/13/2
f 1393/600/2 1460/599/2 1461/604/2
f 1463/605/2 1464/603/2 1478/13/2
f 1462/606/2 1463/605/2 1478/13/2
f 1461/604/2 1462/606/2 1478/13/2
f 1393/600/2 1461/604/2 1478/13/2
f 1392/607/2 1393/600/2 1478/13/2
f 1392/607/2 1478/13/2 1377/15/2
f 1392/607/2 1377/15/2 1378/608/2
f 1391/609/2 1392/607/2 1378/608/2
f 1391/609/2 1378/608/2 1379/610/2
f 1391/609/2 1379/610/2 1380/611/2
f 1390/612/2 1391/609/2 1380/611/2
f 1390/612/2 1380/611/2 1381/613/2
f 1390/612/2 1381/613/2 1382/614/2
f 1390/612/2 1382/614/2 1383/615/2
f 1389/616/2 1390/612/2 1383/615/2
f 1389/616/2 1383/615/2 1384/617/2
f 1389/616/2 1384/617/2 1385/618/2
f 1389/616/2 1385/618/2 1386/619/2
f 1388/620/2 1389/616/2 1386/619/2
f 1388/620/2 1386/619/2 1387/621/2
s 1
f 1482/622/3 1479/15/4 1480/623/4
f 1484/624/5 1481/625/3 1482/622/3
f 1486/626/6 1483/627/5 1484/624/5
f 1488/628/7 1485/629/6 1486/626/6
f 1490/630/8 1487/631/7 1488/628/7
f 1492/632/9 1489/633/8 1490/630/8
f 1494/634/10 1491/635/9 1492/632/9
f 1496/636/11 1493/637/10 1494/634/10
f 1498/638/12 1495/639/11 1496/636/11
f 1500/640/13 1497/641/12 1498/638/12
f 1502/642/14 1499/643/13 1500/640/13
f 1504/644/15 1501/645/14 1502/642/14
f 1506/646/16 1503/647/15 1504/644/15
f 1508/648/17 1505/649/16 1506/646/16
f 1510/650/18 1507/651/17 1508/648/17
f 1512/652/19 1509/653/18 1510/650/18
f 1514/654/20 1511/655/19 1512/652/19
f 1516/656/21 1513/10/20 1514/654/20
f 1518/657/22 1515/658/21 1516/656/21
f 1520/659/23 1517/660/22 1518/657/22
f 1522/661/24 1519/662/23 1520/659/23
f 1524/663/25 1521/664/24 1522/661/24
f 1526/665/26 1523/666/25 1524/663/25
f 1528/667/27 1525/668/26 1526/665/26
f 1530/669/28 1527/670/27 1528/667/27
f 1532/671/29 1529/672/28 1530/669/28
f 1534/673/30 1531/674/29 1532/671/29
f 1536/675/31 1533/676/30 1534/673/30
f 1538/677/32 1535/678/31 1536/675/31
f 1540/679/33 1537/680/32 1538/677/32
f 1542/681/34 1539/682/33 1540/679/33
f 1544/683/35 1541/684/34 1542/681/34
f 1546/685/36 1543/686/35 1544/683/35
f 1548/687/37 1545/688/36 1546/685/36
f 1550/689/38 1547/9/37 1548/687/37
f 1552/690/39 1549/691/38 1550/689/38
f 1554/692/40 1551/693/39 1552/690/39
f 1556/694/41 1553/695/40 1554/692/40
f 1558/696/42 1555/697/41 1556/694/41
f 1560/698/43 1557/699/42 1558/696/42
f 1562/700/44 1559/701/43 1560/698/43
f 1564/702/45 1561/703/44 1562/700/44
f 1566/704/46 1563/705/45 1564/702/45
f 1568/706/47 1565/707/46 1566/704/46
f 1570/708/48 1567/709/47 1568/706/47
f 1572/710/49 1569/711/48 1570/708/48
f 1574/712/50 1571/713/49 1572/710/49
f 1576/714/51 1573/715/50 1574/712/50
f 1578/716/52 1575/717/51 1576/714/51
f 1580/718/53 1577/719/52 1578/716/52
f 1582/720/54 1579/721/53 1580/718/53
f 1584/722/55 1581/35/56 1582/720/54
f 1586/723/57 1583/724/55 1584/722/55
f 1588/725/58 1585/726/57 1586/723/57
f 1590/727/59 1587/728/58 1588/725/58
f 1592/729/60 1589/730/59 1590/727/59
f 1594/731/61 1591/732/60 1592/729/60
f 1596/733/62 1593/734/61 1594/731/61
f 1598/735/63 1595/736/62 1596/733/62
f 1600/737/64 1597/738/63 1598/735/63
f 1602/739/65 1599/740/64 1600/737/64
f 1604/741/66 1601/742/65 1602/739/65
f 1606/743/67 1603/744/66 1604/741/66
f 1608/745/68 1605/746/67 1606/743/67
f 1610/747/69 1607/748/68 1608/745/68
f 1612/749/70 1609/750/69 1610/747/69
f 1614/751/71 1611/752/70 1612/749/70
f 1616/753/72 1613/754/71 1614/751/71
f 1618/755/73 1615/39/72 1616/753/72
f 1620/756/74 1617/757/73 1618/755/73
f 1622/758/75 1619/759/76 1620/756/74
f 1624/760/77 1621/761/75 1622/758/75
f 1626/762/78 1623/763/79 1624/760/77
f 1628/764/80 1625/765/78 1626/762/78
f 1630/766/81 1627/767/80 1628/764/80
f 1632/768/82 1629/769/81 1630/766/81
f 1634/770/83 1631/771/82 1632/768/82
f 1636/772/84 1633/773/83 1634/770/83
f 1638/774/85 1635/775/84 1636/772/84
f 1640/776/86 1637/777/85 1638/774/85
f 1642/778/87 1639/779/86 1640/776/86
f 1644/780/88 1641/781/87 1642/778/87
f 1646/782/89 1643/783/88 1644/780/88
f 1648/784/90 1645/785/89 1646/782/89
f 1650/786/91 1647/787/90 1648/784/90
f 1652/788/92 1649/50/91 1650/786/91
f 1654/789/93 1651/790/92 1652/788/92
f 1656/791/94 1653/792/93 1654/789/93
f 1658/793/95 1655/794/94 1656/791/94
f 1660/795/96 1657/796/97 1658/793/95
f 1662/797/98 1659/798/99 1660/795/96
f 1664/799/100 1661/800/98 1662/797/98
f 1666/801/101 1663/802/100 1664/799/100
f 1668/803/102 1665/804/101 1666/801/101
f 1670/805/103 1667/806/102 1668/803/102
f 1672/807/104 1669/808/103 1670/805/103
f 1674/809/105 1671/810/104 1672/807/104
f 1676/811/105 1673/812/105 1674/809/105
f 1678/813/106 1675/814/105 1676/811/105
f 1680/815/107 1677/816/106 1678/813/106
f 1682/817/108 1679/818/107 1680/815/107
f 1480/819/4 1681/820/108 1682/817/108
f 1686/821/109 1683/15/110 1684/623/110
f 1688/822/111 1685/823/109 1686/821/109
f 1690/824/112 1687/825/111 1688/822/111
f 1692/826/113 1689/827/112 1690/824/112
f 1694/828/114 1691/829/113 1692/826/113
f 1696/830/115 1693/831/114 1694/828/114
f 1698/832/116 1695/833/115 1696/830/115
f 1700/834/117 1697/835/116 1698/832/116
f 1702/836/118 1699/837/117 1700/834/117
f 1704/838/119 1701/839/118 1702/836/118
f 1706/840/120 1703/841/119 1704/838/119
f 1708/842/121 1705/843/120 1706/840/120
f 1710/844/122 1707/845/121 1708/842/121
f 1712/846/123 1709/847/122 1710/844/122
f 1714/848/124 1711/849/123 1712/846/123
f 1716/850/125 1713/851/124 1714/848/124
f 1718/852/126 1715/853/127 1716/850/125
f 1720/854/128 1717/855/126 1718/852/126
f 1722/856/129 1719/857/128 1720/854/128
f 1724/858/130 1721/859/129 1722/856/129
f 1726/860/131 1723/861/130 1724/858/130
f 1728/862/132 1725/863/133 1726/860/131
f 1730/864/134 1727/865/132 1728/862/132
f 1732/866/135 1729/867/134 1730/864/134
f 1734/868/136 1731/869/135 1732/866/135
f 1736/870/137 1733/871/136 1734/868/136
f 1738/872/138 1735/873/139 1736/870/137
f 1740/874/140 1737/875/138 1738/872/138
f 1742/876/141 1739/877/140 1740/874/140
f 1744/878/142 1741/879/141 1742/876/141
f 1746/880/143 1743/881/142 1744/878/142
f 1748/882/144 1745/883/143 1746/880/143
f 1750/884/145 1747/885/144 1748/882/144
f 1752/886/146 1749/887/145 1750/884/145
f 1754/888/147 1751/889/146 1752/886/146
f 1756/890/148 1753/891/147 1754/888/147
f 1758/892/149 1755/893/148 1756/890/148
f 1760/894/150 1757/895/149 1758/892/149
f 1762/896/151 1759/897/150 1760/894/150
f 1764/898/152 1761/899/151 1762/896/151
f 1766/900/153 1763/901/152 1764/898/152
f 1768/902/154 1765/903/153 1766/900/153
f 1770/904/155 1767/905/156 1768/902/154
f 1772/906/157 1769/907/155 1770/904/155
f 1774/908/158 1771/909/157 1772/906/157
f 1776/910/159 1773/911/158 1774/908/158
f 1778/912/160 1775/913/159 1776/910/159
f 1780/914/161 1777/915/160 1778/912/160
f 1782/916/162 1779/917/161 1780/914/161
f 1784/918/163 1781/919/162 1782/916/162
f 1786/920/164 1783/921/163 1784/918/163
f 1788/922/165 1785/923/164 1786/920/164
f 1790/924/166 1787/925/165 1788/922/165
f 1792/926/167 1789/927/166 1790/924/166
f 1794/928/168 1791/929/167 1792/926/167
f 1796/930/169 1793/931/168 1794/928/168
f 1798/932/170 1795/933/169 1796/930/169
f 1800/934/171 1797/935/170 1798/932/170
f 1802/936/172 1799/937/171 1800/934/171
f 1804/938/173 1801/939/172 1802/936/172
f 1806/940/174 1803/941/173 1804/938/173
f 1808/942/175 1805/943/174 1806/940/174
f 1810/944/176 1807/945/175 1808/942/175
f 1812/946/177 1809/947/176 1810/944/176
f 1814/948/178 1811/949/179 1812/946/177
f 1816/950/180 1813/951/181 1814/948/178
f 1818/952/182 1815/953/183 1816/950/180
f 1820/954/184 1817/955/185 1818/952/182
f 1822/956/186 1819/957/184 1820/954/184
f 1824/958/187 1821/959/186 1822/956/186
f 1826/960/188 1823/961/187 1824/958/187
f 1828/962/189 1825/963/188 1826/960/188
f 1830/964/190 1827/965/189 1828/962/189
f 1832/966/191 1829/967/190 1830/964/190
f 1834/968/192 1831/969/191 1832/966/191
f 1836/970/193 1833/971/192 1834/968/192
f 1838/972/194 1835/973/195 1836/970/193
f 1840/974/196 1837/975/194 1838/972/194
f 1842/976/197 1839/977/196 1840/974/196
f 1844/978/198 1841/979/197 1842/976/197
f 1846/980/199 1843/981/198 1844/978/198
f 1848/982/200 1845/983/199 1846/980/199
f 1850/984/201 1847/985/200 1848/982/200
f 1852/986/202 1849/987/201 1850/984/201
f 1854/988/203 1851/989/202 1852/986/202
f 1856/990/204 1853/991/203 1854/988/203
f 1858/992/205 1855/993/206 1856/990/204
f 1860/994/207 1857/995/205 1858/992/205
f 1862/996/208 1859/997/207 1860/994/207
f 1864/998/209 1861/999/208 1862/996/208
f 1866/1000/210 1863/1001/209 1864/998/209
f 1868/1002/211 1865/1003/210 1866/1000/210
f 1870/1004/212 1867/1005/211 1868/1002/211
f 1872/1006/213 1869/1007/212 1870/1004/212
f 1874/1008/214 1871/1009/213 1872/1006/213
f 1876/1010/215 1873/1011/214 1874/1008/214
f 1878/1012/216 1875/1013/215 1876/1010/215
f 1880/1014/217 1877/1015/216 1878/1012/216
f 1882/1016/218 1879/1017/217 1880/1014/217
f 1884/1018/219 1881/1019/218 1882/1016/218
f 1886/1020/220 1883/1021/219 1884/1018/219
f 1888/1022/221 1885/1023/220 1886/1020/220
f 1890/1024/222 1887/1025/221 1888/1022/221
f 1892/1026/223 1889/1027/222 1890/1024/222
f 1894/1028/224 1891/1029/223 1892/1026/223
f 1896/1030/225 1893/1031/224 1894/1028/224
f 1898/1032/226 1895/1033/225 1896/1030/225
f 1900/1034/227 1897/1035/226 1898/1032/226
f 1902/1036/228 1899/1037/227 1900/1034/227
f 1904/1038/229 1901/1039/228 1902/1036/228
f 1906/1040/230 1903/1041/229 1904/1038/229
f 1908/1042/231 1905/1043/232 1906/1040/230
f 1910/1044/233 1907/1045/231 1908/1042/231
f 1912/1046/234 1909/1047/235 1910/1044/233
f 1914/1048/236 1911/1049/234 1912/1046/234
f 1916/1050/237 1913/1051/238 1914/1048/236
f 1918/1052/239 1915/1053/240 1916/1050/237
f 1920/1054/241 1917/1055/242 1918/1052/239
f 1922/1056/243 1919/1057/244 1920/1054/241
f 1924/1058/245 1921/1059/246 1922/1056/243
f 1926/1060/247 1923/1061/248 1924/1058/245
f 1928/1062/249 1925/1063/247 1926/1060/247
f 1930/1064/250 1927/1065/249 1928/1062/249
f 1932/1066/251 1929/1067/250 1930/1064/250
f 1934/1068/252 1931/1069/251 1932/1066/251
f 1936/1070/253 1933/1071/252 1934/1068/252
f 1938/1072/35 1935/1073/254 1936/1070/253
f 1940/1074/255 1937/1075/256 1938/1072/35
f 1942/1076/257 1939/1077/258 1940/1074/255
f 1944/1078/259 1941/1079/257 1942/1076/257
f 1946/1080/260 1943/1081/259 1944/1078/259
f 1948/1082/261 1945/1083/262 1946/1080/260
f 1950/1084/263 1947/1085/261 1948/1082/261
f 1952/1086/264 1949/1087/263 1950/1084/263
f 1954/1088/265 1951/1089/264 1952/1086/264
f 1956/1090/266 1953/1091/265 1954/1088/265
f 1684/819/110 1955/1092/266 1956/1090/266
f 1960/1093/267 1957/15/268 1958/623/268
f 1962/1094/269 1959/1095/267 1960/1093/267
f 1964/1096/270 1961/1097/269 1962/1094/269
f 1966/1098/271 1963/1099/270 1964/1096/270
f 1968/1100/272 1965/1101/271 1966/1098/271
f 1970/1102/273 1967/1103/272 1968/1100/272
f 1972/1104/274 1969/1105/273 1970/1102/273
f 1974/1106/275 1971/1107/274 1972/1104/274
f 1976/1108/276 1973/1109/275 1974/1106/275
f 1978/1110/277 1975/1111/276 1976/1108/276
f 1980/1112/278 1977/1113/277 1978/1110/277
f 1982/1114/279 1979/1115/278 1980/1112/278
f 1984/1116/280 1981/1117/279 1982/1114/279
f 1986/1118/281 1983/1119/282 1984/1116/280
f 1988/1120/283 1985/1121/281 1986/1118/281
f 1990/1122/284 1987/1123/283 1988/1120/283
f 1992/1124/285 1989/1125/286 1990/1122/284
f 1994/1126/287 1991/1127/285 1992/1124/285
f 1996/1128/288 1993/1129/287 1994/1126/287
f 1998/1130/289 1995/1131/288 1996/1128/288
f 2000/1132/290 1997/1133/291 1998/1130/289
f 2002/1134/292 1999/1135/290 2000/1132/290
f 2004/1136/293 2001/1137/292 2002/1134/292
f 2006/1138/294 2003/1139/293 2004/1136/293
f 2008/1140/295 2005/1141/294 2006/1138/294
f 2010/1142/296 2007/1143/295 2008/1140/295
f 2012/1144/297 2009/1145/296 2010/1142/296
f 2014/1146/298 2011/1147/297 2012/1144/297
f 2016/1148/299 2013/1149/298 2014/1146/298
f 2018/1150/300 2015/1151/299 2016/1148/299
f 2020/1152/301 2017/1153/300 2018/1150/300
f 2022/1154/302 2019/1155/301 2020/1152/301
f 2024/1156/303 2021/1157/302 2022/1154/302
f 2026/1158/304 2023/1159/305 2024/1156/303
f 2028/1160/306 2025/1161/304 2026/1158/304
f 2030/1162/307 2027/1163/306 2028/1160/306
f 1958/819/268 2029/1164/307 2030/1162/307
f 2034/1165/308 2031/15/309 2032/623/309
f 2036/1166/310 2033/1167/308 2034/1165/308
f 2038/1168/311 2035/1169/310 2036/1166/310
f 2040/1170/312 2037/1171/311 2038/1168/311
f 2042/1172/313 2039/1173/312 2040/1170/312
f 2044/1174/314 2041/1175/313 2042/1172/313
f 2046/1176/315 2043/1177/314 2044/1174/314
f 2048/1178/316 2045/1179/315 2046/1176/315
f 2050/1180/317 2047/1181/316 2048/1178/316
f 2052/1182/318 2049/1183/317 2050/1180/317
f 2054/1184/319 2051/1185/318 2052/1182/318
f 2056/1186/320 2053/1187/319 2054/1184/319
f 2058/1188/321 2055/1189/320 2056/1186/320
f 2060/1190/322 2057/1191/321 2058/1188/321
f 2062/1192/323 2059/1193/322 2060/1190/322
f 2064/1194/324 2061/1195/323 2062/1192/323
f 2066/1196/325 2063/1197/324 2064/1194/324
f 2068/1198/326 2065/1199/325 2066/1196/325
f 2070/1200/327 2067/1201/326 2068/1198/326
f 2072/1202/328 2069/1203/327 2070/1200/327
f 2074/1204/329 2071/1205/328 2072/1202/328
f 2076/1206/330 2073/1207/329 2074/1204/329
f 2078/1208/331 2075/1209/330 2076/1206/330
f 2080/1210/332 2077/1211/331 2078/1208/331
f 2082/1212/333 2079/1213/332 2080/1210/332
f 2084/1214/334 2081/1215/333 2082/1212/333
f 2086/1216/335 2083/1217/334 2084/1214/334
f 2088/1218/336 2085/1219/335 2086/1216/335
f 2090/1220/337 2087/1221/336 2088/1218/336
f 2092/1222/338 2089/1223/337 2090/1220/337
f 2094/1224/339 2091/1225/338 2092/1222/338
f 2096/1226/340 2093/1227/339 2094/1224/339
f 2098/1228/341 2095/1229/340 2096/1226/340
f 2100/1230/342 2097/1231/341 2098/1228/341
f 2102/1232/343 2099/1233/342 2100/1230/342
f 2104/1234/217 2101/1235/343 2102/1232/343
f 2106/1236/344 2103/1237/217 2104/1234/217
f 2108/1238/345 2105/1239/344 2106/1236/344
f 2110/1240/346 2107/1241/345 2108/1238/345
f 2112/1242/347 2109/1243/346 2110/1240/346
f 2114/1244/348 2111/1245/347 2112/1242/347
f 2116/1246/349 2113/1247/348 2114/1244/348
f 2118/1248/350 2115/1249/349 2116/1246/349
f 2120/1250/351 2117/1251/350 2118/1248/350
f 2122/1252/352 2119/1253/351 2120/1250/351
f 2124/1254/353 2121/1255/352 2122/1252/352
f 2126/1256/354 2123/1257/353 2124/1254/353
f 2128/1258/355 2125/1259/354 2126/1256/354
f 2130/1260/356 2127/1261/355 2128/1258/355
f 2132/1262/105 2129/1263/356 2130/1260/356
f 2134/1264/357 2131/1265/105 2132/1262/105
f 2136/1266/358 2133/1267/357 2134/1264/357
f 2138/1268/359 2135/1269/358 2136/1266/358
f 2140/1270/360 2137/1271/359 2138/1268/359
f 2142/1272/361 2139/1273/360 2140/1270/360
f 2144/1274/362 2141/1275/361 2142/1272/361
f 2146/1276/363 2143/1277/362 2144/1274/362
f 2148/1278/364 2145/1279/363 2146/1276/363
f 2150/1280/365 2147/1281/364 2148/1278/364
f 2152/1282/366 2149/1283/365 2150/1280/365
f 2154/1284/367 2151/1285/366 2152/1282/366
f 2156/1286/368 2153/1287/367 2154/1284/367
f 2158/1288/369 2155/1289/368 2156/1286/368
f 2160/1290/370 2157/1291/369 2158/1288/369
f 2162/1292/371 2159/1293/370 2160/1290/370
f 2164/1294/372 2161/1295/371 2162/1292/371
f 2166/1296/373 2163/1297/372 2164/1294/372
f 2168/1298/374 2165/1299/373 2166/1296/373
f 2170/1300/375 2167/1301/374 2168/1298/374
f 2172/1302/376 2169/1303/375 2170/1300/375
f 2174/1304/377 2171/1305/376 2172/1302/376
f 2176/1306/378 2173/1307/377 2174/1304/377
f 2178/1308/379 2175/1309/378 2176/1306/378
f 2180/1310/380 2177/1311/379 2178/1308/379
f 2182/1312/381 2179/1313/380 2180/1310/380
f 2184/1314/356 2181/1315/381 2182/1312/381
f 2186/1316/105 2183/1317/356 2184/1314/356
f 2188/1318/382 2185/1319/105 2186/1316/105
f 2190/1320/175 2187/1321/382 2188/1318/382
f 2192/1322/383 2189/1323/175 2190/1320/175
f 2194/1324/384 2191/1325/383 2192/1322/383
f 2196/1326/385 2193/1327/384 2194/1324/384
f 2198/1328/386 2195/1329/385 2196/1326/385
f 2200/1330/387 2197/1331/386 2198/1328/386
f 2202/1332/388 2199/1333/387 2200/1330/387
f 2204/1334/389 2201/1335/390 2202/1332/388
f 2206/1336/391 2203/1337/392 2204/1334/389
f 2208/1338/393 2205/1339/391 2206/1336/391
f 2210/1340/394 2207/1341/393 2208/1338/393
f 2212/1342/395 2209/1343/394 2210/1340/394
f 2214/1344/396 2211/1345/395 2212/1342/395
f 2216/1346/397 2213/1347/396 2214/1344/396
f 2218/1348/398 2215/1349/397 2216/1346/397
f 2220/1350/399 2217/1351/398 2218/1348/398
f 2222/1352/400 2219/1353/399 2220/1350/399
f 2224/1354/401 2221/1355/400 2222/1352/400
f 2226/1356/402 2223/1357/401 2224/1354/401
f 2228/1358/403 2225/1359/402 2226/1356/402
f 2230/1360/404 2227/1361/403 2228/1358/403
f 2232/1362/405 2229/1363/404 2230/1360/404
f 2234/1364/406 2231/1365/405 2232/1362/405
f 2236/1366/407 2233/1367/406 2234/1364/406
f 2238/1368/356 2235/1369/407 2236/1366/407
f 2240/1370/105 2237/1371/356 2238/1368/356
f 2242/1372/106 2239/1373/105 2240/1370/105
f 2244/1374/107 2241/1375/106 2242/1372/106
f 2032/819/309 2243/1376/107 2244/1374/107
f 2248/1377/408 2245/15/409 2246/623/409
f 2250/1093/410 2247/1378/408 2248/1377/408
f 2252/1379/411 2249/1095/410 2250/1093/410
f 2254/1094/412 2251/1380/411 2252/1379/411
f 2256/1381/413 2253/1097/412 2254/1094/412
f 2258/1096/414 2255/1382/413 2256/1381/413
f 2260/1383/415 2257/1099/414 2258/1096/414
f 2262/1098/416 2259/1384/415 2260/1383/415
f 2264/1385/417 2261/1101/416 2262/1098/416
f 2266/1100/418 2263/1386/417 2264/1385/417
f 2268/1387/419 2265/1103/418 2266/1100/418
f 2270/1102/420 2267/1388/419 2268/1387/419
f 2272/1389/421 2269/1105/420 2270/1102/420
f 2274/1104/422 2271/1390/421 2272/1389/421
f 2276/1391/423 2273/1107/422 2274/1104/422
f 2278/1106/424 2275/1392/423 2276/1391/423
f 2280/1393/425 2277/1109/424 2278/1106/424
f 2282/1108/426 2279/1394/425 2280/1393/425
f 2284/1395/427 2281/1111/426 2282/1108/426
f 2286/1110/428 2283/1396/427 2284/1395/427
f 2288/1397/429 2285/1113/428 2286/1110/428
f 2290/1112/430 2287/1398/429 2288/1397/429
f 2292/1399/431 2289/1115/430 2290/1112/430
f 2294/1114/432 2291/1400/431 2292/1399/431
f 2296/1401/433 2293/1117/432 2294/1114/432
f 2298/1116/434 2295/1402/433 2296/1401/433
f 2300/1403/435 2297/1119/434 2298/1116/434
f 2302/1118/436 2299/1404/435 2300/1403/435
f 2304/1405/437 2301/1121/436 2302/1118/436
f 2306/1120/438 2303/1406/437 2304/1405/437
f 2308/1407/313 2305/1123/438 2306/1120/438
f 2310/1122/439 2307/1408/313 2308/1407/313
f 2312/1409/440 2309/1125/439 2310/1122/439
f 2314/1124/441 2311/1410/440 2312/1409/440
f 2316/1411/442 2313/1127/441 2314/1124/441
f 2318/1126/443 2315/1412/442 2316/1411/442
f 2320/720/444 2317/1129/443 2318/1126/443
f 2322/1128/445 2319/35/444 2320/720/444
f 2324/1413/446 2321/1131/445 2322/1128/445
f 2326/1130/447 2323/1414/446 2324/1413/446
f 2328/1415/448 2325/1133/447 2326/1130/447
f 2330/1132/449 2327/1416/448 2328/1415/448
f 2332/1417/450 2329/1135/449 2330/1132/449
f 2334/1134/451 2331/1418/450 2332/1417/450
f 2336/1419/452 2333/1137/451 2334/1134/451
f 2338/1136/453 2335/1420/452 2336/1419/452
f 2340/1421/454 2337/1139/453 2338/1136/453
f 2342/1138/455 2339/1422/454 2340/1421/454
f 2344/1423/456 2341/1141/455 2342/1138/455
f 2346/1140/457 2343/1424/456 2344/1423/456
f 2348/1425/458 2345/1143/457 2346/1140/457
f 2350/1142/459 2347/1426/458 2348/1425/458
f 2352/1427/460 2349/1145/459 2350/1142/459
f 2354/1144/461 2351/1428/460 2352/1427/460
f 2356/1429/462 2353/1147/461 2354/1144/461
f 2358/1146/463 2355/1430/462 2356/1429/462
f 2360/1431/464 2357/1149/463 2358/1146/463
f 2362/1148/465 2359/1432/464 2360/1431/464
f 2364/1433/466 2361/1151/465 2362/1148/465
f 2366/1150/467 2363/1434/466 2364/1433/466
f 2368/1435/468 2365/1153/467 2366/1150/467
f 2370/1152/469 2367/1436/468 2368/1435/468
f 2372/1437/470 2369/1155/469 2370/1152/469
f 2374/1154/471 2371/1438/470 2372/1437/470
f 2376/1439/472 2373/1157/471 2374/1154/471
f 2378/1156/473 2375/1440/472 2376/1439/472
f 2380/1441/474 2377/1159/473 2378/1156/473
f 2382/1158/475 2379/1442/474 2380/1441/474
f 2384/1443/476 2381/1161/475 2382/1158/475
f 2386/1160/477 2383/1444/476 2384/1443/476
f 2388/1445/478 2385/1163/477 2386/1160/477
f 2390/1162/479 2387/1446/478 2388/1445/478
f 2392/1447/480 2389/1164/479 2390/1162/479
f 2246/819/409 2391/1448/480 2392/1447/480
f 2396/1449/481 2393/15/482 2394/623/482
f 2398/1450/483 2395/1451/481 2396/1449/481
f 2400/1452/484 2397/1453/483 2398/1450/483
f 2402/1454/485 2399/1455/484 2400/1452/484
f 2404/1456/486 2401/1457/485 2402/1454/485
f 2406/1458/487 2403/237/486 2404/1456/486
f 2408/1459/488 2405/1460/487 2406/1458/487
f 2410/1461/489 2407/1462/490 2408/1459/488
f 2412/1463/491 2409/1464/489 2410/1461/489
f 2414/1465/492 2411/1466/491 2412/1463/491
f 2416/1467/493 2413/184/492 2414/1465/492
f 2418/1468/494 2415/1469/493 2416/1467/493
f 2420/1470/495 2417/1471/494 2418/1468/494
f 2422/1472/496 2419/1473/495 2420/1470/495
f 2424/1474/497 2421/1475/496 2422/1472/496
f 2426/1476/498 2423/205/497 2424/1474/497
f 2428/1477/499 2425/1478/498 2426/1476/498
f 2430/1479/500 2427/1480/499 2428/1477/499
f 2432/1481/501 2429/1482/502 2430/1479/500
f 2434/1483/503 2431/1484/501 2432/1481/501
f 2436/1485/504 2433/176/503 2434/1483/503
f 2438/1486/505 2435/1487/504 2436/1485/504
f 2440/1488/506 2437/1489/505 2438/1486/505
f 2442/1490/507 2439/1491/506 2440/1488/506
f 2394/819/482 2441/1492/508 2442/1490/507
f 2446/1493/509 2443/15/510 2444/623/510
f 2448/1494/511 2445/1495/509 2446/1493/509
f 2450/1496/512 2447/1497/511 2448/1494/511
f 2452/1498/513 2449/1499/512 2450/1496/512
f 2454/1500/514 2451/1501/513 2452/1498/513
f 2456/1502/515 2453/1503/514 2454/1500/514
f 2458/1504/516 2455/1505/515 2456/1502/515
f 2460/654/517 2457/1506/516 2458/1504/516
f 2462/1507/280 2459/10/517 2460/654/517
f 2464/1508/518 2461/1509/280 2462/1507/280
f 2466/1510/519 2463/1511/518 2464/1508/518
f 2468/1512/520 2465/1513/519 2466/1510/519
f 2470/1514/521 2467/1515/520 2468/1512/520
f 2472/1516/522 2469/1517/521 2470/1514/521
f 2474/1518/523 2471/1519/522 2472/1516/522
f 2476/687/524 2473/1520/523 2474/1518/523
f 2478/1521/525 2475/9/524 2476/687/524
f 2480/1522/526 2477/1523/525 2478/1521/525
f 2482/1524/527 2479/1525/526 2480/1522/526
f 2484/1526/528 2481/1527/527 2482/1524/527
f 2486/1528/529 2483/1529/528 2484/1526/528
f 2488/1530/530 2485/1531/529 2486/1528/529
f 2490/1532/531 2487/1533/530 2488/1530/530
f 2492/720/532 2489/1534/531 2490/1532/531
f 2494/1535/533 2491/35/532 2492/720/532
f 2496/1536/534 2493/1537/533 2494/1535/533
f 2498/1538/535 2495/1539/534 2496/1536/534
f 2500/1540/536 2497/1541/535 2498/1538/535
f 2502/1542/537 2499/1543/536 2500/1540/536
f 2504/1544/538 2501/1545/537 2502/1542/537
f 2506/1546/539 2503/1547/538 2504/1544/538
f 2508/753/540 2505/1548/539 2506/1546/539
f 2510/1549/541 2507/39/540 2508/753/540
f 2512/1550/542 2509/1551/541 2510/1549/541
f 2514/1552/543 2511/1553/542 2512/1550/542
f 2516/1554/544 2513/1555/543 2514/1552/543
f 2518/1556/545 2515/1557/544 2516/1554/544
f 2520/1558/546 2517/1559/545 2518/1556/545
f 2522/1560/547 2519/1561/546 2520/1558/546
f 2524/786/548 2521/1562/547 2522/1560/547
f 2526/1563/549 2523/50/548 2524/786/548
f 2528/1564/550 2525/1565/549 2526/1563/549
f 2530/1566/551 2527/1567/550 2528/1564/550
f 2532/1568/552 2529/1569/551 2530/1566/551
f 2534/1570/553 2531/1571/552 2532/1568/552
f 2536/1572/554 2533/1573/553 2534/1570/553
f 2538/1574/555 2535/1575/554 2536/1572/554
f 2444/819/510 2537/1576/555 2538/1574/555
f 2542/1493/556 2539/15/557 2540/623/557
f 2544/1494/35 2541/1495/556 2542/1493/556
f 2546/1496/558 2543/1497/559 2544/1494/35
f 2548/1498/560 2545/1499/558 2546/1496/558
f 2550/1500/561 2547/1501/562 2548/1498/560
f 2552/1502/563 2549/1503/561 2550/1500/561
f 2554/1504/564 2551/1505/563 2552/1502/563
f 2556/654/565 2553/1506/564 2554/1504/564
f 2558/1507/566 2555/10/565 2556/654/565
f 2560/1508/567 2557/1509/566 2558/1507/566
f 2562/1510/568 2559/1511/567 2560/1508/567
f 2564/1512/569 2561/1513/568 2562/1510/568
f 2566/1514/570 2563/1515/569 2564/1512/569
f 2568/1516/571 2565/1517/570 2566/1514/570
f 2570/1518/572 2567/1519/571 2568/1516/571
f 2572/687/573 2569/1520/572 2570/1518/572
f 2574/1521/574 2571/9/573 2572/687/573
f 2576/1522/575 2573/1523/574 2574/1521/574
f 2578/1524/576 2575/1525/575 2576/1522/575
f 2580/1526/577 2577/1527/576 2578/1524/576
f 2582/1528/578 2579/1529/577 2580/1526/577
f 2584/1530/579 2581/1531/578 2582/1528/578
f 2586/1532/580 2583/1533/579 2584/1530/579
f 2588/720/581 2585/1534/580 2586/1532/580
f 2590/1535/582 2587/35/581 2588/720/581
f 2592/1536/583 2589/1537/582 2590/1535/582
f 2594/1538/584 2591/1539/583 2592/1536/583
f 2596/1540/585 2593/1541/584 2594/1538/584
f 2598/1542/586 2595/1543/585 2596/1540/585
f 2600/1544/587 2597/1545/586 2598/1542/586
f 2602/1546/588 2599/1547/587 2600/1544/587
f 2604/753/589 2601/1548/588 2602/1546/588
f 2606/1549/590 2603/39/589 2604/753/589
f 2608/1550/591 2605/1551/590 2606/1549/590
f 2610/1552/592 2607/1553/591 2608/1550/591
f 2612/1554/593 2609/1555/592 2610/1552/592
f 2614/1556/594 2611/1557/593 2612/1554/593
f 2616/1558/595 2613/1559/594 2614/1556/594
f 2618/1560/596 2615/1561/595 2616/1558/595
f 2620/786/597 2617/1562/596 2618/1560/596
f 2622/1563/598 2619/50/597 2620/786/597
f 2624/1564/599 2621/1565/598 2622/1563/598
f 2626/1566/600 2623/1567/599 2624/1564/599
f 2628/1568/601 2625/1569/600 2626/1566/600
f 2630/1570/602 2627/1571/601 2628/1568/601
f 2632/1572/603 2629/1573/602 2630/1570/602
f 2634/1574/604 2631/1575/603 2632/1572/603
f 2540/819/557 2633/1576/604 2634/1574/604
f 2638/1577/605 2635/15/606 2636/623/606
f 2640/1578/607 2637/140/605 2638/1577/605
f 2642/1579/608 2639/70/607 2640/1578/607
f 2644/1580/609 2641/69/610 2642/1579/608
f 2646/1581/611 2643/124/609 2644/1580/609
f 2648/1582/612 2645/118/611 2646/1581/611
f 2636/819/606 2647/73/613 2648/1582/612
f 2652/1377/408 2649/15/409 2650/623/409
f 2654/1093/410 2651/1378/408 2652/1377/408
f 2656/1379/411 2653/1095/410 2654/1093/410
f 2658/1094/412 2655/1380/411 2656/1379/411
f 2660/1381/413 2657/1097/412 2658/1094/412
f 2662/1096/414 2659/1382/413 2660/1381/413
f 2664/1383/415 2661/1099/414 2662/1096/414
f 2666/1098/416 2663/1384/415 2664/1383/415
f 2668/1385/417 2665/1101/416 2666/1098/416
f 2670/1100/418 2667/1386/417 2668/1385/417
f 2672/1387/419 2669/1103/418 2670/1100/418
f 2674/1102/420 2671/1388/419 2672/1387/419
f 2676/1389/421 2673/1105/420 2674/1102/420
f 2678/1104/422 2675/1390/421 2676/1389/421
f 2680/1391/423 2677/1107/422 2678/1104/422
f 2682/1106/424 2679/1392/423 2680/1391/423
f 2684/1393/425 2681/1109/424 2682/1106/424
f 2686/1108/426 2683/1394/425 2684/1393/425
f 2688/1395/427 2685/1111/426 2686/1108/426
f 2690/1110/428 2687/1396/427 2688/1395/427
f 2692/1397/429 2689/1113/428 2690/1110/428
f 2694/1112/430 2691/1398/429 2692/1397/429
f 2696/1399/431 2693/1115/430 2694/1112/430
f 2698/1114/432 2695/1400/431 2696/1399/431
f 2700/1401/433 2697/1117/432 2698/1114/432
f 2702/1116/434 2699/1402/433 2700/1401/433
f 2704/1403/435 2701/1119/434 2702/1116/434
f 2706/1118/436 2703/1404/435 2704/1403/435
f 2708/1405/437 2705/1121/436 2706/1118/436
f 2710/1120/438 2707/1406/437 2708/1405/437
f 2712/1407/313 2709/1123/438 2710/1120/438
f 2714/1122/439 2711/1408/313 2712/1407/313
f 2716/1409/440 2713/1125/439 2714/1122/439
f 2718/1124/441 2715/1410/440 2716/1409/440
f 2720/1411/442 2717/1127/441 2718/1124/441
f 2722/1126/443 2719/1412/442 2720/1411/442
f 2724/720/444 2721/1129/443 2722/1126/443
f 2726/1128/445 2723/35/444 2724/720/444
f 2728/1413/446 2725/1131/445 2726/1128/445
f 2730/1130/447 2727/1414/446 2728/1413/446
f 2732/1415/448 2729/1133/447 2730/1130/447
f 2734/1132/449 2731/1416/448 2732/1415/448
f 2736/1417/450 2733/1135/449 2734/1132/449
f 2738/1134/451 2735/1418/450 2736/1417/450
f 2740/1419/452 2737/1137/451 2738/1134/451
f 2742/1136/614 2739/1420/452 2740/1419/452
f 2744/1421/454 2741/1139/453 2742/1136/614
f 2746/1138/455 2743/1422/454 2744/1421/454
f 2748/1423/456 2745/1141/455 2746/1138/455
f 2750/1140/457 2747/1424/456 2748/1423/456
f 2752/1425/458 2749/1143/457 2750/1140/457
f 2754/1142/459 2751/1426/458 2752/1425/458
f 2756/1427/460 2753/1145/459 2754/1142/459
f 2758/1144/461 2755/1428/460 2756/1427/460
f 2760/1429/462 2757/1147/461 2758/1144/461
f 2762/1146/463 2759/1430/462 2760/1429/462
f 2764/1431/464 2761/1149/463 2762/1146/463
f 2766/1148/465 2763/1432/464 2764/1431/464
f 2768/1433/466 2765/1151/465 2766/1148/465
f 2770/1150/467 2767/1434/466 2768/1433/466
f 2772/1435/468 2769/1153/467 2770/1150/467
f 2774/1152/469 2771/1436/468 2772/1435/468
f 2776/1437/470 2773/1155/469 2774/1152/469
f 2778/1154/471 2775/1438/470 2776/1437/470
f 2780/1439/472 2777/1157/471 2778/1154/471
f 2782/1156/473 2779/1440/472 2780/1439/472
f 2784/1441/474 2781/1159/615 2782/1156/473
f 2786/1158/475 2783/1442/474 2784/1441/474
f 2788/1443/476 2785/1161/475 2786/1158/475
f 2790/1160/477 2787/1444/476 2788/1443/476
f 2792/1445/478 2789/1163/477 2790/1160/477
f 2794/1162/479 2791/1446/478 2792/1445/478
f 2796/1447/480 2793/1164/479 2794/1162/479
f 2650/819/409 2795/1448/480 2796/1447/480
f 2800/1449/616 2797/15/482 2798/623/482
f 2802/1450/483 2799/1451/481 2800/1449/616
f 2804/1452/484 2801/1453/483 2802/1450/483
f 2806/1454/485 2803/1455/484 2804/1452/484
f 2808/1456/486 2805/1457/485 2806/1454/485
f 2810/1458/487 2807/237/486 2808/1456/486
f 2812/1459/490 2809/1460/487 2810/1458/487
f 2814/1461/489 2811/1462/488 2812/1459/490
f 2816/1463/491 2813/1464/489 2814/1461/489
f 2818/1465/492 2815/1466/491 2816/1463/491
f 2820/1467/493 2817/184/492 2818/1465/492
f 2822/1468/494 2819/1469/493 2820/1467/493
f 2824/1470/495 2821/1471/494 2822/1468/494
f 2826/1472/496 2823/1473/495 2824/1470/495
f 2828/1474/497 2825/1475/496 2826/1472/496
f 2830/1476/498 2827/205/497 2828/1474/497
f 2832/1477/499 2829/1478/498 2830/1476/498
f 2834/1479/500 2831/1480/499 2832/1477/499
f 2836/1481/501 2833/1482/502 2834/1479/500
f 2838/1483/503 2835/1484/501 2836/1481/501
f 2840/1485/504 2837/176/503 2838/1483/503
f 2842/1486/505 2839/1487/504 2840/1485/504
f 2844/1488/506 2841/1489/505 2842/1486/505
f 2846/1490/508 2843/1491/506 2844/1488/506
f 2798/819/482 2845/1492/508 2846/1490/508
f 2850/1583/617 2847/15/107 2848/623/107
f 2852/1584/618 2849/1585/617 2850/1583/617
f 2854/1586/619 2851/1587/618 2852/1584/618
f 2856/1588/620 2853/1589/619 2854/1586/619
f 2858/1590/621 2855/1591/620 2856/1588/620
f 2860/1592/622 2857/1593/621 2858/1590/621
f 2862/1594/623 2859/1595/622 2860/1592/622
f 2864/1596/624 2861/1597/623 2862/1594/623
f 2866/1598/625 2863/1599/624 2864/1596/624
f 2868/1600/626 2865/1601/625 2866/1598/625
f 2870/1456/627 2867/1602/626 2868/1600/626
f 2872/1603/628 2869/237/627 2870/1456/627
f 2874/1604/629 2871/1605/628 2872/1603/628
f 2876/1606/630 2873/1607/629 2874/1604/629
f 2878/1608/631 2875/1609/630 2876/1606/630
f 2880/1610/632 2877/1611/631 2878/1608/631
f 2882/1612/633 2879/1613/634 2880/1610/632
f 2884/1614/635 2881/1615/633 2882/1612/633
f 2886/1616/636 2883/1617/637 2884/1614/635
f 2888/1618/638 2885/1619/636 2886/1616/636
f 2890/1620/639 2887/1621/638 2888/1618/638
f 2892/1465/640 2889/1622/639 2890/1620/639
f 2894/1623/641 2891/184/642 2892/1465/640
f 2896/1624/643 2893/1625/641 2894/1623/641
f 2898/1626/644 2895/1627/643 2896/1624/643
f 2900/1628/645 2897/1629/644 2898/1626/644
f 2902/1630/646 2899/1631/645 2900/1628/645
f 2904/1632/647 2901/1633/648 2902/1630/646
f 2906/1634/649 2903/1635/647 2904/1632/647
f 2908/1636/650 2905/1637/649 2906/1634/649
f 2910/1638/651 2907/1639/650 2908/1636/650
f 2912/1640/652 2909/1641/653 2910/1638/651
f 2914/1474/654 2911/1642/655 2912/1640/652
f 2916/1643/656 2913/205/654 2914/1474/654
f 2918/1644/657 2915/1645/656 2916/1643/656
f 2920/1646/658 2917/1647/657 2918/1644/657
f 2922/1648/659 2919/1649/658 2920/1646/658
f 2924/1650/660 2921/1651/659 2922/1648/659
f 2926/1652/661 2923/1653/660 2924/1650/660
f 2928/1654/662 2925/1655/661 2926/1652/661
f 2930/1656/663 2927/1657/662 2928/1654/662
f 2932/1658/664 2929/1659/663 2930/1656/663
f 2934/1660/665 2931/1661/664 2932/1658/664
f 2936/1483/666 2933/1662/665 2934/1660/665
f 2938/1663/667 2935/176/666 2936/1483/666
f 2940/1664/668 2937/1665/667 2938/1663/667
f 2942/1666/669 2939/1667/668 2940/1664/668
f 2944/1668/670 2941/1669/669 2942/1666/669
f 2946/1670/671 2943/1671/670 2944/1668/670
f 2948/1672/672 2945/1673/671 2946/1670/671
f 2950/1674/356 2947/1675/672 2948/1672/672
f 2952/1676/105 2949/1677/356 2950/1674/356
f 2954/1678/106 2951/1679/105 2952/1676/105
f 2956/1680/107 2953/1681/106 2954/1678/106
f 2848/819/107 2955/1682/107 2956/1680/107
f 1482/622/3 1481/625/3 1479/15/4
f 1484/624/5 1483/627/5 1481/625/3
f 1486/626/6 1485/629/6 1483/627/5
f 1488/628/7 1487/631/7 1485/629/6
f 1490/630/8 1489/633/8 1487/631/7
f 1492/632/9 1491/635/9 1489/633/8
f 1494/634/10 1493/637/10 1491/635/9
f 1496/636/11 1495/639/11 1493/637/10
f 1498/638/12 1497/641/12 1495/639/11
f 1500/640/13 1499/643/13 1497/641/12
f 1502/642/14 1501/645/14 1499/643/13
f 1504/644/15 1503/647/15 1501/645/14
f 1506/646/16 1505/649/16 1503/647/15
f 1508/648/17 1507/651/17 1505/649/16
f 1510/650/18 1509/653/18 1507/651/17
f 1512/652/19 1511/655/19 1509/653/18
f 1514/654/20 1513/10/20 1511/655/19
f 1516/656/21 1515/658/21 1513/10/20
f 1518/657/22 1517/660/22 1515/658/21
f 1520/659/23 1519/662/23 1517/660/22
f 1522/661/24 1521/664/24 1519/662/23
f 1524/663/25 1523/666/25 1521/664/24
f 1526/665/26 1525/668/26 1523/666/25
f 1528/667/27 1527/670/27 1525/668/26
f 1530/669/28 1529/672/28 1527/670/27
f 1532/671/29 1531/674/29 1529/672/28
f 1534/673/30 1533/676/30 1531/674/29
f 1536/675/31 1535/678/31 1533/676/30
f 1538/677/32 1537/680/32 1535/678/31
f 1540/679/33 1539/682/33 1537/680/32
f 1542/681/34 1541/684/34 1539/682/33
f 1544/683/35 1543/686/35 1541/684/34
f 1546/685/36 1545/688/36 1543/686/35
f 1548/687/37 1547/9/37 1545/688/36
f 1550/689/38 1549/691/38 1547/9/37
f 1552/690/39 1551/693/39 1549/691/38
f 1554/692/40 1553/695/40 1551/693/39
f 1556/694/41 1555/697/41 1553/695/40
f 1558/696/42 1557/699/42 1555/697/41
f 1560/698/43 1559/701/43 1557/699/42
f 1562/700/44 1561/703/44 1559/701/43
f 1564/702/45 1563/705/45 1561/703/44
f 1566/704/46 1565/707/46 1563/705/45
f 1568/706/47 1567/709/47 1565/707/46
f 1570/708/48 1569/711/48 1567/709/47
f 1572/710/49 1571/713/49 1569/711/48
f 1574/712/50 1573/715/50 1571/713/49
f 1576/714/51 1575/717/51 1573/715/50
f 1578/716/52 1577/719/52 1575/717/51
f 1580/718/53 1579/721/53 1577/719/52
f 1582/720/54 1581/35/56 1579/721/53
f 1584/722/55 1583/724/55 1581/35/56
f 1586/723/57 1585/726/57 1583/724/55
f 1588/725/58 1587/728/58 1585/726/57
f 1590/727/59 1589/730/59 1587/728/58
f 1592/729/60 1591/732/60 1589/730/59
f 1594/731/61 1593/734/61 1591/732/60
f 1596/733/62 1595/736/62 1593/734/61
f 1598/735/63 1597/738/63 1595/736/62
f 1600/737/64 1599/740/64 1597/738/63
f 1602/739/65 1601/742/65 1599/740/64
f 1604/741/66 1603/744/66 1601/742/65
f 1606/743/67 1605/746/67 1603/744/66
f 1608/745/68 1607/748/68 1605/746/67
f 1610/747/69 1609/750/69 1607/748/68
f 1612/749/70 1611/752/70 1609/750/69
f 1614/751/71 1613/754/71 1611/752/70
f 1616/753/72 1615/39/72 1613/754/71
f 1618/755/73 1617/757/73 1615/39/72
f 1620/756/74 1619/759/76 1617/757/73
f 1622/758/75 1621/761/75 1619/759/76
f 1624/760/77 1623/763/79 1621/761/75
f 1626/762/78 1625/765/78 1623/763/79
f 1628/764/80 1627/767/80 1625/765/78
f 1630/766/81 1629/769/81 1627/767/80
f 1632/768/82 1631/771/82 1629/769/81
f 1634/770/83 1633/773/83 1631/771/82
f 1636/772/84 1635/775/84 1633/773/83
f 1638/774/85 1637/777/85 1635/775/84
f 1640/776/86 1639/779/86 1637/777/85
f 1642/778/87 1641/781/87 1639/779/86
f 1644/780/88 1643/783/88 1641/781/87
f 1646/782/89 1645/785/89 1643/783/88
f 1648/784/90 1647/787/90 1645/785/89
f 1650/786/91 1649/50/91 1647/787/90
f 1652/788/92 1651/790/92 1649/50/91
f 1654/789/93 1653/792/93 1651/790/92
f 1656/791/94 1655/794/94 1653/792/93
f 1658/793/95 1657/796/97 1655/794/94
f 1660/795/96 1659/798/99 1657/796/97
f 1662/797/98 1661/800/98 1659/798/99
f 1664/799/100 1663/802/100 1661/800/98
f 1666/801/101 1665/804/101 1663/802/100
f 1668/803/102 1667/806/102 1665/804/101
f 1670/805/103 1669/808/103 1667/806/102
f 1672/807/104 1671/810/104 1669/808/103
f 1674/809/105 1673/812/105 1671/810/104
f 1676/811/105 1675/814/105 1673/812/105
f 1678/813/106 1677/816/106 1675/814/105
f 1680/815/107 1679/818/107 1677/816/106
f 1682/817/108 1681/820/108 1679/818/107
f 1480/819/4 1479/13/4 1681/820/108
f 1686/821/109 1685/823/109 1683/15/110
f 1688/822/111 1687/825/111 1685/823/109
f 1690/824/112 1689/827/112 1687/825/111
f 1692/826/113 1691/829/113 1689/827/112
f 1694/828/114 1693/831/114 1691/829/113
f 1696/830/115 1695/833/115 1693/831/114
f 1698/832/116 1697/835/116 1695/833/115
f 1700/834/117 1699/837/117 1697/835/116
f 1702/836/118 1701/839/118 1699/837/117
f 1704/838/119 1703/841/119 1701/839/118
f 1706/840/120 1705/843/120 1703/841/119
f 1708/842/121 1707/845/121 1705/843/120
f 1710/844/122 1709/847/122 1707/845/121
f 1712/846/123 1711/849/123 1709/847/122
f 1714/848/124 1713/851/124 1711/849/123
f 1716/850/125 1715/853/127 1713/851/124
f 1718/852/126 1717/855/126 1715/853/127
f 1720/854/128 1719/857/128 1717/855/126
f 1722/856/129 1721/859/129 1719/857/128
f 1724/858/130 1723/861/130 1721/859/129
f 1726/860/131 1725/863/133 1723/861/130
f 1728/862/132 1727/865/132 1725/863/133
f 1730/864/134 1729/867/134 1727/865/132
f 1732/866/135 1731/869/135 1729/867/134
f 1734/868/136 1733/871/136 1731/869/135
f 1736/870/137 1735/873/139 1733/871/136
f 1738/872/138 1737/875/138 1735/873/139
f 1740/874/140 1739/877/140 1737/875/138
f 1742/876/141 1741/879/141 1739/877/140
f 1744/878/142 1743/881/142 1741/879/141
f 1746/880/143 1745/883/143 1743/881/142
f 1748/882/144 1747/885/144 1745/883/143
f 1750/884/145 1749/887/145 1747/885/144
f 1752/886/146 1751/889/146 1749/887/145
f 1754/888/147 1753/891/147 1751/889/146
f 1756/890/148 1755/893/148 1753/891/147
f 1758/892/149 1757/895/149 1755/893/148
f 1760/894/150 1759/897/150 1757/895/149
f 1762/896/151 1761/899/151 1759/897/150
f 1764/898/152 1763/901/152 1761/899/151
f 1766/900/153 1765/903/153 1763/901/152
f 1768/902/154 1767/905/156 1765/903/153
f 1770/904/155 1769/907/155 1767/905/156
f 1772/906/157 1771/909/157 1769/907/155
f 1774/908/158 1773/911/158 1771/909/157
f 1776/910/159 1775/913/159 1773/911/158
f 1778/912/160 1777/915/160 1775/913/159
f 1780/914/161 1779/917/161 1777/915/160
f 1782/916/162 1781/919/162 1779/917/161
f 1784/918/163 1783/921/163 1781/919/162
f 1786/920/164 1785/923/164 1783/921/163
f 1788/922/165 1787/925/165 1785/923/164
f 1790/924/166 1789/927/166 1787/925/165
f 1792/926/167 1791/929/167 1789/927/166
f 1794/928/168 1793/931/168 1791/929/167
f 1796/930/169 1795/933/169 1793/931/168
f 1798/932/170 1797/935/170 1795/933/169
f 1800/934/171 1799/937/171 1797/935/170
f 1802/936/172 1801/939/172 1799/937/171
f 1804/938/173 1803/941/173 1801/939/172
f 1806/940/174 1805/943/174 1803/941/173
f 1808/942/175 1807/945/175 1805/943/174
f 1810/944/176 1809/947/176 1807/945/175
f 1812/946/177 1811/949/179 1809/947/176
f 1814/948/178 1813/951/181 1811/949/179
f 1816/950/180 1815/953/183 1813/951/181
f 1818/952/182 1817/955/185 1815/953/183
f 1820/954/184 1819/957/184 1817/955/185
f 1822/956/186 1821/959/186 1819/957/184
f 1824/958/187 1823/961/187 1821/959/186
f 1826/960/188 1825/963/188 1823/961/187
f 1828/962/189 1827/965/189 1825/963/188
f 1830/964/190 1829/967/190 1827/965/189
f 1832/966/191 1831/969/191 1829/967/190
f 1834/968/192 1833/971/192 1831/969/191
f 1836/970/193 1835/973/195 1833/971/192
f 1838/972/194 1837/975/194 1835/973/195
f 1840/974/196 1839/977/196 1837/975/194
f 1842/976/197 1841/979/197 1839/977/196
f 1844/978/198 1843/981/198 1841/979/197
f 1846/980/199 1845/983/199 1843/981/198
f 1848/982/200 1847/985/200 1845/983/199
f 1850/984/201 1849/987/201 1847/985/200
f 1852/986/202 1851/989/202 1849/987/201
f 1854/988/203 1853/991/203 1851/989/202
f 1856/990/204 1855/993/206 1853/991/203
f 1858/992/205 1857/995/205 1855/993/206
f 1860/994/207 1859/997/207 1857/995/205
f 1862/996/208 1861/999/208 1859/997/207
f 1864/998/209 1863/1001/209 1861/999/208
f 1866/1000/210 1865/1003/210 1863/1001/209
f 1868/1002/211 1867/1005/211 1865/1003/210
f 1870/1004/212 1869/1007/212 1867/1005/211
f 1872/1006/213 1871/1009/213 1869/1007/212
f 1874/1008/214 1873/1011/214 1871/1009/213
f 1876/1010/215 1875/1013/215 1873/1011/214
f 1878/1012/216 1877/1015/216 1875/1013/215
f 1880/1014/217 1879/1017/217 1877/1015/216
f 1882/1016/218 1881/1019/218 1879/1017/217
f 1884/1018/219 1883/1021/219 1881/1019/218
f 1886/1020/220 1885/1023/220 1883/1021/219
f 1888/1022/221 1887/1025/221 1885/1023/220
f 1890/1024/222 1889/1027/222 1887/1025/221
f 1892/1026/223 1891/1029/223 1889/1027/222
f 1894/1028/224 1893/1031/224 1891/1029/223
f 1896/1030/225 1895/1033/225 1893/1031/224
f 1898/1032/226 1897/1035/226 1895/1033/225
f 1900/1034/227 1899/1037/227 1897/1035/226
f 1902/1036/228 1901/1039/228 1899/1037/227
f 1904/1038/229 1903/1041/229 1901/1039/228
f 1906/1040/230 1905/1043/232 1903/1041/229
f 1908/1042/231 1907/1045/231 1905/1043/232
f 1910/1044/233 1909/1047/235 1907/1045/231
f 1912/1046/234 1911/1049/234 1909/1047/235
f 1914/1048/236 1913/1051/238 1911/1049/234
f 1916/1050/237 1915/1053/240 1913/1051/238
f 1918/1052/239 1917/1055/242 1915/1053/240
f 1920/1054/241 1919/1057/244 1917/1055/242
f 1922/1056/243 1921/1059/246 1919/1057/244
f 1924/1058/245 1923/1061/248 1921/1059/246
f 1926/1060/247 1925/1063/247 1923/1061/248
f 1928/1062/249 1927/1065/249 1925/1063/247
f 1930/1064/250 1929/1067/250 1927/1065/249
f 1932/1066/251 1931/1069/251 1929/1067/250
f 1934/1068/252 1933/1071/252 1931/1069/251
f 1936/1070/253 1935/1073/254 1933/1071/252
f 1938/1072/35 1937/1075/256 1935/1073/254
f 1940/1074/255 1939/1077/258 1937/1075/256
f 1942/1076/257 1941/1079/257 1939/1077/258
f 1944/1078/259 1943/1081/259 1941/1079/257
f 1946/1080/260 1945/1083/262 1943/1081/259
f 1948/1082/261 1947/1085/261 1945/1083/262
f 1950/1084/263 1949/1087/263 1947/1085/261
f 1952/1086/264 1951/1089/264 1949/1087/263
f 1954/1088/265 1953/1091/265 1951/1089/264
f 1956/1090/266 1955/1092/266 1953/1091/265
f 1684/819/110 1683/13/110 1955/1092/266
f 1960/1093/267 1959/1095/267 1957/15/268
f 1962/1094/269 1961/1097/269 1959/1095/267
f 1964/1096/270 1963/1099/270 1961/1097/269
f 1966/1098/271 1965/1101/271 1963/1099/270
f 1968/1100/272 1967/1103/272 1965/1101/271
f 1970/1102/273 1969/1105/273 1967/1103/272
f 1972/1104/274 1971/1107/274 1969/1105/273
f 1974/1106/275 1973/1109/275 1971/1107/274
f 1976/1108/276 1975/1111/276 1973/1109/275
f 1978/1110/277 1977/1113/277 1975/1111/276
f 1980/1112/278 1979/1115/278 1977/1113/277
f 1982/1114/279 1981/1117/279 1979/1115/278
f 1984/1116/280 1983/1119/282 1981/1117/279
f 1986/1118/281 1985/1121/281 1983/1119/282
f 1988/1120/283 1987/1123/283 1985/1121/281
f 1990/1122/284 1989/1125/286 1987/1123/283
f 1992/1124/285 1991/1127/285 1989/1125/286
f 1994/1126/287 1993/1129/287 1991/1127/285
f 1996/1128/288 1995/1131/288 1993/1129/287
f 1998/1130/289 1997/1133/291 1995/1131/288
f 2000/1132/290 1999/1135/290 1997/1133/291
f 2002/1134/292 2001/1137/292 1999/1135/290
f 2004/1136/293 2003/1139/293 2001/1137/292
f 2006/1138/294 2005/1141/294 2003/1139/293
f 2008/1140/295 2007/1143/295 2005/1141/294
f 2010/1142/296 2009/1145/296 2007/1143/295
f 2012/1144/297 2011/1147/297 2009/1145/296
f 2014/1146/298 2013/1149/298 2011/1147/297
f 2016/1148/299 2015/1151/299 2013/1149/298
f 2018/1150/300 2017/1153/300 2015/1151/299
f 2020/1152/301 2019/1155/301 2017/1153/300
f 2022/1154/302 2021/1157/302 2019/1155/301
f 2024/1156/303 2023/1159/305 2021/1157/302
f 2026/1158/304 2025/1161/304 2023/1159/305
f 2028/1160/306 2027/1163/306 2025/1161/304
f 2030/1162/307 2029/1164/307 2027/1163/306
f 1958/819/268 1957/13/268 2029/1164/307
f 2034/1165/308 2033/1167/308 2031/15/309
f 2036/1166/310 2035/1169/310 2033/1167/308
f 2038/1168/311 2037/1171/311 2035/1169/310
f 2040/1170/312 2039/1173/312 2037/1171/311
f 2042/1172/313 2041/1175/313 2039/1173/312
f 2044/1174/314 2043/1177/314 2041/1175/313
f 2046/1176/315 2045/1179/315 2043/1177/314
f 2048/1178/316 2047/1181/316 2045/1179/315
f 2050/1180/317 2049/1183/317 2047/1181/316
f 2052/1182/318 2051/1185/318 2049/1183/317
f 2054/1184/319 2053/1187/319 2051/1185/318
f 2056/1186/320 2055/1189/320 2053/1187/319
f 2058/1188/321 2057/1191/321 2055/1189/320
f 2060/1190/322 2059/1193/322 2057/1191/321
f 2062/1192/323 2061/1195/323 2059/1193/322
f 2064/1194/324 2063/1197/324 2061/1195/323
f 2066/1196/325 2065/1199/325 2063/1197/324
f 2068/1198/326 2067/1201/326 2065/1199/325
f 2070/1200/327 2069/1203/327 2067/1201/326
f 2072/1202/328 2071/1205/328 2069/1203/327
f 2074/1204/329 2073/1207/329 2071/1205/328
f 2076/1206/330 2075/1209/330 2073/1207/329
f 2078/1208/331 2077/1211/331 2075/1209/330
f 2080/1210/332 2079/1213/332 2077/1211/331
f 2082/1212/333 2081/1215/333 2079/1213/332
f 2084/1214/334 2083/1217/334 2081/1215/333
f 2086/1216/335 2085/1219/335 2083/1217/334
f 2088/1218/336 2087/1221/336 2085/1219/335
f 2090/1220/337 2089/1223/337 2087/1221/336
f 2092/1222/338 2091/1225/338 2089/1223/337
f 2094/1224/339 2093/1227/339 2091/1225/338
f 2096/1226/340 2095/1229/340 2093/1227/339
f 2098/1228/341 2097/1231/341 2095/1229/340
f 2100/1230/342 2099/1233/342 2097/1231/341
f 2102/1232/343 2101/1235/343 2099/1233/342
f 2104/1234/217 2103/1237/217 2101/1235/343
f 2106/1236/344 2105/1239/344 2103/1237/217
f 2108/1238/345 2107/1241/345 2105/1239/344
f 2110/1240/346 2109/1243/346 2107/1241/345
f 2112/1242/347 2111/1245/347 2109/1243/346
f 2114/1244/348 2113/1247/348 2111/1245/347
f 2116/1246/349 2115/1249/349 2113/1247/348
f 2118/1248/350 2117/1251/350 2115/1249/349
f 2120/1250/351 2119/1253/351 2117/1251/350
f 2122/1252/352 2121/1255/352 2119/1253/351
f 2124/1254/353 2123/1257/353 2121/1255/352
f 2126/1256/354 2125/1259/354 2123/1257/353
f 2128/1258/355 2127/1261/355 2125/1259/354
f 2130/1260/356 2129/1263/356 2127/1261/355
f 2132/1262/105 2131/1265/105 2129/1263/356
f 2134/1264/357 2133/1267/357 2131/1265/105
f 2136/1266/358 2135/1269/358 2133/1267/357
f 2138/1268/359 2137/1271/359 2135/1269/358
f 2140/1270/360 2139/1273/360 2137/1271/359
f 2142/1272/361 2141/1275/361 2139/1273/360
f 2144/1274/362 2143/1277/362 2141/1275/361
f 2146/1276/363 2145/1279/363 2143/1277/362
f 2148/1278/364 2147/1281/364 2145/1279/363
f 2150/1280/365 2149/1283/365 2147/1281/364
f 2152/1282/366 2151/1285/366 2149/1283/365
f 2154/1284/367 2153/1287/367 2151/1285/366
f 2156/1286/368 2155/1289/368 2153/1287/367
f 2158/1288/369 2157/1291/369 2155/1289/368
f 2160/1290/370 2159/1293/370 2157/1291/369
f 2162/1292/371 2161/1295/371 2159/1293/370
f 2164/1294/372 2163/1297/372 2161/1295/371
f 2166/1296/373 2165/1299/373 2163/1297/372
f 2168/1298/374 2167/1301/374 2165/1299/373
f 2170/1300/375 2169/1303/375 2167/1301/374
f 2172/1302/376 2171/1305/376 2169/1303/375
f 2174/1304/377 2173/1307/377 2171/1305/376
f 2176/1306/378 2175/1309/378 2173/1307/377
f 2178/1308/379 2177/1311/379 2175/1309/378
f 2180/1310/380 2179/1313/380 2177/1311/379
f 2182/1312/381 2181/1315/381 2179/1313/380
f 2184/1314/356 2183/1317/356 2181/1315/381
f 2186/1316/105 2185/1319/105 2183/1317/356
f 2188/1318/382 2187/1321/382 2185/1319/105
f 2190/1320/175 2189/1323/175 2187/1321/382
f 2192/1322/383 2191/1325/383 2189/1323/175
f 2194/1324/384 2193/1327/384 2191/1325/383
f 2196/1326/385 2195/1329/385 2193/1327/384
f 2198/1328/386 2197/1331/386 2195/1329/385
f 2200/1330/387 2199/1333/387 2197/1331/386
f 2202/1332/388 2201/1335/390 2199/1333/387
f 2204/1334/389 2203/1337/392 2201/1335/390
f 2206/1336/391 2205/1339/391 2203/1337/392
f 2208/1338/393 2207/1341/393 2205/1339/391
f 2210/1340/394 2209/1343/394 2207/1341/393
f 2212/1342/395 2211/1345/395 2209/1343/394
f 2214/1344/396 2213/1347/396 2211/1345/395
f 2216/1346/397 2215/1349/397 2213/1347/396
f 2218/1348/398 2217/1351/398 2215/1349/397
f 2220/1350/399 2219/1353/399 2217/1351/398
f 2222/1352/400 2221/1355/400 2219/1353/399
f 2224/1354/401 2223/1357/401 2221/1355/400
f 2226/1356/402 2225/1359/402 2223/1357/401
f 2228/1358/403 2227/1361/403 2225/1359/402
f 2230/1360/404 2229/1363/404 2227/1361/403
f 2232/1362/405 2231/1365/405 2229/1363/404
f 2234/1364/406 2233/1367/406 2231/1365/405
f 2236/1366/407 2235/1369/407 2233/1367/406
f 2238/1368/356 2237/1371/356 2235/1369/407
f 2240/1370/105 2239/1373/105 2237/1371/356
f 2242/1372/106 2241/1375/106 2239/1373/105
f 2244/1374/107 2243/1376/107 2241/1375/106
f 2032/819/309 2031/13/309 2243/1376/107
f 2248/1377/408 2247/1378/408 2245/15/409
f 2250/1093/410 2249/1095/410 2247/1378/408
f 2252/1379/411 2251/1380/411 2249/1095/410
f 2254/1094/412 2253/1097/412 2251/1380/411
f 2256/1381/413 2255/1382/413 2253/1097/412
f 2258/1096/414 2257/1099/414 2255/1382/413
f 2260/1383/415 2259/1384/415 2257/1099/414
f 2262/1098/416 2261/1101/416 2259/1384/415
f 2264/1385/417 2263/1386/417 2261/1101/416
f 2266/1100/418 2265/1103/418 2263/1386/417
f 2268/1387/419 2267/1388/419 2265/1103/418
f 2270/1102/420 2269/1105/420 2267/1388/419
f 2272/1389/421 2271/1390/421 2269/1105/420
f 2274/1104/422 2273/1107/422 2271/1390/421
f 2276/1391/423 2275/1392/423 2273/1107/422
f 2278/1106/424 2277/1109/424 2275/1392/423
f 2280/1393/425 2279/1394/425 2277/1109/424
f 2282/1108/426 2281/1111/426 2279/1394/425
f 2284/1395/427 2283/1396/427 2281/1111/426
f 2286/1110/428 2285/1113/428 2283/1396/427
f 2288/1397/429 2287/1398/429 2285/1113/428
f 2290/1112/430 2289/1115/430 2287/1398/429
f 2292/1399/431 2291/1400/431 2289/1115/430
f 2294/1114/432 2293/1117/432 2291/1400/431
f 2296/1401/433 2295/1402/433 2293/1117/432
f 2298/1116/434 2297/1119/434 2295/1402/433
f 2300/1403/435 2299/1404/435 2297/1119/434
f 2302/1118/436 2301/1121/436 2299/1404/435
f 2304/1405/437 2303/1406/437 2301/1121/436
f 2306/1120/438 2305/1123/438 2303/1406/437
f 2308/1407/313 2307/1408/313 2305/1123/438
f 2310/1122/439 2309/1125/439 2307/1408/313
f 2312/1409/440 2311/1410/440 2309/1125/439
f 2314/1124/441 2313/1127/441 2311/1410/440
f 2316/1411/442 2315/1412/442 2313/1127/441
f 2318/1126/443 2317/1129/443 2315/1412/442
f 2320/720/444 2319/35/444 2317/1129/443
f 2322/1128/445 2321/1131/445 2319/35/444
f 2324/1413/446 2323/1414/446 2321/1131/445
f 2326/1130/447 2325/1133/447 2323/1414/446
f 2328/1415/448 2327/1416/448 2325/1133/447
f 2330/1132/449 2329/1135/449 2327/1416/448
f 2332/1417/450 2331/1418/450 2329/1135/449
f 2334/1134/451 2333/1137/451 2331/1418/450
f 2336/1419/452 2335/1420/452 2333/1137/451
f 2338/1136/453 2337/1139/453 2335/1420/452
f 2340/1421/454 2339/1422/454 2337/1139/453
f 2342/1138/455 2341/1141/455 2339/1422/454
f 2344/1423/456 2343/1424/456 2341/1141/455
f 2346/1140/457 2345/1143/457 2343/1424/456
f 2348/1425/458 2347/1426/458 2345/1143/457
f 2350/1142/459 2349/1145/459 2347/1426/458
f 2352/1427/460 2351/1428/460 2349/1145/459
f 2354/1144/461 2353/1147/461 2351/1428/460
f 2356/1429/462 2355/1430/462 2353/1147/461
f 2358/1146/463 2357/1149/463 2355/1430/462
f 2360/1431/464 2359/1432/464 2357/1149/463
f 2362/1148/465 2361/1151/465 2359/1432/464
f 2364/1433/466 2363/1434/466 2361/1151/465
f 2366/1150/467 2365/1153/467 2363/1434/466
f 2368/1435/468 2367/1436/468 2365/1153/467
f 2370/1152/469 2369/1155/469 2367/1436/468
f 2372/1437/470 2371/1438/470 2369/1155/469
f 2374/1154/471 2373/1157/471 2371/1438/470
f 2376/1439/472 2375/1440/472 2373/1157/471
f 2378/1156/473 2377/1159/473 2375/1440/472
f 2380/1441/474 2379/1442/474 2377/1159/473
f 2382/1158/475 2381/1161/475 2379/1442/474
f 2384/1443/476 2383/1444/476 2381/1161/475
f 2386/1160/477 2385/1163/477 2383/1444/476
f 2388/1445/478 2387/1446/478 2385/1163/477
f 2390/1162/479 2389/1164/479 2387/1446/478
f 2392/1447/480 2391/1448/480 2389/1164/479
f 2246/819/409 2245/13/409 2391/1448/480
f 2396/1449/481 2395/1451/481 2393/15/482
f 2398/1450/483 2397/1453/483 2395/1451/481
f 2400/1452/484 2399/1455/484 2397/1453/483
f 2402/1454/485 2401/1457/485 2399/1455/484
f 2404/1456/486 2403/237/486 2401/1457/485
f 2406/1458/487 2405/1460/487 2403/237/486
f 2408/1459/488 2407/1462/490 2405/1460/487
f 2410/1461/489 2409/1464/489 2407/1462/490
f 2412/1463/491 2411/1466/491 2409/1464/489
f 2414/1465/492 2413/184/492 2411/1466/491
f 2416/1467/493 2415/1469/493 2413/184/492
f 2418/1468/494 2417/1471/494 2415/1469/493
f 2420/1470/495 2419/1473/495 2417/1471/494
f 2422/1472/496 2421/1475/496 2419/1473/495
f 2424/1474/497 2423/205/497 2421/1475/496
f 2426/1476/498 2425/1478/498 2423/205/497
f 2428/1477/499 2427/1480/499 2425/1478/498
f 2430/1479/500 2429/1482/502 2427/1480/499
f 2432/1481/501 2431/1484/501 2429/1482/502
f 2434/1483/503 2433/176/503 2431/1484/501
f 2436/1485/504 2435/1487/504 2433/176/503
f 2438/1486/505 2437/1489/505 2435/1487/504
f 2440/1488/506 2439/1491/506 2437/1489/505
f 2442/1490/507 2441/1492/508 2439/1491/506
f 2394/819/482 2393/13/482 2441/1492/508
f 2446/1493/509 2445/1495/509 2443/15/510
f 2448/1494/511 2447/1497/511 2445/1495/509
f 2450/1496/512 2449/1499/512 2447/1497/511
f 2452/1498/513 2451/1501/513 2449/1499/512
f 2454/1500/514 2453/1503/514 2451/1501/513
f 2456/1502/515 2455/1505/515 2453/1503/514
f 2458/1504/516 2457/1506/516 2455/1505/515
f 2460/654/517 2459/10/517 2457/1506/516
f 2462/1507/280 2461/1509/280 2459/10/517
f 2464/1508/518 2463/1511/518 2461/1509/280
f 2466/1510/519 2465/1513/519 2463/1511/518
f 2468/1512/520 2467/1515/520 2465/1513/519
f 2470/1514/521 2469/1517/521 2467/1515/520
f 2472/1516/522 2471/1519/522 2469/1517/521
f 2474/1518/523 2473/1520/523 2471/1519/522
f 2476/687/524 2475/9/524 2473/1520/523
f 2478/1521/525 2477/1523/525 2475/9/524
f 2480/1522/526 2479/1525/526 2477/1523/525
f 2482/1524/527 2481/1527/527 2479/1525/526
f 2484/1526/528 2483/1529/528 2481/1527/527
f 2486/1528/529 2485/1531/529 2483/1529/528
f 2488/1530/530 2487/1533/530 2485/1531/529
f 2490/1532/531 2489/1534/531 2487/1533/530
f 2492/720/532 2491/35/532 2489/1534/531
f 2494/1535/533 2493/1537/533 2491/35/532
f 2496/1536/534 2495/1539/534 2493/1537/533
f 2498/1538/535 2497/1541/535 2495/1539/534
f 2500/1540/536 2499/1543/536 2497/1541/535
f 2502/1542/537 2501/1545/537 2499/1543/536
f 2504/1544/538 2503/1547/538 2501/1545/537
f 2506/1546/539 2505/1548/539 2503/1547/538
f 2508/753/540 2507/39/540 2505/1548/539
f 2510/1549/541 2509/1551/541 2507/39/540
f 2512/1550/542 2511/1553/542 2509/1551/541
f 2514/1552/543 2513/1555/543 2511/1553/542
f 2516/1554/544 2515/1557/544 2513/1555/543
f 2518/1556/545 2517/1559/545 2515/1557/544
f 2520/1558/546 2519/1561/546 2517/1559/545
f 2522/1560/547 2521/1562/547 2519/1561/546
f 2524/786/548 2523/50/548 2521/1562/547
f 2526/1563/549 2525/1565/549 2523/50/548
f 2528/1564/550 2527/1567/550 2525/1565/549
f 2530/1566/551 2529/1569/551 2527/1567/550
f 2532/1568/552 2531/1571/552 2529/1569/551
f 2534/1570/553 2533/1573/553 2531/1571/552
f 2536/1572/554 2535/1575/554 2533/1573/553
f 2538/1574/555 2537/1576/555 2535/1575/554
f 2444/819/510 2443/13/510 2537/1576/555
f 2542/1493/556 2541/1495/556 2539/15/557
f 2544/1494/35 2543/1497/559 2541/1495/556
f 2546/1496/558 2545/1499/558 2543/1497/559
f 2548/1498/560 2547/1501/562 2545/1499/558
f 2550/1500/561 2549/1503/561 2547/1501/562
f 2552/1502/563 2551/1505/563 2549/1503/561
f 2554/1504/564 2553/1506/564 2551/1505/563
f 2556/654/565 2555/10/565 2553/1506/564
f 2558/1507/566 2557/1509/566 2555/10/565
f 2560/1508/567 2559/1511/567 2557/1509/566
f 2562/1510/568 2561/1513/568 2559/1511/567
f 2564/1512/569 2563/1515/569 2561/1513/568
f 2566/1514/570 2565/1517/570 2563/1515/569
f 2568/1516/571 2567/1519/571 2565/1517/570
f 2570/1518/572 2569/1520/572 2567/1519/571
f 2572/687/573 2571/9/573 2569/1520/572
f 2574/1521/574 2573/1523/574 2571/9/573
f 2576/1522/575 2575/1525/575 2573/1523/574
f 2578/1524/576 2577/1527/576 2575/1525/575
f 2580/1526/577 2579/1529/577 2577/1527/576
f 2582/1528/578 2581/1531/578 2579/1529/577
f 2584/1530/579 2583/1533/579 2581/1531/578
f 2586/1532/580 2585/1534/580 2583/1533/579
f 2588/720/581 2587/35/581 2585/1534/580
f 2590/1535/582 2589/1537/582 2587/35/581
f 2592/1536/583 2591/1539/583 2589/1537/582
f 2594/1538/584 2593/1541/584 2591/1539/583
f 2596/1540/585 2595/1543/585 2593/1541/584
f 2598/1542/586 2597/1545/586 2595/1543/585
f 2600/1544/587 2599/1547/587 2597/1545/586
f 2602/1546/588 2601/1548/588 2599/1547/587
f 2604/753/589 2603/39/589 2601/1548/588
f 2606/1549/590 2605/1551/590 2603/39/589
f 2608/1550/591 2607/1553/591 2605/1551/590
f 2610/1552/592 2609/1555/592 2607/1553/591
f 2612/1554/593 2611/1557/593 2609/1555/592
f 2614/1556/594 2613/1559/594 2611/1557/593
f 2616/1558/595 2615/1561/595 2613/1559/594
f 2618/1560/596 2617/1562/596 2615/1561/595
f 2620/786/597 2619/50/597 2617/1562/596
f 2622/1563/598 2621/1565/598 2619/50/597
f 2624/1564/599 2623/1567/599 2621/1565/598
f 2626/1566/600 2625/1569/600 2623/1567/599
f 2628/1568/601 2627/1571/601 2625/1569/600
f 2630/1570/602 2629/1573/602 2627/1571/601
f 2632/1572/603 2631/1575/603 2629/1573/602
f 2634/1574/604 2633/1576/604 2631/1575/603
f 2540/819/557 2539/13/557 2633/1576/604
f 2638/1577/605 2637/140/605 2635/15/606
f 2640/1578/607 2639/70/607 2637/140/605
f 2642/1579/608 2641/69/610 2639/70/607
f 2644/1580/609 2643/124/609 2641/69/610
f 2646/1581/611 2645/118/611 2643/124/609
f 2648/1582/612 2647/73/613 2645/118/611
f 2636/819/606 2635/13/606 2647/73/613
f 2652/1377/408 2651/1378/408 2649/15/409
f 2654/1093/410 2653/1095/410 2651/1378/408
f 2656/1379/411 2655/1380/411 2653/1095/410
f 2658/1094/412 2657/1097/412 2655/1380/411
f 2660/1381/413 2659/1382/413 2657/1097/412
f 2662/1096/414 2661/1099/414 2659/1382/413
f 2664/1383/415 2663/1384/415 2661/1099/414
f 2666/1098/416 2665/1101/416 2663/1384/415
f 2668/1385/417 2667/1386/417 2665/1101/416
f 2670/1100/418 2669/1103/418 2667/1386/417
f 2672/1387/419 2671/1388/419 2669/1103/418
f 2674/1102/420 2673/1105/420 2671/1388/419
f 2676/1389/421 2675/1390/421 2673/1105/420
f 2678/1104/422 2677/1107/422 2675/1390/421
f 2680/1391/423 2679/1392/423 2677/1107/422
f 2682/1106/424 2681/1109/424 2679/1392/423
f 2684/1393/425 2683/1394/425 2681/1109/424
f 2686/1108/426 2685/1111/426 2683/1394/425
f 2688/1395/427 2687/1396/427 2685/1111/426
f 2690/1110/428 2689/1113/428 2687/1396/427
f 2692/1397/429 2691/1398/429 2689/1113/428
f 2694/1112/430 2693/1115/430 2691/1398/429
f 2696/1399/431 2695/1400/431 2693/1115/430
f 2698/1114/432 2697/1117/432 2695/1400/431
f 2700/1401/433 2699/1402/433 2697/1117/432
f 2702/1116/434 2701/1119/434 2699/1402/433
f 2704/1403/435 2703/1404/435 2701/1119/434
f 2706/1118/436 2705/1121/436 2703/1404/435
f 2708/1405/437 2707/1406/437 2705/1121/436
f 2710/1120/438 2709/1123/438 2707/1406/437
f 2712/1407/313 2711/1408/313 2709/1123/438
f 2714/1122/439 2713/1125/439 2711/1408/313
f 2716/1409/440 2715/1410/440 2713/1125/439
f 2718/1124/441 2717/1127/441 2715/1410/440
f 2720/1411/442 2719/1412/442 2717/1127/441
f 2722/1126/443 2721/1129/443 2719/1412/442
f 2724/720/444 2723/35/444 2721/1129/443
f 2726/1128/445 2725/1131/445 2723/35/444
f 2728/1413/446 2727/1414/446 2725/1131/445
f 2730/1130/447 2729/1133/447 2727/1414/446
f 2732/1415/448 2731/1416/448 2729/1133/447
f 2734/1132/449 2733/1135/449 2731/1416/448
f 2736/1417/450 2735/1418/450 2733/1135/449
f 2738/1134/451 2737/1137/451 2735/1418/450
f 2740/1419/452 2739/1420/452 2737/1137/451
f 2742/1136/614 2741/1139/453 2739/1420/452
f 2744/1421/454 2743/1422/454 2741/1139/453
f 2746/1138/455 2745/1141/455 2743/1422/454
f 2748/1423/456 2747/1424/456 2745/1141/455
f 2750/1140/457 2749/1143/457 2747/1424/456
f 2752/1425/458 2751/1426/458 2749/1143/457
f 2754/1142/459 2753/1145/459 2751/1426/458
f 2756/1427/460 2755/1428/460 2753/1145/459
f 2758/1144/461 2757/1147/461 2755/1428/460
f 2760/1429/462 2759/1430/462 2757/1147/461
f 2762/1146/463 2761/1149/463 2759/1430/462
f 2764/1431/464 2763/1432/464 2761/1149/463
f 2766/1148/465 2765/1151/465 2763/1432/464
f 2768/1433/466 2767/1434/466 2765/1151/465
f 2770/1150/467 2769/1153/467 2767/1434/466
f 2772/1435/468 2771/1436/468 2769/1153/467
f 2774/1152/469 2773/1155/469 2771/1436/468
f 2776/1437/470 2775/1438/470 2773/1155/469
f 2778/1154/471 2777/1157/471 2775/1438/470
f 2780/1439/472 2779/1440/472 2777/1157/471
f 2782/1156/473 2781/1159/615 2779/1440/472
f 2784/1441/474 2783/1442/474 2781/1159/615
f 2786/1158/475 2785/1161/475 2783/1442/474
f 2788/1443/476 2787/1444/476 2785/1161/475
f 2790/1160/477 2789/1163/477 2787/1444/476
f 2792/1445/478 2791/1446/478 2789/1163/477
f 2794/1162/479 2793/1164/479 2791/1446/478
f 2796/1447/480 2795/1448/480 2793/1164/479
f 2650/819/409 2649/13/409 2795/1448/480
f 2800/1449/616 2799/1451/481 2797/15/482
f 2802/1450/483 2801/1453/483 2799/1451/481
f 2804/1452/484 2803/1455/484 2801/1453/483
f 2806/1454/485 2805/1457/485 2803/1455/484
f 2808/1456/486 2807/237/486 2805/1457/485
f 2810/1458/487 2809/1460/487 2807/237/486
f 2812/1459/490 2811/1462/488 2809/1460/487
f 2814/1461/489 2813/1464/489 2811/1462/488
f 2816/1463/491 2815/1466/491 2813/1464/489
f 2818/1465/492 2817/184/492 2815/1466/491
f 2820/1467/493 2819/1469/493 2817/184/492
f 2822/1468/494 2821/1471/494 2819/1469/493
f 2824/1470/495 2823/1473/495 2821/1471/494
f 2826/1472/496 2825/1475/496 2823/1473/495
f 2828/1474/497 2827/205/497 2825/1475/496
f 2830/1476/498 2829/1478/498 2827/205/497
f 2832/1477/499 2831/1480/499 2829/1478/498
f 2834/1479/500 2833/1482/502 2831/1480/499
f 2836/1481/501 2835/1484/501 2833/1482/502
f 2838/1483/503 2837/176/503 2835/1484/501
f 2840/1485/504 2839/1487/504 2837/176/503
f 2842/1486/505 2841/1489/505 2839/1487/504
f 2844/1488/506 2843/1491/506 2841/1489/505
f 2846/1490/508 2845/1492/508 2843/1491/506
f 2798/819/482 2797/13/482 2845/1492/508
f 2850/1583/617 2849/1585/617 2847/15/107
f 2852/1584/618 2851/1587/618 2849/1585/617
f 2854/1586/619 2853/1589/619 2851/1587/618
f 2856/1588/620 2855/1591/620 2853/1589/619
f 2858/1590/621 2857/1593/621 2855/1591/620
f 2860/1592/622 2859/1595/622 2857/1593/621
f 2862/1594/623 2861/1597/623 2859/1595/622
f 2864/1596/624 2863/1599/624 2861/1597/623
f 2866/1598/625 2865/1601/625 2863/1599/624
f 2868/1600/626 2867/1602/626 2865/1601/625
f 2870/1456/627 2869/237/627 2867/1602/626
f 2872/1603/628 2871/1605/628 2869/237/627
f 2874/1604/629 2873/1607/629 2871/1605/628
f 2876/1606/630 2875/1609/630 2873/1607/629
f 2878/1608/631 2877/1611/631 2875/1609/630
f 2880/1610/632 2879/1613/634 2877/1611/631
f 2882/1612/633 2881/1615/633 2879/1613/634
f 2884/1614/635 2883/1617/637 2881/1615/633
f 2886/1616/636 2885/1619/636 2883/1617/637
f 2888/1618/638 2887/1621/638 2885/1619/636
f 2890/1620/639 2889/1622/639 2887/1621/638
f 2892/1465/640 2891/184/642 2889/1622/639
f 2894/1623/641 2893/1625/641 2891/184/642
f 2896/1624/643 2895/1627/643 2893/1625/641
f 2898/1626/644 2897/1629/644 2895/1627/643
f 2900/1628/645 2899/1631/645 2897/1629/644
f 2902/1630/646 2901/1633/648 2899/1631/645
f 2904/1632/647 2903/1635/647 2901/1633/648
f 2906/1634/649 2905/1637/649 2903/1635/647
f 2908/1636/650 2907/1639/650 2905/1637/649
f 2910/1638/651 2909/1641/653 2907/1639/650
f 2912/1640/652 2911/1642/655 2909/1641/653
f 2914/1474/654 2913/205/654 2911/1642/655
f 2916/1643/656 2915/1645/656 2913/205/654
f 2918/1644/657 2917/1647/657 2915/1645/656
f 2920/1646/658 2919/1649/658 2917/1647/657
f 2922/1648/659 2921/1651/659 2919/1649/658
f 2924/1650/660 2923/1653/660 2921/1651/659
f 2926/1652/661 2925/1655/661 2923/1653/660
f 2928/1654/662 2927/1657/662 2925/1655/661
f 2930/1656/663 2929/1659/663 2927/1657/662
f 2932/1658/664 2931/1661/664 2929/1659/663
f 2934/1660/665 2933/1662/665 2931/1661/664
f 2936/1483/666 2935/176/666 2933/1662/665
f 2938/1663/667 2937/1665/667 2935/176/666
f 2940/1664/668 2939/1667/668 2937/1665/667
f 2942/1666/669 2941/1669/669 2939/1667/668
f 2944/1668/670 2943/1671/670 2941/1669/669
f 2946/1670/671 2945/1673/671 2943/1671/670
f 2948/1672/672 2947/1675/672 2945/1673/671
f 2950/1674/356 2949/1677/356 2947/1675/672
f 2952/1676/105 2951/1679/105 2949/1677/356
f 2954/1678/106 2953/1681/106 2951/1679/105
f 2956/1680/107 2955/1682/107 2953/1681/106
f 2848/819/107 2847/13/107 2955/1682/107
