# Blender 4.1.1
# www.blender.org
mtllib GameClear.mtl
o テキスト
v -15.568002 2.422000 -0.699999
v -15.582003 2.422000 -0.699999
v -15.660463 2.553595 -0.699999
v -15.738366 2.672088 -0.699999
v -15.815735 2.777797 -0.699999
v -15.892593 2.871037 -0.699999
v -15.968966 2.952125 -0.699999
v -16.044876 3.021375 -0.699999
v -16.120348 3.079105 -0.699999
v -16.195408 3.125630 -0.699999
v -16.270079 3.161266 -0.699999
v -16.344385 3.186329 -0.699999
v -16.418350 3.201135 -0.699999
v -16.492001 3.206000 -0.699999
v -16.554728 3.203517 -0.699999
v -16.616995 3.196051 -0.699999
v -16.678921 3.183578 -0.699999
v -16.740629 3.166074 -0.699999
v -16.802240 3.143515 -0.699999
v -16.863874 3.115875 -0.699999
v -16.925655 3.083132 -0.699999
v -16.987703 3.045259 -0.699999
v -17.050140 3.002234 -0.699999
v -17.113089 2.954032 -0.699999
v -17.176668 2.900629 -0.699999
v -17.241001 2.842000 -0.699999
v -16.912003 2.303000 -0.699999
v -16.863674 2.347293 -0.699999
v -16.813547 2.389009 -0.699999
v -16.762157 2.427906 -0.699999
v -16.710037 2.463741 -0.699999
v -16.657724 2.496270 -0.699999
v -16.605751 2.525250 -0.699999
v -16.554653 2.550439 -0.699999
v -16.504965 2.571593 -0.699999
v -16.457220 2.588469 -0.699999
v -16.411955 2.600824 -0.699999
v -16.369703 2.608416 -0.699999
v -16.331001 2.611000 -0.699999
v -16.226286 2.602286 -0.699999
v -16.126217 2.576875 -0.699999
v -16.031639 2.535859 -0.699999
v -15.943406 2.480333 -0.699999
v -15.862368 2.411391 -0.699999
v -15.789374 2.330125 -0.699999
v -15.725277 2.237630 -0.699999
v -15.670926 2.135000 -0.699999
v -15.627172 2.023328 -0.699999
v -15.594867 1.903708 -0.699999
v -15.574860 1.777234 -0.699999
v -15.568002 1.645000 -0.699999
v -15.568002 -0.000000 -0.699999
v -14.945002 -0.000000 -0.699999
v -14.945002 3.143000 -0.699999
v -15.568002 3.143000 -0.699999
v -14.281610 0.137476 -0.699999
v -14.219367 0.098227 -0.699999
v -14.162423 0.063984 -0.699999
v -14.109927 0.034481 -0.699999
v -14.061028 0.009451 -0.699999
v -14.014876 -0.011375 -0.699999
v -13.970620 -0.028263 -0.699999
v -13.927409 -0.041482 -0.699999
v -13.884393 -0.051297 -0.699999
v -13.840719 -0.057977 -0.699999
v -13.795539 -0.061789 -0.699999
v -13.748001 -0.063000 -0.699999
v -13.682354 -0.060942 -0.699999
v -13.621838 -0.054704 -0.699999
v -13.566328 -0.044188 -0.699999
v -13.515703 -0.029296 -0.699999
v -13.469843 -0.009933 -0.699999
v -13.428625 0.014000 -0.699999
v -13.391928 0.042599 -0.699999
v -13.359630 0.075963 -0.699999
v -13.331610 0.114187 -0.699999
v -13.307746 0.157370 -0.699999
v -13.287917 0.205609 -0.699999
v -13.272001 0.259000 -0.699999
v -13.203467 0.207079 -0.699999
v -13.134399 0.159801 -0.699999
v -13.064845 0.117141 -0.699999
v -12.994853 0.079074 -0.699999
v -12.924472 0.045577 -0.699999
v -12.853751 0.016625 -0.699999
v -12.782739 -0.007806 -0.699999
v -12.711483 -0.027741 -0.699999
v -12.640033 -0.043203 -0.699999
v -12.568437 -0.054218 -0.699999
v -12.496743 -0.060808 -0.699999
v -12.425001 -0.063000 -0.699999
v -12.312799 -0.055603 -0.699999
v -12.207548 -0.034157 -0.699999
v -12.109783 0.000219 -0.699999
v -12.020039 0.046407 -0.699999
v -11.938850 0.103291 -0.699999
v -11.866752 0.169750 -0.699999
v -11.804278 0.244668 -0.699999
v -11.751965 0.326926 -0.699999
v -11.710345 0.415406 -0.699999
v -11.679955 0.508991 -0.699999
v -11.661329 0.606561 -0.699999
v -11.655002 0.707000 -0.699999
v -11.666449 0.853956 -0.699999
v -11.699334 0.984310 -0.699999
v -11.751470 1.099547 -0.699999
v -11.820667 1.201148 -0.699999
v -11.904740 1.290597 -0.699999
v -12.001501 1.369375 -0.699999
v -12.108762 1.438966 -0.699999
v -12.224335 1.500852 -0.699999
v -12.346033 1.556516 -0.699999
v -12.471668 1.607440 -0.699999
v -12.599053 1.655107 -0.699999
v -12.726002 1.701000 -0.699999
v -13.279001 1.897000 -0.699999
v -13.279001 2.065000 -0.699999
v -13.275063 2.158228 -0.699999
v -13.263250 2.242074 -0.699999
v -13.243563 2.316782 -0.699999
v -13.216001 2.382593 -0.699999
v -13.180563 2.439751 -0.699999
v -13.137251 2.488500 -0.699999
v -13.086063 2.529082 -0.699999
v -13.027001 2.561741 -0.699999
v -12.960064 2.586719 -0.699999
v -12.885252 2.604259 -0.699999
v -12.802565 2.614605 -0.699999
v -12.712002 2.618000 -0.699999
v -12.626139 2.614626 -0.699999
v -12.540178 2.604421 -0.699999
v -12.454315 2.587266 -0.699999
v -12.368743 2.563037 -0.699999
v -12.283657 2.531614 -0.699999
v -12.199252 2.492875 -0.699999
v -12.115722 2.446699 -0.699999
v -12.033261 2.392963 -0.699999
v -11.952065 2.331547 -0.699999
v -11.872326 2.262329 -0.699999
v -11.794240 2.185187 -0.699999
v -11.718001 2.100000 -0.699999
v -11.718001 2.779000 -0.699999
v -11.781301 2.847692 -0.699999
v -11.848732 2.910283 -0.699999
v -11.920344 2.966797 -0.699999
v -11.996185 3.017260 -0.699999
v -12.076304 3.061694 -0.699999
v -12.160750 3.100125 -0.699999
v -12.249571 3.132577 -0.699999
v -12.342815 3.159075 -0.699999
v -12.440532 3.179641 -0.699999
v -12.542769 3.194301 -0.699999
v -12.649576 3.203080 -0.699999
v -12.761002 3.206000 -0.699999
v -12.917266 3.199251 -0.699999
v -13.066700 3.178843 -0.699999
v -13.208016 3.144531 -0.699999
v -13.339927 3.096074 -0.699999
v -13.461143 3.033228 -0.699999
v -13.570375 2.955750 -0.699999
v -13.666338 2.863397 -0.699999
v -13.747742 2.755926 -0.699999
v -13.813298 2.633094 -0.699999
v -13.861719 2.494658 -0.699999
v -13.891716 2.340374 -0.699999
v -13.902001 2.170000 -0.699999
v -13.902001 0.553000 -0.699999
v -13.902872 0.524834 -0.699999
v -13.905469 0.499755 -0.699999
v -13.909767 0.477641 -0.699999
v -13.915742 0.458370 -0.699999
v -13.923369 0.441822 -0.699999
v -13.932626 0.427875 -0.699999
v -13.943486 0.416407 -0.699999
v -13.955927 0.407296 -0.699999
v -13.969923 0.400422 -0.699999
v -13.985451 0.395662 -0.699999
v -14.002485 0.392895 -0.699999
v -14.021002 0.392000 -0.699999
v -14.038035 0.393300 -0.699999
v -14.057524 0.397153 -0.699999
v -14.079297 0.403484 -0.699999
v -14.103186 0.412222 -0.699999
v -14.129019 0.423293 -0.699999
v -14.156626 0.436625 -0.699999
v -14.185837 0.452144 -0.699999
v -14.216482 0.469778 -0.699999
v -14.248391 0.489453 -0.699999
v -14.281394 0.511097 -0.699999
v -14.315321 0.534637 -0.699999
v -14.350001 0.560000 -0.699999
v -14.350001 0.182000 -0.699999
v -13.147688 1.508391 -0.699999
v -13.020651 1.462125 -0.699999
v -12.899253 1.414547 -0.699999
v -12.784855 1.365000 -0.699999
v -12.678818 1.312828 -0.699999
v -12.582503 1.257375 -0.699999
v -12.497272 1.197984 -0.699999
v -12.424484 1.134000 -0.699999
v -12.365502 1.064766 -0.699999
v -12.321688 0.989625 -0.699999
v -12.294400 0.907922 -0.699999
v -12.285002 0.819000 -0.699999
v -12.288872 0.755915 -0.699999
v -12.300202 0.696403 -0.699999
v -12.318582 0.640828 -0.699999
v -12.343596 0.589556 -0.699999
v -12.374832 0.542950 -0.699999
v -12.411878 0.501375 -0.699999
v -12.454319 0.465196 -0.699999
v -12.501743 0.434778 -0.699999
v -12.553737 0.410484 -0.699999
v -12.609886 0.392681 -0.699999
v -12.669779 0.381731 -0.699999
v -12.733002 0.378000 -0.699999
v -12.781710 0.380021 -0.699999
v -12.829835 0.386005 -0.699999
v -12.877377 0.395828 -0.699999
v -12.924335 0.409370 -0.699999
v -12.970710 0.426510 -0.699999
v -13.016501 0.447125 -0.699999
v -13.061709 0.471094 -0.699999
v -13.106335 0.498296 -0.699999
v -13.150376 0.528609 -0.699999
v -13.193834 0.561912 -0.699999
v -13.236710 0.598083 -0.699999
v -13.279001 0.637000 -0.699999
v -13.279001 1.554000 -0.699999
v -11.092100 0.247763 -0.699999
v -10.998880 0.193019 -0.699999
v -10.905563 0.143719 -0.699999
v -10.811371 0.099815 -0.699999
v -10.715526 0.061258 -0.699999
v -10.617250 0.028000 -0.699999
v -10.515767 -0.000008 -0.699999
v -10.410297 -0.022815 -0.699999
v -10.300063 -0.040469 -0.699999
v -10.184288 -0.053019 -0.699999
v -10.062193 -0.060513 -0.699999
v -9.933001 -0.063000 -0.699999
v -9.697107 -0.046659 -0.699999
v -9.479686 0.000648 -0.699999
v -9.281125 0.076344 -0.699999
v -9.101815 0.177852 -0.699999
v -8.942143 0.302596 -0.699999
v -8.802500 0.448000 -0.699999
v -8.683273 0.611487 -0.699999
v -8.584852 0.790481 -0.699999
v -8.507626 0.982406 -0.699999
v -8.451982 1.184685 -0.699999
v -8.418311 1.394742 -0.699999
v -8.407001 1.610000 -0.699999
v -8.419348 1.841389 -0.699999
v -8.455611 2.058778 -0.699999
v -8.514626 2.261000 -0.699999
v -8.595222 2.446889 -0.699999
v -8.696237 2.615278 -0.699999
v -8.816501 2.765000 -0.699999
v -8.954848 2.894889 -0.699999
v -9.110112 3.003778 -0.699999
v -9.281126 3.090500 -0.699999
v -9.466723 3.153889 -0.699999
v -9.665737 3.192778 -0.699999
v -9.877001 3.206000 -0.699999
v -10.078847 3.194172 -0.699999
v -10.267348 3.158621 -0.699999
v -10.441704 3.099250 -0.699999
v -10.601111 3.015963 -0.699999
v -10.744769 2.908662 -0.699999
v -10.871875 2.777250 -0.699999
v -10.981627 2.621630 -0.699999
v -11.073222 2.441704 -0.699999
v -11.145860 2.237375 -0.699999
v -11.198736 2.008546 -0.699999
v -11.231050 1.755121 -0.699999
v -11.242001 1.477000 -0.699999
v -9.030001 1.477000 -0.699999
v -9.059890 1.327533 -0.699999
v -9.100521 1.190681 -0.699999
v -9.151846 1.066516 -0.699999
v -9.213817 0.955111 -0.699999
v -9.286385 0.856540 -0.699999
v -9.369501 0.770875 -0.699999
v -9.463118 0.698189 -0.699999
v -9.567185 0.638556 -0.699999
v -9.681657 0.592047 -0.699999
v -9.806482 0.558736 -0.699999
v -9.941613 0.538696 -0.699999
v -10.087001 0.532000 -0.699999
v -10.181079 0.534892 -0.699999
v -10.274380 0.543472 -0.699999
v -10.367000 0.557594 -0.699999
v -10.459037 0.577111 -0.699999
v -10.550588 0.601879 -0.699999
v -10.641749 0.631750 -0.699999
v -10.732619 0.666580 -0.699999
v -10.823296 0.706222 -0.699999
v -10.913875 0.750531 -0.699999
v -11.004454 0.799361 -0.699999
v -11.095130 0.852566 -0.699999
v -11.186001 0.910000 -0.699999
v -11.186001 0.308000 -0.699999
v -10.615550 2.005281 -0.699999
v -10.594891 2.112833 -0.699999
v -10.564314 2.212219 -0.699999
v -10.524113 2.303000 -0.699999
v -10.474578 2.384740 -0.699999
v -10.416001 2.457000 -0.699999
v -10.348675 2.519344 -0.699999
v -10.272890 2.571333 -0.699999
v -10.188939 2.612531 -0.699999
v -10.097113 2.642500 -0.699999
v -9.997703 2.660802 -0.699999
v -9.891001 2.667000 -0.699999
v -9.775946 2.661203 -0.699999
v -9.668815 2.643959 -0.699999
v -9.569656 2.615485 -0.699999
v -9.478518 2.576000 -0.699999
v -9.395451 2.525724 -0.699999
v -9.320500 2.464875 -0.699999
v -9.253716 2.393672 -0.699999
v -9.195148 2.312334 -0.699999
v -9.144844 2.221078 -0.699999
v -9.102852 2.120125 -0.699999
v -9.069221 2.009693 -0.699999
v -9.044001 1.890000 -0.699999
v -10.626001 1.890000 -0.699999
v -7.042000 -0.000000 -0.699999
v -7.042000 4.774000 -0.700000
v -7.665000 4.774000 -0.700000
v -7.665000 -0.000000 -0.699999
v -6.077674 3.791834 -0.700000
v -5.935385 3.865913 -0.700000
v -5.795673 3.932360 -0.700000
v -5.658075 3.991297 -0.700000
v -5.522130 4.042845 -0.700000
v -5.387376 4.087126 -0.700000
v -5.253351 4.124260 -0.700000
v -5.119593 4.154371 -0.700000
v -4.985641 4.177578 -0.700000
v -4.851033 4.194005 -0.700000
v -4.715306 4.203772 -0.700000
v -4.578000 4.207000 -0.700000
v -4.311142 4.191104 -0.700000
v -4.057797 4.144584 -0.700000
v -3.819813 4.069188 -0.700000
v -3.599037 3.966667 -0.700000
v -3.397317 3.838771 -0.700000
v -3.216500 3.687250 -0.700000
v -3.058433 3.513854 -0.700000
v -2.924963 3.320333 -0.700000
v -2.817938 3.108438 -0.700000
v -2.739204 2.879917 -0.700000
v -2.690609 2.636521 -0.700000
v -2.674000 2.380000 -0.700000
v -2.690091 2.119343 -0.700000
v -2.737390 1.873829 -0.700000
v -2.814438 1.644891 -0.700000
v -2.919778 1.433963 -0.700000
v -3.051952 1.242480 -0.700000
v -3.209501 1.071875 -0.700000
v -3.390966 0.923583 -0.700000
v -3.594890 0.799037 -0.700000
v -3.819813 0.699672 -0.700000
v -4.064279 0.626921 -0.700000
v -4.326827 0.582219 -0.700000
v -4.606000 0.567000 -0.700000
v -4.741715 0.570921 -0.700000
v -4.879130 0.582620 -0.700000
v -5.017907 0.602000 -0.700000
v -5.157704 0.628963 -0.700000
v -5.298182 0.663412 -0.700000
v -5.439001 0.705250 -0.700000
v -5.579819 0.754380 -0.700000
v -5.720297 0.810704 -0.700000
v -5.860095 0.874125 -0.700000
v -5.998871 0.944546 -0.700000
v -6.136287 1.021870 -0.700000
v -6.272001 1.106000 -0.700000
v -6.272001 0.357000 -0.699999
v -6.153762 0.297269 -0.699999
v -6.033093 0.240819 -0.699999
v -5.909313 0.188016 -0.699999
v -5.781741 0.139222 -0.700000
v -5.649697 0.094804 -0.700000
v -5.512500 0.055125 -0.700000
v -5.369470 0.020550 -0.700000
v -5.219926 -0.008556 -0.700000
v -5.063188 -0.031828 -0.700000
v -4.898574 -0.048903 -0.700000
v -4.725405 -0.059415 -0.700000
v -4.543000 -0.063000 -0.700000
v -4.115871 -0.035288 -0.700000
v -3.729964 0.043782 -0.700000
v -3.384501 0.168109 -0.700000
v -3.078704 0.331593 -0.700000
v -2.811797 0.528131 -0.700000
v -2.583000 0.751625 -0.700000
v -2.391537 0.995973 -0.700000
v -2.236630 1.255074 -0.700000
v -2.117500 1.522828 -0.700000
v -2.033371 1.793134 -0.700000
v -1.983463 2.059892 -0.700000
v -1.967000 2.317000 -0.700000
v -1.989504 2.672445 -0.700000
v -2.055440 3.009222 -0.700000
v -2.162454 3.325000 -0.700000
v -2.308186 3.617445 -0.700000
v -2.490279 3.884222 -0.700000
v -2.706376 4.123000 -0.700000
v -2.954118 4.331445 -0.700000
v -3.231149 4.507223 -0.700000
v -3.535110 4.648000 -0.700000
v -3.863644 4.751445 -0.700000
v -4.214394 4.815223 -0.700000
v -4.585001 4.837000 -0.700000
v -4.707732 4.834502 -0.700000
v -4.831264 4.826922 -0.700000
v -4.956110 4.814142 -0.700000
v -5.082778 4.796038 -0.700000
v -5.211780 4.772490 -0.700000
v -5.343626 4.743376 -0.700000
v -5.478825 4.708574 -0.700000
v -5.617889 4.667964 -0.700000
v -5.761329 4.621422 -0.700000
v -5.909653 4.568829 -0.700000
v -6.063374 4.510062 -0.700000
v -6.223001 4.445000 -0.700000
v -6.223001 3.710000 -0.700000
v 0.695901 0.247763 -0.700000
v 0.789121 0.193019 -0.700000
v 0.882438 0.143719 -0.700000
v 0.976630 0.099815 -0.700000
v 1.072475 0.061258 -0.700000
v 1.170750 0.028000 -0.700000
v 1.272234 -0.000008 -0.700000
v 1.377704 -0.022815 -0.700000
v 1.487938 -0.040469 -0.700000
v 1.603713 -0.053019 -0.700000
v 1.725808 -0.060513 -0.700000
v 1.855000 -0.063000 -0.700000
v 2.090894 -0.046659 -0.700000
v 2.308315 0.000648 -0.700000
v 2.506875 0.076344 -0.700000
v 2.686185 0.177852 -0.700000
v 2.845857 0.302596 -0.700000
v 2.985500 0.448000 -0.700000
v 3.104727 0.611487 -0.700000
v 3.203148 0.790481 -0.700000
v 3.280375 0.982406 -0.700000
v 3.336019 1.184685 -0.700000
v 3.369690 1.394742 -0.700000
v 3.381000 1.610000 -0.700000
v 3.368653 1.841389 -0.700000
v 3.332389 2.058778 -0.700000
v 3.273375 2.261000 -0.700000
v 3.192778 2.446889 -0.700000
v 3.091764 2.615278 -0.700000
v 2.971500 2.765000 -0.700000
v 2.833153 2.894889 -0.700000
v 2.677889 3.003778 -0.700000
v 2.506875 3.090500 -0.700000
v 2.321278 3.153889 -0.700000
v 2.122264 3.192778 -0.700000
v 1.911000 3.206000 -0.700000
v 1.709154 3.194172 -0.700000
v 1.520653 3.158621 -0.700000
v 1.346297 3.099250 -0.700000
v 1.186889 3.015963 -0.700000
v 1.043231 2.908662 -0.700000
v 0.916125 2.777250 -0.700000
v 0.806373 2.621630 -0.700000
v 0.714778 2.441704 -0.700000
v 0.642141 2.237375 -0.700000
v 0.589264 2.008546 -0.700000
v 0.556950 1.755121 -0.700000
v 0.546000 1.477000 -0.700000
v 2.758000 1.477000 -0.700000
v 2.728113 1.327533 -0.700000
v 2.687482 1.190681 -0.700000
v 2.636157 1.066516 -0.700000
v 2.574186 0.955111 -0.700000
v 2.501617 0.856540 -0.700000
v 2.418500 0.770875 -0.700000
v 2.324883 0.698189 -0.700000
v 2.220815 0.638556 -0.700000
v 2.106344 0.592047 -0.700000
v 1.981519 0.558736 -0.700000
v 1.846388 0.538696 -0.700000
v 1.701000 0.532000 -0.700000
v 1.606922 0.534892 -0.700000
v 1.513621 0.543472 -0.700000
v 1.421000 0.557594 -0.700000
v 1.328963 0.577111 -0.700000
v 1.237412 0.601879 -0.700000
v 1.146250 0.631750 -0.700000
v 1.055380 0.666580 -0.700000
v 0.964704 0.706222 -0.700000
v 0.874125 0.750531 -0.700000
v 0.783547 0.799361 -0.700000
v 0.692871 0.852566 -0.700000
v 0.602000 0.910000 -0.700000
v 0.602000 0.308000 -0.700000
v 1.172452 2.005281 -0.700000
v 1.193111 2.112833 -0.700000
v 1.223688 2.212219 -0.700000
v 1.263889 2.303000 -0.700000
v 1.313424 2.384740 -0.700000
v 1.372000 2.457000 -0.700000
v 1.439327 2.519344 -0.700000
v 1.515111 2.571333 -0.700000
v 1.599063 2.612531 -0.700000
v 1.690889 2.642500 -0.700000
v 1.790299 2.660802 -0.700000
v 1.897000 2.667000 -0.700000
v 2.012054 2.661203 -0.700000
v 2.119185 2.643959 -0.700000
v 2.218344 2.615485 -0.700000
v 2.309482 2.576000 -0.700000
v 2.392550 2.525724 -0.700000
v 2.467500 2.464875 -0.700000
v 2.534284 2.393672 -0.700000
v 2.592852 2.312334 -0.700000
v 2.643157 2.221078 -0.700000
v 2.685148 2.120125 -0.700000
v 2.718779 2.009693 -0.700000
v 2.744000 1.890000 -0.700000
v 1.162000 1.890000 -0.700000
v 8.029000 2.730000 -0.700001
v 7.948930 2.807008 -0.700001
v 7.869686 2.877065 -0.700001
v 7.791220 2.940219 -0.700001
v 7.713482 2.996519 -0.700001
v 7.636425 3.046013 -0.700001
v 7.560001 3.088750 -0.700001
v 7.484159 3.124779 -0.700001
v 7.408853 3.154148 -0.700001
v 7.334032 3.176907 -0.700001
v 7.259649 3.193102 -0.700001
v 7.185655 3.202784 -0.700001
v 7.112000 3.206000 -0.700001
v 7.013737 3.201929 -0.700001
v 6.918561 3.189764 -0.700001
v 6.826641 3.169579 -0.700001
v 6.738149 3.141445 -0.700001
v 6.653254 3.105436 -0.700001
v 6.572125 3.061625 -0.700001
v 6.494935 3.010085 -0.700001
v 6.421852 2.950889 -0.700001
v 6.353047 2.884109 -0.700001
v 6.288691 2.809819 -0.700001
v 6.228951 2.728092 -0.700001
v 6.174001 2.639000 -0.700001
v 6.104548 2.714858 -0.700001
v 6.032543 2.787945 -0.700001
v 5.957767 2.857531 -0.700001
v 5.880001 2.922889 -0.700001
v 5.799027 2.983288 -0.700001
v 5.714626 3.038000 -0.700001
v 5.626579 3.086295 -0.700001
v 5.534667 3.127445 -0.700001
v 5.438673 3.160719 -0.700001
v 5.338376 3.185389 -0.700001
v 5.233558 3.200726 -0.700001
v 5.124001 3.206000 -0.700001
v 4.969664 3.195930 -0.700001
v 4.825560 3.166269 -0.700001
v 4.692297 3.117844 -0.700001
v 4.570482 3.051482 -0.700001
v 4.460722 2.968008 -0.700001
v 4.363626 2.868250 -0.700001
v 4.279800 2.753034 -0.700000
v 4.209853 2.623185 -0.700000
v 4.154391 2.479531 -0.700000
v 4.114024 2.322898 -0.700000
v 4.089357 2.154112 -0.700000
v 4.081000 1.974000 -0.700000
v 4.081000 -0.000000 -0.700000
v 4.704000 -0.000000 -0.700000
v 4.704000 1.946000 -0.700000
v 4.709992 2.060455 -0.700000
v 4.727431 2.165723 -0.700001
v 4.755517 2.261657 -0.700001
v 4.793445 2.348111 -0.700001
v 4.840415 2.424941 -0.700001
v 4.895626 2.492000 -0.700001
v 4.958273 2.549143 -0.700001
v 5.027556 2.596222 -0.700001
v 5.102672 2.633094 -0.700001
v 5.182820 2.659611 -0.700001
v 5.267197 2.675629 -0.700001
v 5.355000 2.681000 -0.700001
v 5.407140 2.679031 -0.700001
v 5.461783 2.669917 -0.700001
v 5.518516 2.654094 -0.700001
v 5.576926 2.632000 -0.700001
v 5.636600 2.604073 -0.700001
v 5.697125 2.570750 -0.700001
v 5.758088 2.532469 -0.700001
v 5.819074 2.489667 -0.700001
v 5.879672 2.442781 -0.700001
v 5.939468 2.392250 -0.700001
v 5.998048 2.338511 -0.700001
v 6.055000 2.282000 -0.700001
v 6.055000 -0.000000 -0.700001
v 6.678000 -0.000000 -0.700001
v 6.678000 1.953000 -0.700001
v 6.683275 2.074669 -0.700001
v 6.698612 2.184356 -0.700001
v 6.723282 2.282328 -0.700001
v 6.756557 2.368852 -0.700001
v 6.797706 2.444195 -0.700001
v 6.846001 2.508625 -0.700001
v 6.900712 2.562409 -0.700001
v 6.961112 2.605815 -0.700001
v 7.026470 2.639109 -0.700001
v 7.096056 2.662560 -0.700001
v 7.169143 2.676435 -0.700001
v 7.245001 2.681000 -0.700001
v 7.321653 2.678898 -0.700001
v 7.394464 2.672348 -0.700001
v 7.463970 2.660985 -0.700001
v 7.530704 2.644445 -0.700001
v 7.595203 2.622363 -0.700001
v 7.658001 2.594375 -0.700001
v 7.719632 2.560117 -0.700001
v 7.780631 2.519222 -0.700001
v 7.841532 2.471328 -0.700001
v 7.902871 2.416070 -0.700001
v 7.965182 2.353082 -0.700001
v 8.029000 2.282000 -0.700001
v 8.029000 -0.000000 -0.700001
v 8.652000 -0.000000 -0.700001
v 8.652000 3.143000 -0.700001
v 8.029000 3.143000 -0.700001
v 9.245393 0.137476 -0.700001
v 9.307635 0.098227 -0.700001
v 9.364579 0.063984 -0.700001
v 9.417075 0.034481 -0.700001
v 9.465974 0.009451 -0.700001
v 9.512126 -0.011375 -0.700001
v 9.556382 -0.028263 -0.700001
v 9.599593 -0.041482 -0.700001
v 9.642610 -0.051297 -0.700001
v 9.686282 -0.057977 -0.700001
v 9.731462 -0.061789 -0.700001
v 9.779000 -0.063000 -0.700001
v 9.844647 -0.060942 -0.700001
v 9.905165 -0.054704 -0.700001
v 9.960674 -0.044188 -0.700001
v 10.011299 -0.029296 -0.700001
v 10.057159 -0.009933 -0.700001
v 10.098377 0.014000 -0.700001
v 10.135075 0.042599 -0.700001
v 10.167373 0.075963 -0.700001
v 10.195393 0.114187 -0.700001
v 10.219256 0.157370 -0.700001
v 10.239085 0.205609 -0.700001
v 10.255001 0.259000 -0.700001
v 10.323534 0.207079 -0.700001
v 10.392602 0.159801 -0.700001
v 10.462156 0.117141 -0.700001
v 10.532148 0.079074 -0.700001
v 10.602530 0.045577 -0.700001
v 10.673250 0.016625 -0.700001
v 10.744263 -0.007806 -0.700001
v 10.815518 -0.027741 -0.700001
v 10.886969 -0.043203 -0.700001
v 10.958565 -0.054218 -0.700001
v 11.030258 -0.060808 -0.700001
v 11.102000 -0.063000 -0.700001
v 11.214202 -0.055603 -0.700001
v 11.319453 -0.034157 -0.700001
v 11.417218 0.000219 -0.700001
v 11.506963 0.046407 -0.700001
v 11.588152 0.103291 -0.700001
v 11.660251 0.169750 -0.700001
v 11.722724 0.244668 -0.700001
v 11.775038 0.326926 -0.700001
v 11.816657 0.415406 -0.700001
v 11.847047 0.508991 -0.700001
v 11.865673 0.606561 -0.700001
v 11.872001 0.707000 -0.700001
v 11.860554 0.853956 -0.700001
v 11.827668 0.984310 -0.700001
v 11.775533 1.099547 -0.700001
v 11.706335 1.201148 -0.700001
v 11.622262 1.290597 -0.700001
v 11.525501 1.369375 -0.700001
v 11.418241 1.438966 -0.700001
v 11.302668 1.500852 -0.700001
v 11.180969 1.556516 -0.700001
v 11.055334 1.607440 -0.700001
v 10.927949 1.655107 -0.700001
v 10.801001 1.701000 -0.700001
v 10.248001 1.897000 -0.700001
v 10.248001 2.065000 -0.700001
v 10.251940 2.158228 -0.700001
v 10.263752 2.242074 -0.700001
v 10.283440 2.316782 -0.700001
v 10.311002 2.382593 -0.700001
v 10.346439 2.439751 -0.700001
v 10.389751 2.488500 -0.700001
v 10.440939 2.529082 -0.700001
v 10.500001 2.561741 -0.700001
v 10.566938 2.586719 -0.700001
v 10.641750 2.604259 -0.700001
v 10.724438 2.614605 -0.700001
v 10.815001 2.618000 -0.700001
v 10.900864 2.614626 -0.700001
v 10.986824 2.604421 -0.700001
v 11.072687 2.587266 -0.700001
v 11.158259 2.563037 -0.700001
v 11.243345 2.531614 -0.700001
v 11.327750 2.492875 -0.700001
v 11.411281 2.446699 -0.700001
v 11.493741 2.392963 -0.700001
v 11.574938 2.331547 -0.700001
v 11.654676 2.262329 -0.700001
v 11.732762 2.185187 -0.700001
v 11.809001 2.100000 -0.700001
v 11.809001 2.779000 -0.700001
v 11.745702 2.847692 -0.700001
v 11.678270 2.910283 -0.700001
v 11.606658 2.966797 -0.700001
v 11.530816 3.017260 -0.700001
v 11.450697 3.061694 -0.700001
v 11.366251 3.100125 -0.700001
v 11.277431 3.132577 -0.700001
v 11.184186 3.159075 -0.700001
v 11.086470 3.179641 -0.700001
v 10.984232 3.194301 -0.700001
v 10.877425 3.203080 -0.700001
v 10.766001 3.206000 -0.700001
v 10.609737 3.199251 -0.700001
v 10.460302 3.178843 -0.700001
v 10.318986 3.144531 -0.700001
v 10.187076 3.096074 -0.700001
v 10.065860 3.033228 -0.700001
v 9.956627 2.955750 -0.700001
v 9.860664 2.863397 -0.700001
v 9.779261 2.755926 -0.700001
v 9.713704 2.633094 -0.700001
v 9.665283 2.494658 -0.700001
v 9.635286 2.340374 -0.700001
v 9.625001 2.170000 -0.700001
v 9.625001 0.553000 -0.700001
v 9.624130 0.524834 -0.700001
v 9.621533 0.499755 -0.700001
v 9.617235 0.477641 -0.700001
v 9.611260 0.458370 -0.700001
v 9.603632 0.441822 -0.700001
v 9.594376 0.427875 -0.700001
v 9.583515 0.416407 -0.700001
v 9.571074 0.407296 -0.700001
v 9.557078 0.400422 -0.700001
v 9.541552 0.395662 -0.700001
v 9.524517 0.392895 -0.700001
v 9.506001 0.392000 -0.700001
v 9.488966 0.393300 -0.700001
v 9.469477 0.397153 -0.700001
v 9.447703 0.403484 -0.700001
v 9.423815 0.412222 -0.700001
v 9.397982 0.423293 -0.700001
v 9.370375 0.436625 -0.700001
v 9.341164 0.452144 -0.700001
v 9.310518 0.469778 -0.700001
v 9.278609 0.489453 -0.700001
v 9.245606 0.511097 -0.700001
v 9.211680 0.534637 -0.700001
v 9.177001 0.560000 -0.700001
v 9.177001 0.182000 -0.700001
v 10.379314 1.508391 -0.700001
v 10.506351 1.462125 -0.700001
v 10.627749 1.414547 -0.700001
v 10.742147 1.365000 -0.700001
v 10.848185 1.312828 -0.700001
v 10.944499 1.257375 -0.700001
v 11.029731 1.197984 -0.700001
v 11.102518 1.134000 -0.700001
v 11.161500 1.064766 -0.700001
v 11.205315 0.989625 -0.700001
v 11.232602 0.907922 -0.700001
v 11.242001 0.819000 -0.700001
v 11.238132 0.755915 -0.700001
v 11.226801 0.696403 -0.700001
v 11.208422 0.640828 -0.700001
v 11.183407 0.589556 -0.700001
v 11.152170 0.542950 -0.700001
v 11.115125 0.501375 -0.700001
v 11.072683 0.465196 -0.700001
v 11.025259 0.434778 -0.700001
v 10.973266 0.410484 -0.700001
v 10.917116 0.392681 -0.700001
v 10.857224 0.381731 -0.700001
v 10.794001 0.378000 -0.700001
v 10.745293 0.380021 -0.700001
v 10.697167 0.386005 -0.700001
v 10.649626 0.395828 -0.700001
v 10.602668 0.409370 -0.700001
v 10.556293 0.426510 -0.700001
v 10.510501 0.447125 -0.700001
v 10.465293 0.471094 -0.700001
v 10.420668 0.498296 -0.700001
v 10.376626 0.528609 -0.700001
v 10.333168 0.561912 -0.700001
v 10.290293 0.598083 -0.700001
v 10.248001 0.637000 -0.700001
v 10.248001 1.554000 -0.700001
v 12.679924 0.262468 -0.700001
v 12.832814 0.202741 -0.700001
v 12.982594 0.149625 -0.700001
v 13.130185 0.102926 -0.700001
v 13.276513 0.062449 -0.700001
v 13.422501 0.028000 -0.700001
v 13.569071 -0.000616 -0.700001
v 13.717149 -0.023593 -0.700001
v 13.867657 -0.041125 -0.700001
v 14.021519 -0.053407 -0.700001
v 14.179659 -0.060634 -0.700001
v 14.343000 -0.063000 -0.700001
v 14.700329 -0.042081 -0.700001
v 15.039209 0.019185 -0.700001
v 15.357236 0.118562 -0.700001
v 15.652001 0.253815 -0.700001
v 15.921101 0.422706 -0.700001
v 16.162127 0.623000 -0.700001
v 16.372673 0.852461 -0.700001
v 16.550335 1.108852 -0.700001
v 16.692705 1.389938 -0.700002
v 16.797377 1.693482 -0.700002
v 16.861944 2.017248 -0.700002
v 16.884001 2.359000 -0.700002
v 16.861395 2.703325 -0.700002
v 16.795332 3.031098 -0.700002
v 16.688437 3.339766 -0.700002
v 16.543333 3.626778 -0.700002
v 16.362646 3.889582 -0.700002
v 16.149000 4.125626 -0.700002
v 15.905022 4.332356 -0.700002
v 15.633334 4.507223 -0.700002
v 15.336563 4.647672 -0.700002
v 15.017334 4.751153 -0.700002
v 14.678271 4.815113 -0.700001
v 14.322001 4.837000 -0.700001
v 14.185198 4.835028 -0.700001
v 14.053571 4.828802 -0.700001
v 13.925299 4.817860 -0.700001
v 13.798557 4.801742 -0.700001
v 13.671524 4.779984 -0.700001
v 13.542377 4.752126 -0.700001
v 13.409291 4.717705 -0.700001
v 13.270446 4.676260 -0.700001
v 13.124017 4.627328 -0.700001
v 12.968182 4.570449 -0.700001
v 12.801117 4.505160 -0.700001
v 12.621000 4.431000 -0.700001
v 12.621000 3.738000 -0.700001
v 12.761423 3.811930 -0.700001
v 12.902622 3.879685 -0.700001
v 13.044502 3.941219 -0.700001
v 13.186965 3.996482 -0.700001
v 13.329914 4.045425 -0.700001
v 13.473252 4.088000 -0.700001
v 13.616882 4.124159 -0.700001
v 13.760706 4.153852 -0.700001
v 13.904627 4.177032 -0.700001
v 14.048548 4.193648 -0.700001
v 14.192371 4.203654 -0.700001
v 14.336000 4.207000 -0.700001
v 14.589854 4.190836 -0.700001
v 14.832091 4.143611 -0.700001
v 15.060718 4.067219 -0.700001
v 15.273740 3.963556 -0.700001
v 15.469165 3.834517 -0.700002
v 15.645000 3.682000 -0.700002
v 15.799251 3.507900 -0.700002
v 15.929925 3.314111 -0.700002
v 16.035030 3.102531 -0.700002
v 16.112574 2.875056 -0.700002
v 16.160561 2.633580 -0.700002
v 16.177000 2.380000 -0.700001
v 16.160645 2.120814 -0.700001
v 16.112640 1.876259 -0.700001
v 16.034595 1.647844 -0.700001
v 15.928112 1.437074 -0.700001
v 15.794796 1.245457 -0.700001
v 15.636250 1.074500 -0.700001
v 15.454081 0.925710 -0.700001
v 15.249889 0.800593 -0.700001
v 15.025282 0.700656 -0.700001
v 14.781862 0.627407 -0.700001
v 14.521234 0.582353 -0.700001
v 14.245001 0.567000 -0.700001
v 14.152964 0.568713 -0.700001
v 14.062287 0.573708 -0.700001
v 13.972876 0.581766 -0.700001
v 13.884630 0.592667 -0.700001
v 13.797454 0.606193 -0.700001
v 13.711250 0.622125 -0.700001
v 13.625921 0.640245 -0.700001
v 13.541370 0.660333 -0.700001
v 13.457500 0.682172 -0.700001
v 13.374213 0.705542 -0.700001
v 13.291412 0.730224 -0.700001
v 13.209001 0.756000 -0.700001
v 13.209001 1.736000 -0.700001
v 14.126001 1.736000 -0.700001
v 14.126001 2.352000 -0.700001
v 12.523001 2.352000 -0.700001
v 12.523001 0.329000 -0.700001
v -15.568002 2.422000 0.700001
v -15.582003 2.422000 0.700001
v -15.660463 2.553595 0.700001
v -15.738366 2.672088 0.700001
v -15.815735 2.777797 0.700001
v -15.892593 2.871037 0.700001
v -15.968966 2.952125 0.700001
v -16.044876 3.021375 0.700001
v -16.120348 3.079105 0.700001
v -16.195408 3.125630 0.700001
v -16.270079 3.161266 0.700001
v -16.344385 3.186329 0.700001
v -16.418350 3.201135 0.700001
v -16.492001 3.206000 0.700001
v -16.554728 3.203517 0.700001
v -16.616995 3.196051 0.700001
v -16.678921 3.183578 0.700001
v -16.740629 3.166074 0.700001
v -16.802240 3.143515 0.700001
v -16.863874 3.115875 0.700001
v -16.925655 3.083132 0.700001
v -16.987703 3.045259 0.700001
v -17.050140 3.002234 0.700001
v -17.113089 2.954032 0.700001
v -17.176668 2.900629 0.700001
v -17.241001 2.842000 0.700001
v -16.912003 2.303000 0.700001
v -16.863674 2.347293 0.700001
v -16.813547 2.389009 0.700001
v -16.762157 2.427906 0.700001
v -16.710037 2.463741 0.700001
v -16.657724 2.496270 0.700001
v -16.605751 2.525250 0.700001
v -16.554653 2.550439 0.700001
v -16.504965 2.571593 0.700001
v -16.457220 2.588469 0.700001
v -16.411955 2.600824 0.700001
v -16.369703 2.608416 0.700001
v -16.331001 2.611000 0.700001
v -16.226286 2.602286 0.700001
v -16.126217 2.576875 0.700001
v -16.031639 2.535859 0.700001
v -15.943406 2.480333 0.700001
v -15.862368 2.411391 0.700001
v -15.789374 2.330125 0.700001
v -15.725277 2.237630 0.700001
v -15.670926 2.135000 0.700001
v -15.627172 2.023328 0.700001
v -15.594867 1.903708 0.700001
v -15.574860 1.777234 0.700001
v -15.568002 1.645000 0.700001
v -15.568002 0.000000 0.700001
v -14.945002 0.000000 0.700001
v -14.945002 3.143000 0.700001
v -15.568002 3.143000 0.700001
v -14.281610 0.137476 0.700001
v -14.219367 0.098227 0.700001
v -14.162423 0.063984 0.700001
v -14.109927 0.034482 0.700001
v -14.061028 0.009451 0.700001
v -14.014876 -0.011375 0.700001
v -13.970620 -0.028263 0.700001
v -13.927409 -0.041481 0.700001
v -13.884393 -0.051297 0.700001
v -13.840719 -0.057977 0.700001
v -13.795539 -0.061789 0.700001
v -13.748001 -0.063000 0.700001
v -13.682354 -0.060942 0.700001
v -13.621838 -0.054704 0.700001
v -13.566328 -0.044188 0.700001
v -13.515703 -0.029296 0.700001
v -13.469843 -0.009933 0.700001
v -13.428625 0.014000 0.700001
v -13.391928 0.042600 0.700001
v -13.359630 0.075963 0.700001
v -13.331610 0.114188 0.700001
v -13.307746 0.157370 0.700001
v -13.287917 0.205609 0.700001
v -13.272001 0.259000 0.700001
v -13.203467 0.207079 0.700001
v -13.134399 0.159801 0.700001
v -13.064845 0.117141 0.700001
v -12.994853 0.079074 0.700001
v -12.924472 0.045577 0.700001
v -12.853751 0.016625 0.700001
v -12.782739 -0.007806 0.700001
v -12.711483 -0.027741 0.700001
v -12.640033 -0.043203 0.700001
v -12.568437 -0.054218 0.700001
v -12.496743 -0.060808 0.700001
v -12.425001 -0.063000 0.700001
v -12.312799 -0.055603 0.700001
v -12.207548 -0.034157 0.700001
v -12.109783 0.000219 0.700001
v -12.020039 0.046407 0.700001
v -11.938850 0.103291 0.700001
v -11.866752 0.169750 0.700001
v -11.804278 0.244668 0.700001
v -11.751965 0.326926 0.700001
v -11.710345 0.415406 0.700001
v -11.679955 0.508991 0.700001
v -11.661329 0.606561 0.700001
v -11.655002 0.707000 0.700001
v -11.666449 0.853956 0.700001
v -11.699334 0.984310 0.700001
v -11.751470 1.099547 0.700001
v -11.820667 1.201148 0.700001
v -11.904740 1.290597 0.700001
v -12.001501 1.369375 0.700001
v -12.108762 1.438966 0.700001
v -12.224335 1.500852 0.700001
v -12.346033 1.556516 0.700001
v -12.471668 1.607440 0.700001
v -12.599053 1.655107 0.700001
v -12.726002 1.701000 0.700001
v -13.279001 1.897000 0.700001
v -13.279001 2.065000 0.700001
v -13.275063 2.158228 0.700001
v -13.263250 2.242074 0.700001
v -13.243563 2.316782 0.700001
v -13.216001 2.382593 0.700001
v -13.180563 2.439751 0.700001
v -13.137251 2.488500 0.700001
v -13.086063 2.529082 0.700001
v -13.027001 2.561741 0.700001
v -12.960064 2.586719 0.700001
v -12.885252 2.604259 0.700001
v -12.802565 2.614605 0.700001
v -12.712002 2.618000 0.700001
v -12.626139 2.614626 0.700001
v -12.540178 2.604421 0.700001
v -12.454315 2.587266 0.700001
v -12.368743 2.563037 0.700001
v -12.283657 2.531614 0.700001
v -12.199252 2.492875 0.700001
v -12.115722 2.446699 0.700001
v -12.033261 2.392963 0.700001
v -11.952065 2.331547 0.700001
v -11.872326 2.262329 0.700001
v -11.794240 2.185187 0.700001
v -11.718001 2.100000 0.700001
v -11.718001 2.779000 0.700001
v -11.781301 2.847692 0.700001
v -11.848732 2.910283 0.700001
v -11.920344 2.966797 0.700001
v -11.996185 3.017260 0.700001
v -12.076304 3.061694 0.700001
v -12.160750 3.100125 0.700001
v -12.249571 3.132577 0.700001
v -12.342815 3.159075 0.700001
v -12.440532 3.179641 0.700001
v -12.542769 3.194301 0.700001
v -12.649576 3.203080 0.700001
v -12.761002 3.206000 0.700001
v -12.917266 3.199251 0.700001
v -13.066700 3.178843 0.700001
v -13.208016 3.144531 0.700001
v -13.339927 3.096074 0.700001
v -13.461143 3.033228 0.700001
v -13.570375 2.955750 0.700001
v -13.666338 2.863397 0.700001
v -13.747742 2.755926 0.700001
v -13.813298 2.633094 0.700001
v -13.861719 2.494658 0.700001
v -13.891716 2.340374 0.700001
v -13.902001 2.170000 0.700001
v -13.902001 0.553000 0.700001
v -13.902872 0.524834 0.700001
v -13.905469 0.499755 0.700001
v -13.909767 0.477641 0.700001
v -13.915742 0.458370 0.700001
v -13.923369 0.441822 0.700001
v -13.932626 0.427875 0.700001
v -13.943486 0.416407 0.700001
v -13.955927 0.407296 0.700001
v -13.969923 0.400422 0.700001
v -13.985451 0.395662 0.700001
v -14.002485 0.392895 0.700001
v -14.021002 0.392000 0.700001
v -14.038035 0.393300 0.700001
v -14.057524 0.397153 0.700001
v -14.079297 0.403484 0.700001
v -14.103186 0.412222 0.700001
v -14.129019 0.423293 0.700001
v -14.156626 0.436625 0.700001
v -14.185837 0.452144 0.700001
v -14.216482 0.469778 0.700001
v -14.248391 0.489453 0.700001
v -14.281394 0.511097 0.700001
v -14.315321 0.534637 0.700001
v -14.350001 0.560000 0.700001
v -14.350001 0.182000 0.700001
v -13.147688 1.508391 0.700001
v -13.020651 1.462125 0.700001
v -12.899253 1.414547 0.700001
v -12.784855 1.365000 0.700001
v -12.678818 1.312828 0.700001
v -12.582503 1.257375 0.700001
v -12.497272 1.197984 0.700001
v -12.424484 1.134000 0.700001
v -12.365502 1.064766 0.700001
v -12.321688 0.989625 0.700001
v -12.294400 0.907922 0.700001
v -12.285002 0.819000 0.700001
v -12.288872 0.755915 0.700001
v -12.300202 0.696403 0.700001
v -12.318582 0.640828 0.700001
v -12.343596 0.589556 0.700001
v -12.374832 0.542950 0.700001
v -12.411878 0.501375 0.700001
v -12.454319 0.465196 0.700001
v -12.501743 0.434778 0.700001
v -12.553737 0.410484 0.700001
v -12.609886 0.392681 0.700001
v -12.669779 0.381731 0.700001
v -12.733002 0.378000 0.700001
v -12.781710 0.380021 0.700001
v -12.829835 0.386005 0.700001
v -12.877377 0.395828 0.700001
v -12.924335 0.409370 0.700001
v -12.970710 0.426510 0.700001
v -13.016501 0.447125 0.700001
v -13.061709 0.471094 0.700001
v -13.106335 0.498296 0.700001
v -13.150376 0.528609 0.700001
v -13.193834 0.561912 0.700001
v -13.236710 0.598083 0.700001
v -13.279001 0.637000 0.700001
v -13.279001 1.554000 0.700001
v -11.092100 0.247763 0.700001
v -10.998880 0.193019 0.700001
v -10.905563 0.143719 0.700001
v -10.811371 0.099815 0.700001
v -10.715526 0.061258 0.700001
v -10.617250 0.028000 0.700001
v -10.515767 -0.000008 0.700001
v -10.410297 -0.022815 0.700001
v -10.300063 -0.040469 0.700001
v -10.184288 -0.053018 0.700001
v -10.062193 -0.060513 0.700001
v -9.933001 -0.063000 0.700001
v -9.697107 -0.046659 0.700001
v -9.479686 0.000648 0.700001
v -9.281125 0.076344 0.700001
v -9.101815 0.177852 0.700001
v -8.942143 0.302596 0.700001
v -8.802500 0.448000 0.700001
v -8.683273 0.611487 0.700001
v -8.584852 0.790482 0.700001
v -8.507626 0.982406 0.700001
v -8.451982 1.184685 0.700001
v -8.418311 1.394742 0.700001
v -8.407001 1.610000 0.700001
v -8.419348 1.841389 0.700001
v -8.455611 2.058778 0.700001
v -8.514626 2.261000 0.700001
v -8.595222 2.446889 0.700001
v -8.696237 2.615278 0.700001
v -8.816501 2.765000 0.700001
v -8.954848 2.894889 0.700001
v -9.110112 3.003778 0.700001
v -9.281126 3.090500 0.700001
v -9.466723 3.153889 0.700001
v -9.665737 3.192778 0.700001
v -9.877001 3.206000 0.700001
v -10.078847 3.194172 0.700001
v -10.267348 3.158621 0.700001
v -10.441704 3.099250 0.700001
v -10.601111 3.015963 0.700001
v -10.744769 2.908662 0.700001
v -10.871875 2.777250 0.700001
v -10.981627 2.621630 0.700001
v -11.073222 2.441704 0.700001
v -11.145860 2.237375 0.700001
v -11.198736 2.008546 0.700001
v -11.231050 1.755121 0.700001
v -11.242001 1.477000 0.700001
v -9.030001 1.477000 0.700001
v -9.059890 1.327533 0.700001
v -9.100521 1.190681 0.700001
v -9.151846 1.066516 0.700001
v -9.213817 0.955111 0.700001
v -9.286385 0.856540 0.700001
v -9.369501 0.770875 0.700001
v -9.463118 0.698189 0.700001
v -9.567185 0.638556 0.700001
v -9.681657 0.592047 0.700001
v -9.806482 0.558736 0.700001
v -9.941613 0.538696 0.700001
v -10.087001 0.532000 0.700001
v -10.181079 0.534893 0.700001
v -10.274380 0.543472 0.700001
v -10.367000 0.557594 0.700001
v -10.459037 0.577111 0.700001
v -10.550588 0.601879 0.700001
v -10.641749 0.631750 0.700001
v -10.732619 0.666580 0.700001
v -10.823296 0.706222 0.700001
v -10.913875 0.750531 0.700001
v -11.004454 0.799361 0.700001
v -11.095130 0.852566 0.700001
v -11.186001 0.910000 0.700001
v -11.186001 0.308000 0.700001
v -10.615550 2.005281 0.700001
v -10.594891 2.112833 0.700001
v -10.564314 2.212219 0.700001
v -10.524113 2.303000 0.700001
v -10.474578 2.384740 0.700001
v -10.416001 2.457000 0.700001
v -10.348675 2.519344 0.700001
v -10.272890 2.571333 0.700001
v -10.188939 2.612531 0.700001
v -10.097113 2.642500 0.700001
v -9.997703 2.660802 0.700001
v -9.891001 2.667000 0.700001
v -9.775946 2.661203 0.700001
v -9.668815 2.643959 0.700001
v -9.569656 2.615485 0.700001
v -9.478518 2.576000 0.700001
v -9.395451 2.525724 0.700001
v -9.320500 2.464875 0.700001
v -9.253716 2.393672 0.700001
v -9.195148 2.312334 0.700001
v -9.144844 2.221078 0.700001
v -9.102852 2.120125 0.700001
v -9.069221 2.009693 0.700001
v -9.044001 1.890000 0.700001
v -10.626001 1.890000 0.700001
v -7.042000 0.000000 0.700001
v -7.042000 4.774000 0.700000
v -7.665000 4.774000 0.700000
v -7.665000 0.000000 0.700001
v -6.077674 3.791834 0.700000
v -5.935385 3.865913 0.700000
v -5.795673 3.932360 0.700000
v -5.658075 3.991297 0.700000
v -5.522130 4.042845 0.700000
v -5.387376 4.087126 0.700000
v -5.253351 4.124260 0.700000
v -5.119593 4.154371 0.700000
v -4.985641 4.177578 0.700000
v -4.851033 4.194005 0.700000
v -4.715306 4.203772 0.700000
v -4.578000 4.207000 0.700000
v -4.311142 4.191104 0.700000
v -4.057797 4.144584 0.700000
v -3.819813 4.069188 0.700000
v -3.599037 3.966667 0.700000
v -3.397317 3.838771 0.700000
v -3.216500 3.687250 0.700000
v -3.058433 3.513854 0.700000
v -2.924963 3.320333 0.700000
v -2.817938 3.108438 0.700000
v -2.739204 2.879917 0.700000
v -2.690609 2.636521 0.700000
v -2.674000 2.380000 0.700000
v -2.690091 2.119343 0.700000
v -2.737390 1.873829 0.700000
v -2.814438 1.644891 0.700000
v -2.919778 1.433963 0.700000
v -3.051952 1.242480 0.700000
v -3.209501 1.071875 0.700000
v -3.390966 0.923583 0.700000
v -3.594890 0.799037 0.700000
v -3.819813 0.699672 0.700000
v -4.064279 0.626921 0.700000
v -4.326827 0.582219 0.700000
v -4.606000 0.567000 0.700000
v -4.741715 0.570921 0.700000
v -4.879130 0.582620 0.700000
v -5.017907 0.602000 0.700000
v -5.157704 0.628963 0.700000
v -5.298182 0.663412 0.700000
v -5.439001 0.705250 0.700000
v -5.579819 0.754380 0.700000
v -5.720297 0.810704 0.700000
v -5.860095 0.874125 0.700000
v -5.998871 0.944546 0.700000
v -6.136287 1.021870 0.700000
v -6.272001 1.106000 0.700000
v -6.272001 0.357000 0.700001
v -6.153762 0.297269 0.700001
v -6.033093 0.240819 0.700001
v -5.909313 0.188016 0.700001
v -5.781741 0.139222 0.700000
v -5.649697 0.094804 0.700000
v -5.512500 0.055125 0.700000
v -5.369470 0.020550 0.700000
v -5.219926 -0.008556 0.700000
v -5.063188 -0.031828 0.700000
v -4.898574 -0.048903 0.700000
v -4.725405 -0.059415 0.700000
v -4.543000 -0.063000 0.700000
v -4.115871 -0.035287 0.700000
v -3.729964 0.043783 0.700000
v -3.384501 0.168110 0.700000
v -3.078704 0.331593 0.700000
v -2.811797 0.528132 0.700000
v -2.583000 0.751625 0.700000
v -2.391537 0.995973 0.700000
v -2.236630 1.255074 0.700000
v -2.117500 1.522828 0.700000
v -2.033371 1.793134 0.700000
v -1.983463 2.059892 0.700000
v -1.967000 2.317000 0.700000
v -1.989503 2.672445 0.700000
v -2.055440 3.009222 0.700000
v -2.162454 3.325000 0.700000
v -2.308186 3.617445 0.700000
v -2.490279 3.884222 0.700000
v -2.706376 4.123000 0.700000
v -2.954118 4.331445 0.700000
v -3.231149 4.507223 0.700000
v -3.535110 4.648000 0.700000
v -3.863644 4.751445 0.700000
v -4.214394 4.815223 0.700000
v -4.585001 4.837000 0.700000
v -4.707732 4.834502 0.700000
v -4.831264 4.826922 0.700000
v -4.956110 4.814142 0.700000
v -5.082778 4.796038 0.700000
v -5.211780 4.772490 0.700000
v -5.343626 4.743376 0.700000
v -5.478825 4.708574 0.700000
v -5.617889 4.667964 0.700000
v -5.761329 4.621422 0.700000
v -5.909653 4.568829 0.700000
v -6.063374 4.510062 0.700000
v -6.223001 4.445000 0.700000
v -6.223001 3.710000 0.700000
v 0.695901 0.247763 0.700000
v 0.789121 0.193019 0.700000
v 0.882438 0.143719 0.700000
v 0.976630 0.099815 0.700000
v 1.072475 0.061258 0.700000
v 1.170750 0.028000 0.700000
v 1.272234 -0.000008 0.700000
v 1.377704 -0.022815 0.700000
v 1.487938 -0.040469 0.700000
v 1.603713 -0.053018 0.700000
v 1.725808 -0.060513 0.700000
v 1.855000 -0.063000 0.700000
v 2.090894 -0.046659 0.700000
v 2.308315 0.000648 0.700000
v 2.506875 0.076344 0.700000
v 2.686185 0.177852 0.700000
v 2.845857 0.302596 0.700000
v 2.985500 0.448000 0.700000
v 3.104727 0.611487 0.700000
v 3.203148 0.790482 0.700000
v 3.280375 0.982406 0.700000
v 3.336019 1.184685 0.700000
v 3.369690 1.394742 0.700000
v 3.381000 1.610000 0.700000
v 3.368653 1.841389 0.700000
v 3.332389 2.058778 0.700000
v 3.273375 2.261000 0.700000
v 3.192778 2.446889 0.700000
v 3.091764 2.615278 0.700000
v 2.971500 2.765000 0.700000
v 2.833153 2.894889 0.700000
v 2.677889 3.003778 0.700000
v 2.506875 3.090500 0.700000
v 2.321278 3.153889 0.700000
v 2.122264 3.192778 0.700000
v 1.911000 3.206000 0.700000
v 1.709155 3.194172 0.700000
v 1.520653 3.158621 0.700000
v 1.346297 3.099250 0.700000
v 1.186889 3.015963 0.700000
v 1.043231 2.908662 0.700000
v 0.916125 2.777250 0.700000
v 0.806374 2.621630 0.700000
v 0.714778 2.441704 0.700000
v 0.642141 2.237375 0.700000
v 0.589264 2.008546 0.700000
v 0.556950 1.755121 0.700000
v 0.546000 1.477000 0.700000
v 2.758000 1.477000 0.700000
v 2.728113 1.327533 0.700000
v 2.687482 1.190681 0.700000
v 2.636157 1.066516 0.700000
v 2.574186 0.955111 0.700000
v 2.501617 0.856540 0.700000
v 2.418500 0.770875 0.700000
v 2.324883 0.698189 0.700000
v 2.220815 0.638556 0.700000
v 2.106344 0.592047 0.700000
v 1.981519 0.558736 0.700000
v 1.846388 0.538696 0.700000
v 1.701000 0.532000 0.700000
v 1.606922 0.534893 0.700000
v 1.513621 0.543472 0.700000
v 1.421001 0.557594 0.700000
v 1.328964 0.577111 0.700000
v 1.237413 0.601879 0.700000
v 1.146250 0.631750 0.700000
v 1.055380 0.666580 0.700000
v 0.964704 0.706222 0.700000
v 0.874125 0.750531 0.700000
v 0.783547 0.799361 0.700000
v 0.692871 0.852566 0.700000
v 0.602000 0.910000 0.700000
v 0.602000 0.308000 0.700000
v 1.172452 2.005281 0.700000
v 1.193112 2.112833 0.700000
v 1.223688 2.212219 0.700000
v 1.263889 2.303000 0.700000
v 1.313424 2.384740 0.700000
v 1.372000 2.457000 0.700000
v 1.439327 2.519344 0.700000
v 1.515111 2.571333 0.700000
v 1.599063 2.612531 0.700000
v 1.690889 2.642500 0.700000
v 1.790299 2.660802 0.700000
v 1.897000 2.667000 0.700000
v 2.012054 2.661203 0.700000
v 2.119185 2.643959 0.700000
v 2.218344 2.615485 0.700000
v 2.309482 2.576000 0.700000
v 2.392550 2.525724 0.700000
v 2.467500 2.464875 0.700000
v 2.534284 2.393672 0.700000
v 2.592852 2.312334 0.700000
v 2.643157 2.221078 0.700000
v 2.685148 2.120125 0.700000
v 2.718779 2.009693 0.700000
v 2.744000 1.890000 0.700000
v 1.162000 1.890000 0.700000
v 8.029000 2.730000 0.699999
v 7.948930 2.807008 0.699999
v 7.869686 2.877065 0.699999
v 7.791220 2.940219 0.699999
v 7.713482 2.996519 0.699999
v 7.636425 3.046013 0.699999
v 7.560001 3.088750 0.699999
v 7.484159 3.124779 0.699999
v 7.408853 3.154148 0.699999
v 7.334032 3.176907 0.699999
v 7.259649 3.193102 0.699999
v 7.185655 3.202784 0.699999
v 7.112000 3.206000 0.699999
v 7.013737 3.201929 0.699999
v 6.918561 3.189764 0.699999
v 6.826641 3.169579 0.699999
v 6.738149 3.141445 0.699999
v 6.653254 3.105436 0.699999
v 6.572125 3.061625 0.699999
v 6.494935 3.010085 0.699999
v 6.421852 2.950889 0.699999
v 6.353047 2.884109 0.699999
v 6.288691 2.809819 0.699999
v 6.228951 2.728092 0.699999
v 6.174001 2.639000 0.699999
v 6.104548 2.714858 0.699999
v 6.032543 2.787945 0.699999
v 5.957767 2.857531 0.699999
v 5.880001 2.922889 0.699999
v 5.799027 2.983288 0.699999
v 5.714626 3.038000 0.699999
v 5.626579 3.086295 0.699999
v 5.534667 3.127445 0.699999
v 5.438673 3.160719 0.699999
v 5.338376 3.185389 0.699999
v 5.233558 3.200726 0.699999
v 5.124001 3.206000 0.699999
v 4.969664 3.195930 0.699999
v 4.825560 3.166269 0.699999
v 4.692297 3.117844 0.699999
v 4.570482 3.051482 0.699999
v 4.460722 2.968008 0.699999
v 4.363626 2.868250 0.699999
v 4.279800 2.753034 0.700000
v 4.209853 2.623185 0.700000
v 4.154391 2.479531 0.700000
v 4.114024 2.322898 0.700000
v 4.089357 2.154112 0.700000
v 4.081000 1.974000 0.700000
v 4.081000 0.000000 0.700000
v 4.704000 0.000000 0.700000
v 4.704000 1.946000 0.700000
v 4.709992 2.060455 0.700000
v 4.727431 2.165723 0.699999
v 4.755517 2.261657 0.699999
v 4.793445 2.348111 0.699999
v 4.840415 2.424941 0.699999
v 4.895626 2.492000 0.699999
v 4.958273 2.549143 0.699999
v 5.027556 2.596222 0.699999
v 5.102672 2.633094 0.699999
v 5.182820 2.659611 0.699999
v 5.267197 2.675629 0.699999
v 5.355000 2.681000 0.699999
v 5.407140 2.679031 0.699999
v 5.461783 2.669917 0.699999
v 5.518516 2.654094 0.699999
v 5.576926 2.632000 0.699999
v 5.636600 2.604073 0.699999
v 5.697125 2.570750 0.699999
v 5.758088 2.532469 0.699999
v 5.819074 2.489667 0.699999
v 5.879672 2.442781 0.699999
v 5.939468 2.392250 0.699999
v 5.998048 2.338511 0.699999
v 6.055000 2.282000 0.699999
v 6.055000 0.000000 0.699999
v 6.678000 0.000000 0.699999
v 6.678000 1.953000 0.699999
v 6.683275 2.074669 0.699999
v 6.698612 2.184356 0.699999
v 6.723282 2.282328 0.699999
v 6.756557 2.368852 0.699999
v 6.797706 2.444195 0.699999
v 6.846001 2.508625 0.699999
v 6.900712 2.562409 0.699999
v 6.961112 2.605815 0.699999
v 7.026470 2.639109 0.699999
v 7.096056 2.662560 0.699999
v 7.169143 2.676435 0.699999
v 7.245001 2.681000 0.699999
v 7.321653 2.678898 0.699999
v 7.394464 2.672348 0.699999
v 7.463970 2.660985 0.699999
v 7.530704 2.644445 0.699999
v 7.595203 2.622363 0.699999
v 7.658001 2.594375 0.699999
v 7.719632 2.560117 0.699999
v 7.780631 2.519222 0.699999
v 7.841532 2.471328 0.699999
v 7.902871 2.416070 0.699999
v 7.965182 2.353082 0.699999
v 8.029000 2.282000 0.699999
v 8.029000 0.000000 0.699999
v 8.652000 0.000000 0.699999
v 8.652000 3.143000 0.699999
v 8.029000 3.143000 0.699999
v 9.245393 0.137476 0.699999
v 9.307635 0.098227 0.699999
v 9.364579 0.063984 0.699999
v 9.417075 0.034482 0.699999
v 9.465974 0.009451 0.699999
v 9.512126 -0.011375 0.699999
v 9.556382 -0.028263 0.699999
v 9.599593 -0.041481 0.699999
v 9.642610 -0.051297 0.699999
v 9.686282 -0.057977 0.699999
v 9.731462 -0.061789 0.699999
v 9.779000 -0.063000 0.699999
v 9.844647 -0.060942 0.699999
v 9.905165 -0.054704 0.699999
v 9.960674 -0.044188 0.699999
v 10.011299 -0.029296 0.699999
v 10.057159 -0.009933 0.699999
v 10.098377 0.014000 0.699999
v 10.135075 0.042600 0.699999
v 10.167373 0.075963 0.699999
v 10.195393 0.114188 0.699999
v 10.219256 0.157370 0.699999
v 10.239085 0.205609 0.699999
v 10.255001 0.259000 0.699999
v 10.323534 0.207079 0.699999
v 10.392602 0.159801 0.699999
v 10.462156 0.117141 0.699999
v 10.532148 0.079074 0.699999
v 10.602530 0.045577 0.699999
v 10.673250 0.016625 0.699999
v 10.744263 -0.007806 0.699999
v 10.815518 -0.027741 0.699999
v 10.886969 -0.043203 0.699999
v 10.958565 -0.054218 0.699999
v 11.030258 -0.060808 0.699999
v 11.102000 -0.063000 0.699999
v 11.214202 -0.055603 0.699999
v 11.319453 -0.034157 0.699999
v 11.417218 0.000219 0.699999
v 11.506963 0.046407 0.699999
v 11.588152 0.103291 0.699999
v 11.660251 0.169750 0.699999
v 11.722724 0.244668 0.699999
v 11.775038 0.326926 0.699999
v 11.816657 0.415406 0.699999
v 11.847047 0.508991 0.699999
v 11.865673 0.606561 0.699999
v 11.872001 0.707000 0.699999
v 11.860554 0.853956 0.699999
v 11.827668 0.984310 0.699999
v 11.775533 1.099547 0.699999
v 11.706335 1.201148 0.699999
v 11.622262 1.290597 0.699999
v 11.525501 1.369375 0.699999
v 11.418241 1.438966 0.699999
v 11.302668 1.500852 0.699999
v 11.180969 1.556516 0.699999
v 11.055334 1.607440 0.699999
v 10.927949 1.655107 0.699999
v 10.801001 1.701000 0.699999
v 10.248001 1.897000 0.699999
v 10.248001 2.065000 0.699999
v 10.251940 2.158228 0.699999
v 10.263752 2.242074 0.699999
v 10.283440 2.316782 0.699999
v 10.311002 2.382593 0.699999
v 10.346439 2.439751 0.699999
v 10.389751 2.488500 0.699999
v 10.440939 2.529082 0.699999
v 10.500001 2.561741 0.699999
v 10.566938 2.586719 0.699999
v 10.641750 2.604259 0.699999
v 10.724438 2.614605 0.699999
v 10.815001 2.618000 0.699999
v 10.900864 2.614626 0.699999
v 10.986824 2.604421 0.699999
v 11.072687 2.587266 0.699999
v 11.158259 2.563037 0.699999
v 11.243345 2.531614 0.699999
v 11.327750 2.492875 0.699999
v 11.411281 2.446699 0.699999
v 11.493741 2.392963 0.699999
v 11.574938 2.331547 0.699999
v 11.654676 2.262329 0.699999
v 11.732762 2.185187 0.699999
v 11.809001 2.100000 0.699999
v 11.809001 2.779000 0.699999
v 11.745702 2.847692 0.699999
v 11.678270 2.910283 0.699999
v 11.606658 2.966797 0.699999
v 11.530816 3.017260 0.699999
v 11.450697 3.061694 0.699999
v 11.366251 3.100125 0.699999
v 11.277431 3.132577 0.699999
v 11.184186 3.159075 0.699999
v 11.086470 3.179641 0.699999
v 10.984232 3.194301 0.699999
v 10.877425 3.203080 0.699999
v 10.766001 3.206000 0.699999
v 10.609737 3.199251 0.699999
v 10.460302 3.178843 0.699999
v 10.318986 3.144531 0.699999
v 10.187076 3.096074 0.699999
v 10.065860 3.033228 0.699999
v 9.956627 2.955750 0.699999
v 9.860664 2.863397 0.699999
v 9.779261 2.755926 0.699999
v 9.713704 2.633094 0.699999
v 9.665283 2.494658 0.699999
v 9.635286 2.340374 0.699999
v 9.625001 2.170000 0.699999
v 9.625001 0.553000 0.699999
v 9.624130 0.524834 0.699999
v 9.621533 0.499755 0.699999
v 9.617235 0.477641 0.699999
v 9.611260 0.458370 0.699999
v 9.603632 0.441822 0.699999
v 9.594376 0.427875 0.699999
v 9.583515 0.416407 0.699999
v 9.571074 0.407296 0.699999
v 9.557078 0.400422 0.699999
v 9.541552 0.395662 0.699999
v 9.524517 0.392895 0.699999
v 9.506001 0.392000 0.699999
v 9.488966 0.393300 0.699999
v 9.469477 0.397153 0.699999
v 9.447703 0.403484 0.699999
v 9.423815 0.412222 0.699999
v 9.397982 0.423293 0.699999
v 9.370375 0.436625 0.699999
v 9.341164 0.452144 0.699999
v 9.310518 0.469778 0.699999
v 9.278609 0.489453 0.699999
v 9.245606 0.511097 0.699999
v 9.211680 0.534637 0.699999
v 9.177001 0.560000 0.699999
v 9.177001 0.182000 0.699999
v 10.379314 1.508391 0.699999
v 10.506351 1.462125 0.699999
v 10.627749 1.414547 0.699999
v 10.742147 1.365000 0.699999
v 10.848185 1.312828 0.699999
v 10.944499 1.257375 0.699999
v 11.029731 1.197984 0.699999
v 11.102518 1.134000 0.699999
v 11.161500 1.064766 0.699999
v 11.205315 0.989625 0.699999
v 11.232602 0.907922 0.699999
v 11.242001 0.819000 0.699999
v 11.238132 0.755915 0.699999
v 11.226801 0.696403 0.699999
v 11.208422 0.640828 0.699999
v 11.183407 0.589556 0.699999
v 11.152170 0.542950 0.699999
v 11.115125 0.501375 0.699999
v 11.072683 0.465196 0.699999
v 11.025259 0.434778 0.699999
v 10.973266 0.410484 0.699999
v 10.917116 0.392681 0.699999
v 10.857224 0.381731 0.699999
v 10.794001 0.378000 0.699999
v 10.745293 0.380021 0.699999
v 10.697167 0.386005 0.699999
v 10.649626 0.395828 0.699999
v 10.602668 0.409370 0.699999
v 10.556293 0.426510 0.699999
v 10.510501 0.447125 0.699999
v 10.465293 0.471094 0.699999
v 10.420668 0.498296 0.699999
v 10.376626 0.528609 0.699999
v 10.333168 0.561912 0.699999
v 10.290293 0.598083 0.699999
v 10.248001 0.637000 0.699999
v 10.248001 1.554000 0.699999
v 12.679924 0.262468 0.699999
v 12.832814 0.202741 0.699999
v 12.982594 0.149625 0.699999
v 13.130185 0.102926 0.699999
v 13.276513 0.062449 0.699999
v 13.422501 0.028000 0.699999
v 13.569071 -0.000616 0.699999
v 13.717149 -0.023593 0.699999
v 13.867657 -0.041125 0.699999
v 14.021519 -0.053407 0.699999
v 14.179659 -0.060634 0.699999
v 14.343000 -0.063000 0.699999
v 14.700329 -0.042081 0.699999
v 15.039209 0.019185 0.699999
v 15.357236 0.118562 0.699999
v 15.652001 0.253815 0.699999
v 15.921101 0.422706 0.699999
v 16.162127 0.623000 0.699999
v 16.372673 0.852461 0.699998
v 16.550335 1.108852 0.699998
v 16.692705 1.389938 0.699998
v 16.797377 1.693482 0.699998
v 16.861944 2.017248 0.699998
v 16.884001 2.359000 0.699998
v 16.861395 2.703325 0.699998
v 16.795332 3.031098 0.699998
v 16.688437 3.339766 0.699998
v 16.543333 3.626778 0.699998
v 16.362646 3.889582 0.699998
v 16.149000 4.125626 0.699998
v 15.905022 4.332356 0.699998
v 15.633334 4.507223 0.699998
v 15.336563 4.647672 0.699998
v 15.017334 4.751153 0.699998
v 14.678271 4.815113 0.699998
v 14.322001 4.837000 0.699998
v 14.185198 4.835028 0.699999
v 14.053571 4.828802 0.699999
v 13.925299 4.817860 0.699999
v 13.798557 4.801742 0.699999
v 13.671524 4.779984 0.699999
v 13.542377 4.752126 0.699999
v 13.409291 4.717705 0.699999
v 13.270446 4.676260 0.699999
v 13.124017 4.627328 0.699999
v 12.968182 4.570449 0.699999
v 12.801117 4.505160 0.699999
v 12.621000 4.431000 0.699999
v 12.621000 3.738000 0.699999
v 12.761423 3.811930 0.699999
v 12.902622 3.879685 0.699999
v 13.044502 3.941219 0.699999
v 13.186965 3.996482 0.699999
v 13.329914 4.045425 0.699999
v 13.473252 4.088000 0.699999
v 13.616882 4.124159 0.699999
v 13.760706 4.153852 0.699999
v 13.904627 4.177032 0.699999
v 14.048548 4.193648 0.699999
v 14.192371 4.203654 0.699999
v 14.336000 4.207000 0.699999
v 14.589854 4.190836 0.699999
v 14.832091 4.143611 0.699998
v 15.060718 4.067219 0.699998
v 15.273740 3.963556 0.699998
v 15.469165 3.834517 0.699998
v 15.645000 3.682000 0.699998
v 15.799251 3.507900 0.699998
v 15.929925 3.314111 0.699998
v 16.035030 3.102531 0.699998
v 16.112574 2.875056 0.699998
v 16.160561 2.633580 0.699998
v 16.177000 2.380000 0.699998
v 16.160645 2.120814 0.699998
v 16.112640 1.876259 0.699998
v 16.034595 1.647844 0.699998
v 15.928112 1.437074 0.699999
v 15.794796 1.245457 0.699999
v 15.636250 1.074500 0.699999
v 15.454081 0.925710 0.699999
v 15.249889 0.800593 0.699999
v 15.025282 0.700656 0.699999
v 14.781862 0.627407 0.699999
v 14.521234 0.582353 0.699999
v 14.245001 0.567000 0.699999
v 14.152964 0.568714 0.699999
v 14.062287 0.573708 0.699999
v 13.972876 0.581766 0.699999
v 13.884630 0.592667 0.699999
v 13.797454 0.606193 0.699999
v 13.711250 0.622125 0.699999
v 13.625921 0.640245 0.699999
v 13.541370 0.660333 0.699999
v 13.457500 0.682172 0.699999
v 13.374213 0.705542 0.699999
v 13.291412 0.730224 0.699999
v 13.209001 0.756000 0.699999
v 13.209001 1.736000 0.699999
v 14.126001 1.736000 0.699999
v 14.126001 2.352000 0.699999
v 12.523001 2.352000 0.699999
v 12.523001 0.329000 0.699999
v 12.679924 0.262468 0.699999
v 12.679924 0.262468 -0.700001
v 12.832814 0.202741 0.699999
v 12.832814 0.202741 -0.700001
v 12.982594 0.149625 0.699999
v 12.982594 0.149625 -0.700001
v 13.130185 0.102926 0.699999
v 13.130185 0.102926 -0.700001
v 13.276513 0.062449 0.699999
v 13.276513 0.062449 -0.700001
v 13.422501 0.028000 0.699999
v 13.422501 0.028000 -0.700001
v 13.569071 -0.000616 0.699999
v 13.569071 -0.000616 -0.700001
v 13.717149 -0.023593 0.699999
v 13.717149 -0.023593 -0.700001
v 13.867657 -0.041125 0.699999
v 13.867657 -0.041125 -0.700001
v 14.021519 -0.053407 0.699999
v 14.021519 -0.053407 -0.700001
v 14.179659 -0.060634 0.699999
v 14.179659 -0.060634 -0.700001
v 14.343000 -0.063000 0.699999
v 14.343000 -0.063000 -0.700001
v 14.700329 -0.042081 0.699999
v 14.700329 -0.042081 -0.700001
v 15.039209 0.019185 0.699999
v 15.039209 0.019185 -0.700001
v 15.357236 0.118562 0.699999
v 15.357236 0.118562 -0.700001
v 15.652001 0.253815 0.699999
v 15.652001 0.253815 -0.700001
v 15.921101 0.422706 0.699999
v 15.921101 0.422706 -0.700001
v 16.162127 0.623000 0.699999
v 16.162127 0.623000 -0.700001
v 16.372673 0.852461 0.699998
v 16.372673 0.852461 -0.700001
v 16.550335 1.108852 0.699998
v 16.550335 1.108852 -0.700001
v 16.692705 1.389938 0.699998
v 16.692705 1.389938 -0.700002
v 16.797377 1.693482 0.699998
v 16.797377 1.693482 -0.700002
v 16.861944 2.017248 0.699998
v 16.861944 2.017248 -0.700002
v 16.884001 2.359000 0.699998
v 16.884001 2.359000 -0.700002
v 16.861395 2.703325 0.699998
v 16.861395 2.703325 -0.700002
v 16.795332 3.031098 0.699998
v 16.795332 3.031098 -0.700002
v 16.688437 3.339766 0.699998
v 16.688437 3.339766 -0.700002
v 16.543333 3.626778 0.699998
v 16.543333 3.626778 -0.700002
v 16.362646 3.889582 0.699998
v 16.362646 3.889582 -0.700002
v 16.149000 4.125626 0.699998
v 16.149000 4.125626 -0.700002
v 15.905022 4.332356 0.699998
v 15.905022 4.332356 -0.700002
v 15.633334 4.507223 0.699998
v 15.633334 4.507223 -0.700002
v 15.336563 4.647672 0.699998
v 15.336563 4.647672 -0.700002
v 15.017334 4.751153 0.699998
v 15.017334 4.751153 -0.700002
v 14.678271 4.815113 0.699998
v 14.678271 4.815113 -0.700001
v 14.322001 4.837000 0.699998
v 14.322001 4.837000 -0.700001
v 14.185198 4.835028 0.699999
v 14.185198 4.835028 -0.700001
v 14.053571 4.828802 0.699999
v 14.053571 4.828802 -0.700001
v 13.925299 4.817860 0.699999
v 13.925299 4.817860 -0.700001
v 13.798557 4.801742 0.699999
v 13.798557 4.801742 -0.700001
v 13.671524 4.779984 0.699999
v 13.671524 4.779984 -0.700001
v 13.542377 4.752126 0.699999
v 13.542377 4.752126 -0.700001
v 13.409291 4.717705 0.699999
v 13.409291 4.717705 -0.700001
v 13.270446 4.676260 0.699999
v 13.270446 4.676260 -0.700001
v 13.124017 4.627328 0.699999
v 13.124017 4.627328 -0.700001
v 12.968182 4.570449 0.699999
v 12.968182 4.570449 -0.700001
v 12.801117 4.505160 0.699999
v 12.801117 4.505160 -0.700001
v 12.621000 4.431000 0.699999
v 12.621000 4.431000 -0.700001
v 12.621000 3.738000 0.699999
v 12.621000 3.738000 -0.700001
v 12.761423 3.811930 0.699999
v 12.761423 3.811930 -0.700001
v 12.902622 3.879685 0.699999
v 12.902622 3.879685 -0.700001
v 13.044502 3.941219 0.699999
v 13.044502 3.941219 -0.700001
v 13.186965 3.996482 0.699999
v 13.186965 3.996482 -0.700001
v 13.329914 4.045425 0.699999
v 13.329914 4.045425 -0.700001
v 13.473252 4.088000 0.699999
v 13.473252 4.088000 -0.700001
v 13.616882 4.124159 0.699999
v 13.616882 4.124159 -0.700001
v 13.760706 4.153852 0.699999
v 13.760706 4.153852 -0.700001
v 13.904627 4.177032 0.699999
v 13.904627 4.177032 -0.700001
v 14.048548 4.193648 0.699999
v 14.048548 4.193648 -0.700001
v 14.192371 4.203654 0.699999
v 14.192371 4.203654 -0.700001
v 14.336000 4.207000 0.699999
v 14.336000 4.207000 -0.700001
v 14.589854 4.190836 0.699999
v 14.589854 4.190836 -0.700001
v 14.832091 4.143611 0.699998
v 14.832091 4.143611 -0.700001
v 15.060718 4.067219 0.699998
v 15.060718 4.067219 -0.700001
v 15.273740 3.963556 0.699998
v 15.273740 3.963556 -0.700001
v 15.469165 3.834517 0.699998
v 15.469165 3.834517 -0.700002
v 15.645000 3.682000 0.699998
v 15.645000 3.682000 -0.700002
v 15.799251 3.507900 0.699998
v 15.799251 3.507900 -0.700002
v 15.929925 3.314111 0.699998
v 15.929925 3.314111 -0.700002
v 16.035030 3.102531 0.699998
v 16.035030 3.102531 -0.700002
v 16.112574 2.875056 0.699998
v 16.112574 2.875056 -0.700002
v 16.160561 2.633580 0.699998
v 16.160561 2.633580 -0.700002
v 16.177000 2.380000 0.699998
v 16.177000 2.380000 -0.700001
v 16.160645 2.120814 0.699998
v 16.160645 2.120814 -0.700001
v 16.112640 1.876259 0.699998
v 16.112640 1.876259 -0.700001
v 16.034595 1.647844 0.699998
v 16.034595 1.647844 -0.700001
v 15.928112 1.437074 0.699999
v 15.928112 1.437074 -0.700001
v 15.794796 1.245457 0.699999
v 15.794796 1.245457 -0.700001
v 15.636250 1.074500 0.699999
v 15.636250 1.074500 -0.700001
v 15.454081 0.925710 0.699999
v 15.454081 0.925710 -0.700001
v 15.249889 0.800593 0.699999
v 15.249889 0.800593 -0.700001
v 15.025282 0.700656 0.699999
v 15.025282 0.700656 -0.700001
v 14.781862 0.627407 0.699999
v 14.781862 0.627407 -0.700001
v 14.521234 0.582353 0.699999
v 14.521234 0.582353 -0.700001
v 14.245001 0.567000 0.699999
v 14.245001 0.567000 -0.700001
v 14.152964 0.568714 0.699999
v 14.152964 0.568713 -0.700001
v 14.062287 0.573708 0.699999
v 14.062287 0.573708 -0.700001
v 13.972876 0.581766 0.699999
v 13.972876 0.581766 -0.700001
v 13.884630 0.592667 0.699999
v 13.884630 0.592667 -0.700001
v 13.797454 0.606193 0.699999
v 13.797454 0.606193 -0.700001
v 13.711250 0.622125 0.699999
v 13.711250 0.622125 -0.700001
v 13.625921 0.640245 0.699999
v 13.625921 0.640245 -0.700001
v 13.541370 0.660333 0.699999
v 13.541370 0.660333 -0.700001
v 13.457500 0.682172 0.699999
v 13.457500 0.682172 -0.700001
v 13.374213 0.705542 0.699999
v 13.374213 0.705542 -0.700001
v 13.291412 0.730224 0.699999
v 13.291412 0.730224 -0.700001
v 13.209001 0.756000 0.699999
v 13.209001 0.756000 -0.700001
v 13.209001 1.736000 0.699999
v 13.209001 1.736000 -0.700001
v 14.126001 1.736000 0.699999
v 14.126001 1.736000 -0.700001
v 14.126001 2.352000 0.699999
v 14.126001 2.352000 -0.700001
v 12.523001 2.352000 0.699999
v 12.523001 2.352000 -0.700001
v 12.523001 0.329000 0.699999
v 12.523001 0.329000 -0.700001
v 9.245393 0.137476 0.699999
v 9.245393 0.137476 -0.700001
v 9.307635 0.098227 0.699999
v 9.307635 0.098227 -0.700001
v 9.364579 0.063984 0.699999
v 9.364579 0.063984 -0.700001
v 9.417075 0.034482 0.699999
v 9.417075 0.034481 -0.700001
v 9.465974 0.009451 0.699999
v 9.465974 0.009451 -0.700001
v 9.512126 -0.011375 0.699999
v 9.512126 -0.011375 -0.700001
v 9.556382 -0.028263 0.699999
v 9.556382 -0.028263 -0.700001
v 9.599593 -0.041481 0.699999
v 9.599593 -0.041482 -0.700001
v 9.642610 -0.051297 0.699999
v 9.642610 -0.051297 -0.700001
v 9.686282 -0.057977 0.699999
v 9.686282 -0.057977 -0.700001
v 9.731462 -0.061789 0.699999
v 9.731462 -0.061789 -0.700001
v 9.779000 -0.063000 0.699999
v 9.779000 -0.063000 -0.700001
v 9.844647 -0.060942 0.699999
v 9.844647 -0.060942 -0.700001
v 9.905165 -0.054704 0.699999
v 9.905165 -0.054704 -0.700001
v 9.960674 -0.044188 0.699999
v 9.960674 -0.044188 -0.700001
v 10.011299 -0.029296 0.699999
v 10.011299 -0.029296 -0.700001
v 10.057159 -0.009933 0.699999
v 10.057159 -0.009933 -0.700001
v 10.098377 0.014000 0.699999
v 10.098377 0.014000 -0.700001
v 10.135075 0.042600 0.699999
v 10.135075 0.042599 -0.700001
v 10.167373 0.075963 0.699999
v 10.167373 0.075963 -0.700001
v 10.195393 0.114188 0.699999
v 10.195393 0.114187 -0.700001
v 10.219256 0.157370 0.699999
v 10.219256 0.157370 -0.700001
v 10.239085 0.205609 0.699999
v 10.239085 0.205609 -0.700001
v 10.255001 0.259000 0.699999
v 10.255001 0.259000 -0.700001
v 10.323534 0.207079 0.699999
v 10.323534 0.207079 -0.700001
v 10.392602 0.159801 0.699999
v 10.392602 0.159801 -0.700001
v 10.462156 0.117141 0.699999
v 10.462156 0.117141 -0.700001
v 10.532148 0.079074 0.699999
v 10.532148 0.079074 -0.700001
v 10.602530 0.045577 0.699999
v 10.602530 0.045577 -0.700001
v 10.673250 0.016625 0.699999
v 10.673250 0.016625 -0.700001
v 10.744263 -0.007806 0.699999
v 10.744263 -0.007806 -0.700001
v 10.815518 -0.027741 0.699999
v 10.815518 -0.027741 -0.700001
v 10.886969 -0.043203 0.699999
v 10.886969 -0.043203 -0.700001
v 10.958565 -0.054218 0.699999
v 10.958565 -0.054218 -0.700001
v 11.030258 -0.060808 0.699999
v 11.030258 -0.060808 -0.700001
v 11.102000 -0.063000 0.699999
v 11.102000 -0.063000 -0.700001
v 11.214202 -0.055603 0.699999
v 11.214202 -0.055603 -0.700001
v 11.319453 -0.034157 0.699999
v 11.319453 -0.034157 -0.700001
v 11.417218 0.000219 0.699999
v 11.417218 0.000219 -0.700001
v 11.506963 0.046407 0.699999
v 11.506963 0.046407 -0.700001
v 11.588152 0.103291 0.699999
v 11.588152 0.103291 -0.700001
v 11.660251 0.169750 0.699999
v 11.660251 0.169750 -0.700001
v 11.722724 0.244668 0.699999
v 11.722724 0.244668 -0.700001
v 11.775038 0.326926 0.699999
v 11.775038 0.326926 -0.700001
v 11.816657 0.415406 0.699999
v 11.816657 0.415406 -0.700001
v 11.847047 0.508991 0.699999
v 11.847047 0.508991 -0.700001
v 11.865673 0.606561 0.699999
v 11.865673 0.606561 -0.700001
v 11.872001 0.707000 0.699999
v 11.872001 0.707000 -0.700001
v 11.860554 0.853956 0.699999
v 11.860554 0.853956 -0.700001
v 11.827668 0.984310 0.699999
v 11.827668 0.984310 -0.700001
v 11.775533 1.099547 0.699999
v 11.775533 1.099547 -0.700001
v 11.706335 1.201148 0.699999
v 11.706335 1.201148 -0.700001
v 11.622262 1.290597 0.699999
v 11.622262 1.290597 -0.700001
v 11.525501 1.369375 0.699999
v 11.525501 1.369375 -0.700001
v 11.418241 1.438966 0.699999
v 11.418241 1.438966 -0.700001
v 11.302668 1.500852 0.699999
v 11.302668 1.500852 -0.700001
v 11.180969 1.556516 0.699999
v 11.180969 1.556516 -0.700001
v 11.055334 1.607440 0.699999
v 11.055334 1.607440 -0.700001
v 10.927949 1.655107 0.699999
v 10.927949 1.655107 -0.700001
v 10.801001 1.701000 0.699999
v 10.801001 1.701000 -0.700001
v 10.248001 1.897000 0.699999
v 10.248001 1.897000 -0.700001
v 10.248001 2.065000 0.699999
v 10.248001 2.065000 -0.700001
v 10.251940 2.158228 0.699999
v 10.251940 2.158228 -0.700001
v 10.263752 2.242074 0.699999
v 10.263752 2.242074 -0.700001
v 10.283440 2.316782 0.699999
v 10.283440 2.316782 -0.700001
v 10.311002 2.382593 0.699999
v 10.311002 2.382593 -0.700001
v 10.346439 2.439751 0.699999
v 10.346439 2.439751 -0.700001
v 10.389751 2.488500 0.699999
v 10.389751 2.488500 -0.700001
v 10.440939 2.529082 0.699999
v 10.440939 2.529082 -0.700001
v 10.500001 2.561741 0.699999
v 10.500001 2.561741 -0.700001
v 10.566938 2.586719 0.699999
v 10.566938 2.586719 -0.700001
v 10.641750 2.604259 0.699999
v 10.641750 2.604259 -0.700001
v 10.724438 2.614605 0.699999
v 10.724438 2.614605 -0.700001
v 10.815001 2.618000 0.699999
v 10.815001 2.618000 -0.700001
v 10.900864 2.614626 0.699999
v 10.900864 2.614626 -0.700001
v 10.986824 2.604421 0.699999
v 10.986824 2.604421 -0.700001
v 11.072687 2.587266 0.699999
v 11.072687 2.587266 -0.700001
v 11.158259 2.563037 0.699999
v 11.158259 2.563037 -0.700001
v 11.243345 2.531614 0.699999
v 11.243345 2.531614 -0.700001
v 11.327750 2.492875 0.699999
v 11.327750 2.492875 -0.700001
v 11.411281 2.446699 0.699999
v 11.411281 2.446699 -0.700001
v 11.493741 2.392963 0.699999
v 11.493741 2.392963 -0.700001
v 11.574938 2.331547 0.699999
v 11.574938 2.331547 -0.700001
v 11.654676 2.262329 0.699999
v 11.654676 2.262329 -0.700001
v 11.732762 2.185187 0.699999
v 11.732762 2.185187 -0.700001
v 11.809001 2.100000 0.699999
v 11.809001 2.100000 -0.700001
v 11.809001 2.779000 0.699999
v 11.809001 2.779000 -0.700001
v 11.745702 2.847692 0.699999
v 11.745702 2.847692 -0.700001
v 11.678270 2.910283 0.699999
v 11.678270 2.910283 -0.700001
v 11.606658 2.966797 0.699999
v 11.606658 2.966797 -0.700001
v 11.530816 3.017260 0.699999
v 11.530816 3.017260 -0.700001
v 11.450697 3.061694 0.699999
v 11.450697 3.061694 -0.700001
v 11.366251 3.100125 0.699999
v 11.366251 3.100125 -0.700001
v 11.277431 3.132577 0.699999
v 11.277431 3.132577 -0.700001
v 11.184186 3.159075 0.699999
v 11.184186 3.159075 -0.700001
v 11.086470 3.179641 0.699999
v 11.086470 3.179641 -0.700001
v 10.984232 3.194301 0.699999
v 10.984232 3.194301 -0.700001
v 10.877425 3.203080 0.699999
v 10.877425 3.203080 -0.700001
v 10.766001 3.206000 0.699999
v 10.766001 3.206000 -0.700001
v 10.609737 3.199251 0.699999
v 10.609737 3.199251 -0.700001
v 10.460302 3.178843 0.699999
v 10.460302 3.178843 -0.700001
v 10.318986 3.144531 0.699999
v 10.318986 3.144531 -0.700001
v 10.187076 3.096074 0.699999
v 10.187076 3.096074 -0.700001
v 10.065860 3.033228 0.699999
v 10.065860 3.033228 -0.700001
v 9.956627 2.955750 0.699999
v 9.956627 2.955750 -0.700001
v 9.860664 2.863397 0.699999
v 9.860664 2.863397 -0.700001
v 9.779261 2.755926 0.699999
v 9.779261 2.755926 -0.700001
v 9.713704 2.633094 0.699999
v 9.713704 2.633094 -0.700001
v 9.665283 2.494658 0.699999
v 9.665283 2.494658 -0.700001
v 9.635286 2.340374 0.699999
v 9.635286 2.340374 -0.700001
v 9.625001 2.170000 0.699999
v 9.625001 2.170000 -0.700001
v 9.625001 0.553000 0.699999
v 9.625001 0.553000 -0.700001
v 9.624130 0.524834 0.699999
v 9.624130 0.524834 -0.700001
v 9.621533 0.499755 0.699999
v 9.621533 0.499755 -0.700001
v 9.617235 0.477641 0.699999
v 9.617235 0.477641 -0.700001
v 9.611260 0.458370 0.699999
v 9.611260 0.458370 -0.700001
v 9.603632 0.441822 0.699999
v 9.603632 0.441822 -0.700001
v 9.594376 0.427875 0.699999
v 9.594376 0.427875 -0.700001
v 9.583515 0.416407 0.699999
v 9.583515 0.416407 -0.700001
v 9.571074 0.407296 0.699999
v 9.571074 0.407296 -0.700001
v 9.557078 0.400422 0.699999
v 9.557078 0.400422 -0.700001
v 9.541552 0.395662 0.699999
v 9.541552 0.395662 -0.700001
v 9.524517 0.392895 0.699999
v 9.524517 0.392895 -0.700001
v 9.506001 0.392000 0.699999
v 9.506001 0.392000 -0.700001
v 9.488966 0.393300 0.699999
v 9.488966 0.393300 -0.700001
v 9.469477 0.397153 0.699999
v 9.469477 0.397153 -0.700001
v 9.447703 0.403484 0.699999
v 9.447703 0.403484 -0.700001
v 9.423815 0.412222 0.699999
v 9.423815 0.412222 -0.700001
v 9.397982 0.423293 0.699999
v 9.397982 0.423293 -0.700001
v 9.370375 0.436625 0.699999
v 9.370375 0.436625 -0.700001
v 9.341164 0.452144 0.699999
v 9.341164 0.452144 -0.700001
v 9.310518 0.469778 0.699999
v 9.310518 0.469778 -0.700001
v 9.278609 0.489453 0.699999
v 9.278609 0.489453 -0.700001
v 9.245606 0.511097 0.699999
v 9.245606 0.511097 -0.700001
v 9.211680 0.534637 0.699999
v 9.211680 0.534637 -0.700001
v 9.177001 0.560000 0.699999
v 9.177001 0.560000 -0.700001
v 9.177001 0.182000 0.699999
v 9.177001 0.182000 -0.700001
v 10.379314 1.508391 0.699999
v 10.379314 1.508391 -0.700001
v 10.506351 1.462125 0.699999
v 10.506351 1.462125 -0.700001
v 10.627749 1.414547 0.699999
v 10.627749 1.414547 -0.700001
v 10.742147 1.365000 0.699999
v 10.742147 1.365000 -0.700001
v 10.848185 1.312828 0.699999
v 10.848185 1.312828 -0.700001
v 10.944499 1.257375 0.699999
v 10.944499 1.257375 -0.700001
v 11.029731 1.197984 0.699999
v 11.029731 1.197984 -0.700001
v 11.102518 1.134000 0.699999
v 11.102518 1.134000 -0.700001
v 11.161500 1.064766 0.699999
v 11.161500 1.064766 -0.700001
v 11.205315 0.989625 0.699999
v 11.205315 0.989625 -0.700001
v 11.232602 0.907922 0.699999
v 11.232602 0.907922 -0.700001
v 11.242001 0.819000 0.699999
v 11.242001 0.819000 -0.700001
v 11.238132 0.755915 0.699999
v 11.238132 0.755915 -0.700001
v 11.226801 0.696403 0.699999
v 11.226801 0.696403 -0.700001
v 11.208422 0.640828 0.699999
v 11.208422 0.640828 -0.700001
v 11.183407 0.589556 0.699999
v 11.183407 0.589556 -0.700001
v 11.152170 0.542950 0.699999
v 11.152170 0.542950 -0.700001
v 11.115125 0.501375 0.699999
v 11.115125 0.501375 -0.700001
v 11.072683 0.465196 0.699999
v 11.072683 0.465196 -0.700001
v 11.025259 0.434778 0.699999
v 11.025259 0.434778 -0.700001
v 10.973266 0.410484 0.699999
v 10.973266 0.410484 -0.700001
v 10.917116 0.392681 0.699999
v 10.917116 0.392681 -0.700001
v 10.857224 0.381731 0.699999
v 10.857224 0.381731 -0.700001
v 10.794001 0.378000 0.699999
v 10.794001 0.378000 -0.700001
v 10.745293 0.380021 0.699999
v 10.745293 0.380021 -0.700001
v 10.697167 0.386005 0.699999
v 10.697167 0.386005 -0.700001
v 10.649626 0.395828 0.699999
v 10.649626 0.395828 -0.700001
v 10.602668 0.409370 0.699999
v 10.602668 0.409370 -0.700001
v 10.556293 0.426510 0.699999
v 10.556293 0.426510 -0.700001
v 10.510501 0.447125 0.699999
v 10.510501 0.447125 -0.700001
v 10.465293 0.471094 0.699999
v 10.465293 0.471094 -0.700001
v 10.420668 0.498296 0.699999
v 10.420668 0.498296 -0.700001
v 10.376626 0.528609 0.699999
v 10.376626 0.528609 -0.700001
v 10.333168 0.561912 0.699999
v 10.333168 0.561912 -0.700001
v 10.290293 0.598083 0.699999
v 10.290293 0.598083 -0.700001
v 10.248001 0.637000 0.699999
v 10.248001 0.637000 -0.700001
v 10.248001 1.554000 0.699999
v 10.248001 1.554000 -0.700001
v 8.029000 2.730000 0.699999
v 8.029000 2.730000 -0.700001
v 7.948930 2.807008 0.699999
v 7.948930 2.807008 -0.700001
v 7.869686 2.877065 0.699999
v 7.869686 2.877065 -0.700001
v 7.791220 2.940219 0.699999
v 7.791220 2.940219 -0.700001
v 7.713482 2.996519 0.699999
v 7.713482 2.996519 -0.700001
v 7.636425 3.046013 0.699999
v 7.636425 3.046013 -0.700001
v 7.560001 3.088750 0.699999
v 7.560001 3.088750 -0.700001
v 7.484159 3.124779 0.699999
v 7.484159 3.124779 -0.700001
v 7.408853 3.154148 0.699999
v 7.408853 3.154148 -0.700001
v 7.334032 3.176907 0.699999
v 7.334032 3.176907 -0.700001
v 7.259649 3.193102 0.699999
v 7.259649 3.193102 -0.700001
v 7.185655 3.202784 0.699999
v 7.185655 3.202784 -0.700001
v 7.112000 3.206000 0.699999
v 7.112000 3.206000 -0.700001
v 7.013737 3.201929 0.699999
v 7.013737 3.201929 -0.700001
v 6.918561 3.189764 0.699999
v 6.918561 3.189764 -0.700001
v 6.826641 3.169579 0.699999
v 6.826641 3.169579 -0.700001
v 6.738149 3.141445 0.699999
v 6.738149 3.141445 -0.700001
v 6.653254 3.105436 0.699999
v 6.653254 3.105436 -0.700001
v 6.572125 3.061625 0.699999
v 6.572125 3.061625 -0.700001
v 6.494935 3.010085 0.699999
v 6.494935 3.010085 -0.700001
v 6.421852 2.950889 0.699999
v 6.421852 2.950889 -0.700001
v 6.353047 2.884109 0.699999
v 6.353047 2.884109 -0.700001
v 6.288691 2.809819 0.699999
v 6.288691 2.809819 -0.700001
v 6.228951 2.728092 0.699999
v 6.228951 2.728092 -0.700001
v 6.174001 2.639000 0.699999
v 6.174001 2.639000 -0.700001
v 6.104548 2.714858 0.699999
v 6.104548 2.714858 -0.700001
v 6.032543 2.787945 0.699999
v 6.032543 2.787945 -0.700001
v 5.957767 2.857531 0.699999
v 5.957767 2.857531 -0.700001
v 5.880001 2.922889 0.699999
v 5.880001 2.922889 -0.700001
v 5.799027 2.983288 0.699999
v 5.799027 2.983288 -0.700001
v 5.714626 3.038000 0.699999
v 5.714626 3.038000 -0.700001
v 5.626579 3.086295 0.699999
v 5.626579 3.086295 -0.700001
v 5.534667 3.127445 0.699999
v 5.534667 3.127445 -0.700001
v 5.438673 3.160719 0.699999
v 5.438673 3.160719 -0.700001
v 5.338376 3.185389 0.699999
v 5.338376 3.185389 -0.700001
v 5.233558 3.200726 0.699999
v 5.233558 3.200726 -0.700001
v 5.124001 3.206000 0.699999
v 5.124001 3.206000 -0.700001
v 4.969664 3.195930 0.699999
v 4.969664 3.195930 -0.700001
v 4.825560 3.166269 0.699999
v 4.825560 3.166269 -0.700001
v 4.692297 3.117844 0.699999
v 4.692297 3.117844 -0.700001
v 4.570482 3.051482 0.699999
v 4.570482 3.051482 -0.700001
v 4.460722 2.968008 0.699999
v 4.460722 2.968008 -0.700001
v 4.363626 2.868250 0.699999
v 4.363626 2.868250 -0.700001
v 4.279800 2.753034 0.700000
v 4.279800 2.753034 -0.700000
v 4.209853 2.623185 0.700000
v 4.209853 2.623185 -0.700000
v 4.154391 2.479531 0.700000
v 4.154391 2.479531 -0.700000
v 4.114024 2.322898 0.700000
v 4.114024 2.322898 -0.700000
v 4.089357 2.154112 0.700000
v 4.089357 2.154112 -0.700000
v 4.081000 1.974000 0.700000
v 4.081000 1.974000 -0.700000
v 4.081000 0.000000 0.700000
v 4.081000 -0.000000 -0.700000
v 4.704000 0.000000 0.700000
v 4.704000 -0.000000 -0.700000
v 4.704000 1.946000 0.700000
v 4.704000 1.946000 -0.700000
v 4.709992 2.060455 0.700000
v 4.709992 2.060455 -0.700000
v 4.727431 2.165723 0.699999
v 4.727431 2.165723 -0.700001
v 4.755517 2.261657 0.699999
v 4.755517 2.261657 -0.700001
v 4.793445 2.348111 0.699999
v 4.793445 2.348111 -0.700001
v 4.840415 2.424941 0.699999
v 4.840415 2.424941 -0.700001
v 4.895626 2.492000 0.699999
v 4.895626 2.492000 -0.700001
v 4.958273 2.549143 0.699999
v 4.958273 2.549143 -0.700001
v 5.027556 2.596222 0.699999
v 5.027556 2.596222 -0.700001
v 5.102672 2.633094 0.699999
v 5.102672 2.633094 -0.700001
v 5.182820 2.659611 0.699999
v 5.182820 2.659611 -0.700001
v 5.267197 2.675629 0.699999
v 5.267197 2.675629 -0.700001
v 5.355000 2.681000 0.699999
v 5.355000 2.681000 -0.700001
v 5.407140 2.679031 0.699999
v 5.407140 2.679031 -0.700001
v 5.461783 2.669917 0.699999
v 5.461783 2.669917 -0.700001
v 5.518516 2.654094 0.699999
v 5.518516 2.654094 -0.700001
v 5.576926 2.632000 0.699999
v 5.576926 2.632000 -0.700001
v 5.636600 2.604073 0.699999
v 5.636600 2.604073 -0.700001
v 5.697125 2.570750 0.699999
v 5.697125 2.570750 -0.700001
v 5.758088 2.532469 0.699999
v 5.758088 2.532469 -0.700001
v 5.819074 2.489667 0.699999
v 5.819074 2.489667 -0.700001
v 5.879672 2.442781 0.699999
v 5.879672 2.442781 -0.700001
v 5.939468 2.392250 0.699999
v 5.939468 2.392250 -0.700001
v 5.998048 2.338511 0.699999
v 5.998048 2.338511 -0.700001
v 6.055000 2.282000 0.699999
v 6.055000 2.282000 -0.700001
v 6.055000 0.000000 0.699999
v 6.055000 -0.000000 -0.700001
v 6.678000 0.000000 0.699999
v 6.678000 -0.000000 -0.700001
v 6.678000 1.953000 0.699999
v 6.678000 1.953000 -0.700001
v 6.683275 2.074669 0.699999
v 6.683275 2.074669 -0.700001
v 6.698612 2.184356 0.699999
v 6.698612 2.184356 -0.700001
v 6.723282 2.282328 0.699999
v 6.723282 2.282328 -0.700001
v 6.756557 2.368852 0.699999
v 6.756557 2.368852 -0.700001
v 6.797706 2.444195 0.699999
v 6.797706 2.444195 -0.700001
v 6.846001 2.508625 0.699999
v 6.846001 2.508625 -0.700001
v 6.900712 2.562409 0.699999
v 6.900712 2.562409 -0.700001
v 6.961112 2.605815 0.699999
v 6.961112 2.605815 -0.700001
v 7.026470 2.639109 0.699999
v 7.026470 2.639109 -0.700001
v 7.096056 2.662560 0.699999
v 7.096056 2.662560 -0.700001
v 7.169143 2.676435 0.699999
v 7.169143 2.676435 -0.700001
v 7.245001 2.681000 0.699999
v 7.245001 2.681000 -0.700001
v 7.321653 2.678898 0.699999
v 7.321653 2.678898 -0.700001
v 7.394464 2.672348 0.699999
v 7.394464 2.672348 -0.700001
v 7.463970 2.660985 0.699999
v 7.463970 2.660985 -0.700001
v 7.530704 2.644445 0.699999
v 7.530704 2.644445 -0.700001
v 7.595203 2.622363 0.699999
v 7.595203 2.622363 -0.700001
v 7.658001 2.594375 0.699999
v 7.658001 2.594375 -0.700001
v 7.719632 2.560117 0.699999
v 7.719632 2.560117 -0.700001
v 7.780631 2.519222 0.699999
v 7.780631 2.519222 -0.700001
v 7.841532 2.471328 0.699999
v 7.841532 2.471328 -0.700001
v 7.902871 2.416070 0.699999
v 7.902871 2.416070 -0.700001
v 7.965182 2.353082 0.699999
v 7.965182 2.353082 -0.700001
v 8.029000 2.282000 0.699999
v 8.029000 2.282000 -0.700001
v 8.029000 0.000000 0.699999
v 8.029000 -0.000000 -0.700001
v 8.652000 0.000000 0.699999
v 8.652000 -0.000000 -0.700001
v 8.652000 3.143000 0.699999
v 8.652000 3.143000 -0.700001
v 8.029000 3.143000 0.699999
v 8.029000 3.143000 -0.700001
v 0.695901 0.247763 0.700000
v 0.695901 0.247763 -0.700000
v 0.789121 0.193019 0.700000
v 0.789121 0.193019 -0.700000
v 0.882438 0.143719 0.700000
v 0.882438 0.143719 -0.700000
v 0.976630 0.099815 0.700000
v 0.976630 0.099815 -0.700000
v 1.072475 0.061258 0.700000
v 1.072475 0.061258 -0.700000
v 1.170750 0.028000 0.700000
v 1.170750 0.028000 -0.700000
v 1.272234 -0.000008 0.700000
v 1.272234 -0.000008 -0.700000
v 1.377704 -0.022815 0.700000
v 1.377704 -0.022815 -0.700000
v 1.487938 -0.040469 0.700000
v 1.487938 -0.040469 -0.700000
v 1.603713 -0.053018 0.700000
v 1.603713 -0.053019 -0.700000
v 1.725808 -0.060513 0.700000
v 1.725808 -0.060513 -0.700000
v 1.855000 -0.063000 0.700000
v 1.855000 -0.063000 -0.700000
v 2.090894 -0.046659 0.700000
v 2.090894 -0.046659 -0.700000
v 2.308315 0.000648 0.700000
v 2.308315 0.000648 -0.700000
v 2.506875 0.076344 0.700000
v 2.506875 0.076344 -0.700000
v 2.686185 0.177852 0.700000
v 2.686185 0.177852 -0.700000
v 2.845857 0.302596 0.700000
v 2.845857 0.302596 -0.700000
v 2.985500 0.448000 0.700000
v 2.985500 0.448000 -0.700000
v 3.104727 0.611487 0.700000
v 3.104727 0.611487 -0.700000
v 3.203148 0.790482 0.700000
v 3.203148 0.790481 -0.700000
v 3.280375 0.982406 0.700000
v 3.280375 0.982406 -0.700000
v 3.336019 1.184685 0.700000
v 3.336019 1.184685 -0.700000
v 3.369690 1.394742 0.700000
v 3.369690 1.394742 -0.700000
v 3.381000 1.610000 0.700000
v 3.381000 1.610000 -0.700000
v 3.368653 1.841389 0.700000
v 3.368653 1.841389 -0.700000
v 3.332389 2.058778 0.700000
v 3.332389 2.058778 -0.700000
v 3.273375 2.261000 0.700000
v 3.273375 2.261000 -0.700000
v 3.192778 2.446889 0.700000
v 3.192778 2.446889 -0.700000
v 3.091764 2.615278 0.700000
v 3.091764 2.615278 -0.700000
v 2.971500 2.765000 0.700000
v 2.971500 2.765000 -0.700000
v 2.833153 2.894889 0.700000
v 2.833153 2.894889 -0.700000
v 2.677889 3.003778 0.700000
v 2.677889 3.003778 -0.700000
v 2.506875 3.090500 0.700000
v 2.506875 3.090500 -0.700000
v 2.321278 3.153889 0.700000
v 2.321278 3.153889 -0.700000
v 2.122264 3.192778 0.700000
v 2.122264 3.192778 -0.700000
v 1.911000 3.206000 0.700000
v 1.911000 3.206000 -0.700000
v 1.709155 3.194172 0.700000
v 1.709154 3.194172 -0.700000
v 1.520653 3.158621 0.700000
v 1.520653 3.158621 -0.700000
v 1.346297 3.099250 0.700000
v 1.346297 3.099250 -0.700000
v 1.186889 3.015963 0.700000
v 1.186889 3.015963 -0.700000
v 1.043231 2.908662 0.700000
v 1.043231 2.908662 -0.700000
v 0.916125 2.777250 0.700000
v 0.916125 2.777250 -0.700000
v 0.806374 2.621630 0.700000
v 0.806373 2.621630 -0.700000
v 0.714778 2.441704 0.700000
v 0.714778 2.441704 -0.700000
v 0.642141 2.237375 0.700000
v 0.642141 2.237375 -0.700000
v 0.589264 2.008546 0.700000
v 0.589264 2.008546 -0.700000
v 0.556950 1.755121 0.700000
v 0.556950 1.755121 -0.700000
v 0.546000 1.477000 0.700000
v 0.546000 1.477000 -0.700000
v 2.758000 1.477000 0.700000
v 2.758000 1.477000 -0.700000
v 2.728113 1.327533 0.700000
v 2.728113 1.327533 -0.700000
v 2.687482 1.190681 0.700000
v 2.687482 1.190681 -0.700000
v 2.636157 1.066516 0.700000
v 2.636157 1.066516 -0.700000
v 2.574186 0.955111 0.700000
v 2.574186 0.955111 -0.700000
v 2.501617 0.856540 0.700000
v 2.501617 0.856540 -0.700000
v 2.418500 0.770875 0.700000
v 2.418500 0.770875 -0.700000
v 2.324883 0.698189 0.700000
v 2.324883 0.698189 -0.700000
v 2.220815 0.638556 0.700000
v 2.220815 0.638556 -0.700000
v 2.106344 0.592047 0.700000
v 2.106344 0.592047 -0.700000
v 1.981519 0.558736 0.700000
v 1.981519 0.558736 -0.700000
v 1.846388 0.538696 0.700000
v 1.846388 0.538696 -0.700000
v 1.701000 0.532000 0.700000
v 1.701000 0.532000 -0.700000
v 1.606922 0.534893 0.700000
v 1.606922 0.534892 -0.700000
v 1.513621 0.543472 0.700000
v 1.513621 0.543472 -0.700000
v 1.421001 0.557594 0.700000
v 1.421000 0.557594 -0.700000
v 1.328964 0.577111 0.700000
v 1.328963 0.577111 -0.700000
v 1.237413 0.601879 0.700000
v 1.237412 0.601879 -0.700000
v 1.146250 0.631750 0.700000
v 1.146250 0.631750 -0.700000
v 1.055380 0.666580 0.700000
v 1.055380 0.666580 -0.700000
v 0.964704 0.706222 0.700000
v 0.964704 0.706222 -0.700000
v 0.874125 0.750531 0.700000
v 0.874125 0.750531 -0.700000
v 0.783547 0.799361 0.700000
v 0.783547 0.799361 -0.700000
v 0.692871 0.852566 0.700000
v 0.692871 0.852566 -0.700000
v 0.602000 0.910000 0.700000
v 0.602000 0.910000 -0.700000
v 0.602000 0.308000 0.700000
v 0.602000 0.308000 -0.700000
v 1.172452 2.005281 0.700000
v 1.172452 2.005281 -0.700000
v 1.193112 2.112833 0.700000
v 1.193111 2.112833 -0.700000
v 1.223688 2.212219 0.700000
v 1.223688 2.212219 -0.700000
v 1.263889 2.303000 0.700000
v 1.263889 2.303000 -0.700000
v 1.313424 2.384740 0.700000
v 1.313424 2.384740 -0.700000
v 1.372000 2.457000 0.700000
v 1.372000 2.457000 -0.700000
v 1.439327 2.519344 0.700000
v 1.439327 2.519344 -0.700000
v 1.515111 2.571333 0.700000
v 1.515111 2.571333 -0.700000
v 1.599063 2.612531 0.700000
v 1.599063 2.612531 -0.700000
v 1.690889 2.642500 0.700000
v 1.690889 2.642500 -0.700000
v 1.790299 2.660802 0.700000
v 1.790299 2.660802 -0.700000
v 1.897000 2.667000 0.700000
v 1.897000 2.667000 -0.700000
v 2.012054 2.661203 0.700000
v 2.012054 2.661203 -0.700000
v 2.119185 2.643959 0.700000
v 2.119185 2.643959 -0.700000
v 2.218344 2.615485 0.700000
v 2.218344 2.615485 -0.700000
v 2.309482 2.576000 0.700000
v 2.309482 2.576000 -0.700000
v 2.392550 2.525724 0.700000
v 2.392550 2.525724 -0.700000
v 2.467500 2.464875 0.700000
v 2.467500 2.464875 -0.700000
v 2.534284 2.393672 0.700000
v 2.534284 2.393672 -0.700000
v 2.592852 2.312334 0.700000
v 2.592852 2.312334 -0.700000
v 2.643157 2.221078 0.700000
v 2.643157 2.221078 -0.700000
v 2.685148 2.120125 0.700000
v 2.685148 2.120125 -0.700000
v 2.718779 2.009693 0.700000
v 2.718779 2.009693 -0.700000
v 2.744000 1.890000 0.700000
v 2.744000 1.890000 -0.700000
v 1.162000 1.890000 0.700000
v 1.162000 1.890000 -0.700000
v -6.077674 3.791834 0.700000
v -6.077674 3.791834 -0.700000
v -5.935385 3.865913 0.700000
v -5.935385 3.865913 -0.700000
v -5.795673 3.932360 0.700000
v -5.795673 3.932360 -0.700000
v -5.658075 3.991297 0.700000
v -5.658075 3.991297 -0.700000
v -5.522130 4.042845 0.700000
v -5.522130 4.042845 -0.700000
v -5.387376 4.087126 0.700000
v -5.387376 4.087126 -0.700000
v -5.253351 4.124260 0.700000
v -5.253351 4.124260 -0.700000
v -5.119593 4.154371 0.700000
v -5.119593 4.154371 -0.700000
v -4.985641 4.177578 0.700000
v -4.985641 4.177578 -0.700000
v -4.851033 4.194005 0.700000
v -4.851033 4.194005 -0.700000
v -4.715306 4.203772 0.700000
v -4.715306 4.203772 -0.700000
v -4.578000 4.207000 0.700000
v -4.578000 4.207000 -0.700000
v -4.311142 4.191104 0.700000
v -4.311142 4.191104 -0.700000
v -4.057797 4.144584 0.700000
v -4.057797 4.144584 -0.700000
v -3.819813 4.069188 0.700000
v -3.819813 4.069188 -0.700000
v -3.599037 3.966667 0.700000
v -3.599037 3.966667 -0.700000
v -3.397317 3.838771 0.700000
v -3.397317 3.838771 -0.700000
v -3.216500 3.687250 0.700000
v -3.216500 3.687250 -0.700000
v -3.058433 3.513854 0.700000
v -3.058433 3.513854 -0.700000
v -2.924963 3.320333 0.700000
v -2.924963 3.320333 -0.700000
v -2.817938 3.108438 0.700000
v -2.817938 3.108438 -0.700000
v -2.739204 2.879917 0.700000
v -2.739204 2.879917 -0.700000
v -2.690609 2.636521 0.700000
v -2.690609 2.636521 -0.700000
v -2.674000 2.380000 0.700000
v -2.674000 2.380000 -0.700000
v -2.690091 2.119343 0.700000
v -2.690091 2.119343 -0.700000
v -2.737390 1.873829 0.700000
v -2.737390 1.873829 -0.700000
v -2.814438 1.644891 0.700000
v -2.814438 1.644891 -0.700000
v -2.919778 1.433963 0.700000
v -2.919778 1.433963 -0.700000
v -3.051952 1.242480 0.700000
v -3.051952 1.242480 -0.700000
v -3.209501 1.071875 0.700000
v -3.209501 1.071875 -0.700000
v -3.390966 0.923583 0.700000
v -3.390966 0.923583 -0.700000
v -3.594890 0.799037 0.700000
v -3.594890 0.799037 -0.700000
v -3.819813 0.699672 0.700000
v -3.819813 0.699672 -0.700000
v -4.064279 0.626921 0.700000
v -4.064279 0.626921 -0.700000
v -4.326827 0.582219 0.700000
v -4.326827 0.582219 -0.700000
v -4.606000 0.567000 0.700000
v -4.606000 0.567000 -0.700000
v -4.741715 0.570921 0.700000
v -4.741715 0.570921 -0.700000
v -4.879130 0.582620 0.700000
v -4.879130 0.582620 -0.700000
v -5.017907 0.602000 0.700000
v -5.017907 0.602000 -0.700000
v -5.157704 0.628963 0.700000
v -5.157704 0.628963 -0.700000
v -5.298182 0.663412 0.700000
v -5.298182 0.663412 -0.700000
v -5.439001 0.705250 0.700000
v -5.439001 0.705250 -0.700000
v -5.579819 0.754380 0.700000
v -5.579819 0.754380 -0.700000
v -5.720297 0.810704 0.700000
v -5.720297 0.810704 -0.700000
v -5.860095 0.874125 0.700000
v -5.860095 0.874125 -0.700000
v -5.998871 0.944546 0.700000
v -5.998871 0.944546 -0.700000
v -6.136287 1.021870 0.700000
v -6.136287 1.021870 -0.700000
v -6.272001 1.106000 0.700000
v -6.272001 1.106000 -0.700000
v -6.272001 0.357000 0.700001
v -6.272001 0.357000 -0.699999
v -6.153762 0.297269 0.700001
v -6.153762 0.297269 -0.699999
v -6.033093 0.240819 0.700001
v -6.033093 0.240819 -0.699999
v -5.909313 0.188016 0.700001
v -5.909313 0.188016 -0.699999
v -5.781741 0.139222 0.700000
v -5.781741 0.139222 -0.700000
v -5.649697 0.094804 0.700000
v -5.649697 0.094804 -0.700000
v -5.512500 0.055125 0.700000
v -5.512500 0.055125 -0.700000
v -5.369470 0.020550 0.700000
v -5.369470 0.020550 -0.700000
v -5.219926 -0.008556 0.700000
v -5.219926 -0.008556 -0.700000
v -5.063188 -0.031828 0.700000
v -5.063188 -0.031828 -0.700000
v -4.898574 -0.048903 0.700000
v -4.898574 -0.048903 -0.700000
v -4.725405 -0.059415 0.700000
v -4.725405 -0.059415 -0.700000
v -4.543000 -0.063000 0.700000
v -4.543000 -0.063000 -0.700000
v -4.115871 -0.035287 0.700000
v -4.115871 -0.035288 -0.700000
v -3.729964 0.043783 0.700000
v -3.729964 0.043782 -0.700000
v -3.384501 0.168110 0.700000
v -3.384501 0.168109 -0.700000
v -3.078704 0.331593 0.700000
v -3.078704 0.331593 -0.700000
v -2.811797 0.528132 0.700000
v -2.811797 0.528131 -0.700000
v -2.583000 0.751625 0.700000
v -2.583000 0.751625 -0.700000
v -2.391537 0.995973 0.700000
v -2.391537 0.995973 -0.700000
v -2.236630 1.255074 0.700000
v -2.236630 1.255074 -0.700000
v -2.117500 1.522828 0.700000
v -2.117500 1.522828 -0.700000
v -2.033371 1.793134 0.700000
v -2.033371 1.793134 -0.700000
v -1.983463 2.059892 0.700000
v -1.983463 2.059892 -0.700000
v -1.967000 2.317000 0.700000
v -1.967000 2.317000 -0.700000
v -1.989503 2.672445 0.700000
v -1.989504 2.672445 -0.700000
v -2.055440 3.009222 0.700000
v -2.055440 3.009222 -0.700000
v -2.162454 3.325000 0.700000
v -2.162454 3.325000 -0.700000
v -2.308186 3.617445 0.700000
v -2.308186 3.617445 -0.700000
v -2.490279 3.884222 0.700000
v -2.490279 3.884222 -0.700000
v -2.706376 4.123000 0.700000
v -2.706376 4.123000 -0.700000
v -2.954118 4.331445 0.700000
v -2.954118 4.331445 -0.700000
v -3.231149 4.507223 0.700000
v -3.231149 4.507223 -0.700000
v -3.535110 4.648000 0.700000
v -3.535110 4.648000 -0.700000
v -3.863644 4.751445 0.700000
v -3.863644 4.751445 -0.700000
v -4.214394 4.815223 0.700000
v -4.214394 4.815223 -0.700000
v -4.585001 4.837000 0.700000
v -4.585001 4.837000 -0.700000
v -4.707732 4.834502 0.700000
v -4.707732 4.834502 -0.700000
v -4.831264 4.826922 0.700000
v -4.831264 4.826922 -0.700000
v -4.956110 4.814142 0.700000
v -4.956110 4.814142 -0.700000
v -5.082778 4.796038 0.700000
v -5.082778 4.796038 -0.700000
v -5.211780 4.772490 0.700000
v -5.211780 4.772490 -0.700000
v -5.343626 4.743376 0.700000
v -5.343626 4.743376 -0.700000
v -5.478825 4.708574 0.700000
v -5.478825 4.708574 -0.700000
v -5.617889 4.667964 0.700000
v -5.617889 4.667964 -0.700000
v -5.761329 4.621422 0.700000
v -5.761329 4.621422 -0.700000
v -5.909653 4.568829 0.700000
v -5.909653 4.568829 -0.700000
v -6.063374 4.510062 0.700000
v -6.063374 4.510062 -0.700000
v -6.223001 4.445000 0.700000
v -6.223001 4.445000 -0.700000
v -6.223001 3.710000 0.700000
v -6.223001 3.710000 -0.700000
v -7.042000 0.000000 0.700001
v -7.042000 -0.000000 -0.699999
v -7.042000 4.774000 0.700000
v -7.042000 4.774000 -0.700000
v -7.665000 4.774000 0.700000
v -7.665000 4.774000 -0.700000
v -7.665000 0.000000 0.700001
v -7.665000 -0.000000 -0.699999
v -11.092100 0.247763 0.700001
v -11.092100 0.247763 -0.699999
v -10.998880 0.193019 0.700001
v -10.998880 0.193019 -0.699999
v -10.905563 0.143719 0.700001
v -10.905563 0.143719 -0.699999
v -10.811371 0.099815 0.700001
v -10.811371 0.099815 -0.699999
v -10.715526 0.061258 0.700001
v -10.715526 0.061258 -0.699999
v -10.617250 0.028000 0.700001
v -10.617250 0.028000 -0.699999
v -10.515767 -0.000008 0.700001
v -10.515767 -0.000008 -0.699999
v -10.410297 -0.022815 0.700001
v -10.410297 -0.022815 -0.699999
v -10.300063 -0.040469 0.700001
v -10.300063 -0.040469 -0.699999
v -10.184288 -0.053018 0.700001
v -10.184288 -0.053019 -0.699999
v -10.062193 -0.060513 0.700001
v -10.062193 -0.060513 -0.699999
v -9.933001 -0.063000 0.700001
v -9.933001 -0.063000 -0.699999
v -9.697107 -0.046659 0.700001
v -9.697107 -0.046659 -0.699999
v -9.479686 0.000648 0.700001
v -9.479686 0.000648 -0.699999
v -9.281125 0.076344 0.700001
v -9.281125 0.076344 -0.699999
v -9.101815 0.177852 0.700001
v -9.101815 0.177852 -0.699999
v -8.942143 0.302596 0.700001
v -8.942143 0.302596 -0.699999
v -8.802500 0.448000 0.700001
v -8.802500 0.448000 -0.699999
v -8.683273 0.611487 0.700001
v -8.683273 0.611487 -0.699999
v -8.584852 0.790482 0.700001
v -8.584852 0.790481 -0.699999
v -8.507626 0.982406 0.700001
v -8.507626 0.982406 -0.699999
v -8.451982 1.184685 0.700001
v -8.451982 1.184685 -0.699999
v -8.418311 1.394742 0.700001
v -8.418311 1.394742 -0.699999
v -8.407001 1.610000 0.700001
v -8.407001 1.610000 -0.699999
v -8.419348 1.841389 0.700001
v -8.419348 1.841389 -0.699999
v -8.455611 2.058778 0.700001
v -8.455611 2.058778 -0.699999
v -8.514626 2.261000 0.700001
v -8.514626 2.261000 -0.699999
v -8.595222 2.446889 0.700001
v -8.595222 2.446889 -0.699999
v -8.696237 2.615278 0.700001
v -8.696237 2.615278 -0.699999
v -8.816501 2.765000 0.700001
v -8.816501 2.765000 -0.699999
v -8.954848 2.894889 0.700001
v -8.954848 2.894889 -0.699999
v -9.110112 3.003778 0.700001
v -9.110112 3.003778 -0.699999
v -9.281126 3.090500 0.700001
v -9.281126 3.090500 -0.699999
v -9.466723 3.153889 0.700001
v -9.466723 3.153889 -0.699999
v -9.665737 3.192778 0.700001
v -9.665737 3.192778 -0.699999
v -9.877001 3.206000 0.700001
v -9.877001 3.206000 -0.699999
v -10.078847 3.194172 0.700001
v -10.078847 3.194172 -0.699999
v -10.267348 3.158621 0.700001
v -10.267348 3.158621 -0.699999
v -10.441704 3.099250 0.700001
v -10.441704 3.099250 -0.699999
v -10.601111 3.015963 0.700001
v -10.601111 3.015963 -0.699999
v -10.744769 2.908662 0.700001
v -10.744769 2.908662 -0.699999
v -10.871875 2.777250 0.700001
v -10.871875 2.777250 -0.699999
v -10.981627 2.621630 0.700001
v -10.981627 2.621630 -0.699999
v -11.073222 2.441704 0.700001
v -11.073222 2.441704 -0.699999
v -11.145860 2.237375 0.700001
v -11.145860 2.237375 -0.699999
v -11.198736 2.008546 0.700001
v -11.198736 2.008546 -0.699999
v -11.231050 1.755121 0.700001
v -11.231050 1.755121 -0.699999
v -11.242001 1.477000 0.700001
v -11.242001 1.477000 -0.699999
v -9.030001 1.477000 0.700001
v -9.030001 1.477000 -0.699999
v -9.059890 1.327533 0.700001
v -9.059890 1.327533 -0.699999
v -9.100521 1.190681 0.700001
v -9.100521 1.190681 -0.699999
v -9.151846 1.066516 0.700001
v -9.151846 1.066516 -0.699999
v -9.213817 0.955111 0.700001
v -9.213817 0.955111 -0.699999
v -9.286385 0.856540 0.700001
v -9.286385 0.856540 -0.699999
v -9.369501 0.770875 0.700001
v -9.369501 0.770875 -0.699999
v -9.463118 0.698189 0.700001
v -9.463118 0.698189 -0.699999
v -9.567185 0.638556 0.700001
v -9.567185 0.638556 -0.699999
v -9.681657 0.592047 0.700001
v -9.681657 0.592047 -0.699999
v -9.806482 0.558736 0.700001
v -9.806482 0.558736 -0.699999
v -9.941613 0.538696 0.700001
v -9.941613 0.538696 -0.699999
v -10.087001 0.532000 0.700001
v -10.087001 0.532000 -0.699999
v -10.181079 0.534893 0.700001
v -10.181079 0.534892 -0.699999
v -10.274380 0.543472 0.700001
v -10.274380 0.543472 -0.699999
v -10.367000 0.557594 0.700001
v -10.367000 0.557594 -0.699999
v -10.459037 0.577111 0.700001
v -10.459037 0.577111 -0.699999
v -10.550588 0.601879 0.700001
v -10.550588 0.601879 -0.699999
v -10.641749 0.631750 0.700001
v -10.641749 0.631750 -0.699999
v -10.732619 0.666580 0.700001
v -10.732619 0.666580 -0.699999
v -10.823296 0.706222 0.700001
v -10.823296 0.706222 -0.699999
v -10.913875 0.750531 0.700001
v -10.913875 0.750531 -0.699999
v -11.004454 0.799361 0.700001
v -11.004454 0.799361 -0.699999
v -11.095130 0.852566 0.700001
v -11.095130 0.852566 -0.699999
v -11.186001 0.910000 0.700001
v -11.186001 0.910000 -0.699999
v -11.186001 0.308000 0.700001
v -11.186001 0.308000 -0.699999
v -10.615550 2.005281 0.700001
v -10.615550 2.005281 -0.699999
v -10.594891 2.112833 0.700001
v -10.594891 2.112833 -0.699999
v -10.564314 2.212219 0.700001
v -10.564314 2.212219 -0.699999
v -10.524113 2.303000 0.700001
v -10.524113 2.303000 -0.699999
v -10.474578 2.384740 0.700001
v -10.474578 2.384740 -0.699999
v -10.416001 2.457000 0.700001
v -10.416001 2.457000 -0.699999
v -10.348675 2.519344 0.700001
v -10.348675 2.519344 -0.699999
v -10.272890 2.571333 0.700001
v -10.272890 2.571333 -0.699999
v -10.188939 2.612531 0.700001
v -10.188939 2.612531 -0.699999
v -10.097113 2.642500 0.700001
v -10.097113 2.642500 -0.699999
v -9.997703 2.660802 0.700001
v -9.997703 2.660802 -0.699999
v -9.891001 2.667000 0.700001
v -9.891001 2.667000 -0.699999
v -9.775946 2.661203 0.700001
v -9.775946 2.661203 -0.699999
v -9.668815 2.643959 0.700001
v -9.668815 2.643959 -0.699999
v -9.569656 2.615485 0.700001
v -9.569656 2.615485 -0.699999
v -9.478518 2.576000 0.700001
v -9.478518 2.576000 -0.699999
v -9.395451 2.525724 0.700001
v -9.395451 2.525724 -0.699999
v -9.320500 2.464875 0.700001
v -9.320500 2.464875 -0.699999
v -9.253716 2.393672 0.700001
v -9.253716 2.393672 -0.699999
v -9.195148 2.312334 0.700001
v -9.195148 2.312334 -0.699999
v -9.144844 2.221078 0.700001
v -9.144844 2.221078 -0.699999
v -9.102852 2.120125 0.700001
v -9.102852 2.120125 -0.699999
v -9.069221 2.009693 0.700001
v -9.069221 2.009693 -0.699999
v -9.044001 1.890000 0.700001
v -9.044001 1.890000 -0.699999
v -10.626001 1.890000 0.700001
v -10.626001 1.890000 -0.699999
v -14.281610 0.137476 0.700001
v -14.281610 0.137476 -0.699999
v -14.219367 0.098227 0.700001
v -14.219367 0.098227 -0.699999
v -14.162423 0.063984 0.700001
v -14.162423 0.063984 -0.699999
v -14.109927 0.034482 0.700001
v -14.109927 0.034481 -0.699999
v -14.061028 0.009451 0.700001
v -14.061028 0.009451 -0.699999
v -14.014876 -0.011375 0.700001
v -14.014876 -0.011375 -0.699999
v -13.970620 -0.028263 0.700001
v -13.970620 -0.028263 -0.699999
v -13.927409 -0.041481 0.700001
v -13.927409 -0.041482 -0.699999
v -13.884393 -0.051297 0.700001
v -13.884393 -0.051297 -0.699999
v -13.840719 -0.057977 0.700001
v -13.840719 -0.057977 -0.699999
v -13.795539 -0.061789 0.700001
v -13.795539 -0.061789 -0.699999
v -13.748001 -0.063000 0.700001
v -13.748001 -0.063000 -0.699999
v -13.682354 -0.060942 0.700001
v -13.682354 -0.060942 -0.699999
v -13.621838 -0.054704 0.700001
v -13.621838 -0.054704 -0.699999
v -13.566328 -0.044188 0.700001
v -13.566328 -0.044188 -0.699999
v -13.515703 -0.029296 0.700001
v -13.515703 -0.029296 -0.699999
v -13.469843 -0.009933 0.700001
v -13.469843 -0.009933 -0.699999
v -13.428625 0.014000 0.700001
v -13.428625 0.014000 -0.699999
v -13.391928 0.042600 0.700001
v -13.391928 0.042599 -0.699999
v -13.359630 0.075963 0.700001
v -13.359630 0.075963 -0.699999
v -13.331610 0.114188 0.700001
v -13.331610 0.114187 -0.699999
v -13.307746 0.157370 0.700001
v -13.307746 0.157370 -0.699999
v -13.287917 0.205609 0.700001
v -13.287917 0.205609 -0.699999
v -13.272001 0.259000 0.700001
v -13.272001 0.259000 -0.699999
v -13.203467 0.207079 0.700001
v -13.203467 0.207079 -0.699999
v -13.134399 0.159801 0.700001
v -13.134399 0.159801 -0.699999
v -13.064845 0.117141 0.700001
v -13.064845 0.117141 -0.699999
v -12.994853 0.079074 0.700001
v -12.994853 0.079074 -0.699999
v -12.924472 0.045577 0.700001
v -12.924472 0.045577 -0.699999
v -12.853751 0.016625 0.700001
v -12.853751 0.016625 -0.699999
v -12.782739 -0.007806 0.700001
v -12.782739 -0.007806 -0.699999
v -12.711483 -0.027741 0.700001
v -12.711483 -0.027741 -0.699999
v -12.640033 -0.043203 0.700001
v -12.640033 -0.043203 -0.699999
v -12.568437 -0.054218 0.700001
v -12.568437 -0.054218 -0.699999
v -12.496743 -0.060808 0.700001
v -12.496743 -0.060808 -0.699999
v -12.425001 -0.063000 0.700001
v -12.425001 -0.063000 -0.699999
v -12.312799 -0.055603 0.700001
v -12.312799 -0.055603 -0.699999
v -12.207548 -0.034157 0.700001
v -12.207548 -0.034157 -0.699999
v -12.109783 0.000219 0.700001
v -12.109783 0.000219 -0.699999
v -12.020039 0.046407 0.700001
v -12.020039 0.046407 -0.699999
v -11.938850 0.103291 0.700001
v -11.938850 0.103291 -0.699999
v -11.866752 0.169750 0.700001
v -11.866752 0.169750 -0.699999
v -11.804278 0.244668 0.700001
v -11.804278 0.244668 -0.699999
v -11.751965 0.326926 0.700001
v -11.751965 0.326926 -0.699999
v -11.710345 0.415406 0.700001
v -11.710345 0.415406 -0.699999
v -11.679955 0.508991 0.700001
v -11.679955 0.508991 -0.699999
v -11.661329 0.606561 0.700001
v -11.661329 0.606561 -0.699999
v -11.655002 0.707000 0.700001
v -11.655002 0.707000 -0.699999
v -11.666449 0.853956 0.700001
v -11.666449 0.853956 -0.699999
v -11.699334 0.984310 0.700001
v -11.699334 0.984310 -0.699999
v -11.751470 1.099547 0.700001
v -11.751470 1.099547 -0.699999
v -11.820667 1.201148 0.700001
v -11.820667 1.201148 -0.699999
v -11.904740 1.290597 0.700001
v -11.904740 1.290597 -0.699999
v -12.001501 1.369375 0.700001
v -12.001501 1.369375 -0.699999
v -12.108762 1.438966 0.700001
v -12.108762 1.438966 -0.699999
v -12.224335 1.500852 0.700001
v -12.224335 1.500852 -0.699999
v -12.346033 1.556516 0.700001
v -12.346033 1.556516 -0.699999
v -12.471668 1.607440 0.700001
v -12.471668 1.607440 -0.699999
v -12.599053 1.655107 0.700001
v -12.599053 1.655107 -0.699999
v -12.726002 1.701000 0.700001
v -12.726002 1.701000 -0.699999
v -13.279001 1.897000 0.700001
v -13.279001 1.897000 -0.699999
v -13.279001 2.065000 0.700001
v -13.279001 2.065000 -0.699999
v -13.275063 2.158228 0.700001
v -13.275063 2.158228 -0.699999
v -13.263250 2.242074 0.700001
v -13.263250 2.242074 -0.699999
v -13.243563 2.316782 0.700001
v -13.243563 2.316782 -0.699999
v -13.216001 2.382593 0.700001
v -13.216001 2.382593 -0.699999
v -13.180563 2.439751 0.700001
v -13.180563 2.439751 -0.699999
v -13.137251 2.488500 0.700001
v -13.137251 2.488500 -0.699999
v -13.086063 2.529082 0.700001
v -13.086063 2.529082 -0.699999
v -13.027001 2.561741 0.700001
v -13.027001 2.561741 -0.699999
v -12.960064 2.586719 0.700001
v -12.960064 2.586719 -0.699999
v -12.885252 2.604259 0.700001
v -12.885252 2.604259 -0.699999
v -12.802565 2.614605 0.700001
v -12.802565 2.614605 -0.699999
v -12.712002 2.618000 0.700001
v -12.712002 2.618000 -0.699999
v -12.626139 2.614626 0.700001
v -12.626139 2.614626 -0.699999
v -12.540178 2.604421 0.700001
v -12.540178 2.604421 -0.699999
v -12.454315 2.587266 0.700001
v -12.454315 2.587266 -0.699999
v -12.368743 2.563037 0.700001
v -12.368743 2.563037 -0.699999
v -12.283657 2.531614 0.700001
v -12.283657 2.531614 -0.699999
v -12.199252 2.492875 0.700001
v -12.199252 2.492875 -0.699999
v -12.115722 2.446699 0.700001
v -12.115722 2.446699 -0.699999
v -12.033261 2.392963 0.700001
v -12.033261 2.392963 -0.699999
v -11.952065 2.331547 0.700001
v -11.952065 2.331547 -0.699999
v -11.872326 2.262329 0.700001
v -11.872326 2.262329 -0.699999
v -11.794240 2.185187 0.700001
v -11.794240 2.185187 -0.699999
v -11.718001 2.100000 0.700001
v -11.718001 2.100000 -0.699999
v -11.718001 2.779000 0.700001
v -11.718001 2.779000 -0.699999
v -11.781301 2.847692 0.700001
v -11.781301 2.847692 -0.699999
v -11.848732 2.910283 0.700001
v -11.848732 2.910283 -0.699999
v -11.920344 2.966797 0.700001
v -11.920344 2.966797 -0.699999
v -11.996185 3.017260 0.700001
v -11.996185 3.017260 -0.699999
v -12.076304 3.061694 0.700001
v -12.076304 3.061694 -0.699999
v -12.160750 3.100125 0.700001
v -12.160750 3.100125 -0.699999
v -12.249571 3.132577 0.700001
v -12.249571 3.132577 -0.699999
v -12.342815 3.159075 0.700001
v -12.342815 3.159075 -0.699999
v -12.440532 3.179641 0.700001
v -12.440532 3.179641 -0.699999
v -12.542769 3.194301 0.700001
v -12.542769 3.194301 -0.699999
v -12.649576 3.203080 0.700001
v -12.649576 3.203080 -0.699999
v -12.761002 3.206000 0.700001
v -12.761002 3.206000 -0.699999
v -12.917266 3.199251 0.700001
v -12.917266 3.199251 -0.699999
v -13.066700 3.178843 0.700001
v -13.066700 3.178843 -0.699999
v -13.208016 3.144531 0.700001
v -13.208016 3.144531 -0.699999
v -13.339927 3.096074 0.700001
v -13.339927 3.096074 -0.699999
v -13.461143 3.033228 0.700001
v -13.461143 3.033228 -0.699999
v -13.570375 2.955750 0.700001
v -13.570375 2.955750 -0.699999
v -13.666338 2.863397 0.700001
v -13.666338 2.863397 -0.699999
v -13.747742 2.755926 0.700001
v -13.747742 2.755926 -0.699999
v -13.813298 2.633094 0.700001
v -13.813298 2.633094 -0.699999
v -13.861719 2.494658 0.700001
v -13.861719 2.494658 -0.699999
v -13.891716 2.340374 0.700001
v -13.891716 2.340374 -0.699999
v -13.902001 2.170000 0.700001
v -13.902001 2.170000 -0.699999
v -13.902001 0.553000 0.700001
v -13.902001 0.553000 -0.699999
v -13.902872 0.524834 0.700001
v -13.902872 0.524834 -0.699999
v -13.905469 0.499755 0.700001
v -13.905469 0.499755 -0.699999
v -13.909767 0.477641 0.700001
v -13.909767 0.477641 -0.699999
v -13.915742 0.458370 0.700001
v -13.915742 0.458370 -0.699999
v -13.923369 0.441822 0.700001
v -13.923369 0.441822 -0.699999
v -13.932626 0.427875 0.700001
v -13.932626 0.427875 -0.699999
v -13.943486 0.416407 0.700001
v -13.943486 0.416407 -0.699999
v -13.955927 0.407296 0.700001
v -13.955927 0.407296 -0.699999
v -13.969923 0.400422 0.700001
v -13.969923 0.400422 -0.699999
v -13.985451 0.395662 0.700001
v -13.985451 0.395662 -0.699999
v -14.002485 0.392895 0.700001
v -14.002485 0.392895 -0.699999
v -14.021002 0.392000 0.700001
v -14.021002 0.392000 -0.699999
v -14.038035 0.393300 0.700001
v -14.038035 0.393300 -0.699999
v -14.057524 0.397153 0.700001
v -14.057524 0.397153 -0.699999
v -14.079297 0.403484 0.700001
v -14.079297 0.403484 -0.699999
v -14.103186 0.412222 0.700001
v -14.103186 0.412222 -0.699999
v -14.129019 0.423293 0.700001
v -14.129019 0.423293 -0.699999
v -14.156626 0.436625 0.700001
v -14.156626 0.436625 -0.699999
v -14.185837 0.452144 0.700001
v -14.185837 0.452144 -0.699999
v -14.216482 0.469778 0.700001
v -14.216482 0.469778 -0.699999
v -14.248391 0.489453 0.700001
v -14.248391 0.489453 -0.699999
v -14.281394 0.511097 0.700001
v -14.281394 0.511097 -0.699999
v -14.315321 0.534637 0.700001
v -14.315321 0.534637 -0.699999
v -14.350001 0.560000 0.700001
v -14.350001 0.560000 -0.699999
v -14.350001 0.182000 0.700001
v -14.350001 0.182000 -0.699999
v -13.147688 1.508391 0.700001
v -13.147688 1.508391 -0.699999
v -13.020651 1.462125 0.700001
v -13.020651 1.462125 -0.699999
v -12.899253 1.414547 0.700001
v -12.899253 1.414547 -0.699999
v -12.784855 1.365000 0.700001
v -12.784855 1.365000 -0.699999
v -12.678818 1.312828 0.700001
v -12.678818 1.312828 -0.699999
v -12.582503 1.257375 0.700001
v -12.582503 1.257375 -0.699999
v -12.497272 1.197984 0.700001
v -12.497272 1.197984 -0.699999
v -12.424484 1.134000 0.700001
v -12.424484 1.134000 -0.699999
v -12.365502 1.064766 0.700001
v -12.365502 1.064766 -0.699999
v -12.321688 0.989625 0.700001
v -12.321688 0.989625 -0.699999
v -12.294400 0.907922 0.700001
v -12.294400 0.907922 -0.699999
v -12.285002 0.819000 0.700001
v -12.285002 0.819000 -0.699999
v -12.288872 0.755915 0.700001
v -12.288872 0.755915 -0.699999
v -12.300202 0.696403 0.700001
v -12.300202 0.696403 -0.699999
v -12.318582 0.640828 0.700001
v -12.318582 0.640828 -0.699999
v -12.343596 0.589556 0.700001
v -12.343596 0.589556 -0.699999
v -12.374832 0.542950 0.700001
v -12.374832 0.542950 -0.699999
v -12.411878 0.501375 0.700001
v -12.411878 0.501375 -0.699999
v -12.454319 0.465196 0.700001
v -12.454319 0.465196 -0.699999
v -12.501743 0.434778 0.700001
v -12.501743 0.434778 -0.699999
v -12.553737 0.410484 0.700001
v -12.553737 0.410484 -0.699999
v -12.609886 0.392681 0.700001
v -12.609886 0.392681 -0.699999
v -12.669779 0.381731 0.700001
v -12.669779 0.381731 -0.699999
v -12.733002 0.378000 0.700001
v -12.733002 0.378000 -0.699999
v -12.781710 0.380021 0.700001
v -12.781710 0.380021 -0.699999
v -12.829835 0.386005 0.700001
v -12.829835 0.386005 -0.699999
v -12.877377 0.395828 0.700001
v -12.877377 0.395828 -0.699999
v -12.924335 0.409370 0.700001
v -12.924335 0.409370 -0.699999
v -12.970710 0.426510 0.700001
v -12.970710 0.426510 -0.699999
v -13.016501 0.447125 0.700001
v -13.016501 0.447125 -0.699999
v -13.061709 0.471094 0.700001
v -13.061709 0.471094 -0.699999
v -13.106335 0.498296 0.700001
v -13.106335 0.498296 -0.699999
v -13.150376 0.528609 0.700001
v -13.150376 0.528609 -0.699999
v -13.193834 0.561912 0.700001
v -13.193834 0.561912 -0.699999
v -13.236710 0.598083 0.700001
v -13.236710 0.598083 -0.699999
v -13.279001 0.637000 0.700001
v -13.279001 0.637000 -0.699999
v -13.279001 1.554000 0.700001
v -13.279001 1.554000 -0.699999
v -15.568002 2.422000 0.700001
v -15.568002 2.422000 -0.699999
v -15.582003 2.422000 0.700001
v -15.582003 2.422000 -0.699999
v -15.660463 2.553595 0.700001
v -15.660463 2.553595 -0.699999
v -15.738366 2.672088 0.700001
v -15.738366 2.672088 -0.699999
v -15.815735 2.777797 0.700001
v -15.815735 2.777797 -0.699999
v -15.892593 2.871037 0.700001
v -15.892593 2.871037 -0.699999
v -15.968966 2.952125 0.700001
v -15.968966 2.952125 -0.699999
v -16.044876 3.021375 0.700001
v -16.044876 3.021375 -0.699999
v -16.120348 3.079105 0.700001
v -16.120348 3.079105 -0.699999
v -16.195408 3.125630 0.700001
v -16.195408 3.125630 -0.699999
v -16.270079 3.161266 0.700001
v -16.270079 3.161266 -0.699999
v -16.344385 3.186329 0.700001
v -16.344385 3.186329 -0.699999
v -16.418350 3.201135 0.700001
v -16.418350 3.201135 -0.699999
v -16.492001 3.206000 0.700001
v -16.492001 3.206000 -0.699999
v -16.554728 3.203517 0.700001
v -16.554728 3.203517 -0.699999
v -16.616995 3.196051 0.700001
v -16.616995 3.196051 -0.699999
v -16.678921 3.183578 0.700001
v -16.678921 3.183578 -0.699999
v -16.740629 3.166074 0.700001
v -16.740629 3.166074 -0.699999
v -16.802240 3.143515 0.700001
v -16.802240 3.143515 -0.699999
v -16.863874 3.115875 0.700001
v -16.863874 3.115875 -0.699999
v -16.925655 3.083132 0.700001
v -16.925655 3.083132 -0.699999
v -16.987703 3.045259 0.700001
v -16.987703 3.045259 -0.699999
v -17.050140 3.002234 0.700001
v -17.050140 3.002234 -0.699999
v -17.113089 2.954032 0.700001
v -17.113089 2.954032 -0.699999
v -17.176668 2.900629 0.700001
v -17.176668 2.900629 -0.699999
v -17.241001 2.842000 0.700001
v -17.241001 2.842000 -0.699999
v -16.912003 2.303000 0.700001
v -16.912003 2.303000 -0.699999
v -16.863674 2.347293 0.700001
v -16.863674 2.347293 -0.699999
v -16.813547 2.389009 0.700001
v -16.813547 2.389009 -0.699999
v -16.762157 2.427906 0.700001
v -16.762157 2.427906 -0.699999
v -16.710037 2.463741 0.700001
v -16.710037 2.463741 -0.699999
v -16.657724 2.496270 0.700001
v -16.657724 2.496270 -0.699999
v -16.605751 2.525250 0.700001
v -16.605751 2.525250 -0.699999
v -16.554653 2.550439 0.700001
v -16.554653 2.550439 -0.699999
v -16.504965 2.571593 0.700001
v -16.504965 2.571593 -0.699999
v -16.457220 2.588469 0.700001
v -16.457220 2.588469 -0.699999
v -16.411955 2.600824 0.700001
v -16.411955 2.600824 -0.699999
v -16.369703 2.608416 0.700001
v -16.369703 2.608416 -0.699999
v -16.331001 2.611000 0.700001
v -16.331001 2.611000 -0.699999
v -16.226286 2.602286 0.700001
v -16.226286 2.602286 -0.699999
v -16.126217 2.576875 0.700001
v -16.126217 2.576875 -0.699999
v -16.031639 2.535859 0.700001
v -16.031639 2.535859 -0.699999
v -15.943406 2.480333 0.700001
v -15.943406 2.480333 -0.699999
v -15.862368 2.411391 0.700001
v -15.862368 2.411391 -0.699999
v -15.789374 2.330125 0.700001
v -15.789374 2.330125 -0.699999
v -15.725277 2.237630 0.700001
v -15.725277 2.237630 -0.699999
v -15.670926 2.135000 0.700001
v -15.670926 2.135000 -0.699999
v -15.627172 2.023328 0.700001
v -15.627172 2.023328 -0.699999
v -15.594867 1.903708 0.700001
v -15.594867 1.903708 -0.699999
v -15.574860 1.777234 0.700001
v -15.574860 1.777234 -0.699999
v -15.568002 1.645000 0.700001
v -15.568002 1.645000 -0.699999
v -15.568002 0.000000 0.700001
v -15.568002 -0.000000 -0.699999
v -14.945002 0.000000 0.700001
v -14.945002 -0.000000 -0.699999
v -14.945002 3.143000 0.700001
v -14.945002 3.143000 -0.699999
v -15.568002 3.143000 0.700001
v -15.568002 3.143000 -0.699999
vn -0.0000 -0.0000 -1.0000
vn -0.0001 -0.0000 -1.0000
vn -0.0000 -0.0000 1.0000
vn -0.0001 -0.0000 1.0000
vn -0.3491 -0.9371 -0.0000
vn -0.3771 -0.9262 -0.0000
vn -0.3180 -0.9481 -0.0000
vn -0.2842 -0.9588 -0.0000
vn -0.2482 -0.9687 -0.0000
vn -0.2107 -0.9776 -0.0000
vn -0.1725 -0.9850 -0.0000
vn -0.1345 -0.9909 -0.0000
vn -0.0977 -0.9952 -0.0000
vn -0.0626 -0.9980 -0.0000
vn -0.0301 -0.9995 -0.0000
vn 0.0220 -0.9998 -0.0000
vn 0.1184 -0.9930 -0.0000
vn 0.2385 -0.9711 -0.0000
vn 0.3584 -0.9336 -0.0000
vn 0.4753 -0.8798 -0.0000
vn 0.5867 -0.8098 -0.0000
vn 0.6895 -0.7242 -0.0000
vn 0.7812 -0.6243 -0.0000
vn 0.8590 -0.5119 -0.0000
vn 0.9209 -0.3898 -0.0000
vn 0.9652 -0.2614 -0.0000
vn 0.9915 -0.1303 -0.0000
vn 1.0000 0.0006 -0.0000
vn 0.9913 0.1318 -0.0000
vn 0.9648 0.2630 -0.0000
vn 0.9208 0.3901 -0.0000
vn 0.8602 0.5100 -0.0000
vn 0.7845 0.6202 -0.0000
vn 0.6955 0.7186 -0.0000
vn 0.5951 0.8036 -0.0000
vn 0.4855 0.8742 -0.0000
vn 0.3688 0.9295 -0.0000
vn 0.2474 0.9689 -0.0000
vn 0.1236 0.9923 -0.0000
vn 0.0235 0.9997 -0.0000
vn -0.0308 0.9995 -0.0000
vn -0.0661 0.9978 -0.0000
vn -0.1056 0.9944 -0.0000
vn -0.1475 0.9891 -0.0000
vn -0.1899 0.9818 -0.0000
vn -0.2307 0.9730 -0.0000
vn -0.2683 0.9633 -0.0000
vn -0.3015 0.9535 -0.0000
vn -0.3299 0.9440 -0.0000
vn -0.3535 0.9355 -0.0000
vn -0.3724 0.9281 -0.0000
vn -0.8309 0.5565 -0.0000
vn -0.5168 -0.8561 -0.0000
vn 0.4493 -0.8934 -0.0000
vn 0.4153 -0.9097 -0.0000
vn 0.3798 -0.9251 -0.0000
vn 0.3429 -0.9394 -0.0000
vn 0.3798 -0.9250 -0.0000
vn 0.3044 -0.9525 -0.0000
vn 0.2645 -0.9644 -0.0000
vn 0.2232 -0.9748 -0.0000
vn 0.1806 -0.9835 -0.0000
vn 0.1369 -0.9906 -0.0000
vn 0.0921 -0.9958 -0.0000
vn 0.0464 -0.9989 -0.0000
vn -0.0201 -0.9998 -0.0000
vn -0.1277 -0.9918 -0.0000
vn -0.2547 -0.9670 -0.0000
vn -0.3780 -0.9258 -0.0000
vn -0.4954 -0.8687 -0.0000
vn -0.6044 -0.7967 -0.0000
vn -0.4953 -0.8687 -0.0000
vn -0.7034 -0.7108 -0.0000
vn -0.7905 -0.6124 -0.0000
vn -0.8642 -0.5031 -0.0000
vn -0.9231 -0.3846 -0.0000
vn -0.9658 -0.2594 -0.0000
vn -0.9915 -0.1301 -0.0000
vn -0.9658 -0.2593 -0.0000
vn -1.0000 -0.0009 -0.0000
vn -0.9918 0.1281 -0.0000
vn -0.9660 0.2586 -0.0000
vn -0.9216 0.3881 -0.0000
vn -0.8588 0.5123 -0.0000
vn -0.7789 0.6271 -0.0000
vn -0.6845 0.7290 -0.0000
vn -0.7790 0.6271 -0.0000
vn -0.5788 0.8154 -0.0000
vn -0.4655 0.8851 -0.0000
vn -0.3480 0.9375 -0.0000
vn -0.2297 0.9733 -0.0000
vn -0.1131 0.9936 -0.0000
vn -0.0185 0.9998 -0.0000
vn 0.0368 0.9993 -0.0000
vn 0.0724 0.9974 -0.0000
vn 0.1062 0.9943 -0.0000
vn 0.1380 0.9904 -0.0000
vn 0.1676 0.9859 -0.0000
vn 0.1948 0.9809 -0.0000
vn 0.1675 0.9859 -0.0000
vn 0.2195 0.9756 -0.0000
vn 0.1947 0.9809 -0.0000
vn 0.2416 0.9704 -0.0000
vn 0.2611 0.9653 -0.0000
vn 0.2779 0.9606 -0.0000
vn 0.2921 0.9564 -0.0000
vn 0.8058 0.5922 -0.0000
vn 0.7071 -0.7071 -0.0000
vn 0.7071 0.7071 -0.0000
vn -0.7071 0.7071 -0.0000
vn -0.8338 -0.5521 -0.0000
vn -0.5244 -0.8515 -0.0000
vn -0.5395 -0.8420 -0.0000
vn -0.5027 -0.8645 -0.0000
vn -0.4729 -0.8811 -0.0000
vn -0.4336 -0.9011 -0.0000
vn -0.3841 -0.9233 -0.0000
vn -0.3247 -0.9458 -0.0000
vn -0.2577 -0.9662 -0.0000
vn -0.1870 -0.9824 -0.0000
vn -0.1177 -0.9930 -0.0000
vn -0.0548 -0.9985 -0.0000
vn 0.0029 -1.0000 -0.0000
vn 0.0670 -0.9978 -0.0000
vn 0.1445 -0.9895 -0.0000
vn 0.2345 -0.9721 -0.0000
vn 0.3361 -0.9418 -0.0000
vn 0.4464 -0.8948 -0.0000
vn 0.5597 -0.8287 -0.0000
vn 0.4465 -0.8948 -0.0000
vn 0.6682 -0.7440 -0.0000
vn 0.7643 -0.6449 -0.0000
vn 0.8426 -0.5386 -0.0000
vn 0.9016 -0.4327 -0.0000
vn 0.8426 -0.5385 -0.0000
vn 0.9428 -0.3334 -0.0000
vn 0.9016 -0.4326 -0.0000
vn 0.3111 -0.9504 -0.0000
vn 0.9428 -0.3333 -0.0000
vn -0.5845 -0.8114 -0.0000
vn -0.5440 -0.8391 -0.0000
vn -0.5005 -0.8658 -0.0000
vn -0.4539 -0.8910 -0.0000
vn -0.5005 -0.8657 -0.0000
vn -0.4045 -0.9146 -0.0000
vn -0.3522 -0.9359 -0.0000
vn -0.2975 -0.9547 -0.0000
vn -0.2406 -0.9706 -0.0000
vn -0.1819 -0.9833 -0.0000
vn -0.1219 -0.9925 -0.0000
vn -0.0611 -0.9981 -0.0000
vn 0.0176 -0.9998 -0.0000
vn 0.1330 -0.9911 -0.0000
vn 0.2663 -0.9639 -0.0000
vn 0.3956 -0.9184 -0.0000
vn 0.5169 -0.8560 -0.0000
vn 0.6272 -0.7789 -0.0000
vn 0.7244 -0.6893 -0.0000
vn 0.8076 -0.5898 -0.0000
vn 0.8761 -0.4821 -0.0000
vn 0.9298 -0.3680 -0.0000
vn 0.9686 -0.2487 -0.0000
vn 0.9921 -0.1254 -0.0000
vn 1.0000 0.0074 -0.0000
vn 0.9868 0.1617 -0.0000
vn 0.9441 0.3297 -0.0000
vn 0.8721 0.4894 -0.0000
vn 0.7800 0.6258 -0.0000
vn 0.6815 0.7318 -0.0000
vn 0.5887 0.8084 -0.0000
vn 0.5086 0.8610 -0.0000
vn 0.4442 0.8959 -0.0000
vn 0.3959 0.9183 -0.0000
vn 0.3631 0.9318 -0.0000
vn 0.3452 0.9385 -0.0000
vn 0.3370 0.9415 -0.0000
vn 0.8167 0.5770 -0.0000
vn 0.9998 -0.0211 -0.0000
vn 0.9959 -0.0910 -0.0000
vn 0.9803 -0.1975 -0.0000
vn 0.9470 -0.3213 -0.0000
vn 0.8889 -0.4580 -0.0000
vn 0.8017 -0.5978 -0.0000
vn 0.8889 -0.4581 -0.0000
vn 0.6870 -0.7266 -0.0000
vn 0.5545 -0.8322 -0.0000
vn 0.4179 -0.9085 -0.0000
vn 0.2895 -0.9572 -0.0000
vn 0.1765 -0.9843 -0.0000
vn 0.0809 -0.9967 -0.0000
vn -0.0009 -1.0000 -0.0000
vn -0.0786 -0.9969 -0.0000
vn -0.1570 -0.9876 -0.0000
vn -0.2344 -0.9722 -0.0000
vn -0.3097 -0.9508 -0.0000
vn -0.2344 -0.9721 -0.0000
vn -0.3821 -0.9241 -0.0000
vn -0.4508 -0.8926 -0.0000
vn -0.5152 -0.8571 -0.0000
vn -0.5750 -0.8182 -0.0000
vn -0.6298 -0.7768 -0.0000
vn -0.6795 -0.7337 -0.0000
vn -0.6297 -0.7768 -0.0000
vn -0.7243 -0.6895 -0.0000
vn 0.3569 -0.9341 -0.0000
vn 0.9315 0.3638 -0.0000
vn 0.7084 0.7058 -0.0000
vn 0.9315 0.3637 -0.0000
vn 0.6504 0.7596 -0.0000
vn 0.5872 0.8094 -0.0000
vn 0.5199 0.8542 -0.0000
vn 0.4500 0.8930 -0.0000
vn 0.3790 0.9254 -0.0000
vn 0.3085 0.9512 -0.0000
vn 0.2398 0.9708 -0.0000
vn 0.1740 0.9847 -0.0000
vn 0.1120 0.9937 -0.0000
vn 0.0541 0.9985 -0.0000
vn -0.0085 1.0000 -0.0000
vn -0.0893 0.9960 -0.0000
vn -0.1859 0.9826 -0.0000
vn -0.2909 0.9568 -0.0000
vn -0.4034 0.9150 -0.0000
vn -0.5207 0.8538 -0.0000
vn -0.6378 0.7702 -0.0000
vn -0.7476 0.6642 -0.0000
vn -0.8423 0.5390 -0.0000
vn -0.9158 0.4017 -0.0000
vn -0.9653 0.2612 -0.0000
vn -0.9921 0.1258 -0.0000
vn -0.9995 0.0301 -0.0000
vn -0.9999 0.0155 -0.0000
vn -0.9978 0.0670 -0.0000
vn -0.9999 0.0154 -0.0000
vn -0.9891 0.1470 -0.0000
vn -0.9698 0.2438 -0.0000
vn -0.9337 0.3581 -0.0000
vn -0.8733 0.4872 -0.0000
vn -0.9336 0.3582 -0.0000
vn -0.7825 0.6226 -0.0000
vn -0.8733 0.4873 -0.0000
vn -0.6612 0.7502 -0.0000
vn -0.5179 0.8555 -0.0000
vn -0.6611 0.7503 -0.0000
vn -0.3681 0.9298 -0.0000
vn -0.5178 0.8555 -0.0000
vn -0.2272 0.9738 -0.0000
vn -0.3682 0.9298 -0.0000
vn -0.1045 0.9945 -0.0000
vn 0.0139 0.9999 -0.0000
vn 0.1353 0.9908 -0.0000
vn 0.2368 0.9716 -0.0000
vn 0.3115 0.9502 -0.0000
vn 0.3689 0.9295 -0.0000
vn 0.3116 0.9502 -0.0000
vn 0.4145 0.9101 -0.0000
vn 0.4521 0.8920 -0.0000
vn 0.4840 0.8751 -0.0000
vn 0.5118 0.8591 -0.0000
vn 0.5367 0.8438 -0.0000
vn 0.5119 0.8591 -0.0000
vn 0.5593 0.8290 -0.0000
vn 0.5802 0.8144 -0.0000
vn -0.4526 0.8917 -0.0000
vn -0.8791 -0.4767 -0.0000
vn -0.3536 -0.9354 -0.0000
vn -0.3352 -0.9422 -0.0000
vn -0.3812 -0.9245 -0.0000
vn -0.4196 -0.9077 -0.0000
vn -0.4705 -0.8824 -0.0000
vn -0.5358 -0.8443 -0.0000
vn -0.6169 -0.7870 -0.0000
vn -0.7126 -0.7016 -0.0000
vn -0.8158 -0.5784 -0.0000
vn -0.9110 -0.4124 -0.0000
vn -0.9772 -0.2122 -0.0000
vn -0.9998 -0.0220 -0.0000
vn -0.9922 0.1244 -0.0000
vn -0.9680 0.2511 -0.0000
vn -0.9262 0.3771 -0.0000
vn -0.9680 0.2510 -0.0000
vn -0.8667 0.4988 -0.0000
vn -0.7905 0.6125 -0.0000
vn -0.6993 0.7148 -0.0000
vn -0.5957 0.8032 -0.0000
vn -0.4827 0.8758 -0.0000
vn -0.3635 0.9316 -0.0000
vn -0.2415 0.9704 -0.0000
vn -0.3636 0.9316 -0.0000
vn -0.1196 0.9928 -0.0000
vn -0.0087 1.0000 -0.0000
vn 0.0825 0.9966 -0.0000
vn 0.1630 0.9866 -0.0000
vn 0.2399 0.9708 -0.0000
vn 0.3121 0.9501 -0.0000
vn 0.3788 0.9255 -0.0000
vn 0.4397 0.8981 -0.0000
vn 0.4947 0.8691 -0.0000
vn 0.5439 0.8391 -0.0000
vn 0.5878 0.8090 -0.0000
vn 0.6267 0.7793 -0.0000
vn 0.6611 0.7503 -0.0000
vn 0.6267 0.7792 -0.0000
vn 0.9157 0.4018 -0.0000
vn 0.5796 -0.8149 -0.0000
vn 0.6779 0.7351 -0.0000
vn -0.3917 0.9201 -0.0000
vn -0.3916 0.9201 -0.0000
vn 0.6448 0.7643 -0.0000
vn 0.6070 0.7947 -0.0000
vn 0.5637 0.8260 -0.0000
vn 0.5145 0.8575 -0.0000
vn 0.4588 0.8885 -0.0000
vn 0.3965 0.9180 -0.0000
vn 0.3274 0.9449 -0.0000
vn 0.2521 0.9677 -0.0000
vn 0.1714 0.9852 -0.0000
vn 0.0868 0.9962 -0.0000
vn 0.0011 1.0000 -0.0000
vn -0.0842 0.9965 -0.0000
vn -0.1708 0.9853 -0.0000
vn -0.2590 0.9659 -0.0000
vn -0.3471 0.9378 -0.0000
vn -0.4333 0.9012 -0.0000
vn -0.5158 0.8567 -0.0000
vn -0.5930 0.8052 -0.0000
vn -0.6636 0.7481 -0.0000
vn -0.7268 0.6868 -0.0000
vn -0.7822 0.6230 -0.0000
vn -0.8299 0.5580 -0.0000
vn -0.0942 0.9956 -0.0000
vn 0.7251 0.6887 -0.0000
vn 0.6970 0.7171 -0.0000
vn 0.6625 0.7490 -0.0000
vn 0.6209 0.7839 -0.0000
vn 0.5712 0.8208 -0.0000
vn 0.5128 0.8585 -0.0000
vn 0.4451 0.8955 -0.0000
vn 0.3684 0.9297 -0.0000
vn 0.2835 0.9590 -0.0000
vn 0.1920 0.9814 -0.0000
vn 0.0965 0.9953 -0.0000
vn -0.1337 0.9910 -0.0000
vn -0.2723 0.9622 -0.0000
vn -0.4111 0.9116 -0.0000
vn -0.5434 0.8395 -0.0000
vn -0.6628 0.7488 -0.0000
vn -0.7646 0.6445 -0.0000
vn -0.8464 0.5325 -0.0000
vn -0.9084 0.4180 -0.0000
vn -0.9522 0.3054 -0.0000
vn -0.9803 0.1974 -0.0000
vn -0.9954 0.0956 -0.0000
vn -0.9997 0.0232 -0.0000
vn -0.7071 -0.7071 -0.0000
vn 0.9997 -0.0261 -0.0000
vn 0.9941 -0.1080 -0.0000
vn 0.9749 -0.2226 -0.0000
vn 0.9397 -0.3421 -0.0000
vn 0.8865 -0.4627 -0.0000
vn 0.8146 -0.5800 -0.0000
vn 0.7248 -0.6890 -0.0000
vn 0.6195 -0.7850 -0.0000
vn 0.5026 -0.8645 -0.0000
vn 0.3783 -0.9257 -0.0000
vn 0.2509 -0.9680 -0.0000
vn 0.1240 -0.9923 -0.0000
vn 0.0117 -0.9999 -0.0000
vn -0.1013 -0.9949 -0.0000
vn -0.2169 -0.9762 -0.0000
vn -0.3115 -0.9502 -0.0000
vn -0.3891 -0.9212 -0.0000
vn -0.4533 -0.8913 -0.0000
vn -0.5073 -0.8618 -0.0000
vn -0.5533 -0.8330 -0.0000
vn -0.5934 -0.8049 -0.0000
vn -0.6288 -0.7775 -0.0000
vn -0.6609 -0.7505 -0.0000
vn -0.6903 -0.7235 -0.0000
vn -0.9231 -0.3845 -0.0000
vn 0.9998 -0.0217 -0.0000
vn 0.9815 -0.1916 -0.0000
vn 0.9533 -0.3021 -0.0000
vn 0.9075 -0.4201 -0.0000
vn 0.8411 -0.5409 -0.0000
vn 0.7527 -0.6583 -0.0000
vn 0.6442 -0.7648 -0.0000
vn 0.5203 -0.8540 -0.0000
vn 0.3877 -0.9218 -0.0000
vn 0.5202 -0.8540 -0.0000
vn 0.2535 -0.9673 -0.0000
vn 0.1235 -0.9923 -0.0000
vn 0.0163 -0.9999 -0.0000
vn -0.0585 -0.9983 -0.0000
vn -0.1256 -0.9921 -0.0000
vn -0.2011 -0.9796 -0.0000
vn -0.2825 -0.9593 -0.0000
vn -0.3659 -0.9307 -0.0000
vn -0.4469 -0.8946 -0.0000
vn -0.5218 -0.8531 -0.0000
vn -0.5879 -0.8089 -0.0000
vn -0.6441 -0.7649 -0.0000
vn -0.6904 -0.7234 -0.0000
vn -0.7277 -0.6859 -0.0000
vn -0.9338 -0.3577 -0.0000
vn -0.4869 -0.8735 -0.0000
vn -0.5233 -0.8522 -0.0000
vn -0.4449 -0.8956 -0.0000
vn -0.3980 -0.9174 -0.0000
vn -0.3470 -0.9379 -0.0000
vn -0.2934 -0.9560 -0.0000
vn -0.2388 -0.9711 -0.0000
vn -0.1848 -0.9828 -0.0000
vn -0.1330 -0.9911 -0.0000
vn -0.0845 -0.9964 -0.0000
vn -0.0403 -0.9992 -0.0000
vn 0.0250 -0.9997 -0.0000
vn 0.1412 -0.9900 -0.0000
vn 0.2852 -0.9585 -0.0000
vn 0.4256 -0.9049 -0.0000
vn 0.5557 -0.8314 -0.0000
vn 0.6701 -0.7422 -0.0000
vn 0.7664 -0.6424 -0.0000
vn 0.8438 -0.5366 -0.0000
vn 0.9036 -0.4283 -0.0000
vn 0.9475 -0.3198 -0.0000
vn 0.9773 -0.2121 -0.0000
vn 0.9944 -0.1055 -0.0000
vn 1.0000 0.0004 -0.0000
vn 0.9940 0.1091 -0.0000
vn 0.9749 0.2227 -0.0000
vn 0.9406 0.3396 -0.0000
vn 0.8894 0.4571 -0.0000
vn 0.8205 0.5717 -0.0000
vn 0.7339 0.6793 -0.0000
vn 0.6309 0.7758 -0.0000
vn 0.3887 0.9214 -0.0000
vn 0.2581 0.9661 -0.0000
vn 0.1274 0.9919 -0.0000
vn 0.0020 1.0000 -0.0000
vn -0.1222 0.9925 -0.0000
vn -0.2545 0.9671 -0.0000
vn -0.3939 0.9192 -0.0000
vn -0.5325 0.8465 -0.0000
vn -0.6607 0.7506 -0.0000
vn -0.7703 0.6377 -0.0000
vn -0.8564 0.5163 -0.0000
vn -0.9186 0.3951 -0.0000
vn -0.9599 0.2805 -0.0000
vn -0.9844 0.1760 -0.0000
vn -0.9966 0.0830 -0.0000
vn -0.7209 -0.6931 -0.0000
vn -0.7733 -0.6340 -0.0000
vn -0.9706 0.2406 -0.0000
vn -0.9427 0.3338 -0.0000
vn -0.9005 0.4348 -0.0000
vn -0.8413 0.5406 -0.0000
vn -0.7633 0.6461 -0.0000
vn -0.6671 0.7449 -0.0000
vn -0.5566 0.8308 -0.0000
vn -0.4378 0.8991 -0.0000
vn -0.3177 0.9482 -0.0000
vn -0.2026 0.9793 -0.0000
vn -0.0965 0.9953 -0.0000
vn -0.0076 1.0000 -0.0000
vn 0.0612 0.9981 -0.0000
vn 0.1212 0.9926 -0.0000
vn 0.1792 0.9838 -0.0000
vn 0.2344 0.9721 -0.0000
vn 0.2864 0.9581 -0.0000
vn 0.3347 0.9423 -0.0000
vn 0.3793 0.9253 -0.0000
vn 0.4201 0.9075 -0.0000
vn 0.4571 0.8894 -0.0000
vn 0.4904 0.8715 -0.0000
vn 0.5202 0.8540 -0.0000
vn -0.4825 0.8759 -0.0000
vn -0.8775 -0.4796 -0.0000
vn 0.9704 -0.2417 -0.0000
vn 0.9902 -0.1396 -0.0000
vn 0.9367 -0.3501 -0.0000
vn 0.9703 -0.2417 -0.0000
vn 0.8866 -0.4625 -0.0000
vn 0.8179 -0.5753 -0.0000
vn 0.7300 -0.6835 -0.0000
vn 0.6242 -0.7812 -0.0000
vn 0.5045 -0.8634 -0.0000
vn 0.3763 -0.9265 -0.0000
vn 0.5044 -0.8634 -0.0000
vn 0.2462 -0.9692 -0.0000
vn 0.1198 -0.9928 -0.0000
vn 0.0038 -1.0000 -0.0000
vn -0.1048 -0.9945 -0.0000
vn -0.2179 -0.9760 -0.0000
vn -0.3375 -0.9413 -0.0000
vn -0.4587 -0.8886 -0.0000
vn -0.5754 -0.8179 -0.0000
vn -0.6814 -0.7319 -0.0000
vn -0.7721 -0.6356 -0.0000
vn -0.8452 -0.5345 -0.0000
vn -0.7721 -0.6355 -0.0000
vn -0.9009 -0.4341 -0.0000
vn -0.9411 -0.3381 -0.0000
vn -0.9685 -0.2490 -0.0000
vn -0.7766 0.6300 -0.0000
vn 0.7383 0.6744 -0.0000
vn 0.4457 -0.8952 -0.0000
vn 0.4763 -0.8793 -0.0000
vn 0.4117 -0.9113 -0.0000
vn 0.3742 -0.9273 -0.0000
vn 0.3334 -0.9428 -0.0000
vn 0.2897 -0.9571 -0.0000
vn 0.2434 -0.9699 -0.0000
vn 0.1952 -0.9808 -0.0000
vn 0.1460 -0.9893 -0.0000
vn 0.0965 -0.9953 -0.0000
vn 0.0477 -0.9989 -0.0000
vn -0.0180 -0.9998 -0.0000
vn -0.1203 -0.9927 -0.0000
vn -0.2418 -0.9703 -0.0000
vn -0.3623 -0.9320 -0.0000
vn -0.4793 -0.8776 -0.0000
vn -0.5902 -0.8073 -0.0000
vn -0.6922 -0.7217 -0.0000
vn -0.7829 -0.6221 -0.0000
vn -0.8599 -0.5105 -0.0000
vn -0.9212 -0.3892 -0.0000
vn -0.9652 -0.2614 -0.0000
vn -0.9915 -0.1305 -0.0000
vn -1.0000 -0.0015 -0.0000
vn -0.9921 0.1257 -0.0000
vn -0.9670 0.2546 -0.0000
vn -0.9234 0.3838 -0.0000
vn -0.8609 0.5087 -0.0000
vn -0.7808 0.6248 -0.0000
vn -0.6854 0.7282 -0.0000
vn -0.5784 0.8158 -0.0000
vn -0.4637 0.8860 -0.0000
vn -0.3454 0.9385 -0.0000
vn -0.2269 0.9739 -0.0000
vn -0.1113 0.9938 -0.0000
vn -0.2270 0.9739 -0.0000
vn -0.0128 0.9999 -0.0000
vn 0.0569 0.9984 -0.0000
vn 0.1116 0.9938 -0.0000
vn 0.1639 0.9865 -0.0000
vn 0.2138 0.9769 -0.0000
vn 0.2616 0.9652 -0.0000
vn 0.3072 0.9516 -0.0000
vn 0.3509 0.9364 -0.0000
vn 0.3927 0.9196 -0.0000
vn 0.4329 0.9014 -0.0000
vn 0.4716 0.8818 -0.0000
vn 0.5088 0.8609 -0.0000
vn -0.4864 0.8738 -0.0000
vn -0.8517 -0.5240 -0.0000
vn -0.4374 -0.8993 -0.0000
vn -0.4081 -0.9129 -0.0000
vn -0.3749 -0.9271 -0.0000
vn -0.3381 -0.9411 -0.0000
vn -0.2984 -0.9544 -0.0000
vn -0.2565 -0.9666 -0.0000
vn -0.2131 -0.9770 -0.0000
vn -0.1690 -0.9856 -0.0000
vn -0.1251 -0.9922 -0.0000
vn -0.0819 -0.9966 -0.0000
vn -0.0401 -0.9992 -0.0000
vn 0.0226 -0.9997 -0.0000
vn 0.2704 -0.9628 -0.0000
vn 0.4061 -0.9138 -0.0000
vn 0.5336 -0.8457 -0.0000
vn 0.6474 -0.7621 -0.0000
vn 0.7446 -0.6675 -0.0000
vn 0.8244 -0.5661 -0.0000
vn 0.8876 -0.4607 -0.0000
vn 0.8243 -0.5661 -0.0000
vn 0.9358 -0.3524 -0.0000
vn 0.9705 -0.2409 -0.0000
vn 0.9923 -0.1241 -0.0000
vn 1.0000 -0.0004 -0.0000
vn 0.9918 0.1279 -0.0000
vn 0.9664 0.2571 -0.0000
vn 0.9232 0.3844 -0.0000
vn 0.8625 0.5061 -0.0000
vn 0.7855 0.6188 -0.0000
vn 0.6942 0.7198 -0.0000
vn 0.5911 0.8066 -0.0000
vn 0.4790 0.8778 -0.0000
vn 0.3610 0.9325 -0.0000
vn 0.2401 0.9708 -0.0000
vn 0.1190 0.9929 -0.0000
vn 0.0192 0.9998 -0.0000
vn -0.0408 0.9992 -0.0000
vn -0.0816 0.9967 -0.0000
vn -0.1217 0.9926 -0.0000
vn -0.1606 0.9870 -0.0000
vn -0.1976 0.9803 -0.0000
vn -0.2325 0.9726 -0.0000
vn -0.2648 0.9643 -0.0000
vn -0.2945 0.9556 -0.0000
vn -0.3214 0.9469 -0.0000
vn -0.3457 0.9384 -0.0000
vn -0.3673 0.9301 -0.0000
vn -0.8299 0.5579 -0.0000
vn -0.5046 -0.8633 -0.0000
vn -0.1869 -0.9824 -0.0000
vn 0.2344 -0.9721 -0.0000
vn 0.9921 -0.1255 -0.0000
vn 0.6870 -0.7267 -0.0000
vn -0.2908 0.9568 -0.0000
vn -0.4033 0.9150 -0.0000
vn -0.9977 0.0671 -0.0000
vn -0.9891 0.1471 -0.0000
vn -0.7826 0.6226 -0.0000
vn 0.4145 0.9100 -0.0000
vn 0.5802 0.8145 -0.0000
vn -0.8667 0.4987 -0.0000
vn 0.4939 0.8695 -0.0000
vn 0.8475 0.5309 -0.0000
vn 0.8215 0.5702 -0.0000
vn 0.7896 0.6136 -0.0000
vn 0.7502 0.6612 -0.0000
vn 0.7015 0.7127 -0.0000
vn 0.6414 0.7672 -0.0000
vn 0.5679 0.8231 -0.0000
vn 0.6413 0.7673 -0.0000
vn 0.4795 0.8775 -0.0000
vn 0.3758 0.9267 -0.0000
vn 0.2585 0.9660 -0.0000
vn 0.1314 0.9913 -0.0000
vn 0.0132 0.9999 -0.0000
vn -0.0794 0.9968 -0.0000
vn -0.1584 0.9874 -0.0000
vn -0.2354 0.9719 -0.0000
vn -0.3086 0.9512 -0.0000
vn -0.2353 0.9719 -0.0000
vn -0.3767 0.9263 -0.0000
vn -0.4390 0.8985 -0.0000
vn -0.4949 0.8690 -0.0000
vn -0.5444 0.8388 -0.0000
vn -0.5879 0.8090 -0.0000
vn -0.6257 0.7800 -0.0000
vn -0.6585 0.7526 -0.0000
vn -0.9900 0.1414 -0.0000
vn -0.1400 -0.9902 -0.0000
vn 0.6579 -0.7531 -0.0000
vn 0.6218 -0.7832 -0.0000
vn 0.6578 -0.7532 -0.0000
vn 0.5852 -0.8109 -0.0000
vn 0.6217 -0.7832 -0.0000
vn 0.5474 -0.8368 -0.0000
vn 0.5077 -0.8616 -0.0000
vn 0.5475 -0.8368 -0.0000
vn 0.4647 -0.8855 -0.0000
vn 0.5077 -0.8615 -0.0000
vn 0.4171 -0.9089 -0.0000
vn 0.3627 -0.9319 -0.0000
vn 0.2985 -0.9544 -0.0000
vn 0.2203 -0.9754 -0.0000
vn 0.1219 -0.9925 -0.0000
vn -0.0082 -1.0000 -0.0000
vn -0.1651 -0.9863 -0.0000
vn -0.3230 -0.9464 -0.0000
vn -0.4666 -0.8845 -0.0000
vn -0.5918 -0.8061 -0.0000
vn -0.6975 -0.7166 -0.0000
vn -0.7845 -0.6201 -0.0000
vn -0.8543 -0.5197 -0.0000
vn -0.9089 -0.4171 -0.0000
vn -0.9497 -0.3132 -0.0000
vn -0.9780 -0.2088 -0.0000
vn -0.9946 -0.1042 -0.0000
vn -0.9997 -0.0259 -0.0000
vt 0.222222 0.000000
vt 0.259259 0.000000
vt 0.240741 0.000000
vt 0.277778 0.000000
vt 0.203704 0.000000
vt 0.296296 0.000000
vt 0.185185 0.000000
vt 0.314815 0.000000
vt 0.333333 0.000000
vt 0.166667 0.000000
vt 0.351852 0.000000
vt 0.962963 0.000000
vt 1.000000 0.000000
vt 0.981481 0.000000
vt 0.000000 0.000000
vt 0.148148 0.000000
vt 0.370370 0.000000
vt 0.388889 0.000000
vt 0.129630 0.000000
vt 0.407407 0.000000
vt 0.111111 0.000000
vt 0.425926 0.000000
vt 0.444444 0.000000
vt 0.092593 0.000000
vt 0.462963 0.000000
vt 0.074074 0.000000
vt 0.648148 0.000000
vt 0.629630 0.000000
vt 0.611111 0.000000
vt 0.592593 0.000000
vt 0.574074 0.000000
vt 0.555556 0.000000
vt 0.537037 0.000000
vt 0.518519 0.000000
vt 0.500000 0.000000
vt 0.481481 0.000000
vt 0.055556 0.000000
vt 0.685185 0.000000
vt 0.666667 0.000000
vt 0.037037 0.000000
vt 0.722222 0.000000
vt 0.703704 0.000000
vt 0.740741 0.000000
vt 0.759259 0.000000
vt 0.018519 0.000000
vt 0.777778 0.000000
vt 0.796296 0.000000
vt 0.870370 0.000000
vt 0.851852 0.000000
vt 0.833333 0.000000
vt 0.814815 0.000000
vt 0.888889 0.000000
vt 0.907407 0.000000
vt 0.925926 0.000000
vt 0.944444 0.000000
vt 0.560694 0.000000
vt 0.572254 0.000000
vt 0.566474 0.000000
vt 0.554913 0.000000
vt 0.578035 0.000000
vt 0.549133 0.000000
vt 0.543353 0.000000
vt 0.583815 0.000000
vt 0.537572 0.000000
vt 0.589595 0.000000
vt 0.531792 0.000000
vt 0.526012 0.000000
vt 0.595376 0.000000
vt 0.520231 0.000000
vt 0.601156 0.000000
vt 0.514451 0.000000
vt 0.508671 0.000000
vt 0.606936 0.000000
vt 0.502890 0.000000
vt 0.612717 0.000000
vt 0.497110 0.000000
vt 0.491329 0.000000
vt 0.485549 0.000000
vt 0.479769 0.000000
vt 0.473988 0.000000
vt 0.468208 0.000000
vt 0.462428 0.000000
vt 0.456647 0.000000
vt 0.450867 0.000000
vt 0.445087 0.000000
vt 0.439306 0.000000
vt 0.433526 0.000000
vt 0.427746 0.000000
vt 0.421965 0.000000
vt 0.618497 0.000000
vt 0.416185 0.000000
vt 0.624277 0.000000
vt 0.410405 0.000000
vt 0.404624 0.000000
vt 0.398844 0.000000
vt 0.393064 0.000000
vt 0.387283 0.000000
vt 0.630058 0.000000
vt 0.381503 0.000000
vt 0.375723 0.000000
vt 0.369942 0.000000
vt 0.635838 0.000000
vt 0.364162 0.000000
vt 0.358382 0.000000
vt 0.641618 0.000000
vt 0.352601 0.000000
vt 0.346821 0.000000
vt 0.341040 0.000000
vt 0.335260 0.000000
vt 0.329480 0.000000
vt 0.323699 0.000000
vt 0.317919 0.000000
vt 0.791907 0.000000
vt 0.994220 0.000000
vt 0.797688 0.000000
vt 0.312139 0.000000
vt 0.803468 0.000000
vt 0.306358 0.000000
vt 0.809249 0.000000
vt 0.300578 0.000000
vt 0.815029 0.000000
vt 0.820809 0.000000
vt 0.294798 0.000000
vt 0.826590 0.000000
vt 0.289017 0.000000
vt 0.832370 0.000000
vt 0.838150 0.000000
vt 0.283237 0.000000
vt 0.843931 0.000000
vt 0.849711 0.000000
vt 0.277457 0.000000
vt 0.855491 0.000000
vt 0.271676 0.000000
vt 0.861272 0.000000
vt 0.867052 0.000000
vt 0.265896 0.000000
vt 0.872832 0.000000
vt 0.878613 0.000000
vt 0.988439 0.000000
vt 0.260116 0.000000
vt 0.982659 0.000000
vt 0.884393 0.000000
vt 0.976879 0.000000
vt 0.774566 0.000000
vt 0.786127 0.000000
vt 0.780347 0.000000
vt 0.647399 0.000000
vt 0.890173 0.000000
vt 0.768786 0.000000
vt 0.971098 0.000000
vt 0.653179 0.000000
vt 0.763006 0.000000
vt 0.254335 0.000000
vt 0.895954 0.000000
vt 0.658960 0.000000
vt 0.965318 0.000000
vt 0.757225 0.000000
vt 0.664740 0.000000
vt 0.959538 0.000000
vt 0.751445 0.000000
vt 0.901734 0.000000
vt 0.670520 0.000000
vt 0.745665 0.000000
vt 0.953757 0.000000
vt 0.676301 0.000000
vt 0.739884 0.000000
vt 0.907514 0.000000
vt 0.682081 0.000000
vt 0.947977 0.000000
vt 0.734104 0.000000
vt 0.687861 0.000000
vt 0.248555 0.000000
vt 0.728324 0.000000
vt 0.913295 0.000000
vt 0.942197 0.000000
vt 0.693642 0.000000
vt 0.722543 0.000000
vt 0.699422 0.000000
vt 0.716763 0.000000
vt 0.936416 0.000000
vt 0.705202 0.000000
vt 0.710983 0.000000
vt 0.919075 0.000000
vt 0.930636 0.000000
vt 0.924855 0.000000
vt 0.132948 0.000000
vt 0.242775 0.000000
vt 0.138728 0.000000
vt 0.127168 0.000000
vt 0.236994 0.000000
vt 0.144509 0.000000
vt 0.121387 0.000000
vt 0.231214 0.000000
vt 0.150289 0.000000
vt 0.115607 0.000000
vt 0.005780 0.000000
vt 0.156069 0.000000
vt 0.109827 0.000000
vt 0.225434 0.000000
vt 0.011561 0.000000
vt 0.161850 0.000000
vt 0.104046 0.000000
vt 0.017341 0.000000
vt 0.219653 0.000000
vt 0.167630 0.000000
vt 0.098266 0.000000
vt 0.023121 0.000000
vt 0.173410 0.000000
vt 0.092486 0.000000
vt 0.028902 0.000000
vt 0.213873 0.000000
vt 0.179191 0.000000
vt 0.086705 0.000000
vt 0.034682 0.000000
vt 0.184971 0.000000
vt 0.040462 0.000000
vt 0.080925 0.000000
vt 0.208092 0.000000
vt 0.046243 0.000000
vt 0.190751 0.000000
vt 0.075145 0.000000
vt 0.052023 0.000000
vt 0.196532 0.000000
vt 0.069364 0.000000
vt 0.202312 0.000000
vt 0.057803 0.000000
vt 0.063584 0.000000
vt 0.346939 0.000000
vt 0.367347 0.000000
vt 0.357143 0.000000
vt 0.377551 0.000000
vt 0.336735 0.000000
vt 0.387755 0.000000
vt 0.326531 0.000000
vt 0.397959 0.000000
vt 0.316327 0.000000
vt 0.408163 0.000000
vt 0.306122 0.000000
vt 0.418367 0.000000
vt 0.295918 0.000000
vt 0.428571 0.000000
vt 0.285714 0.000000
vt 0.867347 0.000000
vt 0.877551 0.000000
vt 0.857143 0.000000
vt 0.887755 0.000000
vt 0.846939 0.000000
vt 0.897959 0.000000
vt 0.836735 0.000000
vt 0.438776 0.000000
vt 0.908163 0.000000
vt 0.275510 0.000000
vt 0.826531 0.000000
vt 0.918367 0.000000
vt 0.816327 0.000000
vt 0.928571 0.000000
vt 0.806122 0.000000
vt 0.938776 0.000000
vt 0.795918 0.000000
vt 0.265306 0.000000
vt 0.448980 0.000000
vt 0.948980 0.000000
vt 0.785714 0.000000
vt 0.959184 0.000000
vt 0.775510 0.000000
vt 0.255102 0.000000
vt 0.459184 0.000000
vt 0.969388 0.000000
vt 0.765306 0.000000
vt 0.979592 0.000000
vt 0.755102 0.000000
vt 0.244898 0.000000
vt 0.989796 0.000000
vt 0.469388 0.000000
vt 0.234694 0.000000
vt 0.479592 0.000000
vt 0.224490 0.000000
vt 0.489796 0.000000
vt 0.214286 0.000000
vt 0.510204 0.000000
vt 0.520408 0.000000
vt 0.204082 0.000000
vt 0.530612 0.000000
vt 0.193878 0.000000
vt 0.540816 0.000000
vt 0.724490 0.000000
vt 0.744898 0.000000
vt 0.734694 0.000000
vt 0.551020 0.000000
vt 0.714286 0.000000
vt 0.704082 0.000000
vt 0.183673 0.000000
vt 0.561224 0.000000
vt 0.693878 0.000000
vt 0.683673 0.000000
vt 0.571429 0.000000
vt 0.673469 0.000000
vt 0.581633 0.000000
vt 0.663265 0.000000
vt 0.173469 0.000000
vt 0.653061 0.000000
vt 0.591837 0.000000
vt 0.642857 0.000000
vt 0.602041 0.000000
vt 0.632653 0.000000
vt 0.622449 0.000000
vt 0.612245 0.000000
vt 0.163265 0.000000
vt 0.153061 0.000000
vt 0.010204 0.000000
vt 0.020408 0.000000
vt 0.142857 0.000000
vt 0.030612 0.000000
vt 0.040816 0.000000
vt 0.132653 0.000000
vt 0.051020 0.000000
vt 0.061224 0.000000
vt 0.122449 0.000000
vt 0.071429 0.000000
vt 0.081633 0.000000
vt 0.091837 0.000000
vt 0.112245 0.000000
vt 0.102041 0.000000
vt 0.855670 0.000000
vt 0.876289 0.000000
vt 0.865979 0.000000
vt 0.886598 0.000000
vt 0.896907 0.000000
vt 0.845361 0.000000
vt 0.907216 0.000000
vt 0.917526 0.000000
vt 0.927835 0.000000
vt 0.835052 0.000000
vt 0.938144 0.000000
vt 0.948454 0.000000
vt 0.958763 0.000000
vt 0.824742 0.000000
vt 0.969072 0.000000
vt 0.979381 0.000000
vt 0.989691 0.000000
vt 0.814433 0.000000
vt 0.092784 0.000000
vt 0.082474 0.000000
vt 0.072165 0.000000
vt 0.061856 0.000000
vt 0.051546 0.000000
vt 0.041237 0.000000
vt 0.030928 0.000000
vt 0.020619 0.000000
vt 0.010309 0.000000
vt 0.804124 0.000000
vt 0.113402 0.000000
vt 0.103093 0.000000
vt 0.123711 0.000000
vt 0.134021 0.000000
vt 0.144330 0.000000
vt 0.793814 0.000000
vt 0.154639 0.000000
vt 0.164948 0.000000
vt 0.783505 0.000000
vt 0.175258 0.000000
vt 0.185567 0.000000
vt 0.773196 0.000000
vt 0.195876 0.000000
vt 0.762887 0.000000
vt 0.206186 0.000000
vt 0.216495 0.000000
vt 0.752577 0.000000
vt 0.226804 0.000000
vt 0.742268 0.000000
vt 0.237113 0.000000
vt 0.247423 0.000000
vt 0.731959 0.000000
vt 0.257732 0.000000
vt 0.721649 0.000000
vt 0.268041 0.000000
vt 0.711340 0.000000
vt 0.278351 0.000000
vt 0.701031 0.000000
vt 0.288660 0.000000
vt 0.690722 0.000000
vt 0.298969 0.000000
vt 0.474227 0.000000
vt 0.494845 0.000000
vt 0.484536 0.000000
vt 0.309278 0.000000
vt 0.463918 0.000000
vt 0.680412 0.000000
vt 0.453608 0.000000
vt 0.319588 0.000000
vt 0.443299 0.000000
vt 0.432990 0.000000
vt 0.329897 0.000000
vt 0.422680 0.000000
vt 0.670103 0.000000
vt 0.412371 0.000000
vt 0.340206 0.000000
vt 0.402062 0.000000
vt 0.391753 0.000000
vt 0.350515 0.000000
vt 0.381443 0.000000
vt 0.371134 0.000000
vt 0.360825 0.000000
vt 0.659794 0.000000
vt 0.505155 0.000000
vt 0.649485 0.000000
vt 0.515464 0.000000
vt 0.525773 0.000000
vt 0.536082 0.000000
vt 0.639175 0.000000
vt 0.546392 0.000000
vt 0.556701 0.000000
vt 0.567010 0.000000
vt 0.628866 0.000000
vt 0.577320 0.000000
vt 0.587629 0.000000
vt 0.597938 0.000000
vt 0.618557 0.000000
vt 0.608247 0.000000
vt 0.103774 0.000000
vt 0.122642 0.000000
vt 0.113208 0.000000
vt 0.330189 0.000000
vt 0.349057 0.000000
vt 0.339623 0.000000
vt 0.094340 0.000000
vt 0.132075 0.000000
vt 0.320755 0.000000
vt 0.358491 0.000000
vt 0.084906 0.000000
vt 0.141509 0.000000
vt 0.311321 0.000000
vt 0.075472 0.000000
vt 0.150943 0.000000
vt 0.367925 0.000000
vt 0.301887 0.000000
vt 0.066038 0.000000
vt 0.981132 0.000000
vt 0.990566 0.000000
vt 0.160377 0.000000
vt 0.292453 0.000000
vt 0.056604 0.000000
vt 0.377358 0.000000
vt 0.169811 0.000000
vt 0.047170 0.000000
vt 0.283019 0.000000
vt 0.179245 0.000000
vt 0.386792 0.000000
vt 0.037736 0.000000
vt 0.273585 0.000000
vt 0.188679 0.000000
vt 0.028302 0.000000
vt 0.264151 0.000000
vt 0.396226 0.000000
vt 0.198113 0.000000
vt 0.018868 0.000000
vt 0.254717 0.000000
vt 0.207547 0.000000
vt 0.009434 0.000000
vt 0.405660 0.000000
vt 0.245283 0.000000
vt 0.216981 0.000000
vt 0.235849 0.000000
vt 0.594340 0.000000
vt 0.415094 0.000000
vt 0.962264 0.000000
vt 0.952830 0.000000
vt 0.943396 0.000000
vt 0.933962 0.000000
vt 0.924528 0.000000
vt 0.915094 0.000000
vt 0.905660 0.000000
vt 0.896226 0.000000
vt 0.886792 0.000000
vt 0.877358 0.000000
vt 0.867925 0.000000
vt 0.858491 0.000000
vt 0.849057 0.000000
vt 0.226415 0.000000
vt 0.603774 0.000000
vt 0.839623 0.000000
vt 0.584906 0.000000
vt 0.613208 0.000000
vt 0.830189 0.000000
vt 0.575472 0.000000
vt 0.622642 0.000000
vt 0.820755 0.000000
vt 0.566038 0.000000
vt 0.632075 0.000000
vt 0.811321 0.000000
vt 0.556604 0.000000
vt 0.641509 0.000000
vt 0.424528 0.000000
vt 0.801887 0.000000
vt 0.650943 0.000000
vt 0.547170 0.000000
vt 0.660377 0.000000
vt 0.792453 0.000000
vt 0.537736 0.000000
vt 0.669811 0.000000
vt 0.783019 0.000000
vt 0.528302 0.000000
vt 0.679245 0.000000
vt 0.433962 0.000000
vt 0.773585 0.000000
vt 0.688679 0.000000
vt 0.518868 0.000000
vt 0.698113 0.000000
vt 0.764151 0.000000
vt 0.509434 0.000000
vt 0.707547 0.000000
vt 0.443396 0.000000
vt 0.754717 0.000000
vt 0.971698 0.000000
vt 0.716981 0.000000
vt 0.745283 0.000000
vt 0.490566 0.000000
vt 0.452830 0.000000
vt 0.735849 0.000000
vt 0.481132 0.000000
vt 0.462264 0.000000
vt 0.726415 0.000000
vt 0.471698 0.000000
vt 0.336634 0.000000
vt 0.356436 0.000000
vt 0.346535 0.000000
vt 0.366337 0.000000
vt 0.376238 0.000000
vt 0.386139 0.000000
vt 0.326733 0.000000
vt 0.396040 0.000000
vt 0.405941 0.000000
vt 0.415842 0.000000
vt 0.316832 0.000000
vt 0.425743 0.000000
vt 0.435644 0.000000
vt 0.306931 0.000000
vt 0.445545 0.000000
vt 0.455446 0.000000
vt 0.297030 0.000000
vt 0.465347 0.000000
vt 0.574257 0.000000
vt 0.564356 0.000000
vt 0.554455 0.000000
vt 0.544554 0.000000
vt 0.534653 0.000000
vt 0.524752 0.000000
vt 0.514852 0.000000
vt 0.504951 0.000000
vt 0.495050 0.000000
vt 0.485149 0.000000
vt 0.475248 0.000000
vt 0.287129 0.000000
vt 0.594059 0.000000
vt 0.584158 0.000000
vt 0.603960 0.000000
vt 0.613861 0.000000
vt 0.623762 0.000000
vt 0.277228 0.000000
vt 0.633663 0.000000
vt 0.643564 0.000000
vt 0.267327 0.000000
vt 0.653465 0.000000
vt 0.663366 0.000000
vt 0.257426 0.000000
vt 0.673267 0.000000
vt 0.247525 0.000000
vt 0.683168 0.000000
vt 0.693069 0.000000
vt 0.237624 0.000000
vt 0.702970 0.000000
vt 0.227723 0.000000
vt 0.712871 0.000000
vt 0.722772 0.000000
vt 0.217822 0.000000
vt 0.970297 0.000000
vt 0.990099 0.000000
vt 0.980198 0.000000
vt 0.960396 0.000000
vt 0.732673 0.000000
vt 0.207921 0.000000
vt 0.742574 0.000000
vt 0.950495 0.000000
vt 0.198020 0.000000
vt 0.752475 0.000000
vt 0.762376 0.000000
vt 0.188119 0.000000
vt 0.772277 0.000000
vt 0.178218 0.000000
vt 0.782178 0.000000
vt 0.792079 0.000000
vt 0.168317 0.000000
vt 0.801980 0.000000
vt 0.940594 0.000000
vt 0.930693 0.000000
vt 0.920792 0.000000
vt 0.811881 0.000000
vt 0.910891 0.000000
vt 0.900990 0.000000
vt 0.891089 0.000000
vt 0.821782 0.000000
vt 0.158416 0.000000
vt 0.881188 0.000000
vt 0.871287 0.000000
vt 0.861386 0.000000
vt 0.831683 0.000000
vt 0.851485 0.000000
vt 0.841584 0.000000
vt 0.148515 0.000000
vt 0.009901 0.000000
vt 0.138614 0.000000
vt 0.019802 0.000000
vt 0.029703 0.000000
vt 0.128713 0.000000
vt 0.039604 0.000000
vt 0.049505 0.000000
vt 0.059406 0.000000
vt 0.118812 0.000000
vt 0.069307 0.000000
vt 0.079208 0.000000
vt 0.089109 0.000000
vt 0.108911 0.000000
vt 0.099010 0.000000
vt 0.009804 1.000000
vt 0.000000 1.000000
vt 0.019608 1.000000
vt 0.009804 0.000000
vt 0.029412 1.000000
vt 0.019608 0.000000
vt 0.039216 1.000000
vt 0.029412 0.000000
vt 0.049020 1.000000
vt 0.039216 0.000000
vt 0.058824 1.000000
vt 0.049020 0.000000
vt 0.068627 1.000000
vt 0.058824 0.000000
vt 0.078431 1.000000
vt 0.068627 0.000000
vt 0.088235 1.000000
vt 0.078431 0.000000
vt 0.098039 1.000000
vt 0.088235 0.000000
vt 0.107843 1.000000
vt 0.098039 0.000000
vt 0.117647 1.000000
vt 0.107843 0.000000
vt 0.127451 1.000000
vt 0.117647 0.000000
vt 0.137255 1.000000
vt 0.127451 0.000000
vt 0.147059 1.000000
vt 0.137255 0.000000
vt 0.156863 1.000000
vt 0.147059 0.000000
vt 0.166667 1.000000
vt 0.156863 0.000000
vt 0.176471 1.000000
vt 0.186275 1.000000
vt 0.176471 0.000000
vt 0.196078 1.000000
vt 0.186275 0.000000
vt 0.205882 1.000000
vt 0.196078 0.000000
vt 0.215686 1.000000
vt 0.205882 0.000000
vt 0.225490 1.000000
vt 0.215686 0.000000
vt 0.235294 1.000000
vt 0.225490 0.000000
vt 0.245098 1.000000
vt 0.235294 0.000000
vt 0.254902 1.000000
vt 0.245098 0.000000
vt 0.264706 1.000000
vt 0.254902 0.000000
vt 0.274510 1.000000
vt 0.264706 0.000000
vt 0.284314 1.000000
vt 0.274510 0.000000
vt 0.294118 1.000000
vt 0.284314 0.000000
vt 0.303922 1.000000
vt 0.294118 0.000000
vt 0.313726 1.000000
vt 0.303922 0.000000
vt 0.323529 1.000000
vt 0.313726 0.000000
vt 0.333333 1.000000
vt 0.323529 0.000000
vt 0.343137 1.000000
vt 0.352941 1.000000
vt 0.343137 0.000000
vt 0.362745 1.000000
vt 0.352941 0.000000
vt 0.372549 1.000000
vt 0.362745 0.000000
vt 0.382353 1.000000
vt 0.372549 0.000000
vt 0.392157 1.000000
vt 0.382353 0.000000
vt 0.401961 1.000000
vt 0.392157 0.000000
vt 0.411765 1.000000
vt 0.401961 0.000000
vt 0.421569 1.000000
vt 0.411765 0.000000
vt 0.431373 1.000000
vt 0.421569 0.000000
vt 0.441176 1.000000
vt 0.431373 0.000000
vt 0.450980 1.000000
vt 0.441176 0.000000
vt 0.460784 1.000000
vt 0.450980 0.000000
vt 0.470588 1.000000
vt 0.460784 0.000000
vt 0.480392 1.000000
vt 0.470588 0.000000
vt 0.490196 1.000000
vt 0.480392 0.000000
vt 0.500000 1.000000
vt 0.490196 0.000000
vt 0.509804 1.000000
vt 0.519608 1.000000
vt 0.509804 0.000000
vt 0.529412 1.000000
vt 0.519608 0.000000
vt 0.539216 1.000000
vt 0.529412 0.000000
vt 0.549020 1.000000
vt 0.539216 0.000000
vt 0.558824 1.000000
vt 0.549020 0.000000
vt 0.568627 1.000000
vt 0.558824 0.000000
vt 0.578431 1.000000
vt 0.568627 0.000000
vt 0.588235 1.000000
vt 0.578431 0.000000
vt 0.598039 1.000000
vt 0.588235 0.000000
vt 0.607843 1.000000
vt 0.598039 0.000000
vt 0.617647 1.000000
vt 0.607843 0.000000
vt 0.627451 1.000000
vt 0.617647 0.000000
vt 0.637255 1.000000
vt 0.627451 0.000000
vt 0.647059 1.000000
vt 0.637255 0.000000
vt 0.656863 1.000000
vt 0.647059 0.000000
vt 0.666667 1.000000
vt 0.656863 0.000000
vt 0.676471 1.000000
vt 0.686275 1.000000
vt 0.676471 0.000000
vt 0.696078 1.000000
vt 0.686275 0.000000
vt 0.705882 1.000000
vt 0.696078 0.000000
vt 0.715686 1.000000
vt 0.705882 0.000000
vt 0.725490 1.000000
vt 0.715686 0.000000
vt 0.735294 1.000000
vt 0.725490 0.000000
vt 0.745098 1.000000
vt 0.735294 0.000000
vt 0.754902 1.000000
vt 0.745098 0.000000
vt 0.764706 1.000000
vt 0.754902 0.000000
vt 0.774510 1.000000
vt 0.764706 0.000000
vt 0.784314 1.000000
vt 0.774510 0.000000
vt 0.794118 1.000000
vt 0.784314 0.000000
vt 0.803922 1.000000
vt 0.794118 0.000000
vt 0.813725 1.000000
vt 0.803922 0.000000
vt 0.823529 1.000000
vt 0.813725 0.000000
vt 0.833333 1.000000
vt 0.823529 0.000000
vt 0.843137 1.000000
vt 0.852941 1.000000
vt 0.843137 0.000000
vt 0.862745 1.000000
vt 0.852941 0.000000
vt 0.872549 1.000000
vt 0.862745 0.000000
vt 0.882353 1.000000
vt 0.872549 0.000000
vt 0.892157 1.000000
vt 0.882353 0.000000
vt 0.901961 1.000000
vt 0.892157 0.000000
vt 0.911765 1.000000
vt 0.901961 0.000000
vt 0.921569 1.000000
vt 0.911765 0.000000
vt 0.931373 1.000000
vt 0.921569 0.000000
vt 0.941176 1.000000
vt 0.931373 0.000000
vt 0.950980 1.000000
vt 0.941176 0.000000
vt 0.960784 1.000000
vt 0.950980 0.000000
vt 0.970588 1.000000
vt 0.960784 0.000000
vt 0.980392 1.000000
vt 0.970588 0.000000
vt 0.990196 1.000000
vt 0.980392 0.000000
vt 1.000000 1.000000
vt 0.990196 0.000000
vt 0.007299 1.000000
vt 0.014599 1.000000
vt 0.007299 0.000000
vt 0.021898 1.000000
vt 0.014599 0.000000
vt 0.029197 1.000000
vt 0.021898 0.000000
vt 0.036496 1.000000
vt 0.029197 0.000000
vt 0.043796 1.000000
vt 0.036496 0.000000
vt 0.051095 1.000000
vt 0.043796 0.000000
vt 0.058394 1.000000
vt 0.051095 0.000000
vt 0.065693 1.000000
vt 0.058394 0.000000
vt 0.072993 1.000000
vt 0.065693 0.000000
vt 0.080292 1.000000
vt 0.072993 0.000000
vt 0.087591 1.000000
vt 0.080292 0.000000
vt 0.094891 1.000000
vt 0.087591 0.000000
vt 0.102190 1.000000
vt 0.094891 0.000000
vt 0.109489 1.000000
vt 0.102190 0.000000
vt 0.116788 1.000000
vt 0.109489 0.000000
vt 0.124088 1.000000
vt 0.116788 0.000000
vt 0.131387 1.000000
vt 0.124088 0.000000
vt 0.138686 1.000000
vt 0.131387 0.000000
vt 0.145985 1.000000
vt 0.138686 0.000000
vt 0.153285 1.000000
vt 0.145985 0.000000
vt 0.160584 1.000000
vt 0.153285 0.000000
vt 0.167883 1.000000
vt 0.160584 0.000000
vt 0.175182 1.000000
vt 0.167883 0.000000
vt 0.182482 1.000000
vt 0.175182 0.000000
vt 0.189781 1.000000
vt 0.182482 0.000000
vt 0.197080 1.000000
vt 0.189781 0.000000
vt 0.204380 1.000000
vt 0.197080 0.000000
vt 0.211679 1.000000
vt 0.204380 0.000000
vt 0.218978 1.000000
vt 0.211679 0.000000
vt 0.226277 1.000000
vt 0.218978 0.000000
vt 0.233577 1.000000
vt 0.226277 0.000000
vt 0.240876 1.000000
vt 0.233577 0.000000
vt 0.248175 1.000000
vt 0.240876 0.000000
vt 0.255474 1.000000
vt 0.248175 0.000000
vt 0.262774 1.000000
vt 0.255474 0.000000
vt 0.270073 1.000000
vt 0.262774 0.000000
vt 0.277372 1.000000
vt 0.270073 0.000000
vt 0.284672 1.000000
vt 0.277372 0.000000
vt 0.291971 1.000000
vt 0.284672 0.000000
vt 0.299270 1.000000
vt 0.291971 0.000000
vt 0.306569 1.000000
vt 0.299270 0.000000
vt 0.313869 1.000000
vt 0.306569 0.000000
vt 0.321168 1.000000
vt 0.313869 0.000000
vt 0.328467 1.000000
vt 0.321168 0.000000
vt 0.335766 1.000000
vt 0.328467 0.000000
vt 0.343066 1.000000
vt 0.335766 0.000000
vt 0.350365 1.000000
vt 0.343066 0.000000
vt 0.357664 1.000000
vt 0.350365 0.000000
vt 0.364964 1.000000
vt 0.357664 0.000000
vt 0.372263 1.000000
vt 0.364964 0.000000
vt 0.379562 1.000000
vt 0.372263 0.000000
vt 0.386861 1.000000
vt 0.379562 0.000000
vt 0.394161 1.000000
vt 0.386861 0.000000
vt 0.401460 1.000000
vt 0.394161 0.000000
vt 0.408759 1.000000
vt 0.401460 0.000000
vt 0.416058 1.000000
vt 0.408759 0.000000
vt 0.423358 1.000000
vt 0.416058 0.000000
vt 0.430657 1.000000
vt 0.423358 0.000000
vt 0.437956 1.000000
vt 0.430657 0.000000
vt 0.445255 1.000000
vt 0.437956 0.000000
vt 0.452555 1.000000
vt 0.445255 0.000000
vt 0.459854 1.000000
vt 0.452555 0.000000
vt 0.467153 1.000000
vt 0.459854 0.000000
vt 0.474453 1.000000
vt 0.467153 0.000000
vt 0.481752 1.000000
vt 0.474453 0.000000
vt 0.489051 1.000000
vt 0.481752 0.000000
vt 0.496350 1.000000
vt 0.489051 0.000000
vt 0.503650 1.000000
vt 0.496350 0.000000
vt 0.510949 1.000000
vt 0.503650 0.000000
vt 0.518248 1.000000
vt 0.510949 0.000000
vt 0.525547 1.000000
vt 0.518248 0.000000
vt 0.532847 1.000000
vt 0.525547 0.000000
vt 0.540146 1.000000
vt 0.532847 0.000000
vt 0.547445 1.000000
vt 0.540146 0.000000
vt 0.554745 1.000000
vt 0.547445 0.000000
vt 0.562044 1.000000
vt 0.554745 0.000000
vt 0.569343 1.000000
vt 0.562044 0.000000
vt 0.576642 1.000000
vt 0.569343 0.000000
vt 0.583942 1.000000
vt 0.576642 0.000000
vt 0.591241 1.000000
vt 0.583942 0.000000
vt 0.598540 1.000000
vt 0.591241 0.000000
vt 0.605839 1.000000
vt 0.598540 0.000000
vt 0.613139 1.000000
vt 0.605839 0.000000
vt 0.620438 1.000000
vt 0.613139 0.000000
vt 0.627737 1.000000
vt 0.620438 0.000000
vt 0.635036 1.000000
vt 0.627737 0.000000
vt 0.642336 1.000000
vt 0.635036 0.000000
vt 0.649635 1.000000
vt 0.642336 0.000000
vt 0.656934 1.000000
vt 0.649635 0.000000
vt 0.664234 1.000000
vt 0.656934 0.000000
vt 0.671533 1.000000
vt 0.664234 0.000000
vt 0.678832 1.000000
vt 0.671533 0.000000
vt 0.686131 1.000000
vt 0.678832 0.000000
vt 0.693431 1.000000
vt 0.686131 0.000000
vt 0.700730 1.000000
vt 0.693431 0.000000
vt 0.708029 1.000000
vt 0.700730 0.000000
vt 0.715328 1.000000
vt 0.708029 0.000000
vt 0.722628 1.000000
vt 0.715328 0.000000
vt 0.729927 1.000000
vt 0.722628 0.000000
vt 0.737226 1.000000
vt 0.729927 0.000000
vt 0.744526 1.000000
vt 0.737226 0.000000
vt 0.751825 1.000000
vt 0.744526 0.000000
vt 0.759124 1.000000
vt 0.751825 0.000000
vt 0.766423 1.000000
vt 0.759124 0.000000
vt 0.773723 1.000000
vt 0.766423 0.000000
vt 0.781022 1.000000
vt 0.773723 0.000000
vt 0.788321 1.000000
vt 0.781022 0.000000
vt 0.795620 1.000000
vt 0.788321 0.000000
vt 0.802920 1.000000
vt 0.795620 0.000000
vt 0.810219 1.000000
vt 0.802920 0.000000
vt 0.817518 1.000000
vt 0.810219 0.000000
vt 0.824818 1.000000
vt 0.817518 0.000000
vt 0.832117 1.000000
vt 0.824818 0.000000
vt 0.839416 1.000000
vt 0.832117 0.000000
vt 0.846715 1.000000
vt 0.839416 0.000000
vt 0.854015 1.000000
vt 0.846715 0.000000
vt 0.861314 1.000000
vt 0.854015 0.000000
vt 0.868613 1.000000
vt 0.861314 0.000000
vt 0.875912 1.000000
vt 0.868613 0.000000
vt 0.883212 1.000000
vt 0.875912 0.000000
vt 0.890511 1.000000
vt 0.883212 0.000000
vt 0.897810 1.000000
vt 0.890511 0.000000
vt 0.905109 1.000000
vt 0.897810 0.000000
vt 0.912409 1.000000
vt 0.905109 0.000000
vt 0.919708 1.000000
vt 0.912409 0.000000
vt 0.927007 1.000000
vt 0.919708 0.000000
vt 0.934307 1.000000
vt 0.927007 0.000000
vt 0.941606 1.000000
vt 0.934307 0.000000
vt 0.948905 1.000000
vt 0.941606 0.000000
vt 0.956204 1.000000
vt 0.948905 0.000000
vt 0.963504 1.000000
vt 0.956204 0.000000
vt 0.970803 1.000000
vt 0.963504 0.000000
vt 0.978102 1.000000
vt 0.970803 0.000000
vt 0.985401 1.000000
vt 0.978102 0.000000
vt 0.992701 1.000000
vt 0.985401 0.000000
vt 0.992701 0.000000
vt 0.027027 1.000000
vt 0.054054 1.000000
vt 0.027027 0.000000
vt 0.081081 1.000000
vt 0.054054 0.000000
vt 0.108108 1.000000
vt 0.081081 0.000000
vt 0.135135 1.000000
vt 0.108108 0.000000
vt 0.162162 1.000000
vt 0.135135 0.000000
vt 0.189189 1.000000
vt 0.162162 0.000000
vt 0.216216 1.000000
vt 0.189189 0.000000
vt 0.243243 1.000000
vt 0.216216 0.000000
vt 0.270270 1.000000
vt 0.243243 0.000000
vt 0.297297 1.000000
vt 0.270270 0.000000
vt 0.324324 1.000000
vt 0.297297 0.000000
vt 0.351351 1.000000
vt 0.324324 0.000000
vt 0.378378 1.000000
vt 0.351351 0.000000
vt 0.405405 1.000000
vt 0.378378 0.000000
vt 0.432432 1.000000
vt 0.405405 0.000000
vt 0.459459 1.000000
vt 0.432432 0.000000
vt 0.486486 1.000000
vt 0.459459 0.000000
vt 0.513514 1.000000
vt 0.486486 0.000000
vt 0.540541 1.000000
vt 0.513514 0.000000
vt 0.567568 1.000000
vt 0.540541 0.000000
vt 0.594595 1.000000
vt 0.567568 0.000000
vt 0.621622 1.000000
vt 0.594595 0.000000
vt 0.648649 1.000000
vt 0.621622 0.000000
vt 0.675676 1.000000
vt 0.648649 0.000000
vt 0.702703 1.000000
vt 0.675676 0.000000
vt 0.729730 1.000000
vt 0.702703 0.000000
vt 0.756757 1.000000
vt 0.729730 0.000000
vt 0.783784 1.000000
vt 0.756757 0.000000
vt 0.810811 1.000000
vt 0.783784 0.000000
vt 0.837838 1.000000
vt 0.810811 0.000000
vt 0.864865 1.000000
vt 0.837838 0.000000
vt 0.891892 1.000000
vt 0.864865 0.000000
vt 0.918919 1.000000
vt 0.891892 0.000000
vt 0.945946 1.000000
vt 0.918919 0.000000
vt 0.972973 1.000000
vt 0.945946 0.000000
vt 0.972973 0.000000
vt 0.009346 1.000000
vt 0.018692 1.000000
vt 0.009346 0.000000
vt 0.028037 1.000000
vt 0.018692 0.000000
vt 0.037383 1.000000
vt 0.028037 0.000000
vt 0.046729 1.000000
vt 0.037383 0.000000
vt 0.056075 1.000000
vt 0.046729 0.000000
vt 0.065421 1.000000
vt 0.056075 0.000000
vt 0.074766 1.000000
vt 0.065421 0.000000
vt 0.084112 1.000000
vt 0.074766 0.000000
vt 0.093458 1.000000
vt 0.084112 0.000000
vt 0.102804 1.000000
vt 0.093458 0.000000
vt 0.112150 1.000000
vt 0.102804 0.000000
vt 0.121495 1.000000
vt 0.112150 0.000000
vt 0.130841 1.000000
vt 0.121495 0.000000
vt 0.140187 1.000000
vt 0.130841 0.000000
vt 0.149533 1.000000
vt 0.140187 0.000000
vt 0.158879 1.000000
vt 0.149533 0.000000
vt 0.168224 1.000000
vt 0.158879 0.000000
vt 0.177570 1.000000
vt 0.168224 0.000000
vt 0.186916 1.000000
vt 0.177570 0.000000
vt 0.196262 1.000000
vt 0.186916 0.000000
vt 0.205607 1.000000
vt 0.196262 0.000000
vt 0.214953 1.000000
vt 0.205607 0.000000
vt 0.224299 1.000000
vt 0.214953 0.000000
vt 0.233645 1.000000
vt 0.224299 0.000000
vt 0.242991 1.000000
vt 0.233645 0.000000
vt 0.252336 1.000000
vt 0.242991 0.000000
vt 0.261682 1.000000
vt 0.252336 0.000000
vt 0.271028 1.000000
vt 0.261682 0.000000
vt 0.280374 1.000000
vt 0.271028 0.000000
vt 0.289720 1.000000
vt 0.280374 0.000000
vt 0.299065 1.000000
vt 0.289720 0.000000
vt 0.308411 1.000000
vt 0.299065 0.000000
vt 0.317757 1.000000
vt 0.308411 0.000000
vt 0.327103 1.000000
vt 0.317757 0.000000
vt 0.336449 1.000000
vt 0.327103 0.000000
vt 0.345794 1.000000
vt 0.336449 0.000000
vt 0.355140 1.000000
vt 0.345794 0.000000
vt 0.364486 1.000000
vt 0.355140 0.000000
vt 0.373832 1.000000
vt 0.364486 0.000000
vt 0.383178 1.000000
vt 0.373832 0.000000
vt 0.392523 1.000000
vt 0.383178 0.000000
vt 0.401869 1.000000
vt 0.392523 0.000000
vt 0.411215 1.000000
vt 0.401869 0.000000
vt 0.420561 1.000000
vt 0.411215 0.000000
vt 0.429907 1.000000
vt 0.420561 0.000000
vt 0.439252 1.000000
vt 0.429907 0.000000
vt 0.448598 1.000000
vt 0.439252 0.000000
vt 0.457944 1.000000
vt 0.448598 0.000000
vt 0.467290 1.000000
vt 0.457944 0.000000
vt 0.476636 1.000000
vt 0.467290 0.000000
vt 0.485981 1.000000
vt 0.476636 0.000000
vt 0.495327 1.000000
vt 0.485981 0.000000
vt 0.504673 1.000000
vt 0.495327 0.000000
vt 0.514019 1.000000
vt 0.504673 0.000000
vt 0.523364 1.000000
vt 0.514019 0.000000
vt 0.532710 1.000000
vt 0.523364 0.000000
vt 0.542056 1.000000
vt 0.532710 0.000000
vt 0.551402 1.000000
vt 0.542056 0.000000
vt 0.560748 1.000000
vt 0.551402 0.000000
vt 0.570093 1.000000
vt 0.560748 0.000000
vt 0.579439 1.000000
vt 0.570093 0.000000
vt 0.588785 1.000000
vt 0.579439 0.000000
vt 0.598131 1.000000
vt 0.588785 0.000000
vt 0.607477 1.000000
vt 0.598131 0.000000
vt 0.616822 1.000000
vt 0.607477 0.000000
vt 0.626168 1.000000
vt 0.616822 0.000000
vt 0.635514 1.000000
vt 0.626168 0.000000
vt 0.644860 1.000000
vt 0.635514 0.000000
vt 0.654206 1.000000
vt 0.644860 0.000000
vt 0.663551 1.000000
vt 0.654206 0.000000
vt 0.672897 1.000000
vt 0.663551 0.000000
vt 0.682243 1.000000
vt 0.672897 0.000000
vt 0.691589 1.000000
vt 0.682243 0.000000
vt 0.700935 1.000000
vt 0.691589 0.000000
vt 0.710280 1.000000
vt 0.700935 0.000000
vt 0.719626 1.000000
vt 0.710280 0.000000
vt 0.728972 1.000000
vt 0.719626 0.000000
vt 0.738318 1.000000
vt 0.728972 0.000000
vt 0.747664 1.000000
vt 0.738318 0.000000
vt 0.757009 1.000000
vt 0.747664 0.000000
vt 0.766355 1.000000
vt 0.757009 0.000000
vt 0.775701 1.000000
vt 0.766355 0.000000
vt 0.785047 1.000000
vt 0.775701 0.000000
vt 0.794393 1.000000
vt 0.785047 0.000000
vt 0.803738 1.000000
vt 0.794393 0.000000
vt 0.813084 1.000000
vt 0.803738 0.000000
vt 0.822430 1.000000
vt 0.813084 0.000000
vt 0.831776 1.000000
vt 0.822430 0.000000
vt 0.841121 1.000000
vt 0.831776 0.000000
vt 0.850467 1.000000
vt 0.841121 0.000000
vt 0.859813 1.000000
vt 0.850467 0.000000
vt 0.869159 1.000000
vt 0.859813 0.000000
vt 0.878505 1.000000
vt 0.869159 0.000000
vt 0.887850 1.000000
vt 0.878505 0.000000
vt 0.897196 1.000000
vt 0.887850 0.000000
vt 0.906542 1.000000
vt 0.897196 0.000000
vt 0.915888 1.000000
vt 0.906542 0.000000
vt 0.925234 1.000000
vt 0.915888 0.000000
vt 0.934579 1.000000
vt 0.925234 0.000000
vt 0.943925 1.000000
vt 0.934579 0.000000
vt 0.953271 1.000000
vt 0.943925 0.000000
vt 0.962617 1.000000
vt 0.953271 0.000000
vt 0.971963 1.000000
vt 0.962617 0.000000
vt 0.981308 1.000000
vt 0.971963 0.000000
vt 0.990654 1.000000
vt 0.981308 0.000000
vt 0.990654 0.000000
vt 0.013514 1.000000
vt 0.013514 0.000000
vt 0.040541 1.000000
vt 0.040541 0.000000
vt 0.067568 1.000000
vt 0.067568 0.000000
vt 0.094595 1.000000
vt 0.094595 0.000000
vt 0.121622 1.000000
vt 0.121622 0.000000
vt 0.148649 1.000000
vt 0.148649 0.000000
vt 0.175676 1.000000
vt 0.175676 0.000000
vt 0.202703 1.000000
vt 0.202703 0.000000
vt 0.229730 1.000000
vt 0.229730 0.000000
vt 0.256757 1.000000
vt 0.256757 0.000000
vt 0.283784 1.000000
vt 0.283784 0.000000
vt 0.310811 1.000000
vt 0.310811 0.000000
vt 0.337838 1.000000
vt 0.337838 0.000000
vt 0.364865 1.000000
vt 0.364865 0.000000
vt 0.391892 1.000000
vt 0.391892 0.000000
vt 0.418919 1.000000
vt 0.418919 0.000000
vt 0.445946 1.000000
vt 0.445946 0.000000
vt 0.472973 1.000000
vt 0.472973 0.000000
vt 0.527027 1.000000
vt 0.527027 0.000000
vt 0.554054 1.000000
vt 0.554054 0.000000
vt 0.581081 1.000000
vt 0.581081 0.000000
vt 0.608108 1.000000
vt 0.608108 0.000000
vt 0.635135 1.000000
vt 0.635135 0.000000
vt 0.662162 1.000000
vt 0.662162 0.000000
vt 0.689189 1.000000
vt 0.689189 0.000000
vt 0.716216 1.000000
vt 0.716216 0.000000
vt 0.743243 1.000000
vt 0.743243 0.000000
vt 0.770270 1.000000
vt 0.770270 0.000000
vt 0.797297 1.000000
vt 0.797297 0.000000
vt 0.824324 1.000000
vt 0.824324 0.000000
vt 0.851351 1.000000
vt 0.851351 0.000000
vt 0.878378 1.000000
vt 0.878378 0.000000
vt 0.905405 1.000000
vt 0.905405 0.000000
vt 0.932432 1.000000
vt 0.932432 0.000000
vt 0.959459 1.000000
vt 0.959459 0.000000
vt 0.986486 1.000000
vt 0.986486 0.000000
vt 0.040000 1.000000
vt 0.080000 1.000000
vt 0.040000 0.000000
vt 0.120000 1.000000
vt 0.080000 0.000000
vt 0.160000 1.000000
vt 0.120000 0.000000
vt 0.200000 1.000000
vt 0.160000 0.000000
vt 0.240000 1.000000
vt 0.200000 0.000000
vt 0.280000 1.000000
vt 0.240000 0.000000
vt 0.320000 1.000000
vt 0.280000 0.000000
vt 0.360000 1.000000
vt 0.320000 0.000000
vt 0.400000 1.000000
vt 0.360000 0.000000
vt 0.440000 1.000000
vt 0.400000 0.000000
vt 0.480000 1.000000
vt 0.440000 0.000000
vt 0.520000 1.000000
vt 0.480000 0.000000
vt 0.560000 1.000000
vt 0.520000 0.000000
vt 0.600000 1.000000
vt 0.560000 0.000000
vt 0.640000 1.000000
vt 0.600000 0.000000
vt 0.680000 1.000000
vt 0.640000 0.000000
vt 0.720000 1.000000
vt 0.680000 0.000000
vt 0.760000 1.000000
vt 0.720000 0.000000
vt 0.800000 1.000000
vt 0.760000 0.000000
vt 0.840000 1.000000
vt 0.800000 0.000000
vt 0.880000 1.000000
vt 0.840000 0.000000
vt 0.920000 1.000000
vt 0.880000 0.000000
vt 0.960000 1.000000
vt 0.920000 0.000000
vt 0.960000 0.000000
vt 0.010204 1.000000
vt 0.020408 1.000000
vt 0.030612 1.000000
vt 0.040816 1.000000
vt 0.051020 1.000000
vt 0.061224 1.000000
vt 0.071429 1.000000
vt 0.081633 1.000000
vt 0.091837 1.000000
vt 0.102041 1.000000
vt 0.112245 1.000000
vt 0.122449 1.000000
vt 0.132653 1.000000
vt 0.142857 1.000000
vt 0.153061 1.000000
vt 0.163265 1.000000
vt 0.173469 1.000000
vt 0.183673 1.000000
vt 0.193878 1.000000
vt 0.204082 1.000000
vt 0.214286 1.000000
vt 0.224490 1.000000
vt 0.234694 1.000000
vt 0.244898 1.000000
vt 0.255102 1.000000
vt 0.265306 1.000000
vt 0.275510 1.000000
vt 0.285714 1.000000
vt 0.295918 1.000000
vt 0.306122 1.000000
vt 0.316327 1.000000
vt 0.326531 1.000000
vt 0.336735 1.000000
vt 0.346939 1.000000
vt 0.357143 1.000000
vt 0.367347 1.000000
vt 0.377551 1.000000
vt 0.387755 1.000000
vt 0.397959 1.000000
vt 0.408163 1.000000
vt 0.418367 1.000000
vt 0.428571 1.000000
vt 0.438776 1.000000
vt 0.448980 1.000000
vt 0.459184 1.000000
vt 0.469388 1.000000
vt 0.479592 1.000000
vt 0.489796 1.000000
vt 0.510204 1.000000
vt 0.520408 1.000000
vt 0.530612 1.000000
vt 0.540816 1.000000
vt 0.551020 1.000000
vt 0.561224 1.000000
vt 0.571429 1.000000
vt 0.581633 1.000000
vt 0.591837 1.000000
vt 0.602041 1.000000
vt 0.612245 1.000000
vt 0.622449 1.000000
vt 0.632653 1.000000
vt 0.642857 1.000000
vt 0.653061 1.000000
vt 0.663265 1.000000
vt 0.673469 1.000000
vt 0.683673 1.000000
vt 0.693878 1.000000
vt 0.704082 1.000000
vt 0.714286 1.000000
vt 0.724490 1.000000
vt 0.734694 1.000000
vt 0.744898 1.000000
vt 0.755102 1.000000
vt 0.765306 1.000000
vt 0.775510 1.000000
vt 0.785714 1.000000
vt 0.795918 1.000000
vt 0.806122 1.000000
vt 0.816327 1.000000
vt 0.826531 1.000000
vt 0.836735 1.000000
vt 0.846939 1.000000
vt 0.857143 1.000000
vt 0.867347 1.000000
vt 0.877551 1.000000
vt 0.887755 1.000000
vt 0.897959 1.000000
vt 0.908163 1.000000
vt 0.918367 1.000000
vt 0.928571 1.000000
vt 0.938776 1.000000
vt 0.948980 1.000000
vt 0.959184 1.000000
vt 0.969388 1.000000
vt 0.979592 1.000000
vt 0.989796 1.000000
vt 0.250000 1.000000
vt 0.250000 0.000000
vt 0.750000 1.000000
vt 0.750000 0.000000
vt 0.018182 1.000000
vt 0.036364 1.000000
vt 0.018182 0.000000
vt 0.054545 1.000000
vt 0.036364 0.000000
vt 0.072727 1.000000
vt 0.054545 0.000000
vt 0.090909 1.000000
vt 0.072727 0.000000
vt 0.109091 1.000000
vt 0.090909 0.000000
vt 0.127273 1.000000
vt 0.109091 0.000000
vt 0.145455 1.000000
vt 0.127273 0.000000
vt 0.163636 1.000000
vt 0.145455 0.000000
vt 0.181818 1.000000
vt 0.163636 0.000000
vt 0.181818 0.000000
vt 0.218182 1.000000
vt 0.236364 1.000000
vt 0.218182 0.000000
vt 0.254545 1.000000
vt 0.236364 0.000000
vt 0.272727 1.000000
vt 0.254545 0.000000
vt 0.290909 1.000000
vt 0.272727 0.000000
vt 0.309091 1.000000
vt 0.290909 0.000000
vt 0.327273 1.000000
vt 0.309091 0.000000
vt 0.345455 1.000000
vt 0.327273 0.000000
vt 0.363636 1.000000
vt 0.345455 0.000000
vt 0.381818 1.000000
vt 0.363636 0.000000
vt 0.381818 0.000000
vt 0.418182 1.000000
vt 0.436364 1.000000
vt 0.418182 0.000000
vt 0.454545 1.000000
vt 0.436364 0.000000
vt 0.472727 1.000000
vt 0.454545 0.000000
vt 0.490909 1.000000
vt 0.472727 0.000000
vt 0.509091 1.000000
vt 0.490909 0.000000
vt 0.527273 1.000000
vt 0.509091 0.000000
vt 0.545455 1.000000
vt 0.527273 0.000000
vt 0.563636 1.000000
vt 0.545455 0.000000
vt 0.581818 1.000000
vt 0.563636 0.000000
vt 0.581818 0.000000
vt 0.618182 1.000000
vt 0.636364 1.000000
vt 0.618182 0.000000
vt 0.654545 1.000000
vt 0.636364 0.000000
vt 0.672727 1.000000
vt 0.654545 0.000000
vt 0.690909 1.000000
vt 0.672727 0.000000
vt 0.709091 1.000000
vt 0.690909 0.000000
vt 0.727273 1.000000
vt 0.709091 0.000000
vt 0.745455 1.000000
vt 0.727273 0.000000
vt 0.763636 1.000000
vt 0.745455 0.000000
vt 0.781818 1.000000
vt 0.763636 0.000000
vt 0.781818 0.000000
vt 0.818182 1.000000
vt 0.836364 1.000000
vt 0.818182 0.000000
vt 0.854545 1.000000
vt 0.836364 0.000000
vt 0.872727 1.000000
vt 0.854545 0.000000
vt 0.890909 1.000000
vt 0.872727 0.000000
vt 0.909091 1.000000
vt 0.890909 0.000000
vt 0.927273 1.000000
vt 0.909091 0.000000
vt 0.945455 1.000000
vt 0.927273 0.000000
vt 0.963636 1.000000
vt 0.945455 0.000000
vt 0.981818 1.000000
vt 0.963636 0.000000
vt 0.981818 0.000000
s 0
usemtl マテリアル.004
f 13/1/1 15/2/1 14/3/1
f 13/1/1 16/4/1 15/2/1
f 12/5/1 16/4/1 13/1/1
f 12/5/1 17/6/1 16/4/1
f 11/7/1 17/6/1 12/5/1
f 11/7/1 18/8/1 17/6/1
f 11/7/1 19/9/1 18/8/1
f 10/10/1 19/9/1 11/7/1
f 10/10/1 20/11/1 19/9/1
f 53/12/1 55/13/1 54/14/1
f 53/12/1 1/15/1 55/13/1
f 9/16/1 20/11/1 10/10/1
f 9/16/1 21/17/1 20/11/1
f 9/16/1 22/18/1 21/17/1
f 8/19/1 22/18/1 9/16/1
f 8/19/1 23/20/1 22/18/1
f 7/21/1 23/20/1 8/19/1
f 7/21/1 24/22/1 23/20/1
f 7/21/1 25/23/1 24/22/1
f 6/24/1 25/23/1 7/21/1
f 6/24/1 26/25/1 25/23/1
f 5/26/1 26/25/1 6/24/1
f 5/26/1 36/27/1 26/25/1
f 36/27/1 35/28/1 26/25/1
f 35/28/1 34/29/1 26/25/1
f 34/29/1 33/30/1 26/25/1
f 33/30/1 32/31/1 26/25/1
f 32/31/1 31/32/1 26/25/1
f 31/32/1 30/33/1 26/25/1
f 30/33/1 29/34/1 26/25/1
f 29/34/1 28/35/1 26/25/1
f 28/35/1 27/36/1 26/25/1
f 4/37/1 38/38/1 5/26/1
f 38/38/1 37/39/1 5/26/1
f 37/39/1 36/27/1 5/26/1
f 3/40/1 40/41/1 4/37/1
f 40/41/1 39/42/1 4/37/1
f 39/42/1 38/38/1 4/37/1
f 3/40/1 41/43/1 40/41/1
f 3/40/1 42/44/1 41/43/1
f 2/45/1 42/44/1 3/40/1
f 2/45/1 43/46/1 42/44/1
f 2/45/1 44/47/1 43/46/1
f 53/12/1 2/45/1 1/15/1
f 53/12/1 48/48/1 2/45/1
f 48/48/1 47/49/1 2/45/1
f 47/49/1 46/50/1 2/45/1
f 46/50/1 45/51/1 2/45/1
f 45/51/1 44/47/1 2/45/1
f 53/12/1 49/52/1 48/48/1
f 53/12/1 50/53/1 49/52/1
f 53/12/1 51/54/1 50/53/1
f 53/12/1 52/55/1 51/54/1
f 153/56/1 155/57/1 154/58/1
f 152/59/1 155/57/1 153/56/1
f 152/59/1 156/60/1 155/57/1
f 151/61/1 156/60/1 152/59/1
f 150/62/1 156/60/1 151/61/1
f 150/62/1 157/63/1 156/60/1
f 149/64/1 157/63/1 150/62/1
f 149/64/1 158/65/1 157/63/1
f 148/66/1 158/65/1 149/64/1
f 147/67/1 158/65/1 148/66/1
f 147/67/1 159/68/1 158/65/1
f 146/69/1 159/68/1 147/67/1
f 146/69/1 160/70/1 159/68/1
f 145/71/1 160/70/1 146/69/1
f 144/72/1 160/70/1 145/71/1
f 144/72/1 161/73/1 160/70/1
f 143/74/1 161/73/1 144/72/1
f 143/74/1 162/75/1 161/73/1
f 142/76/1 162/75/1 143/74/1
f 141/77/1 140/78/1 142/76/1
f 140/78/1 139/79/1 142/76/1
f 139/79/1 138/80/1 142/76/1
f 138/80/1 137/81/1 142/76/1
f 137/81/1 136/82/1 142/76/1
f 136/82/1 135/83/1 142/76/1
f 135/83/1 134/84/1 142/76/1
f 134/84/1 133/85/1 142/76/1
f 133/85/1 132/86/1 142/76/1
f 132/86/1 131/87/1 142/76/1
f 131/87/1 162/75/1 142/76/1
f 131/87/1 130/88/1 162/75/1
f 130/88/1 129/89/1 162/75/1
f 129/89/1 163/90/1 162/75/1
f 129/89/1 128/91/1 163/90/1
f 128/91/1 164/92/1 163/90/1
f 127/93/1 164/92/1 128/91/1
f 126/94/1 164/92/1 127/93/1
f 125/95/1 164/92/1 126/94/1
f 124/96/1 164/92/1 125/95/1
f 123/97/1 164/92/1 124/96/1
f 123/97/1 165/98/1 164/92/1
f 122/99/1 165/98/1 123/97/1
f 121/100/1 165/98/1 122/99/1
f 120/101/1 165/98/1 121/100/1
f 120/101/1 166/102/1 165/98/1
f 119/103/1 166/102/1 120/101/1
f 118/104/1 166/102/1 119/103/1
f 118/104/1 167/105/1 166/102/1
f 117/106/1 167/105/1 118/104/1
f 116/107/1 167/105/1 117/106/1
f 115/108/1 229/13/1 116/107/1
f 229/13/1 167/105/1 116/107/1
f 114/109/1 229/13/1 115/108/1
f 113/110/1 229/13/1 114/109/1
f 112/111/1 229/13/1 113/110/1
f 111/112/1 229/13/1 112/111/1
f 111/112/1 193/113/1 229/13/1
f 228/114/1 167/105/1 229/13/1
f 111/112/1 194/115/1 193/113/1
f 110/116/1 194/115/1 111/112/1
f 110/116/1 195/117/1 194/115/1
f 109/118/1 195/117/1 110/116/1
f 109/118/1 196/119/1 195/117/1
f 108/120/1 196/119/1 109/118/1
f 108/120/1 197/121/1 196/119/1
f 108/120/1 198/122/1 197/121/1
f 107/123/1 198/122/1 108/120/1
f 107/123/1 199/124/1 198/122/1
f 106/125/1 199/124/1 107/123/1
f 106/125/1 200/126/1 199/124/1
f 106/125/1 201/127/1 200/126/1
f 105/128/1 201/127/1 106/125/1
f 105/128/1 202/129/1 201/127/1
f 105/128/1 203/130/1 202/129/1
f 104/131/1 203/130/1 105/128/1
f 104/131/1 204/132/1 203/130/1
f 103/133/1 204/132/1 104/131/1
f 103/133/1 205/134/1 204/132/1
f 103/133/1 206/135/1 205/134/1
f 102/136/1 206/135/1 103/133/1
f 102/136/1 207/137/1 206/135/1
f 102/136/1 208/138/1 207/137/1
f 227/139/1 167/105/1 228/114/1
f 101/140/1 208/138/1 102/136/1
f 226/141/1 167/105/1 227/139/1
f 101/140/1 209/142/1 208/138/1
f 225/143/1 167/105/1 226/141/1
f 190/144/1 192/145/1 191/146/1
f 225/143/1 168/147/1 167/105/1
f 101/140/1 210/148/1 209/142/1
f 189/149/1 192/145/1 190/144/1
f 224/150/1 168/147/1 225/143/1
f 224/150/1 169/151/1 168/147/1
f 188/152/1 192/145/1 189/149/1
f 100/153/1 210/148/1 101/140/1
f 100/153/1 211/154/1 210/148/1
f 224/150/1 170/155/1 169/151/1
f 223/156/1 170/155/1 224/150/1
f 187/157/1 192/145/1 188/152/1
f 223/156/1 171/158/1 170/155/1
f 222/159/1 171/158/1 223/156/1
f 186/160/1 192/145/1 187/157/1
f 100/153/1 212/161/1 211/154/1
f 222/159/1 172/162/1 171/158/1
f 185/163/1 192/145/1 186/160/1
f 221/164/1 172/162/1 222/159/1
f 221/164/1 173/165/1 172/162/1
f 184/166/1 192/145/1 185/163/1
f 100/153/1 213/167/1 212/161/1
f 221/164/1 174/168/1 173/165/1
f 220/169/1 174/168/1 221/164/1
f 183/170/1 192/145/1 184/166/1
f 220/169/1 175/171/1 174/168/1
f 99/172/1 213/167/1 100/153/1
f 182/173/1 192/145/1 183/170/1
f 99/172/1 214/174/1 213/167/1
f 219/175/1 175/171/1 220/169/1
f 219/175/1 176/176/1 175/171/1
f 181/177/1 192/145/1 182/173/1
f 219/175/1 177/178/1 176/176/1
f 180/179/1 192/145/1 181/177/1
f 218/180/1 177/178/1 219/175/1
f 218/180/1 178/181/1 177/178/1
f 179/182/1 192/145/1 180/179/1
f 218/180/1 179/182/1 178/181/1
f 99/172/1 215/183/1 214/174/1
f 218/180/1 192/145/1 179/182/1
f 217/184/1 192/145/1 218/180/1
f 99/172/1 216/185/1 215/183/1
f 216/185/1 192/145/1 217/184/1
f 99/172/1 79/186/1 216/185/1
f 79/186/1 192/145/1 216/185/1
f 98/187/1 79/186/1 99/172/1
f 98/187/1 80/188/1 79/186/1
f 78/189/1 192/145/1 79/186/1
f 97/190/1 80/188/1 98/187/1
f 97/190/1 81/191/1 80/188/1
f 77/192/1 192/145/1 78/189/1
f 77/192/1 56/15/1 192/145/1
f 96/193/1 81/191/1 97/190/1
f 96/193/1 82/194/1 81/191/1
f 76/195/1 56/15/1 77/192/1
f 76/195/1 57/196/1 56/15/1
f 96/193/1 83/197/1 82/194/1
f 75/198/1 57/196/1 76/195/1
f 95/199/1 83/197/1 96/193/1
f 75/198/1 58/200/1 57/196/1
f 95/199/1 84/201/1 83/197/1
f 74/202/1 58/200/1 75/198/1
f 74/202/1 59/203/1 58/200/1
f 94/204/1 84/201/1 95/199/1
f 94/204/1 85/205/1 84/201/1
f 73/206/1 59/203/1 74/202/1
f 73/206/1 60/207/1 59/203/1
f 94/204/1 86/208/1 85/205/1
f 72/209/1 60/207/1 73/206/1
f 72/209/1 61/210/1 60/207/1
f 93/211/1 86/208/1 94/204/1
f 93/211/1 87/212/1 86/208/1
f 71/213/1 61/210/1 72/209/1
f 71/213/1 62/214/1 61/210/1
f 93/211/1 88/215/1 87/212/1
f 71/213/1 63/216/1 62/214/1
f 70/217/1 63/216/1 71/213/1
f 92/218/1 88/215/1 93/211/1
f 70/217/1 64/219/1 63/216/1
f 92/218/1 89/220/1 88/215/1
f 69/221/1 64/219/1 70/217/1
f 69/221/1 65/222/1 64/219/1
f 92/218/1 90/223/1 89/220/1
f 68/224/1 65/222/1 69/221/1
f 91/225/1 90/223/1 92/218/1
f 68/224/1 66/226/1 65/222/1
f 67/227/1 66/226/1 68/224/1
f 264/228/1 266/229/1 265/230/1
f 264/228/1 267/231/1 266/229/1
f 263/232/1 267/231/1 264/228/1
f 263/232/1 268/233/1 267/231/1
f 262/234/1 268/233/1 263/232/1
f 262/234/1 269/235/1 268/233/1
f 261/236/1 269/235/1 262/234/1
f 261/236/1 270/237/1 269/235/1
f 260/238/1 270/237/1 261/236/1
f 260/238/1 271/239/1 270/237/1
f 259/240/1 271/239/1 260/238/1
f 259/240/1 272/241/1 271/239/1
f 258/242/1 315/243/1 259/240/1
f 315/243/1 272/241/1 259/240/1
f 258/242/1 316/244/1 315/243/1
f 314/245/1 272/241/1 315/243/1
f 258/242/1 317/246/1 316/244/1
f 313/247/1 272/241/1 314/245/1
f 258/242/1 318/248/1 317/246/1
f 312/249/1 272/241/1 313/247/1
f 312/249/1 273/250/1 272/241/1
f 258/242/1 319/251/1 318/248/1
f 257/252/1 319/251/1 258/242/1
f 311/253/1 273/250/1 312/249/1
f 257/252/1 320/254/1 319/251/1
f 310/255/1 273/250/1 311/253/1
f 257/252/1 321/256/1 320/254/1
f 309/257/1 273/250/1 310/255/1
f 257/252/1 322/258/1 321/256/1
f 308/259/1 273/250/1 309/257/1
f 256/260/1 322/258/1 257/252/1
f 308/259/1 274/261/1 273/250/1
f 256/260/1 323/262/1 322/258/1
f 307/263/1 274/261/1 308/259/1
f 256/260/1 324/264/1 323/262/1
f 306/265/1 274/261/1 307/263/1
f 255/266/1 324/264/1 256/260/1
f 306/265/1 275/267/1 274/261/1
f 255/266/1 325/268/1 324/264/1
f 305/269/1 275/267/1 306/265/1
f 255/266/1 326/270/1 325/268/1
f 304/271/1 275/267/1 305/269/1
f 254/272/1 326/270/1 255/266/1
f 254/272/1 327/273/1 326/270/1
f 304/271/1 276/274/1 275/267/1
f 328/13/1 276/274/1 304/271/1
f 254/272/1 328/13/1 327/273/1
f 254/272/1 276/274/1 328/13/1
f 253/275/1 276/274/1 254/272/1
f 253/275/1 277/276/1 276/274/1
f 252/277/1 278/278/1 253/275/1
f 278/278/1 277/276/1 253/275/1
f 252/277/1 279/35/1 278/278/1
f 251/279/1 279/35/1 252/277/1
f 251/279/1 280/280/1 279/35/1
f 251/279/1 281/281/1 280/280/1
f 250/282/1 281/281/1 251/279/1
f 250/282/1 282/283/1 281/281/1
f 249/284/1 282/283/1 250/282/1
f 249/284/1 283/285/1 282/283/1
f 301/286/1 303/287/1 302/288/1
f 249/284/1 284/289/1 283/285/1
f 300/290/1 303/287/1 301/286/1
f 299/291/1 303/287/1 300/290/1
f 248/292/1 284/289/1 249/284/1
f 248/292/1 285/293/1 284/289/1
f 298/294/1 303/287/1 299/291/1
f 297/295/1 303/287/1 298/294/1
f 248/292/1 286/296/1 285/293/1
f 296/297/1 303/287/1 297/295/1
f 248/292/1 287/298/1 286/296/1
f 295/299/1 303/287/1 296/297/1
f 247/300/1 287/298/1 248/292/1
f 294/301/1 303/287/1 295/299/1
f 247/300/1 288/302/1 287/298/1
f 293/303/1 303/287/1 294/301/1
f 247/300/1 289/304/1 288/302/1
f 292/305/1 303/287/1 293/303/1
f 291/306/1 303/287/1 292/305/1
f 247/300/1 290/307/1 289/304/1
f 290/307/1 303/287/1 291/306/1
f 247/300/1 303/287/1 290/307/1
f 246/308/1 303/287/1 247/300/1
f 246/308/1 230/15/1 303/287/1
f 245/309/1 230/15/1 246/308/1
f 245/309/1 231/310/1 230/15/1
f 245/309/1 232/311/1 231/310/1
f 244/312/1 232/311/1 245/309/1
f 244/312/1 233/313/1 232/311/1
f 244/312/1 234/314/1 233/313/1
f 243/315/1 234/314/1 244/312/1
f 243/315/1 235/316/1 234/314/1
f 243/315/1 236/317/1 235/316/1
f 242/318/1 236/317/1 243/315/1
f 242/318/1 237/319/1 236/317/1
f 242/318/1 238/320/1 237/319/1
f 242/318/1 239/321/1 238/320/1
f 241/322/1 239/321/1 242/318/1
f 241/322/1 240/323/1 239/321/1
f 329/15/1 331/39/1 330/9/1
f 329/15/1 332/13/1 331/39/1
f 416/324/1 418/325/1 417/326/1
f 416/324/1 419/327/1 418/325/1
f 416/324/1 420/328/1 419/327/1
f 415/329/1 420/328/1 416/324/1
f 415/329/1 421/330/1 420/328/1
f 415/329/1 422/331/1 421/330/1
f 415/329/1 423/332/1 422/331/1
f 414/333/1 423/332/1 415/329/1
f 414/333/1 424/334/1 423/332/1
f 414/333/1 425/335/1 424/334/1
f 414/333/1 426/336/1 425/335/1
f 413/337/1 426/336/1 414/333/1
f 413/337/1 427/338/1 426/336/1
f 413/337/1 428/339/1 427/338/1
f 413/337/1 429/340/1 428/339/1
f 412/341/1 429/340/1 413/337/1
f 412/341/1 342/342/1 429/340/1
f 342/342/1 341/343/1 429/340/1
f 341/343/1 340/344/1 429/340/1
f 340/344/1 339/345/1 429/340/1
f 339/345/1 338/346/1 429/340/1
f 338/346/1 337/347/1 429/340/1
f 337/347/1 336/348/1 429/340/1
f 336/348/1 335/349/1 429/340/1
f 335/349/1 334/350/1 429/340/1
f 334/350/1 333/15/1 429/340/1
f 333/15/1 430/13/1 429/340/1
f 411/351/1 344/352/1 412/341/1
f 344/352/1 343/353/1 412/341/1
f 343/353/2 342/342/2 412/341/2
f 411/351/1 345/354/1 344/352/1
f 411/351/1 346/355/1 345/354/1
f 411/351/1 347/356/1 346/355/1
f 410/357/1 347/356/1 411/351/1
f 410/357/1 348/358/1 347/356/1
f 410/357/1 349/359/1 348/358/1
f 409/360/1 349/359/1 410/357/1
f 409/360/1 350/361/1 349/359/1
f 409/360/1 351/362/1 350/361/1
f 408/363/1 351/362/1 409/360/1
f 408/363/1 352/364/1 351/362/1
f 407/365/1 352/364/1 408/363/1
f 407/365/1 353/366/1 352/364/1
f 407/365/1 354/367/1 353/366/1
f 406/368/1 354/367/1 407/365/1
f 406/368/1 355/369/1 354/367/1
f 405/370/1 355/369/1 406/368/1
f 405/370/1 356/371/1 355/369/1
f 405/370/1 357/372/1 356/371/1
f 404/373/1 357/372/1 405/370/1
f 404/373/1 358/374/1 357/372/1
f 403/375/1 358/374/1 404/373/1
f 403/375/1 359/376/1 358/374/1
f 402/377/1 359/376/1 403/375/1
f 402/377/1 360/378/1 359/376/1
f 401/379/1 360/378/1 402/377/1
f 401/379/1 361/380/1 360/378/1
f 400/381/1 361/380/1 401/379/1
f 400/381/1 362/382/1 361/380/1
f 379/383/1 381/384/1 380/385/1
f 400/381/1 363/386/1 362/382/1
f 378/387/1 381/384/1 379/383/1
f 399/388/1 363/386/1 400/381/1
f 377/389/1 381/384/1 378/387/1
f 399/388/1 364/390/1 363/386/1
f 376/391/1 381/384/1 377/389/1
f 375/392/1 381/384/1 376/391/1
f 399/388/1 365/393/1 364/390/1
f 374/394/1 381/384/1 375/392/1
f 398/395/1 365/393/1 399/388/1
f 373/396/1 381/384/1 374/394/1
f 398/395/1 366/397/1 365/393/1
f 372/398/1 381/384/1 373/396/1
f 371/399/1 381/384/1 372/398/1
f 398/395/1 367/400/1 366/397/1
f 370/401/1 381/384/1 371/399/1
f 369/402/1 381/384/1 370/401/1
f 398/395/1 368/403/1 367/400/1
f 368/403/1 381/384/1 369/402/1
f 398/395/1 381/384/1 368/403/1
f 397/404/1 381/384/1 398/395/1
f 397/404/1 382/405/1 381/384/1
f 396/406/1 382/405/1 397/404/1
f 396/406/1 383/407/1 382/405/1
f 396/406/1 384/408/1 383/407/1
f 396/406/1 385/409/1 384/408/1
f 395/410/1 385/409/1 396/406/1
f 395/410/1 386/411/1 385/409/1
f 395/410/1 387/412/1 386/411/1
f 395/410/1 388/413/1 387/412/1
f 394/414/1 388/413/1 395/410/1
f 394/414/1 389/415/1 388/413/1
f 394/414/1 390/416/1 389/415/1
f 394/414/1 391/417/1 390/416/1
f 393/418/1 391/417/1 394/414/1
f 393/418/1 392/419/1 391/417/1
f 465/228/1 467/229/1 466/230/1
f 465/228/1 468/231/1 467/229/1
f 464/232/1 468/231/1 465/228/1
f 464/232/1 469/233/1 468/231/1
f 463/234/1 469/233/1 464/232/1
f 463/234/1 470/235/1 469/233/1
f 462/236/1 470/235/1 463/234/1
f 462/236/1 471/237/1 470/235/1
f 461/238/1 471/237/1 462/236/1
f 461/238/1 472/239/1 471/237/1
f 460/240/1 472/239/1 461/238/1
f 460/240/1 473/241/1 472/239/1
f 459/242/1 516/243/1 460/240/1
f 516/243/1 473/241/1 460/240/1
f 459/242/1 517/244/1 516/243/1
f 515/245/1 473/241/1 516/243/1
f 459/242/1 518/246/1 517/244/1
f 514/247/1 473/241/1 515/245/1
f 459/242/1 519/248/1 518/246/1
f 513/249/1 473/241/1 514/247/1
f 513/249/1 474/250/1 473/241/1
f 459/242/1 520/251/1 519/248/1
f 458/252/1 520/251/1 459/242/1
f 512/253/1 474/250/1 513/249/1
f 458/252/1 521/254/1 520/251/1
f 511/255/1 474/250/1 512/253/1
f 458/252/1 522/256/1 521/254/1
f 510/257/1 474/250/1 511/255/1
f 458/252/1 523/258/1 522/256/1
f 509/259/1 474/250/1 510/257/1
f 457/260/1 523/258/1 458/252/1
f 509/259/1 475/261/1 474/250/1
f 457/260/1 524/262/1 523/258/1
f 508/263/1 475/261/1 509/259/1
f 457/260/1 525/264/1 524/262/1
f 507/265/1 475/261/1 508/263/1
f 456/266/1 525/264/1 457/260/1
f 507/265/1 476/267/1 475/261/1
f 456/266/1 526/268/1 525/264/1
f 506/269/1 476/267/1 507/265/1
f 456/266/1 527/270/1 526/268/1
f 505/271/1 476/267/1 506/269/1
f 455/272/1 527/270/1 456/266/1
f 455/272/1 528/273/1 527/270/1
f 505/271/1 477/274/1 476/267/1
f 529/13/1 477/274/1 505/271/1
f 455/272/1 529/13/1 528/273/1
f 455/272/1 477/274/1 529/13/1
f 454/275/1 477/274/1 455/272/1
f 454/275/1 478/276/1 477/274/1
f 453/277/1 479/278/1 454/275/1
f 479/278/1 478/276/1 454/275/1
f 453/277/1 480/35/1 479/278/1
f 452/279/1 480/35/1 453/277/1
f 452/279/1 481/280/1 480/35/1
f 452/279/1 482/281/1 481/280/1
f 451/282/1 482/281/1 452/279/1
f 451/282/1 483/283/1 482/281/1
f 450/284/1 483/283/1 451/282/1
f 450/284/1 484/285/1 483/283/1
f 502/286/1 504/287/1 503/288/1
f 450/284/1 485/289/1 484/285/1
f 501/290/1 504/287/1 502/286/1
f 500/291/1 504/287/1 501/290/1
f 449/292/1 485/289/1 450/284/1
f 449/292/1 486/293/1 485/289/1
f 499/294/1 504/287/1 500/291/1
f 498/295/1 504/287/1 499/294/1
f 449/292/1 487/296/1 486/293/1
f 497/297/1 504/287/1 498/295/1
f 449/292/1 488/298/1 487/296/1
f 496/299/1 504/287/1 497/297/1
f 448/300/1 488/298/1 449/292/1
f 495/301/1 504/287/1 496/299/1
f 448/300/1 489/302/1 488/298/1
f 494/303/1 504/287/1 495/301/1
f 448/300/1 490/304/1 489/302/1
f 493/305/1 504/287/1 494/303/1
f 492/306/1 504/287/1 493/305/1
f 448/300/1 491/307/1 490/304/1
f 491/307/1 504/287/1 492/306/1
f 448/300/1 504/287/1 491/307/1
f 447/308/1 504/287/1 448/300/1
f 447/308/1 431/15/1 504/287/1
f 446/309/1 431/15/1 447/308/1
f 446/309/1 432/310/1 431/15/1
f 446/309/1 433/311/1 432/310/1
f 445/312/1 433/311/1 446/309/1
f 445/312/1 434/313/1 433/311/1
f 445/312/1 435/314/1 434/313/1
f 444/315/1 435/314/1 445/312/1
f 444/315/1 436/316/1 435/314/1
f 444/315/1 437/317/1 436/316/1
f 443/318/1 437/317/1 444/315/1
f 443/318/1 438/319/1 437/317/1
f 443/318/1 439/320/1 438/319/1
f 443/318/1 440/321/1 439/320/1
f 442/322/1 440/321/1 443/318/1
f 442/322/1 441/323/1 440/321/1
f 541/420/1 543/421/1 542/422/1
f 565/423/1 567/424/1 566/425/1
f 540/426/1 543/421/1 541/420/1
f 540/426/1 544/427/1 543/421/1
f 564/428/1 567/424/1 565/423/1
f 564/428/1 568/429/1 567/424/1
f 539/430/1 544/427/1 540/426/1
f 539/430/1 545/431/1 544/427/1
f 563/432/1 568/429/1 564/428/1
f 538/433/1 545/431/1 539/430/1
f 538/433/1 546/434/1 545/431/1
f 563/432/1 569/435/1 568/429/1
f 562/436/1 569/435/1 563/432/1
f 537/437/1 546/434/1 538/433/1
f 634/438/1 636/13/1 635/439/1
f 634/438/1 530/15/1 636/13/1
f 537/437/1 547/440/1 546/434/1
f 561/441/1 569/435/1 562/436/1
f 536/442/1 547/440/1 537/437/1
f 561/441/1 570/443/1 569/435/1
f 536/442/1 548/444/1 547/440/1
f 535/445/1 548/444/1 536/442/1
f 560/446/1 570/443/1 561/441/1
f 535/445/1 549/447/1 548/444/1
f 560/446/1 571/448/1 570/443/1
f 534/449/1 549/447/1 535/445/1
f 559/450/1 571/448/1 560/446/1
f 534/449/1 550/451/1 549/447/1
f 533/452/1 550/451/1 534/449/1
f 558/453/1 571/448/1 559/450/1
f 558/453/1 572/454/1 571/448/1
f 533/452/1 551/455/1 550/451/1
f 532/456/1 551/455/1 533/452/1
f 557/457/1 572/454/1 558/453/1
f 532/456/1 552/458/1 551/455/1
f 531/459/1 552/458/1 532/456/1
f 557/457/1 573/460/1 572/454/1
f 556/461/1 573/460/1 557/457/1
f 531/459/1 553/462/1 552/458/1
f 530/15/1 553/462/1 531/459/1
f 555/463/1 573/460/1 556/461/1
f 555/463/1 593/464/1 573/460/1
f 593/464/1 574/465/1 573/460/1
f 634/438/1 632/466/1 530/15/1
f 632/466/1 631/467/1 530/15/1
f 631/467/1 630/468/1 530/15/1
f 630/468/1 629/469/1 530/15/1
f 629/469/1 628/470/1 530/15/1
f 628/470/1 627/471/1 530/15/1
f 627/471/1 626/472/1 530/15/1
f 626/472/1 625/473/1 530/15/1
f 625/473/1 624/474/1 530/15/1
f 624/474/1 623/475/1 530/15/1
f 623/475/1 622/476/1 530/15/1
f 622/476/1 621/477/1 530/15/1
f 621/477/1 553/462/1 530/15/1
f 621/477/1 620/478/1 553/462/1
f 620/478/1 554/479/1 553/462/1
f 554/479/1 594/480/1 555/463/1
f 594/480/1 593/464/1 555/463/1
f 619/481/1 554/479/1 620/478/1
f 592/482/1 574/465/1 593/464/1
f 554/479/1 595/483/1 594/480/1
f 618/484/1 554/479/1 619/481/1
f 591/485/1 574/465/1 592/482/1
f 554/479/1 596/486/1 595/483/1
f 617/487/1 554/479/1 618/484/1
f 590/488/1 574/465/1 591/485/1
f 554/479/1 597/489/1 596/486/1
f 616/490/1 554/479/1 617/487/1
f 616/490/1 597/489/1 554/479/1
f 589/491/1 574/465/1 590/488/1
f 616/490/1 598/492/1 597/489/1
f 589/491/1 575/493/1 574/465/1
f 615/494/1 598/492/1 616/490/1
f 615/494/1 599/495/1 598/492/1
f 588/496/1 575/493/1 589/491/1
f 615/494/1 600/497/1 599/495/1
f 614/498/1 600/497/1 615/494/1
f 587/499/1 575/493/1 588/496/1
f 614/498/1 601/500/1 600/497/1
f 613/501/1 601/500/1 614/498/1
f 586/502/1 575/493/1 587/499/1
f 613/501/1 602/503/1 601/500/1
f 586/502/1 576/504/1 575/493/1
f 612/505/1 602/503/1 613/501/1
f 612/505/1 603/506/1 602/503/1
f 585/507/1 576/504/1 586/502/1
f 612/505/1 604/508/1 603/506/1
f 611/509/1 604/508/1 612/505/1
f 584/510/1 576/504/1 585/507/1
f 611/509/1 605/511/1 604/508/1
f 584/510/1 577/512/1 576/504/1
f 610/513/1 605/511/1 611/509/1
f 634/438/1 633/514/1 632/466/1
f 610/513/1 606/515/1 605/511/1
f 583/35/1 577/512/1 584/510/1
f 609/516/1 606/515/1 610/513/1
f 582/517/1 577/512/1 583/35/1
f 582/517/1 578/518/1 577/512/1
f 608/519/1 606/515/1 609/516/1
f 581/520/1 578/518/1 582/517/1
f 581/520/1 579/521/1 578/518/1
f 607/522/1 606/515/1 608/519/1
f 580/523/1 579/521/1 581/520/1
f 734/56/1 736/57/1 735/58/1
f 733/59/1 736/57/1 734/56/1
f 733/59/1 737/60/1 736/57/1
f 732/61/1 737/60/1 733/59/1
f 731/62/1 737/60/1 732/61/1
f 731/62/1 738/63/1 737/60/1
f 730/64/1 738/63/1 731/62/1
f 730/64/1 739/65/1 738/63/1
f 729/66/1 739/65/1 730/64/1
f 728/67/1 739/65/1 729/66/1
f 728/67/1 740/68/1 739/65/1
f 727/69/1 740/68/1 728/67/1
f 727/69/1 741/70/1 740/68/1
f 726/71/1 741/70/1 727/69/1
f 725/72/1 741/70/1 726/71/1
f 725/72/1 742/73/1 741/70/1
f 724/74/1 742/73/1 725/72/1
f 724/74/1 743/75/1 742/73/1
f 723/76/1 743/75/1 724/74/1
f 722/77/1 721/78/1 723/76/1
f 721/78/1 720/79/1 723/76/1
f 720/79/1 719/80/1 723/76/1
f 719/80/1 718/81/1 723/76/1
f 718/81/1 717/82/1 723/76/1
f 717/82/1 716/83/1 723/76/1
f 716/83/1 715/84/1 723/76/1
f 715/84/1 714/85/1 723/76/1
f 714/85/1 713/86/1 723/76/1
f 713/86/1 712/87/1 723/76/1
f 712/87/1 743/75/1 723/76/1
f 712/87/1 711/88/1 743/75/1
f 711/88/1 710/89/1 743/75/1
f 710/89/1 744/90/1 743/75/1
f 710/89/1 709/91/1 744/90/1
f 709/91/1 745/92/1 744/90/1
f 708/93/1 745/92/1 709/91/1
f 707/94/1 745/92/1 708/93/1
f 706/95/1 745/92/1 707/94/1
f 705/96/1 745/92/1 706/95/1
f 704/97/1 745/92/1 705/96/1
f 704/97/1 746/98/1 745/92/1
f 703/99/1 746/98/1 704/97/1
f 702/100/1 746/98/1 703/99/1
f 701/101/1 746/98/1 702/100/1
f 701/101/1 747/102/1 746/98/1
f 700/103/1 747/102/1 701/101/1
f 699/104/1 747/102/1 700/103/1
f 699/104/1 748/105/1 747/102/1
f 698/106/1 748/105/1 699/104/1
f 697/107/1 748/105/1 698/106/1
f 696/108/1 810/13/1 697/107/1
f 810/13/1 748/105/1 697/107/1
f 695/109/1 810/13/1 696/108/1
f 694/110/1 810/13/1 695/109/1
f 693/111/1 810/13/1 694/110/1
f 692/112/1 810/13/1 693/111/1
f 692/112/1 774/113/1 810/13/1
f 809/114/1 748/105/1 810/13/1
f 692/112/1 775/115/1 774/113/1
f 691/116/1 775/115/1 692/112/1
f 691/116/1 776/117/1 775/115/1
f 690/118/1 776/117/1 691/116/1
f 690/118/1 777/119/1 776/117/1
f 689/120/1 777/119/1 690/118/1
f 689/120/1 778/121/1 777/119/1
f 689/120/1 779/122/1 778/121/1
f 688/123/1 779/122/1 689/120/1
f 688/123/1 780/124/1 779/122/1
f 687/125/1 780/124/1 688/123/1
f 687/125/1 781/126/1 780/124/1
f 687/125/1 782/127/1 781/126/1
f 686/128/1 782/127/1 687/125/1
f 686/128/1 783/129/1 782/127/1
f 686/128/1 784/130/1 783/129/1
f 685/131/1 784/130/1 686/128/1
f 685/131/1 785/132/1 784/130/1
f 684/133/1 785/132/1 685/131/1
f 684/133/1 786/134/1 785/132/1
f 684/133/1 787/135/1 786/134/1
f 683/136/1 787/135/1 684/133/1
f 683/136/1 788/137/1 787/135/1
f 683/136/1 789/138/1 788/137/1
f 808/139/1 748/105/1 809/114/1
f 682/140/1 789/138/1 683/136/1
f 807/141/1 748/105/1 808/139/1
f 682/140/1 790/142/1 789/138/1
f 806/143/1 748/105/1 807/141/1
f 771/144/1 773/145/1 772/146/1
f 806/143/1 749/147/1 748/105/1
f 682/140/1 791/148/1 790/142/1
f 770/149/1 773/145/1 771/144/1
f 805/150/1 749/147/1 806/143/1
f 805/150/1 750/151/1 749/147/1
f 769/152/1 773/145/1 770/149/1
f 681/153/1 791/148/1 682/140/1
f 681/153/1 792/154/1 791/148/1
f 805/150/1 751/155/1 750/151/1
f 804/156/1 751/155/1 805/150/1
f 768/157/1 773/145/1 769/152/1
f 804/156/1 752/158/1 751/155/1
f 803/159/1 752/158/1 804/156/1
f 767/160/1 773/145/1 768/157/1
f 681/153/1 793/161/1 792/154/1
f 803/159/1 753/162/1 752/158/1
f 766/163/1 773/145/1 767/160/1
f 802/164/1 753/162/1 803/159/1
f 802/164/1 754/165/1 753/162/1
f 765/166/1 773/145/1 766/163/1
f 681/153/1 794/167/1 793/161/1
f 802/164/1 755/168/1 754/165/1
f 801/169/1 755/168/1 802/164/1
f 764/170/1 773/145/1 765/166/1
f 801/169/1 756/171/1 755/168/1
f 680/172/1 794/167/1 681/153/1
f 763/173/1 773/145/1 764/170/1
f 680/172/1 795/174/1 794/167/1
f 800/175/1 756/171/1 801/169/1
f 800/175/1 757/176/1 756/171/1
f 762/177/1 773/145/1 763/173/1
f 800/175/1 758/178/1 757/176/1
f 761/179/1 773/145/1 762/177/1
f 799/180/1 758/178/1 800/175/1
f 799/180/1 759/181/1 758/178/1
f 760/182/1 773/145/1 761/179/1
f 799/180/1 760/182/1 759/181/1
f 680/172/1 796/183/1 795/174/1
f 799/180/1 773/145/1 760/182/1
f 798/184/1 773/145/1 799/180/1
f 680/172/1 797/185/1 796/183/1
f 797/185/1 773/145/1 798/184/1
f 680/172/1 660/186/1 797/185/1
f 660/186/1 773/145/1 797/185/1
f 679/187/1 660/186/1 680/172/1
f 679/187/1 661/188/1 660/186/1
f 659/189/1 773/145/1 660/186/1
f 678/190/1 661/188/1 679/187/1
f 678/190/1 662/191/1 661/188/1
f 658/192/1 773/145/1 659/189/1
f 658/192/1 637/15/1 773/145/1
f 677/193/1 662/191/1 678/190/1
f 677/193/1 663/194/1 662/191/1
f 657/195/1 637/15/1 658/192/1
f 657/195/1 638/196/1 637/15/1
f 677/193/1 664/197/1 663/194/1
f 656/198/1 638/196/1 657/195/1
f 676/199/1 664/197/1 677/193/1
f 656/198/1 639/200/1 638/196/1
f 676/199/1 665/201/1 664/197/1
f 655/202/1 639/200/1 656/198/1
f 655/202/1 640/203/1 639/200/1
f 675/204/1 665/201/1 676/199/1
f 675/204/1 666/205/1 665/201/1
f 654/206/1 640/203/1 655/202/1
f 654/206/1 641/207/1 640/203/1
f 675/204/1 667/208/1 666/205/1
f 653/209/1 641/207/1 654/206/1
f 653/209/1 642/210/1 641/207/1
f 674/211/1 667/208/1 675/204/1
f 674/211/1 668/212/1 667/208/1
f 652/213/1 642/210/1 653/209/1
f 652/213/1 643/214/1 642/210/1
f 674/211/1 669/215/1 668/212/1
f 652/213/1 644/216/1 643/214/1
f 651/217/1 644/216/1 652/213/1
f 673/218/1 669/215/1 674/211/1
f 651/217/1 645/219/1 644/216/1
f 673/218/1 670/220/1 669/215/1
f 650/221/1 645/219/1 651/217/1
f 650/221/1 646/222/1 645/219/1
f 673/218/1 671/223/1 670/220/1
f 649/224/1 646/222/1 650/221/1
f 672/225/1 671/223/1 673/218/1
f 649/224/1 647/226/1 646/222/1
f 648/227/1 647/226/1 649/224/1
f 845/524/1 847/525/1 846/526/1
f 845/524/1 848/527/1 847/525/1
f 845/524/1 849/528/1 848/527/1
f 845/524/1 850/529/1 849/528/1
f 844/530/1 850/529/1 845/524/1
f 844/530/1 851/531/1 850/529/1
f 844/530/1 852/532/1 851/531/1
f 844/530/1 853/533/1 852/532/1
f 843/534/1 853/533/1 844/530/1
f 843/534/1 854/535/1 853/533/1
f 843/534/1 855/536/1 854/535/1
f 842/537/1 855/536/1 843/534/1
f 842/537/1 856/538/1 855/536/1
f 842/537/1 857/539/1 856/538/1
f 841/540/1 857/539/1 842/537/1
f 841/540/1 858/541/1 857/539/1
f 841/540/1 869/542/1 858/541/1
f 869/542/1 868/543/1 858/541/1
f 868/543/1 867/544/1 858/541/1
f 867/544/1 866/545/1 858/541/1
f 866/545/1 865/546/1 858/541/1
f 865/546/1 864/547/1 858/541/1
f 864/547/1 863/548/1 858/541/1
f 863/548/1 862/549/1 858/541/1
f 862/549/1 861/550/1 858/541/1
f 861/550/1 860/551/1 858/541/1
f 860/551/1 859/552/1 858/541/1
f 840/553/1 871/554/1 841/540/1
f 871/554/1 870/555/1 841/540/1
f 870/555/1 869/542/1 841/540/1
f 840/553/1 872/556/1 871/554/1
f 840/553/1 873/557/1 872/556/1
f 840/553/1 874/558/1 873/557/1
f 839/559/1 874/558/1 840/553/1
f 839/559/1 875/560/1 874/558/1
f 839/559/1 876/561/1 875/560/1
f 838/562/1 876/561/1 839/559/1
f 838/562/1 877/563/1 876/561/1
f 838/562/1 878/564/1 877/563/1
f 837/565/1 878/564/1 838/562/1
f 837/565/1 879/566/1 878/564/1
f 836/567/1 879/566/1 837/565/1
f 836/567/1 880/568/1 879/566/1
f 836/567/1 881/569/1 880/568/1
f 835/570/1 881/569/1 836/567/1
f 835/570/1 882/571/1 881/569/1
f 834/572/1 882/571/1 835/570/1
f 834/572/1 883/573/1 882/571/1
f 834/572/1 884/574/1 883/573/1
f 833/575/1 884/574/1 834/572/1
f 909/576/1 911/577/1 910/578/1
f 909/576/1 908/579/1 911/577/1
f 908/579/1 912/13/1 911/577/1
f 833/575/1 885/580/1 884/574/1
f 832/581/1 885/580/1 833/575/1
f 832/581/1 886/582/1 885/580/1
f 907/583/1 912/13/1 908/579/1
f 831/584/1 886/582/1 832/581/1
f 831/584/1 887/585/1 886/582/1
f 831/584/1 888/586/1 887/585/1
f 830/587/1 888/586/1 831/584/1
f 830/587/1 889/588/1 888/586/1
f 829/589/1 889/588/1 830/587/1
f 829/589/1 890/590/1 889/588/1
f 829/589/1 891/591/1 890/590/1
f 828/592/1 891/591/1 829/589/1
f 828/592/1 892/593/1 891/591/1
f 906/594/1 912/13/1 907/583/1
f 905/595/1 912/13/1 906/594/1
f 904/596/1 912/13/1 905/595/1
f 828/592/1 893/597/1 892/593/1
f 903/598/1 912/13/1 904/596/1
f 902/599/1 912/13/1 903/598/1
f 901/600/1 912/13/1 902/599/1
f 828/592/1 894/601/1 893/597/1
f 827/602/1 894/601/1 828/592/1
f 900/603/1 912/13/1 901/600/1
f 899/604/1 912/13/1 900/603/1
f 898/605/1 912/13/1 899/604/1
f 827/602/1 895/606/1 894/601/1
f 897/607/1 912/13/1 898/605/1
f 896/608/1 912/13/1 897/607/1
f 895/606/1 912/13/1 896/608/1
f 827/602/1 912/13/1 895/606/1
f 826/609/1 912/13/1 827/602/1
f 826/609/1 811/15/1 912/13/1
f 826/609/1 812/610/1 811/15/1
f 825/611/1 812/610/1 826/609/1
f 825/611/1 813/612/1 812/610/1
f 825/611/1 814/613/1 813/612/1
f 824/614/1 814/613/1 825/611/1
f 824/614/1 815/615/1 814/613/1
f 824/614/1 816/616/1 815/615/1
f 824/614/1 817/617/1 816/616/1
f 823/618/1 817/617/1 824/614/1
f 823/618/1 818/619/1 817/617/1
f 823/618/1 819/620/1 818/619/1
f 823/618/1 820/621/1 819/620/1
f 822/622/1 820/621/1 823/618/1
f 822/622/1 821/623/1 820/621/1
f 925/1/3 926/3/3 927/2/3
f 925/1/3 927/2/3 928/4/3
f 924/5/3 925/1/3 928/4/3
f 924/5/3 928/4/3 929/6/3
f 923/7/3 924/5/3 929/6/3
f 923/7/3 929/6/3 930/8/3
f 923/7/3 930/8/3 931/9/3
f 922/10/3 923/7/3 931/9/3
f 922/10/3 931/9/3 932/11/3
f 965/12/3 966/14/3 967/13/3
f 965/12/3 967/13/3 913/15/3
f 921/16/3 922/10/3 932/11/3
f 921/16/3 932/11/3 933/17/3
f 921/16/3 933/17/3 934/18/3
f 920/19/3 921/16/3 934/18/3
f 920/19/3 934/18/3 935/20/3
f 919/21/3 920/19/3 935/20/3
f 919/21/3 935/20/3 936/22/3
f 919/21/3 936/22/3 937/23/3
f 918/24/3 919/21/3 937/23/3
f 918/24/3 937/23/3 938/25/3
f 917/26/3 918/24/3 938/25/3
f 917/26/3 938/25/3 948/27/3
f 948/27/3 938/25/3 947/28/3
f 947/28/3 938/25/3 946/29/3
f 946/29/3 938/25/3 945/30/3
f 945/30/3 938/25/3 944/31/3
f 944/31/3 938/25/3 943/32/3
f 943/32/3 938/25/3 942/33/3
f 942/33/3 938/25/3 941/34/3
f 941/34/3 938/25/3 940/35/3
f 940/35/3 938/25/3 939/36/3
f 916/37/3 917/26/3 950/38/3
f 950/38/3 917/26/3 949/39/3
f 949/39/3 917/26/3 948/27/3
f 915/40/3 916/37/3 952/41/3
f 952/41/3 916/37/3 951/42/3
f 951/42/3 916/37/3 950/38/3
f 915/40/3 952/41/3 953/43/3
f 915/40/3 953/43/3 954/44/3
f 914/45/3 915/40/3 954/44/3
f 914/45/3 954/44/3 955/46/3
f 914/45/3 955/46/3 956/47/3
f 965/12/3 913/15/3 914/45/3
f 965/12/3 914/45/3 960/48/3
f 960/48/3 914/45/3 959/49/3
f 959/49/3 914/45/3 958/50/3
f 958/50/3 914/45/3 957/51/3
f 957/51/3 914/45/3 956/47/3
f 965/12/3 960/48/3 961/52/3
f 965/12/3 961/52/3 962/53/3
f 965/12/3 962/53/3 963/54/3
f 965/12/3 963/54/3 964/55/3
f 1065/56/3 1066/58/3 1067/57/3
f 1064/59/3 1065/56/3 1067/57/3
f 1064/59/3 1067/57/3 1068/60/3
f 1063/61/3 1064/59/3 1068/60/3
f 1062/62/3 1063/61/3 1068/60/3
f 1062/62/3 1068/60/3 1069/63/3
f 1061/64/3 1062/62/3 1069/63/3
f 1061/64/3 1069/63/3 1070/65/3
f 1060/66/3 1061/64/3 1070/65/3
f 1059/67/3 1060/66/3 1070/65/3
f 1059/67/3 1070/65/3 1071/68/3
f 1058/69/3 1059/67/3 1071/68/3
f 1058/69/3 1071/68/3 1072/70/3
f 1057/71/3 1058/69/3 1072/70/3
f 1056/72/3 1057/71/3 1072/70/3
f 1056/72/3 1072/70/3 1073/73/3
f 1055/74/3 1056/72/3 1073/73/3
f 1055/74/3 1073/73/3 1074/75/3
f 1054/76/3 1055/74/3 1074/75/3
f 1053/77/3 1054/76/3 1052/78/3
f 1052/78/3 1054/76/3 1051/79/3
f 1051/79/3 1054/76/3 1050/80/3
f 1050/80/3 1054/76/3 1049/81/3
f 1049/81/3 1054/76/3 1048/82/3
f 1048/82/3 1054/76/3 1047/83/3
f 1047/83/3 1054/76/3 1046/84/3
f 1046/84/3 1054/76/3 1045/85/3
f 1045/85/3 1054/76/3 1044/86/3
f 1044/86/3 1054/76/3 1043/87/3
f 1043/87/3 1054/76/3 1074/75/3
f 1043/87/3 1074/75/3 1042/88/3
f 1042/88/3 1074/75/3 1041/89/3
f 1041/89/3 1074/75/3 1075/90/3
f 1041/89/3 1075/90/3 1040/91/3
f 1040/91/3 1075/90/3 1076/92/3
f 1039/93/3 1040/91/3 1076/92/3
f 1038/94/3 1039/93/3 1076/92/3
f 1037/95/3 1038/94/3 1076/92/3
f 1036/96/3 1037/95/3 1076/92/3
f 1035/97/3 1036/96/3 1076/92/3
f 1035/97/3 1076/92/3 1077/98/3
f 1034/99/3 1035/97/3 1077/98/3
f 1033/100/3 1034/99/3 1077/98/3
f 1032/101/3 1033/100/3 1077/98/3
f 1032/101/3 1077/98/3 1078/102/3
f 1031/103/3 1032/101/3 1078/102/3
f 1030/104/3 1031/103/3 1078/102/3
f 1030/104/3 1078/102/3 1079/105/3
f 1029/106/3 1030/104/3 1079/105/3
f 1028/107/3 1029/106/3 1079/105/3
f 1027/108/3 1028/107/3 1141/13/3
f 1141/13/3 1028/107/3 1079/105/3
f 1026/109/3 1027/108/3 1141/13/3
f 1025/110/3 1026/109/3 1141/13/3
f 1024/111/3 1025/110/3 1141/13/3
f 1023/112/3 1024/111/3 1141/13/3
f 1023/112/3 1141/13/3 1105/113/3
f 1140/114/3 1141/13/3 1079/105/3
f 1023/112/3 1105/113/3 1106/115/3
f 1022/116/3 1023/112/3 1106/115/3
f 1022/116/3 1106/115/3 1107/117/3
f 1021/118/3 1022/116/3 1107/117/3
f 1021/118/3 1107/117/3 1108/119/3
f 1020/120/3 1021/118/3 1108/119/3
f 1020/120/3 1108/119/3 1109/121/3
f 1020/120/3 1109/121/3 1110/122/3
f 1019/123/3 1020/120/3 1110/122/3
f 1019/123/3 1110/122/3 1111/124/3
f 1018/125/3 1019/123/3 1111/124/3
f 1018/125/3 1111/124/3 1112/126/3
f 1018/125/3 1112/126/3 1113/127/3
f 1017/128/3 1018/125/3 1113/127/3
f 1017/128/3 1113/127/3 1114/129/3
f 1017/128/3 1114/129/3 1115/130/3
f 1016/131/3 1017/128/3 1115/130/3
f 1016/131/3 1115/130/3 1116/132/3
f 1015/133/3 1016/131/3 1116/132/3
f 1015/133/3 1116/132/3 1117/134/3
f 1015/133/3 1117/134/3 1118/135/3
f 1014/136/3 1015/133/3 1118/135/3
f 1014/136/3 1118/135/3 1119/137/3
f 1014/136/3 1119/137/3 1120/138/3
f 1139/139/3 1140/114/3 1079/105/3
f 1013/140/3 1014/136/3 1120/138/3
f 1138/141/3 1139/139/3 1079/105/3
f 1013/140/3 1120/138/3 1121/142/3
f 1137/143/3 1138/141/3 1079/105/3
f 1102/144/3 1103/146/3 1104/145/3
f 1137/143/3 1079/105/3 1080/147/3
f 1013/140/3 1121/142/3 1122/148/3
f 1101/149/3 1102/144/3 1104/145/3
f 1136/150/3 1137/143/3 1080/147/3
f 1136/150/3 1080/147/3 1081/151/3
f 1100/152/3 1101/149/3 1104/145/3
f 1012/153/3 1013/140/3 1122/148/3
f 1012/153/3 1122/148/3 1123/154/3
f 1136/150/3 1081/151/3 1082/155/3
f 1135/156/3 1136/150/3 1082/155/3
f 1099/157/3 1100/152/3 1104/145/3
f 1135/156/3 1082/155/3 1083/158/3
f 1134/159/3 1135/156/3 1083/158/3
f 1098/160/3 1099/157/3 1104/145/3
f 1012/153/3 1123/154/3 1124/161/3
f 1134/159/3 1083/158/3 1084/162/3
f 1097/163/3 1098/160/3 1104/145/3
f 1133/164/3 1134/159/3 1084/162/3
f 1133/164/3 1084/162/3 1085/165/3
f 1096/166/3 1097/163/3 1104/145/3
f 1012/153/3 1124/161/3 1125/167/3
f 1133/164/3 1085/165/3 1086/168/3
f 1132/169/3 1133/164/3 1086/168/3
f 1095/170/3 1096/166/3 1104/145/3
f 1132/169/3 1086/168/3 1087/171/3
f 1011/172/3 1012/153/3 1125/167/3
f 1094/173/3 1095/170/3 1104/145/3
f 1011/172/3 1125/167/3 1126/174/3
f 1131/175/3 1132/169/3 1087/171/3
f 1131/175/3 1087/171/3 1088/176/3
f 1093/177/3 1094/173/3 1104/145/3
f 1131/175/3 1088/176/3 1089/178/3
f 1092/179/3 1093/177/3 1104/145/3
f 1130/180/3 1131/175/3 1089/178/3
f 1130/180/3 1089/178/3 1090/181/3
f 1091/182/3 1092/179/3 1104/145/3
f 1130/180/3 1090/181/3 1091/182/3
f 1011/172/3 1126/174/3 1127/183/3
f 1130/180/3 1091/182/3 1104/145/3
f 1129/184/3 1130/180/3 1104/145/3
f 1011/172/3 1127/183/3 1128/185/3
f 1128/185/3 1129/184/3 1104/145/3
f 1011/172/3 1128/185/3 991/186/3
f 991/186/3 1128/185/3 1104/145/3
f 1010/187/3 1011/172/3 991/186/3
f 1010/187/3 991/186/3 992/188/3
f 990/189/3 991/186/3 1104/145/3
f 1009/190/3 1010/187/3 992/188/3
f 1009/190/3 992/188/3 993/191/3
f 989/192/3 990/189/3 1104/145/3
f 989/192/3 1104/145/3 968/15/3
f 1008/193/3 1009/190/3 993/191/3
f 1008/193/3 993/191/3 994/194/3
f 988/195/3 989/192/3 968/15/3
f 988/195/3 968/15/3 969/196/3
f 1008/193/3 994/194/3 995/197/3
f 987/198/3 988/195/3 969/196/3
f 1007/199/3 1008/193/3 995/197/3
f 987/198/3 969/196/3 970/200/3
f 1007/199/3 995/197/3 996/201/3
f 986/202/3 987/198/3 970/200/3
f 986/202/3 970/200/3 971/203/3
f 1006/204/3 1007/199/3 996/201/3
f 1006/204/3 996/201/3 997/205/3
f 985/206/3 986/202/3 971/203/3
f 985/206/3 971/203/3 972/207/3
f 1006/204/3 997/205/3 998/208/3
f 984/209/3 985/206/3 972/207/3
f 984/209/3 972/207/3 973/210/3
f 1005/211/3 1006/204/3 998/208/3
f 1005/211/3 998/208/3 999/212/3
f 983/213/3 984/209/3 973/210/3
f 983/213/3 973/210/3 974/214/3
f 1005/211/3 999/212/3 1000/215/3
f 983/213/3 974/214/3 975/216/3
f 982/217/3 983/213/3 975/216/3
f 1004/218/3 1005/211/3 1000/215/3
f 982/217/3 975/216/3 976/219/3
f 1004/218/3 1000/215/3 1001/220/3
f 981/221/3 982/217/3 976/219/3
f 981/221/3 976/219/3 977/222/3
f 1004/218/3 1001/220/3 1002/223/3
f 980/224/3 981/221/3 977/222/3
f 1003/225/3 1004/218/3 1002/223/3
f 980/224/3 977/222/3 978/226/3
f 979/227/3 980/224/3 978/226/3
f 1176/228/3 1177/230/3 1178/229/3
f 1176/228/3 1178/229/3 1179/231/3
f 1175/232/3 1176/228/3 1179/231/3
f 1175/232/3 1179/231/3 1180/233/3
f 1174/234/3 1175/232/3 1180/233/3
f 1174/234/3 1180/233/3 1181/235/3
f 1173/236/3 1174/234/3 1181/235/3
f 1173/236/3 1181/235/3 1182/237/3
f 1172/238/3 1173/236/3 1182/237/3
f 1172/238/3 1182/237/3 1183/239/3
f 1171/240/3 1172/238/3 1183/239/3
f 1171/240/3 1183/239/3 1184/241/3
f 1170/242/3 1171/240/3 1227/243/3
f 1227/243/3 1171/240/3 1184/241/3
f 1170/242/3 1227/243/3 1228/244/3
f 1226/245/3 1227/243/3 1184/241/3
f 1170/242/3 1228/244/3 1229/246/3
f 1225/247/3 1226/245/3 1184/241/3
f 1170/242/3 1229/246/3 1230/248/3
f 1224/249/3 1225/247/3 1184/241/3
f 1224/249/3 1184/241/3 1185/250/3
f 1170/242/3 1230/248/3 1231/251/3
f 1169/252/3 1170/242/3 1231/251/3
f 1223/253/3 1224/249/3 1185/250/3
f 1169/252/3 1231/251/3 1232/254/3
f 1222/255/3 1223/253/3 1185/250/3
f 1169/252/3 1232/254/3 1233/256/3
f 1221/257/3 1222/255/3 1185/250/3
f 1169/252/3 1233/256/3 1234/258/3
f 1220/259/3 1221/257/3 1185/250/3
f 1168/260/3 1169/252/3 1234/258/3
f 1220/259/3 1185/250/3 1186/261/3
f 1168/260/3 1234/258/3 1235/262/3
f 1219/263/3 1220/259/3 1186/261/3
f 1168/260/3 1235/262/3 1236/264/3
f 1218/265/3 1219/263/3 1186/261/3
f 1167/266/3 1168/260/3 1236/264/3
f 1218/265/3 1186/261/3 1187/267/3
f 1167/266/3 1236/264/3 1237/268/3
f 1217/269/3 1218/265/3 1187/267/3
f 1167/266/3 1237/268/3 1238/270/3
f 1216/271/3 1217/269/3 1187/267/3
f 1166/272/3 1167/266/3 1238/270/3
f 1166/272/3 1238/270/3 1239/273/3
f 1216/271/3 1187/267/3 1188/274/3
f 1240/13/3 1216/271/3 1188/274/3
f 1166/272/3 1239/273/3 1240/13/3
f 1166/272/3 1240/13/3 1188/274/3
f 1165/275/3 1166/272/3 1188/274/3
f 1165/275/3 1188/274/3 1189/276/3
f 1164/277/3 1165/275/3 1190/278/3
f 1190/278/3 1165/275/3 1189/276/3
f 1164/277/3 1190/278/3 1191/35/3
f 1163/279/3 1164/277/3 1191/35/3
f 1163/279/3 1191/35/3 1192/280/3
f 1163/279/3 1192/280/3 1193/281/3
f 1162/282/3 1163/279/3 1193/281/3
f 1162/282/3 1193/281/3 1194/283/3
f 1161/284/3 1162/282/3 1194/283/3
f 1161/284/3 1194/283/3 1195/285/3
f 1213/286/3 1214/288/3 1215/287/3
f 1161/284/3 1195/285/3 1196/289/3
f 1212/290/3 1213/286/3 1215/287/3
f 1211/291/3 1212/290/3 1215/287/3
f 1160/292/3 1161/284/3 1196/289/3
f 1160/292/3 1196/289/3 1197/293/3
f 1210/294/3 1211/291/3 1215/287/3
f 1209/295/3 1210/294/3 1215/287/3
f 1160/292/3 1197/293/3 1198/296/3
f 1208/297/3 1209/295/3 1215/287/3
f 1160/292/3 1198/296/3 1199/298/3
f 1207/299/3 1208/297/3 1215/287/3
f 1159/300/3 1160/292/3 1199/298/3
f 1206/301/3 1207/299/3 1215/287/3
f 1159/300/3 1199/298/3 1200/302/3
f 1205/303/3 1206/301/3 1215/287/3
f 1159/300/3 1200/302/3 1201/304/3
f 1204/305/3 1205/303/3 1215/287/3
f 1203/306/3 1204/305/3 1215/287/3
f 1159/300/3 1201/304/3 1202/307/3
f 1202/307/3 1203/306/3 1215/287/3
f 1159/300/3 1202/307/3 1215/287/3
f 1158/308/3 1159/300/3 1215/287/3
f 1158/308/3 1215/287/3 1142/15/3
f 1157/309/3 1158/308/3 1142/15/3
f 1157/309/3 1142/15/3 1143/310/3
f 1157/309/3 1143/310/3 1144/311/3
f 1156/312/3 1157/309/3 1144/311/3
f 1156/312/3 1144/311/3 1145/313/3
f 1156/312/3 1145/313/3 1146/314/3
f 1155/315/3 1156/312/3 1146/314/3
f 1155/315/3 1146/314/3 1147/316/3
f 1155/315/3 1147/316/3 1148/317/3
f 1154/318/3 1155/315/3 1148/317/3
f 1154/318/3 1148/317/3 1149/319/3
f 1154/318/3 1149/319/3 1150/320/3
f 1154/318/3 1150/320/3 1151/321/3
f 1153/322/3 1154/318/3 1151/321/3
f 1153/322/3 1151/321/3 1152/323/3
f 1241/15/3 1242/9/3 1243/39/3
f 1241/15/3 1243/39/3 1244/13/3
f 1328/324/3 1329/326/3 1330/325/3
f 1328/324/3 1330/325/3 1331/327/3
f 1328/324/3 1331/327/3 1332/328/3
f 1327/329/3 1328/324/3 1332/328/3
f 1327/329/3 1332/328/3 1333/330/3
f 1327/329/3 1333/330/3 1334/331/3
f 1327/329/3 1334/331/3 1335/332/3
f 1326/333/3 1327/329/3 1335/332/3
f 1326/333/3 1335/332/3 1336/334/3
f 1326/333/3 1336/334/3 1337/335/3
f 1326/333/3 1337/335/3 1338/336/3
f 1325/337/3 1326/333/3 1338/336/3
f 1325/337/3 1338/336/3 1339/338/3
f 1325/337/3 1339/338/3 1340/339/3
f 1325/337/3 1340/339/3 1341/340/3
f 1324/341/3 1325/337/3 1341/340/3
f 1324/341/3 1341/340/3 1254/342/3
f 1254/342/3 1341/340/3 1253/343/3
f 1253/343/3 1341/340/3 1252/344/3
f 1252/344/3 1341/340/3 1251/345/3
f 1251/345/3 1341/340/3 1250/346/3
f 1250/346/3 1341/340/3 1249/347/3
f 1249/347/3 1341/340/3 1248/348/3
f 1248/348/3 1341/340/3 1247/349/3
f 1247/349/3 1341/340/3 1246/350/3
f 1246/350/3 1341/340/3 1245/15/3
f 1245/15/3 1341/340/3 1342/13/3
f 1323/351/3 1324/341/3 1256/352/3
f 1256/352/3 1324/341/3 1255/353/3
f 1255/353/4 1324/341/4 1254/342/4
f 1323/351/3 1256/352/3 1257/354/3
f 1323/351/3 1257/354/3 1258/355/3
f 1323/351/3 1258/355/3 1259/356/3
f 1322/357/3 1323/351/3 1259/356/3
f 1322/357/3 1259/356/3 1260/358/3
f 1322/357/3 1260/358/3 1261/359/3
f 1321/360/3 1322/357/3 1261/359/3
f 1321/360/3 1261/359/3 1262/361/3
f 1321/360/3 1262/361/3 1263/362/3
f 1320/363/3 1321/360/3 1263/362/3
f 1320/363/3 1263/362/3 1264/364/3
f 1319/365/3 1320/363/3 1264/364/3
f 1319/365/3 1264/364/3 1265/366/3
f 1319/365/3 1265/366/3 1266/367/3
f 1318/368/3 1319/365/3 1266/367/3
f 1318/368/3 1266/367/3 1267/369/3
f 1317/370/3 1318/368/3 1267/369/3
f 1317/370/3 1267/369/3 1268/371/3
f 1317/370/3 1268/371/3 1269/372/3
f 1316/373/3 1317/370/3 1269/372/3
f 1316/373/3 1269/372/3 1270/374/3
f 1315/375/3 1316/373/3 1270/374/3
f 1315/375/3 1270/374/3 1271/376/3
f 1314/377/3 1315/375/3 1271/376/3
f 1314/377/3 1271/376/3 1272/378/3
f 1313/379/3 1314/377/3 1272/378/3
f 1313/379/3 1272/378/3 1273/380/3
f 1312/381/3 1313/379/3 1273/380/3
f 1312/381/3 1273/380/3 1274/382/3
f 1291/383/3 1292/385/3 1293/384/3
f 1312/381/3 1274/382/3 1275/386/3
f 1290/387/3 1291/383/3 1293/384/3
f 1311/388/3 1312/381/3 1275/386/3
f 1289/389/3 1290/387/3 1293/384/3
f 1311/388/3 1275/386/3 1276/390/3
f 1288/391/3 1289/389/3 1293/384/3
f 1287/392/3 1288/391/3 1293/384/3
f 1311/388/3 1276/390/3 1277/393/3
f 1286/394/3 1287/392/3 1293/384/3
f 1310/395/3 1311/388/3 1277/393/3
f 1285/396/3 1286/394/3 1293/384/3
f 1310/395/3 1277/393/3 1278/397/3
f 1284/398/3 1285/396/3 1293/384/3
f 1283/399/3 1284/398/3 1293/384/3
f 1310/395/3 1278/397/3 1279/400/3
f 1282/401/3 1283/399/3 1293/384/3
f 1281/402/3 1282/401/3 1293/384/3
f 1310/395/3 1279/400/3 1280/403/3
f 1280/403/3 1281/402/3 1293/384/3
f 1310/395/3 1280/403/3 1293/384/3
f 1309/404/3 1310/395/3 1293/384/3
f 1309/404/3 1293/384/3 1294/405/3
f 1308/406/3 1309/404/3 1294/405/3
f 1308/406/3 1294/405/3 1295/407/3
f 1308/406/3 1295/407/3 1296/408/3
f 1308/406/3 1296/408/3 1297/409/3
f 1307/410/3 1308/406/3 1297/409/3
f 1307/410/3 1297/409/3 1298/411/3
f 1307/410/3 1298/411/3 1299/412/3
f 1307/410/3 1299/412/3 1300/413/3
f 1306/414/3 1307/410/3 1300/413/3
f 1306/414/3 1300/413/3 1301/415/3
f 1306/414/3 1301/415/3 1302/416/3
f 1306/414/3 1302/416/3 1303/417/3
f 1305/418/3 1306/414/3 1303/417/3
f 1305/418/3 1303/417/3 1304/419/3
f 1377/228/3 1378/230/3 1379/229/3
f 1377/228/3 1379/229/3 1380/231/3
f 1376/232/3 1377/228/3 1380/231/3
f 1376/232/3 1380/231/3 1381/233/3
f 1375/234/3 1376/232/3 1381/233/3
f 1375/234/3 1381/233/3 1382/235/3
f 1374/236/3 1375/234/3 1382/235/3
f 1374/236/3 1382/235/3 1383/237/3
f 1373/238/3 1374/236/3 1383/237/3
f 1373/238/3 1383/237/3 1384/239/3
f 1372/240/3 1373/238/3 1384/239/3
f 1372/240/3 1384/239/3 1385/241/3
f 1371/242/3 1372/240/3 1428/243/3
f 1428/243/3 1372/240/3 1385/241/3
f 1371/242/3 1428/243/3 1429/244/3
f 1427/245/3 1428/243/3 1385/241/3
f 1371/242/3 1429/244/3 1430/246/3
f 1426/247/3 1427/245/3 1385/241/3
f 1371/242/3 1430/246/3 1431/248/3
f 1425/249/3 1426/247/3 1385/241/3
f 1425/249/3 1385/241/3 1386/250/3
f 1371/242/3 1431/248/3 1432/251/3
f 1370/252/3 1371/242/3 1432/251/3
f 1424/253/3 1425/249/3 1386/250/3
f 1370/252/3 1432/251/3 1433/254/3
f 1423/255/3 1424/253/3 1386/250/3
f 1370/252/3 1433/254/3 1434/256/3
f 1422/257/3 1423/255/3 1386/250/3
f 1370/252/3 1434/256/3 1435/258/3
f 1421/259/3 1422/257/3 1386/250/3
f 1369/260/3 1370/252/3 1435/258/3
f 1421/259/3 1386/250/3 1387/261/3
f 1369/260/3 1435/258/3 1436/262/3
f 1420/263/3 1421/259/3 1387/261/3
f 1369/260/3 1436/262/3 1437/264/3
f 1419/265/3 1420/263/3 1387/261/3
f 1368/266/3 1369/260/3 1437/264/3
f 1419/265/3 1387/261/3 1388/267/3
f 1368/266/3 1437/264/3 1438/268/3
f 1418/269/3 1419/265/3 1388/267/3
f 1368/266/3 1438/268/3 1439/270/3
f 1417/271/3 1418/269/3 1388/267/3
f 1367/272/3 1368/266/3 1439/270/3
f 1367/272/3 1439/270/3 1440/273/3
f 1417/271/3 1388/267/3 1389/274/3
f 1441/13/3 1417/271/3 1389/274/3
f 1367/272/3 1440/273/3 1441/13/3
f 1367/272/3 1441/13/3 1389/274/3
f 1366/275/3 1367/272/3 1389/274/3
f 1366/275/3 1389/274/3 1390/276/3
f 1365/277/3 1366/275/3 1391/278/3
f 1391/278/3 1366/275/3 1390/276/3
f 1365/277/3 1391/278/3 1392/35/3
f 1364/279/3 1365/277/3 1392/35/3
f 1364/279/3 1392/35/3 1393/280/3
f 1364/279/3 1393/280/3 1394/281/3
f 1363/282/3 1364/279/3 1394/281/3
f 1363/282/3 1394/281/3 1395/283/3
f 1362/284/3 1363/282/3 1395/283/3
f 1362/284/3 1395/283/3 1396/285/3
f 1414/286/3 1415/288/3 1416/287/3
f 1362/284/3 1396/285/3 1397/289/3
f 1413/290/3 1414/286/3 1416/287/3
f 1412/291/3 1413/290/3 1416/287/3
f 1361/292/3 1362/284/3 1397/289/3
f 1361/292/3 1397/289/3 1398/293/3
f 1411/294/3 1412/291/3 1416/287/3
f 1410/295/3 1411/294/3 1416/287/3
f 1361/292/3 1398/293/3 1399/296/3
f 1409/297/3 1410/295/3 1416/287/3
f 1361/292/3 1399/296/3 1400/298/3
f 1408/299/3 1409/297/3 1416/287/3
f 1360/300/3 1361/292/3 1400/298/3
f 1407/301/3 1408/299/3 1416/287/3
f 1360/300/3 1400/298/3 1401/302/3
f 1406/303/3 1407/301/3 1416/287/3
f 1360/300/3 1401/302/3 1402/304/3
f 1405/305/3 1406/303/3 1416/287/3
f 1404/306/3 1405/305/3 1416/287/3
f 1360/300/3 1402/304/3 1403/307/3
f 1403/307/3 1404/306/3 1416/287/3
f 1360/300/3 1403/307/3 1416/287/3
f 1359/308/3 1360/300/3 1416/287/3
f 1359/308/3 1416/287/3 1343/15/3
f 1358/309/3 1359/308/3 1343/15/3
f 1358/309/3 1343/15/3 1344/310/3
f 1358/309/3 1344/310/3 1345/311/3
f 1357/312/3 1358/309/3 1345/311/3
f 1357/312/3 1345/311/3 1346/313/3
f 1357/312/3 1346/313/3 1347/314/3
f 1356/315/3 1357/312/3 1347/314/3
f 1356/315/3 1347/314/3 1348/316/3
f 1356/315/3 1348/316/3 1349/317/3
f 1355/318/3 1356/315/3 1349/317/3
f 1355/318/3 1349/317/3 1350/319/3
f 1355/318/3 1350/319/3 1351/320/3
f 1355/318/3 1351/320/3 1352/321/3
f 1354/322/3 1355/318/3 1352/321/3
f 1354/322/3 1352/321/3 1353/323/3
f 1453/420/3 1454/422/3 1455/421/3
f 1477/423/3 1478/425/3 1479/424/3
f 1452/426/3 1453/420/3 1455/421/3
f 1452/426/3 1455/421/3 1456/427/3
f 1476/428/3 1477/423/3 1479/424/3
f 1476/428/3 1479/424/3 1480/429/3
f 1451/430/3 1452/426/3 1456/427/3
f 1451/430/3 1456/427/3 1457/431/3
f 1475/432/3 1476/428/3 1480/429/3
f 1450/433/3 1451/430/3 1457/431/3
f 1450/433/3 1457/431/3 1458/434/3
f 1475/432/3 1480/429/3 1481/435/3
f 1474/436/3 1475/432/3 1481/435/3
f 1449/437/3 1450/433/3 1458/434/3
f 1546/438/3 1547/439/3 1548/13/3
f 1546/438/3 1548/13/3 1442/15/3
f 1449/437/3 1458/434/3 1459/440/3
f 1473/441/3 1474/436/3 1481/435/3
f 1448/442/3 1449/437/3 1459/440/3
f 1473/441/3 1481/435/3 1482/443/3
f 1448/442/3 1459/440/3 1460/444/3
f 1447/445/3 1448/442/3 1460/444/3
f 1472/446/3 1473/441/3 1482/443/3
f 1447/445/3 1460/444/3 1461/447/3
f 1472/446/3 1482/443/3 1483/448/3
f 1446/449/3 1447/445/3 1461/447/3
f 1471/450/3 1472/446/3 1483/448/3
f 1446/449/3 1461/447/3 1462/451/3
f 1445/452/3 1446/449/3 1462/451/3
f 1470/453/3 1471/450/3 1483/448/3
f 1470/453/3 1483/448/3 1484/454/3
f 1445/452/3 1462/451/3 1463/455/3
f 1444/456/3 1445/452/3 1463/455/3
f 1469/457/3 1470/453/3 1484/454/3
f 1444/456/3 1463/455/3 1464/458/3
f 1443/459/3 1444/456/3 1464/458/3
f 1469/457/3 1484/454/3 1485/460/3
f 1468/461/3 1469/457/3 1485/460/3
f 1443/459/3 1464/458/3 1465/462/3
f 1442/15/3 1443/459/3 1465/462/3
f 1467/463/3 1468/461/3 1485/460/3
f 1467/463/3 1485/460/3 1505/464/3
f 1505/464/3 1485/460/3 1486/465/3
f 1546/438/3 1442/15/3 1544/466/3
f 1544/466/3 1442/15/3 1543/467/3
f 1543/467/3 1442/15/3 1542/468/3
f 1542/468/3 1442/15/3 1541/469/3
f 1541/469/3 1442/15/3 1540/470/3
f 1540/470/3 1442/15/3 1539/471/3
f 1539/471/3 1442/15/3 1538/472/3
f 1538/472/3 1442/15/3 1537/473/3
f 1537/473/3 1442/15/3 1536/474/3
f 1536/474/3 1442/15/3 1535/475/3
f 1535/475/3 1442/15/3 1534/476/3
f 1534/476/3 1442/15/3 1533/477/3
f 1533/477/3 1442/15/3 1465/462/3
f 1533/477/3 1465/462/3 1532/478/3
f 1532/478/3 1465/462/3 1466/479/3
f 1466/479/3 1467/463/3 1506/480/3
f 1506/480/3 1467/463/3 1505/464/3
f 1531/481/3 1532/478/3 1466/479/3
f 1504/482/3 1505/464/3 1486/465/3
f 1466/479/3 1506/480/3 1507/483/3
f 1530/484/3 1531/481/3 1466/479/3
f 1503/485/3 1504/482/3 1486/465/3
f 1466/479/3 1507/483/3 1508/486/3
f 1529/487/3 1530/484/3 1466/479/3
f 1502/488/3 1503/485/3 1486/465/3
f 1466/479/3 1508/486/3 1509/489/3
f 1528/490/3 1529/487/3 1466/479/3
f 1528/490/3 1466/479/3 1509/489/3
f 1501/491/3 1502/488/3 1486/465/3
f 1528/490/3 1509/489/3 1510/492/3
f 1501/491/3 1486/465/3 1487/493/3
f 1527/494/3 1528/490/3 1510/492/3
f 1527/494/3 1510/492/3 1511/495/3
f 1500/496/3 1501/491/3 1487/493/3
f 1527/494/3 1511/495/3 1512/497/3
f 1526/498/3 1527/494/3 1512/497/3
f 1499/499/3 1500/496/3 1487/493/3
f 1526/498/3 1512/497/3 1513/500/3
f 1525/501/3 1526/498/3 1513/500/3
f 1498/502/3 1499/499/3 1487/493/3
f 1525/501/3 1513/500/3 1514/503/3
f 1498/502/3 1487/493/3 1488/504/3
f 1524/505/3 1525/501/3 1514/503/3
f 1524/505/3 1514/503/3 1515/506/3
f 1497/507/3 1498/502/3 1488/504/3
f 1524/505/3 1515/506/3 1516/508/3
f 1523/509/3 1524/505/3 1516/508/3
f 1496/510/3 1497/507/3 1488/504/3
f 1523/509/3 1516/508/3 1517/511/3
f 1496/510/3 1488/504/3 1489/512/3
f 1522/513/3 1523/509/3 1517/511/3
f 1546/438/3 1544/466/3 1545/514/3
f 1522/513/3 1517/511/3 1518/515/3
f 1495/35/3 1496/510/3 1489/512/3
f 1521/516/3 1522/513/3 1518/515/3
f 1494/517/3 1495/35/3 1489/512/3
f 1494/517/3 1489/512/3 1490/518/3
f 1520/519/3 1521/516/3 1518/515/3
f 1493/520/3 1494/517/3 1490/518/3
f 1493/520/3 1490/518/3 1491/521/3
f 1519/522/3 1520/519/3 1518/515/3
f 1492/523/3 1493/520/3 1491/521/3
f 1646/56/3 1647/58/3 1648/57/3
f 1645/59/3 1646/56/3 1648/57/3
f 1645/59/3 1648/57/3 1649/60/3
f 1644/61/3 1645/59/3 1649/60/3
f 1643/62/3 1644/61/3 1649/60/3
f 1643/62/3 1649/60/3 1650/63/3
f 1642/64/3 1643/62/3 1650/63/3
f 1642/64/3 1650/63/3 1651/65/3
f 1641/66/3 1642/64/3 1651/65/3
f 1640/67/3 1641/66/3 1651/65/3
f 1640/67/3 1651/65/3 1652/68/3
f 1639/69/3 1640/67/3 1652/68/3
f 1639/69/3 1652/68/3 1653/70/3
f 1638/71/3 1639/69/3 1653/70/3
f 1637/72/3 1638/71/3 1653/70/3
f 1637/72/3 1653/70/3 1654/73/3
f 1636/74/3 1637/72/3 1654/73/3
f 1636/74/3 1654/73/3 1655/75/3
f 1635/76/3 1636/74/3 1655/75/3
f 1634/77/3 1635/76/3 1633/78/3
f 1633/78/3 1635/76/3 1632/79/3
f 1632/79/3 1635/76/3 1631/80/3
f 1631/80/3 1635/76/3 1630/81/3
f 1630/81/3 1635/76/3 1629/82/3
f 1629/82/3 1635/76/3 1628/83/3
f 1628/83/3 1635/76/3 1627/84/3
f 1627/84/3 1635/76/3 1626/85/3
f 1626/85/3 1635/76/3 1625/86/3
f 1625/86/3 1635/76/3 1624/87/3
f 1624/87/3 1635/76/3 1655/75/3
f 1624/87/3 1655/75/3 1623/88/3
f 1623/88/3 1655/75/3 1622/89/3
f 1622/89/3 1655/75/3 1656/90/3
f 1622/89/3 1656/90/3 1621/91/3
f 1621/91/3 1656/90/3 1657/92/3
f 1620/93/3 1621/91/3 1657/92/3
f 1619/94/3 1620/93/3 1657/92/3
f 1618/95/3 1619/94/3 1657/92/3
f 1617/96/3 1618/95/3 1657/92/3
f 1616/97/3 1617/96/3 1657/92/3
f 1616/97/3 1657/92/3 1658/98/3
f 1615/99/3 1616/97/3 1658/98/3
f 1614/100/3 1615/99/3 1658/98/3
f 1613/101/3 1614/100/3 1658/98/3
f 1613/101/3 1658/98/3 1659/102/3
f 1612/103/3 1613/101/3 1659/102/3
f 1611/104/3 1612/103/3 1659/102/3
f 1611/104/3 1659/102/3 1660/105/3
f 1610/106/3 1611/104/3 1660/105/3
f 1609/107/3 1610/106/3 1660/105/3
f 1608/108/3 1609/107/3 1722/13/3
f 1722/13/3 1609/107/3 1660/105/3
f 1607/109/3 1608/108/3 1722/13/3
f 1606/110/3 1607/109/3 1722/13/3
f 1605/111/3 1606/110/3 1722/13/3
f 1604/112/3 1605/111/3 1722/13/3
f 1604/112/3 1722/13/3 1686/113/3
f 1721/114/3 1722/13/3 1660/105/3
f 1604/112/3 1686/113/3 1687/115/3
f 1603/116/3 1604/112/3 1687/115/3
f 1603/116/3 1687/115/3 1688/117/3
f 1602/118/3 1603/116/3 1688/117/3
f 1602/118/3 1688/117/3 1689/119/3
f 1601/120/3 1602/118/3 1689/119/3
f 1601/120/3 1689/119/3 1690/121/3
f 1601/120/3 1690/121/3 1691/122/3
f 1600/123/3 1601/120/3 1691/122/3
f 1600/123/3 1691/122/3 1692/124/3
f 1599/125/3 1600/123/3 1692/124/3
f 1599/125/3 1692/124/3 1693/126/3
f 1599/125/3 1693/126/3 1694/127/3
f 1598/128/3 1599/125/3 1694/127/3
f 1598/128/3 1694/127/3 1695/129/3
f 1598/128/3 1695/129/3 1696/130/3
f 1597/131/3 1598/128/3 1696/130/3
f 1597/131/3 1696/130/3 1697/132/3
f 1596/133/3 1597/131/3 1697/132/3
f 1596/133/3 1697/132/3 1698/134/3
f 1596/133/3 1698/134/3 1699/135/3
f 1595/136/3 1596/133/3 1699/135/3
f 1595/136/3 1699/135/3 1700/137/3
f 1595/136/3 1700/137/3 1701/138/3
f 1720/139/3 1721/114/3 1660/105/3
f 1594/140/3 1595/136/3 1701/138/3
f 1719/141/3 1720/139/3 1660/105/3
f 1594/140/3 1701/138/3 1702/142/3
f 1718/143/3 1719/141/3 1660/105/3
f 1683/144/3 1684/146/3 1685/145/3
f 1718/143/3 1660/105/3 1661/147/3
f 1594/140/3 1702/142/3 1703/148/3
f 1682/149/3 1683/144/3 1685/145/3
f 1717/150/3 1718/143/3 1661/147/3
f 1717/150/3 1661/147/3 1662/151/3
f 1681/152/3 1682/149/3 1685/145/3
f 1593/153/3 1594/140/3 1703/148/3
f 1593/153/3 1703/148/3 1704/154/3
f 1717/150/3 1662/151/3 1663/155/3
f 1716/156/3 1717/150/3 1663/155/3
f 1680/157/3 1681/152/3 1685/145/3
f 1716/156/3 1663/155/3 1664/158/3
f 1715/159/3 1716/156/3 1664/158/3
f 1679/160/3 1680/157/3 1685/145/3
f 1593/153/3 1704/154/3 1705/161/3
f 1715/159/3 1664/158/3 1665/162/3
f 1678/163/3 1679/160/3 1685/145/3
f 1714/164/3 1715/159/3 1665/162/3
f 1714/164/3 1665/162/3 1666/165/3
f 1677/166/3 1678/163/3 1685/145/3
f 1593/153/3 1705/161/3 1706/167/3
f 1714/164/3 1666/165/3 1667/168/3
f 1713/169/3 1714/164/3 1667/168/3
f 1676/170/3 1677/166/3 1685/145/3
f 1713/169/3 1667/168/3 1668/171/3
f 1592/172/3 1593/153/3 1706/167/3
f 1675/173/3 1676/170/3 1685/145/3
f 1592/172/3 1706/167/3 1707/174/3
f 1712/175/3 1713/169/3 1668/171/3
f 1712/175/3 1668/171/3 1669/176/3
f 1674/177/3 1675/173/3 1685/145/3
f 1712/175/3 1669/176/3 1670/178/3
f 1673/179/3 1674/177/3 1685/145/3
f 1711/180/3 1712/175/3 1670/178/3
f 1711/180/3 1670/178/3 1671/181/3
f 1672/182/3 1673/179/3 1685/145/3
f 1711/180/3 1671/181/3 1672/182/3
f 1592/172/3 1707/174/3 1708/183/3
f 1711/180/3 1672/182/3 1685/145/3
f 1710/184/3 1711/180/3 1685/145/3
f 1592/172/3 1708/183/3 1709/185/3
f 1709/185/3 1710/184/3 1685/145/3
f 1592/172/3 1709/185/3 1572/186/3
f 1572/186/3 1709/185/3 1685/145/3
f 1591/187/3 1592/172/3 1572/186/3
f 1591/187/3 1572/186/3 1573/188/3
f 1571/189/3 1572/186/3 1685/145/3
f 1590/190/3 1591/187/3 1573/188/3
f 1590/190/3 1573/188/3 1574/191/3
f 1570/192/3 1571/189/3 1685/145/3
f 1570/192/3 1685/145/3 1549/15/3
f 1589/193/3 1590/190/3 1574/191/3
f 1589/193/3 1574/191/3 1575/194/3
f 1569/195/3 1570/192/3 1549/15/3
f 1569/195/3 1549/15/3 1550/196/3
f 1589/193/3 1575/194/3 1576/197/3
f 1568/198/3 1569/195/3 1550/196/3
f 1588/199/3 1589/193/3 1576/197/3
f 1568/198/3 1550/196/3 1551/200/3
f 1588/199/3 1576/197/3 1577/201/3
f 1567/202/3 1568/198/3 1551/200/3
f 1567/202/3 1551/200/3 1552/203/3
f 1587/204/3 1588/199/3 1577/201/3
f 1587/204/3 1577/201/3 1578/205/3
f 1566/206/3 1567/202/3 1552/203/3
f 1566/206/3 1552/203/3 1553/207/3
f 1587/204/3 1578/205/3 1579/208/3
f 1565/209/3 1566/206/3 1553/207/3
f 1565/209/3 1553/207/3 1554/210/3
f 1586/211/3 1587/204/3 1579/208/3
f 1586/211/3 1579/208/3 1580/212/3
f 1564/213/3 1565/209/3 1554/210/3
f 1564/213/3 1554/210/3 1555/214/3
f 1586/211/3 1580/212/3 1581/215/3
f 1564/213/3 1555/214/3 1556/216/3
f 1563/217/3 1564/213/3 1556/216/3
f 1585/218/3 1586/211/3 1581/215/3
f 1563/217/3 1556/216/3 1557/219/3
f 1585/218/3 1581/215/3 1582/220/3
f 1562/221/3 1563/217/3 1557/219/3
f 1562/221/3 1557/219/3 1558/222/3
f 1585/218/3 1582/220/3 1583/223/3
f 1561/224/3 1562/221/3 1558/222/3
f 1584/225/3 1585/218/3 1583/223/3
f 1561/224/3 1558/222/3 1559/226/3
f 1560/227/3 1561/224/3 1559/226/3
f 1757/524/3 1758/526/3 1759/525/3
f 1757/524/3 1759/525/3 1760/527/3
f 1757/524/3 1760/527/3 1761/528/3
f 1757/524/3 1761/528/3 1762/529/3
f 1756/530/3 1757/524/3 1762/529/3
f 1756/530/3 1762/529/3 1763/531/3
f 1756/530/3 1763/531/3 1764/532/3
f 1756/530/3 1764/532/3 1765/533/3
f 1755/534/3 1756/530/3 1765/533/3
f 1755/534/3 1765/533/3 1766/535/3
f 1755/534/3 1766/535/3 1767/536/3
f 1754/537/3 1755/534/3 1767/536/3
f 1754/537/3 1767/536/3 1768/538/3
f 1754/537/3 1768/538/3 1769/539/3
f 1753/540/3 1754/537/3 1769/539/3
f 1753/540/3 1769/539/3 1770/541/3
f 1753/540/3 1770/541/3 1781/542/3
f 1781/542/3 1770/541/3 1780/543/3
f 1780/543/3 1770/541/3 1779/544/3
f 1779/544/3 1770/541/3 1778/545/3
f 1778/545/3 1770/541/3 1777/546/3
f 1777/546/3 1770/541/3 1776/547/3
f 1776/547/3 1770/541/3 1775/548/3
f 1775/548/3 1770/541/3 1774/549/3
f 1774/549/3 1770/541/3 1773/550/3
f 1773/550/3 1770/541/3 1772/551/3
f 1772/551/3 1770/541/3 1771/552/3
f 1752/553/3 1753/540/3 1783/554/3
f 1783/554/3 1753/540/3 1782/555/3
f 1782/555/3 1753/540/3 1781/542/3
f 1752/553/3 1783/554/3 1784/556/3
f 1752/553/3 1784/556/3 1785/557/3
f 1752/553/3 1785/557/3 1786/558/3
f 1751/559/3 1752/553/3 1786/558/3
f 1751/559/3 1786/558/3 1787/560/3
f 1751/559/3 1787/560/3 1788/561/3
f 1750/562/3 1751/559/3 1788/561/3
f 1750/562/3 1788/561/3 1789/563/3
f 1750/562/3 1789/563/3 1790/564/3
f 1749/565/3 1750/562/3 1790/564/3
f 1749/565/3 1790/564/3 1791/566/3
f 1748/567/3 1749/565/3 1791/566/3
f 1748/567/3 1791/566/3 1792/568/3
f 1748/567/3 1792/568/3 1793/569/3
f 1747/570/3 1748/567/3 1793/569/3
f 1747/570/3 1793/569/3 1794/571/3
f 1746/572/3 1747/570/3 1794/571/3
f 1746/572/3 1794/571/3 1795/573/3
f 1746/572/3 1795/573/3 1796/574/3
f 1745/575/3 1746/572/3 1796/574/3
f 1821/576/3 1822/578/3 1823/577/3
f 1821/576/3 1823/577/3 1820/579/3
f 1820/579/3 1823/577/3 1824/13/3
f 1745/575/3 1796/574/3 1797/580/3
f 1744/581/3 1745/575/3 1797/580/3
f 1744/581/3 1797/580/3 1798/582/3
f 1819/583/3 1820/579/3 1824/13/3
f 1743/584/3 1744/581/3 1798/582/3
f 1743/584/3 1798/582/3 1799/585/3
f 1743/584/3 1799/585/3 1800/586/3
f 1742/587/3 1743/584/3 1800/586/3
f 1742/587/3 1800/586/3 1801/588/3
f 1741/589/3 1742/587/3 1801/588/3
f 1741/589/3 1801/588/3 1802/590/3
f 1741/589/3 1802/590/3 1803/591/3
f 1740/592/3 1741/589/3 1803/591/3
f 1740/592/3 1803/591/3 1804/593/3
f 1818/594/3 1819/583/3 1824/13/3
f 1817/595/3 1818/594/3 1824/13/3
f 1816/596/3 1817/595/3 1824/13/3
f 1740/592/3 1804/593/3 1805/597/3
f 1815/598/3 1816/596/3 1824/13/3
f 1814/599/3 1815/598/3 1824/13/3
f 1813/600/3 1814/599/3 1824/13/3
f 1740/592/3 1805/597/3 1806/601/3
f 1739/602/3 1740/592/3 1806/601/3
f 1812/603/3 1813/600/3 1824/13/3
f 1811/604/3 1812/603/3 1824/13/3
f 1810/605/3 1811/604/3 1824/13/3
f 1739/602/3 1806/601/3 1807/606/3
f 1809/607/3 1810/605/3 1824/13/3
f 1808/608/3 1809/607/3 1824/13/3
f 1807/606/3 1808/608/3 1824/13/3
f 1739/602/3 1807/606/3 1824/13/3
f 1738/609/3 1739/602/3 1824/13/3
f 1738/609/3 1824/13/3 1723/15/3
f 1738/609/3 1723/15/3 1724/610/3
f 1737/611/3 1738/609/3 1724/610/3
f 1737/611/3 1724/610/3 1725/612/3
f 1737/611/3 1725/612/3 1726/613/3
f 1736/614/3 1737/611/3 1726/613/3
f 1736/614/3 1726/613/3 1727/615/3
f 1736/614/3 1727/615/3 1728/616/3
f 1736/614/3 1728/616/3 1729/617/3
f 1735/618/3 1736/614/3 1729/617/3
f 1735/618/3 1729/617/3 1730/619/3
f 1735/618/3 1730/619/3 1731/620/3
f 1735/618/3 1731/620/3 1732/621/3
f 1734/622/3 1735/618/3 1732/621/3
f 1734/622/3 1732/621/3 1733/623/3
s 1
f 1828/624/5 1825/15/6 1826/625/6
f 1830/626/7 1827/627/5 1828/624/5
f 1832/628/8 1829/629/7 1830/626/7
f 1834/630/9 1831/631/8 1832/628/8
f 1836/632/10 1833/633/9 1834/630/9
f 1838/634/11 1835/635/10 1836/632/10
f 1840/636/12 1837/637/11 1838/634/11
f 1842/638/13 1839/639/12 1840/636/12
f 1844/640/14 1841/641/13 1842/638/13
f 1846/642/15 1843/643/14 1844/640/14
f 1848/644/16 1845/645/15 1846/642/15
f 1850/646/17 1847/647/16 1848/644/16
f 1852/648/18 1849/649/17 1850/646/17
f 1854/650/19 1851/651/18 1852/648/18
f 1856/652/20 1853/653/19 1854/650/19
f 1858/654/21 1855/655/20 1856/652/20
f 1860/656/22 1857/657/21 1858/654/21
f 1862/658/23 1859/10/22 1860/656/22
f 1864/659/24 1861/660/23 1862/658/23
f 1866/661/25 1863/662/24 1864/659/24
f 1868/663/26 1865/664/25 1866/661/25
f 1870/665/27 1867/666/26 1868/663/26
f 1872/667/28 1869/668/27 1870/665/27
f 1874/669/29 1871/670/28 1872/667/28
f 1876/671/30 1873/672/29 1874/669/29
f 1878/673/31 1875/674/30 1876/671/30
f 1880/675/32 1877/676/31 1878/673/31
f 1882/677/33 1879/678/32 1880/675/32
f 1884/679/34 1881/680/33 1882/677/33
f 1886/681/35 1883/682/34 1884/679/34
f 1888/683/36 1885/684/35 1886/681/35
f 1890/685/37 1887/686/36 1888/683/36
f 1892/687/38 1889/688/37 1890/685/37
f 1894/689/39 1891/690/38 1892/687/38
f 1896/691/40 1893/9/39 1894/689/39
f 1898/692/41 1895/693/40 1896/691/40
f 1900/694/42 1897/695/41 1898/692/41
f 1902/696/43 1899/697/42 1900/694/42
f 1904/698/44 1901/699/43 1902/696/43
f 1906/700/45 1903/701/44 1904/698/44
f 1908/702/46 1905/703/45 1906/700/45
f 1910/704/47 1907/705/46 1908/702/46
f 1912/706/48 1909/707/47 1910/704/47
f 1914/708/49 1911/709/48 1912/706/48
f 1916/710/50 1913/711/49 1914/708/49
f 1918/712/51 1915/713/50 1916/710/50
f 1920/714/52 1917/715/51 1918/712/51
f 1922/716/53 1919/717/52 1920/714/52
f 1924/718/54 1921/719/53 1922/716/53
f 1926/720/55 1923/721/54 1924/718/54
f 1928/722/56 1925/723/55 1926/720/55
f 1930/724/57 1927/35/58 1928/722/56
f 1932/725/59 1929/726/57 1930/724/57
f 1934/727/60 1931/728/59 1932/725/59
f 1936/729/61 1933/730/60 1934/727/60
f 1938/731/62 1935/732/61 1936/729/61
f 1940/733/63 1937/734/62 1938/731/62
f 1942/735/64 1939/736/63 1940/733/63
f 1944/737/65 1941/738/64 1942/735/64
f 1946/739/66 1943/740/65 1944/737/65
f 1948/741/67 1945/742/66 1946/739/66
f 1950/743/68 1947/744/67 1948/741/67
f 1952/745/69 1949/746/68 1950/743/68
f 1954/747/70 1951/748/69 1952/745/69
f 1956/749/71 1953/750/72 1954/747/70
f 1958/751/73 1955/752/71 1956/749/71
f 1960/753/74 1957/754/73 1958/751/73
f 1962/755/75 1959/756/74 1960/753/74
f 1964/757/76 1961/39/75 1962/755/75
f 1966/758/77 1963/759/76 1964/757/76
f 1968/760/78 1965/761/79 1966/758/77
f 1970/762/80 1967/763/78 1968/760/78
f 1972/764/81 1969/765/80 1970/762/80
f 1974/766/82 1971/767/81 1972/764/81
f 1976/768/83 1973/769/82 1974/766/82
f 1978/770/84 1975/771/83 1976/768/83
f 1980/772/85 1977/773/84 1978/770/84
f 1982/774/86 1979/775/87 1980/772/85
f 1984/776/88 1981/777/86 1982/774/86
f 1986/778/89 1983/779/88 1984/776/88
f 1988/780/90 1985/781/89 1986/778/89
f 1990/782/91 1987/783/90 1988/780/90
f 1992/784/92 1989/785/91 1990/782/91
f 1994/786/93 1991/787/92 1992/784/92
f 1996/788/94 1993/789/93 1994/786/93
f 1998/790/95 1995/50/94 1996/788/94
f 2000/791/96 1997/792/95 1998/790/95
f 2002/793/97 1999/794/96 2000/791/96
f 2004/795/98 2001/796/97 2002/793/97
f 2006/797/99 2003/798/100 2004/795/98
f 2008/799/101 2005/800/102 2006/797/99
f 2010/801/103 2007/802/101 2008/799/101
f 2012/803/104 2009/804/103 2010/801/103
f 2014/805/105 2011/806/104 2012/803/104
f 2016/807/106 2013/808/105 2014/805/105
f 2018/809/107 2015/810/106 2016/807/106
f 2020/811/108 2017/812/107 2018/809/107
f 2022/813/108 2019/814/108 2020/811/108
f 2024/815/109 2021/816/108 2022/813/108
f 2026/817/110 2023/818/109 2024/815/109
f 2028/819/111 2025/820/110 2026/817/110
f 1826/821/6 2027/822/111 2028/819/111
f 2032/823/112 2029/15/113 2030/625/113
f 2034/824/114 2031/825/112 2032/823/112
f 2036/826/115 2033/827/114 2034/824/114
f 2038/828/116 2035/829/115 2036/826/115
f 2040/830/117 2037/831/116 2038/828/116
f 2042/832/118 2039/833/117 2040/830/117
f 2044/834/119 2041/835/118 2042/832/118
f 2046/836/120 2043/837/119 2044/834/119
f 2048/838/121 2045/839/120 2046/836/120
f 2050/840/122 2047/841/121 2048/838/121
f 2052/842/123 2049/843/122 2050/840/122
f 2054/844/124 2051/845/123 2052/842/123
f 2056/846/125 2053/847/124 2054/844/124
f 2058/848/126 2055/849/125 2056/846/125
f 2060/850/127 2057/851/126 2058/848/126
f 2062/852/128 2059/853/127 2060/850/127
f 2064/854/129 2061/855/130 2062/852/128
f 2066/856/131 2063/857/129 2064/854/129
f 2068/858/132 2065/859/131 2066/856/131
f 2070/860/133 2067/861/132 2068/858/132
f 2072/862/134 2069/863/135 2070/860/133
f 2074/864/136 2071/865/137 2072/862/134
f 2076/866/138 2073/867/139 2074/864/136
f 2078/868/140 2075/869/138 2076/866/138
f 2080/870/141 2077/871/140 2078/868/140
f 2082/872/142 2079/873/141 2080/870/141
f 2084/874/143 2081/875/144 2082/872/142
f 2086/876/145 2083/877/143 2084/874/143
f 2088/878/146 2085/879/145 2086/876/145
f 2090/880/147 2087/881/146 2088/878/146
f 2092/882/148 2089/883/147 2090/880/147
f 2094/884/149 2091/885/148 2092/882/148
f 2096/886/150 2093/887/149 2094/884/149
f 2098/888/151 2095/889/150 2096/886/150
f 2100/890/152 2097/891/151 2098/888/151
f 2102/892/153 2099/893/152 2100/890/152
f 2104/894/154 2101/895/153 2102/892/153
f 2106/896/155 2103/897/154 2104/894/154
f 2108/898/156 2105/899/155 2106/896/155
f 2110/900/157 2107/901/156 2108/898/156
f 2112/902/158 2109/903/157 2110/900/157
f 2114/904/159 2111/905/158 2112/902/158
f 2116/906/160 2113/907/159 2114/904/159
f 2118/908/161 2115/909/160 2116/906/160
f 2120/910/162 2117/911/161 2118/908/161
f 2122/912/163 2119/913/162 2120/910/162
f 2124/914/164 2121/915/163 2122/912/163
f 2126/916/165 2123/917/164 2124/914/164
f 2128/918/166 2125/919/165 2126/916/165
f 2130/920/167 2127/921/166 2128/918/166
f 2132/922/168 2129/923/167 2130/920/167
f 2134/924/169 2131/925/168 2132/922/168
f 2136/926/170 2133/927/169 2134/924/169
f 2138/928/171 2135/929/170 2136/926/170
f 2140/930/172 2137/931/171 2138/928/171
f 2142/932/173 2139/933/172 2140/930/172
f 2144/934/174 2141/935/173 2142/932/173
f 2146/936/175 2143/937/174 2144/934/174
f 2148/938/176 2145/939/175 2146/936/175
f 2150/940/177 2147/941/176 2148/938/176
f 2152/942/178 2149/943/177 2150/940/177
f 2154/944/179 2151/945/178 2152/942/178
f 2156/946/180 2153/947/179 2154/944/179
f 2158/948/181 2155/949/180 2156/946/180
f 2160/950/182 2157/951/181 2158/948/181
f 2162/952/183 2159/953/184 2160/950/182
f 2164/954/185 2161/955/183 2162/952/183
f 2166/956/186 2163/957/185 2164/954/185
f 2168/958/187 2165/959/186 2166/956/186
f 2170/960/188 2167/961/187 2168/958/187
f 2172/962/189 2169/963/188 2170/960/188
f 2174/964/190 2171/965/189 2172/962/189
f 2176/966/191 2173/967/190 2174/964/190
f 2178/968/192 2175/969/191 2176/966/191
f 2180/970/193 2177/971/192 2178/968/192
f 2182/972/194 2179/973/193 2180/970/193
f 2184/974/195 2181/975/196 2182/972/194
f 2186/976/197 2183/977/195 2184/974/195
f 2188/978/198 2185/979/197 2186/976/197
f 2190/980/199 2187/981/198 2188/978/198
f 2192/982/200 2189/983/199 2190/980/199
f 2194/984/201 2191/985/200 2192/982/200
f 2196/986/202 2193/987/203 2194/984/201
f 2198/988/204 2195/989/202 2196/986/202
f 2200/990/205 2197/991/204 2198/988/204
f 2202/992/206 2199/993/205 2200/990/205
f 2204/994/207 2201/995/208 2202/992/206
f 2206/996/209 2203/997/207 2204/994/207
f 2208/998/210 2205/999/209 2206/996/209
f 2210/1000/211 2207/1001/210 2208/998/210
f 2212/1002/212 2209/1003/211 2210/1000/211
f 2214/1004/213 2211/1005/212 2212/1002/212
f 2216/1006/214 2213/1007/213 2214/1004/213
f 2218/1008/215 2215/1009/214 2216/1006/214
f 2220/1010/216 2217/1011/215 2218/1008/215
f 2222/1012/217 2219/1013/216 2220/1010/216
f 2224/1014/218 2221/1015/217 2222/1012/217
f 2226/1016/219 2223/1017/218 2224/1014/218
f 2228/1018/220 2225/1019/219 2226/1016/219
f 2230/1020/221 2227/1021/220 2228/1018/220
f 2232/1022/222 2229/1023/221 2230/1020/221
f 2234/1024/223 2231/1025/222 2232/1022/222
f 2236/1026/224 2233/1027/223 2234/1024/223
f 2238/1028/225 2235/1029/224 2236/1026/224
f 2240/1030/226 2237/1031/225 2238/1028/225
f 2242/1032/227 2239/1033/226 2240/1030/226
f 2244/1034/228 2241/1035/227 2242/1032/227
f 2246/1036/229 2243/1037/228 2244/1034/228
f 2248/1038/230 2245/1039/229 2246/1036/229
f 2250/1040/231 2247/1041/230 2248/1038/230
f 2252/1042/232 2249/1043/231 2250/1040/231
f 2254/1044/233 2251/1045/234 2252/1042/232
f 2256/1046/235 2253/1047/233 2254/1044/233
f 2258/1048/236 2255/1049/235 2256/1046/235
f 2260/1050/237 2257/1051/236 2258/1048/236
f 2262/1052/238 2259/1053/239 2260/1050/237
f 2264/1054/240 2261/1055/241 2262/1052/238
f 2266/1056/242 2263/1057/240 2264/1054/240
f 2268/1058/243 2265/1059/244 2266/1056/242
f 2270/1060/245 2267/1061/246 2268/1058/243
f 2272/1062/247 2269/1063/248 2270/1060/245
f 2274/1064/249 2271/1065/247 2272/1062/247
f 2276/1066/250 2273/1067/249 2274/1064/249
f 2278/1068/251 2275/1069/250 2276/1066/250
f 2280/1070/252 2277/1071/251 2278/1068/251
f 2282/1072/253 2279/1073/252 2280/1070/252
f 2284/1074/254 2281/1075/255 2282/1072/253
f 2286/1076/256 2283/1077/254 2284/1074/254
f 2288/1078/257 2285/1079/256 2286/1076/256
f 2290/1080/258 2287/1081/257 2288/1078/257
f 2292/1082/259 2289/1083/258 2290/1080/258
f 2294/1084/260 2291/1085/261 2292/1082/259
f 2296/1086/262 2293/1087/260 2294/1084/260
f 2298/1088/263 2295/1089/262 2296/1086/262
f 2300/1090/264 2297/1091/263 2298/1088/263
f 2302/1092/265 2299/1093/264 2300/1090/264
f 2030/821/113 2301/1094/265 2302/1092/265
f 2306/1095/266 2303/15/267 2304/625/267
f 2308/1096/268 2305/1097/266 2306/1095/266
f 2310/1098/269 2307/1099/268 2308/1096/268
f 2312/1100/270 2309/1101/269 2310/1098/269
f 2314/1102/271 2311/1103/270 2312/1100/270
f 2316/1104/272 2313/1105/271 2314/1102/271
f 2318/1106/273 2315/1107/272 2316/1104/272
f 2320/1108/274 2317/1109/273 2318/1106/273
f 2322/1110/275 2319/1111/274 2320/1108/274
f 2324/1112/276 2321/1113/275 2322/1110/275
f 2326/1114/277 2323/1115/276 2324/1112/276
f 2328/1116/278 2325/1117/277 2326/1114/277
f 2330/1118/279 2327/1119/278 2328/1116/278
f 2332/1120/280 2329/1121/281 2330/1118/279
f 2334/1122/282 2331/1123/280 2332/1120/280
f 2336/1124/283 2333/1125/282 2334/1122/282
f 2338/1126/284 2335/1127/283 2336/1124/283
f 2340/1128/285 2337/1129/284 2338/1126/284
f 2342/1130/286 2339/1131/285 2340/1128/285
f 2344/1132/287 2341/1133/286 2342/1130/286
f 2346/1134/288 2343/1135/289 2344/1132/287
f 2348/1136/290 2345/1137/288 2346/1134/288
f 2350/1138/291 2347/1139/290 2348/1136/290
f 2352/1140/292 2349/1141/291 2350/1138/291
f 2354/1142/293 2351/1143/292 2352/1140/292
f 2356/1144/294 2353/1145/293 2354/1142/293
f 2358/1146/295 2355/1147/294 2356/1144/294
f 2360/1148/296 2357/1149/295 2358/1146/295
f 2362/1150/297 2359/1151/296 2360/1148/296
f 2364/1152/298 2361/1153/297 2362/1150/297
f 2366/1154/299 2363/1155/298 2364/1152/298
f 2368/1156/300 2365/1157/299 2366/1154/299
f 2370/1158/301 2367/1159/300 2368/1156/300
f 2372/1160/302 2369/1161/303 2370/1158/301
f 2374/1162/304 2371/1163/302 2372/1160/302
f 2376/1164/305 2373/1165/304 2374/1162/304
f 2304/821/267 2375/1166/305 2376/1164/305
f 2380/1167/306 2377/15/307 2378/625/308
f 2382/1168/309 2379/1169/306 2380/1167/306
f 2384/1170/310 2381/1171/309 2382/1168/309
f 2386/1172/311 2383/1173/310 2384/1170/310
f 2388/1174/312 2385/1175/311 2386/1172/311
f 2390/1176/313 2387/1177/312 2388/1174/312
f 2392/1178/314 2389/1179/313 2390/1176/313
f 2394/1180/315 2391/1181/314 2392/1178/314
f 2396/1182/316 2393/1183/315 2394/1180/315
f 2398/1184/317 2395/1185/316 2396/1182/316
f 2400/1186/318 2397/1187/317 2398/1184/317
f 2402/1188/319 2399/1189/318 2400/1186/318
f 2404/1190/320 2401/1191/319 2402/1188/319
f 2406/1192/321 2403/1193/320 2404/1190/320
f 2408/1194/322 2405/1195/321 2406/1192/321
f 2410/1196/323 2407/1197/322 2408/1194/322
f 2412/1198/324 2409/1199/323 2410/1196/323
f 2414/1200/325 2411/1201/324 2412/1198/324
f 2416/1202/326 2413/1203/325 2414/1200/325
f 2418/1204/327 2415/1205/326 2416/1202/326
f 2420/1206/328 2417/1207/327 2418/1204/327
f 2422/1208/329 2419/1209/328 2420/1206/328
f 2424/1210/330 2421/1211/329 2422/1208/329
f 2426/1212/331 2423/1213/330 2424/1210/330
f 2428/1214/332 2425/1215/331 2426/1212/331
f 2430/1216/333 2427/1217/332 2428/1214/332
f 2432/1218/334 2429/1219/333 2430/1216/333
f 2434/1220/335 2431/1221/334 2432/1218/334
f 2436/1222/336 2433/1223/335 2434/1220/335
f 2438/1224/337 2435/1225/336 2436/1222/336
f 2440/1226/338 2437/1227/337 2438/1224/337
f 2442/1228/339 2439/1229/338 2440/1226/338
f 2444/1230/340 2441/1231/339 2442/1228/339
f 2446/1232/341 2443/1233/340 2444/1230/340
f 2448/1234/342 2445/1235/341 2446/1232/341
f 2450/1236/219 2447/1237/342 2448/1234/342
f 2452/1238/343 2449/1239/219 2450/1236/219
f 2454/1240/344 2451/1241/343 2452/1238/343
f 2456/1242/345 2453/1243/344 2454/1240/344
f 2458/1244/346 2455/1245/345 2456/1242/345
f 2460/1246/347 2457/1247/346 2458/1244/346
f 2462/1248/348 2459/1249/347 2460/1246/347
f 2464/1250/349 2461/1251/348 2462/1248/348
f 2466/1252/350 2463/1253/349 2464/1250/349
f 2468/1254/351 2465/1255/350 2466/1252/350
f 2470/1256/352 2467/1257/351 2468/1254/351
f 2472/1258/353 2469/1259/352 2470/1256/352
f 2474/1260/354 2471/1261/353 2472/1258/353
f 2476/1262/355 2473/1263/354 2474/1260/354
f 2478/1264/108 2475/1265/355 2476/1262/355
f 2480/1266/356 2477/1267/108 2478/1264/108
f 2482/1268/357 2479/1269/356 2480/1266/356
f 2484/1270/358 2481/1271/357 2482/1268/357
f 2486/1272/359 2483/1273/358 2484/1270/358
f 2488/1274/360 2485/1275/359 2486/1272/359
f 2490/1276/361 2487/1277/360 2488/1274/360
f 2492/1278/362 2489/1279/361 2490/1276/361
f 2494/1280/363 2491/1281/362 2492/1278/362
f 2496/1282/364 2493/1283/363 2494/1280/363
f 2498/1284/365 2495/1285/364 2496/1282/364
f 2500/1286/366 2497/1287/365 2498/1284/365
f 2502/1288/367 2499/1289/366 2500/1286/366
f 2504/1290/368 2501/1291/367 2502/1288/367
f 2506/1292/369 2503/1293/368 2504/1290/368
f 2508/1294/370 2505/1295/369 2506/1292/369
f 2510/1296/371 2507/1297/370 2508/1294/370
f 2512/1298/372 2509/1299/371 2510/1296/371
f 2514/1300/373 2511/1301/372 2512/1298/372
f 2516/1302/374 2513/1303/373 2514/1300/373
f 2518/1304/375 2515/1305/374 2516/1302/374
f 2520/1306/376 2517/1307/375 2518/1304/375
f 2522/1308/377 2519/1309/376 2520/1306/376
f 2524/1310/378 2521/1311/377 2522/1308/377
f 2526/1312/379 2523/1313/378 2524/1310/378
f 2528/1314/380 2525/1315/379 2526/1312/379
f 2530/1316/355 2527/1317/380 2528/1314/380
f 2532/1318/108 2529/1319/355 2530/1316/355
f 2534/1320/381 2531/1321/108 2532/1318/108
f 2536/1322/179 2533/1323/381 2534/1320/381
f 2538/1324/382 2535/1325/179 2536/1322/179
f 2540/1326/383 2537/1327/382 2538/1324/382
f 2542/1328/384 2539/1329/383 2540/1326/383
f 2544/1330/385 2541/1331/384 2542/1328/384
f 2546/1332/386 2543/1333/385 2544/1330/385
f 2548/1334/387 2545/1335/386 2546/1332/386
f 2550/1336/388 2547/1337/387 2548/1334/387
f 2552/1338/389 2549/1339/390 2550/1336/388
f 2554/1340/391 2551/1341/389 2552/1338/389
f 2556/1342/392 2553/1343/391 2554/1340/391
f 2558/1344/393 2555/1345/392 2556/1342/392
f 2560/1346/394 2557/1347/393 2558/1344/393
f 2562/1348/395 2559/1349/394 2560/1346/394
f 2564/1350/396 2561/1351/395 2562/1348/395
f 2566/1352/397 2563/1353/396 2564/1350/396
f 2568/1354/398 2565/1355/397 2566/1352/397
f 2570/1356/399 2567/1357/398 2568/1354/398
f 2572/1358/400 2569/1359/399 2570/1356/399
f 2574/1360/401 2571/1361/400 2572/1358/400
f 2576/1362/402 2573/1363/401 2574/1360/401
f 2578/1364/403 2575/1365/402 2576/1362/402
f 2580/1366/404 2577/1367/403 2578/1364/403
f 2582/1368/405 2579/1369/404 2580/1366/404
f 2584/1370/355 2581/1371/405 2582/1368/405
f 2586/1372/108 2583/1373/355 2584/1370/355
f 2588/1374/109 2585/1375/108 2586/1372/108
f 2590/1376/110 2587/1377/109 2588/1374/109
f 2378/821/308 2589/1378/110 2590/1376/110
f 2594/1379/406 2591/15/407 2592/625/407
f 2596/1095/408 2593/1380/406 2594/1379/406
f 2598/1381/409 2595/1097/408 2596/1095/408
f 2600/1096/410 2597/1382/409 2598/1381/409
f 2602/1383/411 2599/1099/410 2600/1096/410
f 2604/1098/412 2601/1384/411 2602/1383/411
f 2606/1385/413 2603/1101/412 2604/1098/412
f 2608/1100/414 2605/1386/413 2606/1385/413
f 2610/1387/415 2607/1103/414 2608/1100/414
f 2612/1102/416 2609/1388/415 2610/1387/415
f 2614/1389/417 2611/1105/416 2612/1102/416
f 2616/1104/418 2613/1390/417 2614/1389/417
f 2618/1391/419 2615/1107/418 2616/1104/418
f 2620/1106/420 2617/1392/419 2618/1391/419
f 2622/1393/421 2619/1109/420 2620/1106/420
f 2624/1108/422 2621/1394/421 2622/1393/421
f 2626/1395/423 2623/1111/422 2624/1108/422
f 2628/1110/424 2625/1396/423 2626/1395/423
f 2630/1397/425 2627/1113/424 2628/1110/424
f 2632/1112/426 2629/1398/425 2630/1397/425
f 2634/1399/427 2631/1115/426 2632/1112/426
f 2636/1114/428 2633/1400/427 2634/1399/427
f 2638/1401/429 2635/1117/428 2636/1114/428
f 2640/1116/430 2637/1402/429 2638/1401/429
f 2642/1403/431 2639/1119/430 2640/1116/430
f 2644/1118/432 2641/1404/431 2642/1403/431
f 2646/1405/433 2643/1121/432 2644/1118/432
f 2648/1120/434 2645/1406/433 2646/1405/433
f 2650/1407/435 2647/1123/434 2648/1120/434
f 2652/1122/436 2649/1408/435 2650/1407/435
f 2654/1409/312 2651/1125/436 2652/1122/436
f 2656/1124/437 2653/1410/312 2654/1409/312
f 2658/1411/438 2655/1127/437 2656/1124/437
f 2660/1126/439 2657/1412/438 2658/1411/438
f 2662/1413/440 2659/1129/439 2660/1126/439
f 2664/1128/441 2661/1414/440 2662/1413/440
f 2666/722/442 2663/1131/441 2664/1128/441
f 2668/1130/443 2665/35/442 2666/722/442
f 2670/1415/444 2667/1133/443 2668/1130/443
f 2672/1132/445 2669/1416/444 2670/1415/444
f 2674/1417/446 2671/1135/445 2672/1132/445
f 2676/1134/447 2673/1418/446 2674/1417/446
f 2678/1419/448 2675/1137/447 2676/1134/447
f 2680/1136/449 2677/1420/448 2678/1419/448
f 2682/1421/450 2679/1139/449 2680/1136/449
f 2684/1138/451 2681/1422/450 2682/1421/450
f 2686/1423/452 2683/1141/451 2684/1138/451
f 2688/1140/453 2685/1424/452 2686/1423/452
f 2690/1425/454 2687/1143/453 2688/1140/453
f 2692/1142/455 2689/1426/454 2690/1425/454
f 2694/1427/456 2691/1145/455 2692/1142/455
f 2696/1144/457 2693/1428/456 2694/1427/456
f 2698/1429/458 2695/1147/457 2696/1144/457
f 2700/1146/459 2697/1430/458 2698/1429/458
f 2702/1431/460 2699/1149/459 2700/1146/459
f 2704/1148/461 2701/1432/460 2702/1431/460
f 2706/1433/462 2703/1151/461 2704/1148/461
f 2708/1150/463 2705/1434/462 2706/1433/462
f 2710/1435/464 2707/1153/463 2708/1150/463
f 2712/1152/465 2709/1436/464 2710/1435/464
f 2714/1437/466 2711/1155/465 2712/1152/465
f 2716/1154/467 2713/1438/466 2714/1437/466
f 2718/1439/468 2715/1157/467 2716/1154/467
f 2720/1156/469 2717/1440/468 2718/1439/468
f 2722/1441/470 2719/1159/469 2720/1156/469
f 2724/1158/471 2721/1442/470 2722/1441/470
f 2726/1443/472 2723/1161/471 2724/1158/471
f 2728/1160/473 2725/1444/472 2726/1443/472
f 2730/1445/474 2727/1163/473 2728/1160/473
f 2732/1162/475 2729/1446/474 2730/1445/474
f 2734/1447/476 2731/1165/475 2732/1162/475
f 2736/1164/477 2733/1448/476 2734/1447/476
f 2738/1449/478 2735/1166/477 2736/1164/477
f 2592/821/407 2737/1450/478 2738/1449/478
f 2742/1451/479 2739/15/480 2740/625/480
f 2744/1452/481 2741/1453/482 2742/1451/479
f 2746/1454/483 2743/1455/481 2744/1452/481
f 2748/1456/484 2745/1457/483 2746/1454/483
f 2750/1458/485 2747/1459/484 2748/1456/484
f 2752/1460/486 2749/1461/485 2750/1458/485
f 2754/1462/487 2751/1463/486 2752/1460/486
f 2756/1464/488 2753/1465/489 2754/1462/487
f 2758/1466/490 2755/1467/488 2756/1464/488
f 2760/1468/491 2757/1469/490 2758/1466/490
f 2762/1470/492 2759/1471/491 2760/1468/491
f 2764/1472/493 2761/1473/492 2762/1470/492
f 2766/1474/494 2763/1475/493 2764/1472/493
f 2768/1476/495 2765/1477/494 2766/1474/494
f 2770/1478/496 2767/1479/495 2768/1476/495
f 2772/1480/497 2769/1481/496 2770/1478/496
f 2774/1482/498 2771/1483/497 2772/1480/497
f 2776/1484/499 2773/1485/498 2774/1482/498
f 2778/1486/500 2775/1487/501 2776/1484/499
f 2780/1488/502 2777/1489/500 2778/1486/500
f 2782/1490/503 2779/1491/502 2780/1488/502
f 2784/1492/504 2781/1493/503 2782/1490/503
f 2786/1494/505 2783/1495/504 2784/1492/504
f 2788/1496/506 2785/1497/505 2786/1494/505
f 2740/821/480 2787/1498/506 2788/1496/506
f 2792/1499/507 2789/15/508 2790/625/508
f 2794/1500/509 2791/310/507 2792/1499/507
f 2796/1501/510 2793/311/509 2794/1500/509
f 2798/1502/511 2795/313/510 2796/1501/510
f 2800/1503/512 2797/314/511 2798/1502/511
f 2802/1504/513 2799/316/512 2800/1503/512
f 2804/1505/514 2801/317/513 2802/1504/513
f 2806/1506/515 2803/319/514 2804/1505/514
f 2808/1507/516 2805/320/515 2806/1506/515
f 2810/1508/517 2807/321/516 2808/1507/516
f 2812/1509/518 2809/323/517 2810/1508/517
f 2814/1510/519 2811/322/518 2812/1509/518
f 2816/1511/520 2813/318/519 2814/1510/519
f 2818/1512/521 2815/315/520 2816/1511/520
f 2820/1513/522 2817/312/521 2818/1512/521
f 2822/1514/523 2819/309/522 2820/1513/522
f 2824/1515/524 2821/308/523 2822/1514/523
f 2826/1516/525 2823/300/524 2824/1515/524
f 2828/1517/526 2825/292/525 2826/1516/525
f 2830/1518/527 2827/284/526 2828/1517/526
f 2832/1519/528 2829/282/527 2830/1518/527
f 2834/1520/529 2831/279/528 2832/1519/528
f 2836/1521/530 2833/277/529 2834/1520/529
f 2838/1522/531 2835/275/530 2836/1521/530
f 2840/1523/532 2837/272/531 2838/1522/531
f 2842/1524/533 2839/266/532 2840/1523/532
f 2844/1525/534 2841/260/533 2842/1524/533
f 2846/1526/535 2843/252/534 2844/1525/534
f 2848/1527/536 2845/242/535 2846/1526/535
f 2850/1528/537 2847/240/536 2848/1527/536
f 2852/1529/538 2849/238/537 2850/1528/537
f 2854/1530/539 2851/236/538 2852/1529/538
f 2856/1531/540 2853/234/539 2854/1530/539
f 2858/1532/541 2855/232/542 2856/1531/540
f 2860/1533/543 2857/228/541 2858/1532/541
f 2862/1534/544 2859/230/543 2860/1533/543
f 2864/1535/545 2861/229/544 2862/1534/544
f 2866/1536/546 2863/231/545 2864/1535/545
f 2868/1537/547 2865/233/546 2866/1536/546
f 2870/1538/548 2867/235/547 2868/1537/547
f 2872/1539/549 2869/237/548 2870/1538/548
f 2874/1540/550 2871/239/549 2872/1539/549
f 2876/1541/551 2873/241/550 2874/1540/550
f 2878/1542/552 2875/250/551 2876/1541/551
f 2880/1543/553 2877/261/552 2878/1542/552
f 2882/1544/554 2879/267/553 2880/1543/553
f 2884/1545/555 2881/274/554 2882/1544/554
f 2886/1546/556 2883/276/555 2884/1545/555
f 2888/722/557 2885/278/556 2886/1546/556
f 2890/1547/558 2887/35/557 2888/722/557
f 2892/1548/559 2889/280/558 2890/1547/558
f 2894/1549/560 2891/281/559 2892/1548/559
f 2896/1550/561 2893/283/560 2894/1549/560
f 2898/1551/562 2895/285/561 2896/1550/561
f 2900/1552/563 2897/289/562 2898/1551/562
f 2902/1553/564 2899/293/563 2900/1552/563
f 2904/1554/565 2901/296/564 2902/1553/564
f 2906/1555/566 2903/298/565 2904/1554/565
f 2908/1556/567 2905/302/566 2906/1555/566
f 2910/1557/568 2907/304/567 2908/1556/567
f 2912/1558/153 2909/307/568 2910/1557/568
f 2914/1559/569 2911/306/153 2912/1558/153
f 2916/1560/570 2913/305/569 2914/1559/569
f 2918/1561/571 2915/303/570 2916/1560/570
f 2920/1562/572 2917/301/571 2918/1561/571
f 2922/1563/573 2919/299/572 2920/1562/572
f 2924/1564/574 2921/297/573 2922/1563/573
f 2926/1565/575 2923/295/576 2924/1564/574
f 2928/1566/577 2925/294/575 2926/1565/575
f 2930/1567/578 2927/291/577 2928/1566/577
f 2932/1568/579 2929/290/578 2930/1567/578
f 2934/1569/580 2931/286/579 2932/1568/579
f 2936/1570/581 2933/288/580 2934/1569/580
f 2938/1571/582 2935/287/581 2936/1570/581
f 2940/1572/583 2937/271/582 2938/1571/582
f 2942/1573/584 2939/269/583 2940/1572/583
f 2944/1574/585 2941/265/584 2942/1573/584
f 2946/1575/586 2943/263/585 2944/1574/585
f 2948/1576/587 2945/259/586 2946/1575/586
f 2950/1577/588 2947/257/587 2948/1576/587
f 2952/1578/589 2949/255/588 2950/1577/588
f 2954/1579/590 2951/253/589 2952/1578/589
f 2956/1580/591 2953/249/590 2954/1579/590
f 2958/1581/592 2955/247/591 2956/1580/591
f 2960/1582/593 2957/245/592 2958/1581/592
f 2962/1583/594 2959/243/593 2960/1582/593
f 2964/1584/595 2961/244/594 2962/1583/594
f 2966/1585/596 2963/246/595 2964/1584/595
f 2968/1586/597 2965/248/596 2966/1585/596
f 2970/1587/598 2967/251/597 2968/1586/597
f 2972/1588/599 2969/254/598 2970/1587/598
f 2974/1589/600 2971/256/599 2972/1588/599
f 2976/1590/601 2973/258/600 2974/1589/600
f 2978/1591/602 2975/262/601 2976/1590/601
f 2980/1592/603 2977/264/602 2978/1591/602
f 2982/1593/604 2979/268/603 2980/1592/603
f 2984/1594/605 2981/270/604 2982/1593/604
f 2790/821/508 2983/273/605 2984/1594/605
f 2988/1595/109 2985/15/108 2986/625/108
f 2990/722/110 2987/1596/109 2988/1595/109
f 2992/1597/355 2989/35/110 2990/722/110
f 2986/821/108 2991/1598/355 2992/1597/355
f 2996/1379/406 2993/15/407 2994/625/407
f 2998/1095/408 2995/1380/406 2996/1379/406
f 3000/1381/409 2997/1097/408 2998/1095/408
f 3002/1096/410 2999/1382/409 3000/1381/409
f 3004/1383/411 3001/1099/410 3002/1096/410
f 3006/1098/412 3003/1384/411 3004/1383/411
f 3008/1385/413 3005/1101/412 3006/1098/412
f 3010/1100/414 3007/1386/413 3008/1385/413
f 3012/1387/415 3009/1103/414 3010/1100/414
f 3014/1102/416 3011/1388/415 3012/1387/415
f 3016/1389/417 3013/1105/416 3014/1102/416
f 3018/1104/418 3015/1390/417 3016/1389/417
f 3020/1391/419 3017/1107/418 3018/1104/418
f 3022/1106/420 3019/1392/419 3020/1391/419
f 3024/1393/421 3021/1109/420 3022/1106/420
f 3026/1108/422 3023/1394/421 3024/1393/421
f 3028/1395/423 3025/1111/422 3026/1108/422
f 3030/1110/424 3027/1396/423 3028/1395/423
f 3032/1397/425 3029/1113/424 3030/1110/424
f 3034/1112/426 3031/1398/425 3032/1397/425
f 3036/1399/427 3033/1115/426 3034/1112/426
f 3038/1114/428 3035/1400/427 3036/1399/427
f 3040/1401/429 3037/1117/428 3038/1114/428
f 3042/1116/430 3039/1402/429 3040/1401/429
f 3044/1403/431 3041/1119/430 3042/1116/430
f 3046/1118/432 3043/1404/431 3044/1403/431
f 3048/1405/433 3045/1121/432 3046/1118/432
f 3050/1120/434 3047/1406/433 3048/1405/433
f 3052/1407/435 3049/1123/434 3050/1120/434
f 3054/1122/436 3051/1408/435 3052/1407/435
f 3056/1409/312 3053/1125/436 3054/1122/436
f 3058/1124/437 3055/1410/312 3056/1409/312
f 3060/1411/438 3057/1127/437 3058/1124/437
f 3062/1126/439 3059/1412/438 3060/1411/438
f 3064/1413/440 3061/1129/439 3062/1126/439
f 3066/1128/441 3063/1414/440 3064/1413/440
f 3068/722/442 3065/1131/441 3066/1128/441
f 3070/1130/443 3067/35/442 3068/722/442
f 3072/1415/444 3069/1133/443 3070/1130/443
f 3074/1132/445 3071/1416/444 3072/1415/444
f 3076/1417/446 3073/1135/445 3074/1132/445
f 3078/1134/447 3075/1418/446 3076/1417/446
f 3080/1419/448 3077/1137/447 3078/1134/447
f 3082/1136/449 3079/1420/448 3080/1419/448
f 3084/1421/450 3081/1139/449 3082/1136/449
f 3086/1138/451 3083/1422/450 3084/1421/450
f 3088/1423/452 3085/1141/451 3086/1138/451
f 3090/1140/453 3087/1424/452 3088/1423/452
f 3092/1425/454 3089/1143/453 3090/1140/453
f 3094/1142/455 3091/1426/454 3092/1425/454
f 3096/1427/456 3093/1145/455 3094/1142/455
f 3098/1144/457 3095/1428/456 3096/1427/456
f 3100/1429/458 3097/1147/457 3098/1144/457
f 3102/1146/459 3099/1430/458 3100/1429/458
f 3104/1431/460 3101/1149/459 3102/1146/459
f 3106/1148/461 3103/1432/460 3104/1431/460
f 3108/1433/462 3105/1151/461 3106/1148/461
f 3110/1150/463 3107/1434/462 3108/1433/462
f 3112/1435/464 3109/1153/463 3110/1150/463
f 3114/1152/465 3111/1436/464 3112/1435/464
f 3116/1437/466 3113/1155/465 3114/1152/465
f 3118/1154/467 3115/1438/466 3116/1437/466
f 3120/1439/468 3117/1157/467 3118/1154/467
f 3122/1156/469 3119/1440/468 3120/1439/468
f 3124/1441/470 3121/1159/469 3122/1156/469
f 3126/1158/471 3123/1442/470 3124/1441/470
f 3128/1443/472 3125/1161/471 3126/1158/471
f 3130/1160/473 3127/1444/472 3128/1443/472
f 3132/1445/474 3129/1163/473 3130/1160/473
f 3134/1162/475 3131/1446/474 3132/1445/474
f 3136/1447/476 3133/1165/475 3134/1162/475
f 3138/1164/477 3135/1448/476 3136/1447/476
f 3140/1449/478 3137/1166/477 3138/1164/477
f 2994/821/407 3139/1450/478 3140/1449/478
f 3144/1451/479 3141/15/480 3142/625/480
f 3146/1452/481 3143/1453/482 3144/1451/479
f 3148/1454/483 3145/1455/481 3146/1452/481
f 3150/1456/484 3147/1457/483 3148/1454/483
f 3152/1458/485 3149/1459/484 3150/1456/484
f 3154/1460/486 3151/1461/485 3152/1458/485
f 3156/1462/487 3153/1463/486 3154/1460/486
f 3158/1464/488 3155/1465/489 3156/1462/487
f 3160/1466/490 3157/1467/488 3158/1464/488
f 3162/1468/491 3159/1469/490 3160/1466/490
f 3164/1470/492 3161/1471/491 3162/1468/491
f 3166/1472/493 3163/1473/492 3164/1470/492
f 3168/1474/494 3165/1475/493 3166/1472/493
f 3170/1476/495 3167/1477/494 3168/1474/494
f 3172/1478/496 3169/1479/495 3170/1476/495
f 3174/1480/497 3171/1481/496 3172/1478/496
f 3176/1482/498 3173/1483/497 3174/1480/497
f 3178/1484/499 3175/1485/498 3176/1482/498
f 3180/1486/500 3177/1487/501 3178/1484/499
f 3182/1488/502 3179/1489/500 3180/1486/500
f 3184/1490/503 3181/1491/502 3182/1488/502
f 3186/1492/504 3183/1493/503 3184/1490/503
f 3188/1494/505 3185/1495/504 3186/1492/504
f 3190/1496/506 3187/1497/505 3188/1494/505
f 3142/821/480 3189/1498/506 3190/1496/506
f 3194/823/112 3191/15/113 3192/625/113
f 3196/824/114 3193/825/112 3194/823/112
f 3198/826/115 3195/827/114 3196/824/114
f 3200/828/116 3197/829/115 3198/826/115
f 3202/830/117 3199/831/116 3200/828/116
f 3204/832/118 3201/833/117 3202/830/117
f 3206/834/119 3203/835/118 3204/832/118
f 3208/836/120 3205/837/119 3206/834/119
f 3210/838/121 3207/839/606 3208/836/120
f 3212/840/122 3209/841/121 3210/838/121
f 3214/842/123 3211/843/122 3212/840/122
f 3216/844/124 3213/845/123 3214/842/123
f 3218/846/125 3215/847/124 3216/844/124
f 3220/848/126 3217/849/125 3218/846/125
f 3222/850/127 3219/851/607 3220/848/126
f 3224/852/128 3221/853/127 3222/850/127
f 3226/854/129 3223/855/130 3224/852/128
f 3228/856/131 3225/857/129 3226/854/129
f 3230/858/132 3227/859/131 3228/856/131
f 3232/860/133 3229/861/132 3230/858/132
f 3234/862/137 3231/863/135 3232/860/133
f 3236/864/136 3233/865/137 3234/862/137
f 3238/866/138 3235/867/139 3236/864/136
f 3240/868/140 3237/869/138 3238/866/138
f 3242/870/141 3239/871/140 3240/868/140
f 3244/872/144 3241/873/141 3242/870/141
f 3246/874/143 3243/875/142 3244/872/144
f 3248/876/145 3245/877/143 3246/874/143
f 3250/878/146 3247/879/145 3248/876/145
f 3252/880/147 3249/881/146 3250/878/146
f 3254/882/148 3251/883/147 3252/880/147
f 3256/884/149 3253/885/148 3254/882/148
f 3258/886/150 3255/887/149 3256/884/149
f 3260/888/151 3257/889/150 3258/886/150
f 3262/890/152 3259/891/151 3260/888/151
f 3264/892/153 3261/893/152 3262/890/152
f 3266/894/154 3263/895/153 3264/892/153
f 3268/896/155 3265/897/154 3266/894/154
f 3270/898/156 3267/899/155 3268/896/155
f 3272/900/157 3269/901/156 3270/898/156
f 3274/902/158 3271/903/157 3272/900/157
f 3276/904/159 3273/905/158 3274/902/158
f 3278/906/160 3275/907/159 3276/904/159
f 3280/908/161 3277/909/160 3278/906/160
f 3282/910/162 3279/911/161 3280/908/161
f 3284/912/608 3281/913/162 3282/910/162
f 3286/914/164 3283/915/163 3284/912/608
f 3288/916/165 3285/917/164 3286/914/164
f 3290/918/166 3287/919/165 3288/916/165
f 3292/920/167 3289/921/166 3290/918/166
f 3294/922/168 3291/923/167 3292/920/167
f 3296/924/169 3293/925/168 3294/922/168
f 3298/926/170 3295/927/169 3296/924/169
f 3300/928/171 3297/929/170 3298/926/170
f 3302/930/172 3299/931/171 3300/928/171
f 3304/932/173 3301/933/172 3302/930/172
f 3306/934/174 3303/935/173 3304/932/173
f 3308/936/175 3305/937/174 3306/934/174
f 3310/938/176 3307/939/175 3308/936/175
f 3312/940/177 3309/941/176 3310/938/176
f 3314/942/178 3311/943/177 3312/940/177
f 3316/944/179 3313/945/178 3314/942/178
f 3318/946/180 3315/947/179 3316/944/179
f 3320/948/181 3317/949/180 3318/946/180
f 3322/950/182 3319/951/181 3320/948/181
f 3324/952/183 3321/953/182 3322/950/182
f 3326/954/185 3323/955/183 3324/952/183
f 3328/956/186 3325/957/609 3326/954/185
f 3330/958/187 3327/959/186 3328/956/186
f 3332/960/188 3329/961/187 3330/958/187
f 3334/962/189 3331/963/188 3332/960/188
f 3336/964/190 3333/965/189 3334/962/189
f 3338/966/191 3335/967/190 3336/964/190
f 3340/968/192 3337/969/191 3338/966/191
f 3342/970/193 3339/971/192 3340/968/192
f 3344/972/194 3341/973/193 3342/970/193
f 3346/974/195 3343/975/196 3344/972/194
f 3348/976/197 3345/977/195 3346/974/195
f 3350/978/198 3347/979/197 3348/976/197
f 3352/980/199 3349/981/198 3350/978/198
f 3354/982/200 3351/983/199 3352/980/199
f 3356/984/203 3353/985/200 3354/982/200
f 3358/986/202 3355/987/201 3356/984/203
f 3360/988/204 3357/989/202 3358/986/202
f 3362/990/205 3359/991/204 3360/988/204
f 3364/992/206 3361/993/205 3362/990/205
f 3366/994/207 3363/995/208 3364/992/206
f 3368/996/209 3365/997/207 3366/994/207
f 3370/998/210 3367/999/209 3368/996/209
f 3372/1000/211 3369/1001/210 3370/998/210
f 3374/1002/212 3371/1003/211 3372/1000/211
f 3376/1004/213 3373/1005/212 3374/1002/212
f 3378/1006/214 3375/1007/213 3376/1004/213
f 3380/1008/215 3377/1009/214 3378/1006/214
f 3382/1010/216 3379/1011/215 3380/1008/215
f 3384/1012/217 3381/1013/216 3382/1010/216
f 3386/1014/218 3383/1015/217 3384/1012/217
f 3388/1016/219 3385/1017/218 3386/1014/218
f 3390/1018/220 3387/1019/219 3388/1016/219
f 3392/1020/221 3389/1021/220 3390/1018/220
f 3394/1022/222 3391/1023/221 3392/1020/221
f 3396/1024/223 3393/1025/610 3394/1022/222
f 3398/1026/224 3395/1027/611 3396/1024/223
f 3400/1028/225 3397/1029/224 3398/1026/224
f 3402/1030/226 3399/1031/225 3400/1028/225
f 3404/1032/227 3401/1033/226 3402/1030/226
f 3406/1034/228 3403/1035/227 3404/1032/227
f 3408/1036/229 3405/1037/228 3406/1034/228
f 3410/1038/230 3407/1039/229 3408/1036/229
f 3412/1040/231 3409/1041/230 3410/1038/230
f 3414/1042/232 3411/1043/231 3412/1040/231
f 3416/1044/612 3413/1045/234 3414/1042/232
f 3418/1046/613 3415/1047/233 3416/1044/612
f 3420/1048/236 3417/1049/235 3418/1046/613
f 3422/1050/237 3419/1051/236 3420/1048/236
f 3424/1052/238 3421/1053/239 3422/1050/237
f 3426/1054/240 3423/1055/241 3424/1052/238
f 3428/1056/244 3425/1057/614 3426/1054/240
f 3430/1058/246 3427/1059/242 3428/1056/244
f 3432/1060/245 3429/1061/246 3430/1058/246
f 3434/1062/247 3431/1063/245 3432/1060/245
f 3436/1064/249 3433/1065/247 3434/1062/247
f 3438/1066/250 3435/1067/249 3436/1064/249
f 3440/1068/251 3437/1069/250 3438/1066/250
f 3442/1070/252 3439/1071/251 3440/1068/251
f 3444/1072/255 3441/1073/252 3442/1070/252
f 3446/1074/254 3443/1075/255 3444/1072/255
f 3448/1076/256 3445/1077/254 3446/1074/254
f 3450/1078/257 3447/1079/615 3448/1076/256
f 3452/1080/258 3449/1081/257 3450/1078/257
f 3454/1082/259 3451/1083/258 3452/1080/258
f 3456/1084/260 3453/1085/259 3454/1082/259
f 3458/1086/262 3455/1087/260 3456/1084/260
f 3460/1088/616 3457/1089/262 3458/1086/262
f 3462/1090/264 3459/1091/616 3460/1088/616
f 3464/1092/265 3461/1093/264 3462/1090/264
f 3192/821/113 3463/1094/265 3464/1092/265
f 3468/1095/266 3465/15/267 3466/625/267
f 3470/1096/268 3467/1097/266 3468/1095/266
f 3472/1098/269 3469/1099/268 3470/1096/268
f 3474/1100/270 3471/1101/269 3472/1098/269
f 3476/1102/271 3473/1103/270 3474/1100/270
f 3478/1104/272 3475/1105/271 3476/1102/271
f 3480/1106/273 3477/1107/272 3478/1104/272
f 3482/1108/274 3479/1109/273 3480/1106/273
f 3484/1110/275 3481/1111/274 3482/1108/274
f 3486/1112/276 3483/1113/275 3484/1110/275
f 3488/1114/277 3485/1115/276 3486/1112/276
f 3490/1116/278 3487/1117/277 3488/1114/277
f 3492/1118/281 3489/1119/278 3490/1116/278
f 3494/1120/280 3491/1121/279 3492/1118/281
f 3496/1122/282 3493/1123/280 3494/1120/280
f 3498/1124/283 3495/1125/617 3496/1122/282
f 3500/1126/284 3497/1127/283 3498/1124/283
f 3502/1128/285 3499/1129/284 3500/1126/284
f 3504/1130/286 3501/1131/285 3502/1128/285
f 3506/1132/287 3503/1133/286 3504/1130/286
f 3508/1134/288 3505/1135/287 3506/1132/287
f 3510/1136/290 3507/1137/288 3508/1134/288
f 3512/1138/291 3509/1139/290 3510/1136/290
f 3514/1140/292 3511/1141/291 3512/1138/291
f 3516/1142/293 3513/1143/292 3514/1140/292
f 3518/1144/294 3515/1145/293 3516/1142/293
f 3520/1146/295 3517/1147/294 3518/1144/294
f 3522/1148/296 3519/1149/295 3520/1146/295
f 3524/1150/297 3521/1151/296 3522/1148/296
f 3526/1152/298 3523/1153/297 3524/1150/297
f 3528/1154/299 3525/1155/298 3526/1152/298
f 3530/1156/300 3527/1157/299 3528/1154/299
f 3532/1158/301 3529/1159/300 3530/1156/300
f 3534/1160/302 3531/1161/303 3532/1158/301
f 3536/1162/304 3533/1163/302 3534/1160/302
f 3538/1164/305 3535/1165/304 3536/1162/304
f 3466/821/267 3537/1166/305 3538/1164/305
f 3542/1599/618 3539/15/110 3540/625/110
f 3544/1600/619 3541/1601/618 3542/1599/618
f 3546/1602/620 3543/1603/619 3544/1600/619
f 3548/1604/621 3545/1605/620 3546/1602/620
f 3550/1606/622 3547/1607/621 3548/1604/621
f 3552/1608/623 3549/1609/622 3550/1606/622
f 3554/1610/624 3551/1611/623 3552/1608/623
f 3556/1612/625 3553/1613/626 3554/1610/624
f 3558/1614/627 3555/1615/625 3556/1612/625
f 3560/1616/628 3557/1617/627 3558/1614/627
f 3562/1458/629 3559/1618/628 3560/1616/628
f 3564/1619/630 3561/1461/629 3562/1458/629
f 3566/1620/631 3563/1621/630 3564/1619/630
f 3568/1622/632 3565/1623/631 3566/1620/631
f 3570/1624/633 3567/1625/632 3568/1622/632
f 3572/1626/634 3569/1627/633 3570/1624/633
f 3574/1628/635 3571/1629/636 3572/1626/634
f 3576/1630/637 3573/1631/635 3574/1628/635
f 3578/1632/638 3575/1633/637 3576/1630/637
f 3580/1634/639 3577/1635/638 3578/1632/638
f 3582/1636/640 3579/1637/639 3580/1634/639
f 3584/1468/641 3581/1638/640 3582/1636/640
f 3586/1639/642 3583/1471/641 3584/1468/641
f 3588/1640/643 3585/1641/642 3586/1639/642
f 3590/1642/644 3587/1643/643 3588/1640/643
f 3592/1644/645 3589/1645/644 3590/1642/644
f 3594/1646/646 3591/1647/645 3592/1644/645
f 3596/1648/647 3593/1649/648 3594/1646/646
f 3598/1650/649 3595/1651/650 3596/1648/647
f 3600/1652/651 3597/1653/649 3598/1650/649
f 3602/1654/652 3599/1655/653 3600/1652/651
f 3604/1656/654 3601/1657/655 3602/1654/652
f 3606/1478/656 3603/1658/654 3604/1656/654
f 3608/1659/657 3605/1481/656 3606/1478/656
f 3610/1660/658 3607/1661/657 3608/1659/657
f 3612/1662/659 3609/1663/658 3610/1660/658
f 3614/1664/660 3611/1665/659 3612/1662/659
f 3616/1666/661 3613/1667/660 3614/1664/660
f 3618/1668/662 3615/1669/661 3616/1666/661
f 3620/1670/663 3617/1671/662 3618/1668/662
f 3622/1672/664 3619/1673/663 3620/1670/663
f 3624/1674/665 3621/1675/664 3622/1672/664
f 3626/1676/666 3623/1677/665 3624/1674/665
f 3628/1488/667 3625/1678/666 3626/1676/666
f 3630/1679/668 3627/1491/667 3628/1488/667
f 3632/1680/669 3629/1681/668 3630/1679/668
f 3634/1682/670 3631/1683/669 3632/1680/669
f 3636/1684/671 3633/1685/670 3634/1682/670
f 3638/1686/672 3635/1687/671 3636/1684/671
f 3640/1688/673 3637/1689/672 3638/1686/672
f 3642/1690/355 3639/1691/673 3640/1688/673
f 3644/1692/108 3641/1693/355 3642/1690/355
f 3646/1694/109 3643/1695/108 3644/1692/108
f 3648/1696/110 3645/1697/109 3646/1694/109
f 3540/821/110 3647/1698/110 3648/1696/110
f 1828/624/5 1827/627/5 1825/15/6
f 1830/626/7 1829/629/7 1827/627/5
f 1832/628/8 1831/631/8 1829/629/7
f 1834/630/9 1833/633/9 1831/631/8
f 1836/632/10 1835/635/10 1833/633/9
f 1838/634/11 1837/637/11 1835/635/10
f 1840/636/12 1839/639/12 1837/637/11
f 1842/638/13 1841/641/13 1839/639/12
f 1844/640/14 1843/643/14 1841/641/13
f 1846/642/15 1845/645/15 1843/643/14
f 1848/644/16 1847/647/16 1845/645/15
f 1850/646/17 1849/649/17 1847/647/16
f 1852/648/18 1851/651/18 1849/649/17
f 1854/650/19 1853/653/19 1851/651/18
f 1856/652/20 1855/655/20 1853/653/19
f 1858/654/21 1857/657/21 1855/655/20
f 1860/656/22 1859/10/22 1857/657/21
f 1862/658/23 1861/660/23 1859/10/22
f 1864/659/24 1863/662/24 1861/660/23
f 1866/661/25 1865/664/25 1863/662/24
f 1868/663/26 1867/666/26 1865/664/25
f 1870/665/27 1869/668/27 1867/666/26
f 1872/667/28 1871/670/28 1869/668/27
f 1874/669/29 1873/672/29 1871/670/28
f 1876/671/30 1875/674/30 1873/672/29
f 1878/673/31 1877/676/31 1875/674/30
f 1880/675/32 1879/678/32 1877/676/31
f 1882/677/33 1881/680/33 1879/678/32
f 1884/679/34 1883/682/34 1881/680/33
f 1886/681/35 1885/684/35 1883/682/34
f 1888/683/36 1887/686/36 1885/684/35
f 1890/685/37 1889/688/37 1887/686/36
f 1892/687/38 1891/690/38 1889/688/37
f 1894/689/39 1893/9/39 1891/690/38
f 1896/691/40 1895/693/40 1893/9/39
f 1898/692/41 1897/695/41 1895/693/40
f 1900/694/42 1899/697/42 1897/695/41
f 1902/696/43 1901/699/43 1899/697/42
f 1904/698/44 1903/701/44 1901/699/43
f 1906/700/45 1905/703/45 1903/701/44
f 1908/702/46 1907/705/46 1905/703/45
f 1910/704/47 1909/707/47 1907/705/46
f 1912/706/48 1911/709/48 1909/707/47
f 1914/708/49 1913/711/49 1911/709/48
f 1916/710/50 1915/713/50 1913/711/49
f 1918/712/51 1917/715/51 1915/713/50
f 1920/714/52 1919/717/52 1917/715/51
f 1922/716/53 1921/719/53 1919/717/52
f 1924/718/54 1923/721/54 1921/719/53
f 1926/720/55 1925/723/55 1923/721/54
f 1928/722/56 1927/35/58 1925/723/55
f 1930/724/57 1929/726/57 1927/35/58
f 1932/725/59 1931/728/59 1929/726/57
f 1934/727/60 1933/730/60 1931/728/59
f 1936/729/61 1935/732/61 1933/730/60
f 1938/731/62 1937/734/62 1935/732/61
f 1940/733/63 1939/736/63 1937/734/62
f 1942/735/64 1941/738/64 1939/736/63
f 1944/737/65 1943/740/65 1941/738/64
f 1946/739/66 1945/742/66 1943/740/65
f 1948/741/67 1947/744/67 1945/742/66
f 1950/743/68 1949/746/68 1947/744/67
f 1952/745/69 1951/748/69 1949/746/68
f 1954/747/70 1953/750/72 1951/748/69
f 1956/749/71 1955/752/71 1953/750/72
f 1958/751/73 1957/754/73 1955/752/71
f 1960/753/74 1959/756/74 1957/754/73
f 1962/755/75 1961/39/75 1959/756/74
f 1964/757/76 1963/759/76 1961/39/75
f 1966/758/77 1965/761/79 1963/759/76
f 1968/760/78 1967/763/78 1965/761/79
f 1970/762/80 1969/765/80 1967/763/78
f 1972/764/81 1971/767/81 1969/765/80
f 1974/766/82 1973/769/82 1971/767/81
f 1976/768/83 1975/771/83 1973/769/82
f 1978/770/84 1977/773/84 1975/771/83
f 1980/772/85 1979/775/87 1977/773/84
f 1982/774/86 1981/777/86 1979/775/87
f 1984/776/88 1983/779/88 1981/777/86
f 1986/778/89 1985/781/89 1983/779/88
f 1988/780/90 1987/783/90 1985/781/89
f 1990/782/91 1989/785/91 1987/783/90
f 1992/784/92 1991/787/92 1989/785/91
f 1994/786/93 1993/789/93 1991/787/92
f 1996/788/94 1995/50/94 1993/789/93
f 1998/790/95 1997/792/95 1995/50/94
f 2000/791/96 1999/794/96 1997/792/95
f 2002/793/97 2001/796/97 1999/794/96
f 2004/795/98 2003/798/100 2001/796/97
f 2006/797/99 2005/800/102 2003/798/100
f 2008/799/101 2007/802/101 2005/800/102
f 2010/801/103 2009/804/103 2007/802/101
f 2012/803/104 2011/806/104 2009/804/103
f 2014/805/105 2013/808/105 2011/806/104
f 2016/807/106 2015/810/106 2013/808/105
f 2018/809/107 2017/812/107 2015/810/106
f 2020/811/108 2019/814/108 2017/812/107
f 2022/813/108 2021/816/108 2019/814/108
f 2024/815/109 2023/818/109 2021/816/108
f 2026/817/110 2025/820/110 2023/818/109
f 2028/819/111 2027/822/111 2025/820/110
f 1826/821/6 1825/13/6 2027/822/111
f 2032/823/112 2031/825/112 2029/15/113
f 2034/824/114 2033/827/114 2031/825/112
f 2036/826/115 2035/829/115 2033/827/114
f 2038/828/116 2037/831/116 2035/829/115
f 2040/830/117 2039/833/117 2037/831/116
f 2042/832/118 2041/835/118 2039/833/117
f 2044/834/119 2043/837/119 2041/835/118
f 2046/836/120 2045/839/120 2043/837/119
f 2048/838/121 2047/841/121 2045/839/120
f 2050/840/122 2049/843/122 2047/841/121
f 2052/842/123 2051/845/123 2049/843/122
f 2054/844/124 2053/847/124 2051/845/123
f 2056/846/125 2055/849/125 2053/847/124
f 2058/848/126 2057/851/126 2055/849/125
f 2060/850/127 2059/853/127 2057/851/126
f 2062/852/128 2061/855/130 2059/853/127
f 2064/854/129 2063/857/129 2061/855/130
f 2066/856/131 2065/859/131 2063/857/129
f 2068/858/132 2067/861/132 2065/859/131
f 2070/860/133 2069/863/135 2067/861/132
f 2072/862/134 2071/865/137 2069/863/135
f 2074/864/136 2073/867/139 2071/865/137
f 2076/866/138 2075/869/138 2073/867/139
f 2078/868/140 2077/871/140 2075/869/138
f 2080/870/141 2079/873/141 2077/871/140
f 2082/872/142 2081/875/144 2079/873/141
f 2084/874/143 2083/877/143 2081/875/144
f 2086/876/145 2085/879/145 2083/877/143
f 2088/878/146 2087/881/146 2085/879/145
f 2090/880/147 2089/883/147 2087/881/146
f 2092/882/148 2091/885/148 2089/883/147
f 2094/884/149 2093/887/149 2091/885/148
f 2096/886/150 2095/889/150 2093/887/149
f 2098/888/151 2097/891/151 2095/889/150
f 2100/890/152 2099/893/152 2097/891/151
f 2102/892/153 2101/895/153 2099/893/152
f 2104/894/154 2103/897/154 2101/895/153
f 2106/896/155 2105/899/155 2103/897/154
f 2108/898/156 2107/901/156 2105/899/155
f 2110/900/157 2109/903/157 2107/901/156
f 2112/902/158 2111/905/158 2109/903/157
f 2114/904/159 2113/907/159 2111/905/158
f 2116/906/160 2115/909/160 2113/907/159
f 2118/908/161 2117/911/161 2115/909/160
f 2120/910/162 2119/913/162 2117/911/161
f 2122/912/163 2121/915/163 2119/913/162
f 2124/914/164 2123/917/164 2121/915/163
f 2126/916/165 2125/919/165 2123/917/164
f 2128/918/166 2127/921/166 2125/919/165
f 2130/920/167 2129/923/167 2127/921/166
f 2132/922/168 2131/925/168 2129/923/167
f 2134/924/169 2133/927/169 2131/925/168
f 2136/926/170 2135/929/170 2133/927/169
f 2138/928/171 2137/931/171 2135/929/170
f 2140/930/172 2139/933/172 2137/931/171
f 2142/932/173 2141/935/173 2139/933/172
f 2144/934/174 2143/937/174 2141/935/173
f 2146/936/175 2145/939/175 2143/937/174
f 2148/938/176 2147/941/176 2145/939/175
f 2150/940/177 2149/943/177 2147/941/176
f 2152/942/178 2151/945/178 2149/943/177
f 2154/944/179 2153/947/179 2151/945/178
f 2156/946/180 2155/949/180 2153/947/179
f 2158/948/181 2157/951/181 2155/949/180
f 2160/950/182 2159/953/184 2157/951/181
f 2162/952/183 2161/955/183 2159/953/184
f 2164/954/185 2163/957/185 2161/955/183
f 2166/956/186 2165/959/186 2163/957/185
f 2168/958/187 2167/961/187 2165/959/186
f 2170/960/188 2169/963/188 2167/961/187
f 2172/962/189 2171/965/189 2169/963/188
f 2174/964/190 2173/967/190 2171/965/189
f 2176/966/191 2175/969/191 2173/967/190
f 2178/968/192 2177/971/192 2175/969/191
f 2180/970/193 2179/973/193 2177/971/192
f 2182/972/194 2181/975/196 2179/973/193
f 2184/974/195 2183/977/195 2181/975/196
f 2186/976/197 2185/979/197 2183/977/195
f 2188/978/198 2187/981/198 2185/979/197
f 2190/980/199 2189/983/199 2187/981/198
f 2192/982/200 2191/985/200 2189/983/199
f 2194/984/201 2193/987/203 2191/985/200
f 2196/986/202 2195/989/202 2193/987/203
f 2198/988/204 2197/991/204 2195/989/202
f 2200/990/205 2199/993/205 2197/991/204
f 2202/992/206 2201/995/208 2199/993/205
f 2204/994/207 2203/997/207 2201/995/208
f 2206/996/209 2205/999/209 2203/997/207
f 2208/998/210 2207/1001/210 2205/999/209
f 2210/1000/211 2209/1003/211 2207/1001/210
f 2212/1002/212 2211/1005/212 2209/1003/211
f 2214/1004/213 2213/1007/213 2211/1005/212
f 2216/1006/214 2215/1009/214 2213/1007/213
f 2218/1008/215 2217/1011/215 2215/1009/214
f 2220/1010/216 2219/1013/216 2217/1011/215
f 2222/1012/217 2221/1015/217 2219/1013/216
f 2224/1014/218 2223/1017/218 2221/1015/217
f 2226/1016/219 2225/1019/219 2223/1017/218
f 2228/1018/220 2227/1021/220 2225/1019/219
f 2230/1020/221 2229/1023/221 2227/1021/220
f 2232/1022/222 2231/1025/222 2229/1023/221
f 2234/1024/223 2233/1027/223 2231/1025/222
f 2236/1026/224 2235/1029/224 2233/1027/223
f 2238/1028/225 2237/1031/225 2235/1029/224
f 2240/1030/226 2239/1033/226 2237/1031/225
f 2242/1032/227 2241/1035/227 2239/1033/226
f 2244/1034/228 2243/1037/228 2241/1035/227
f 2246/1036/229 2245/1039/229 2243/1037/228
f 2248/1038/230 2247/1041/230 2245/1039/229
f 2250/1040/231 2249/1043/231 2247/1041/230
f 2252/1042/232 2251/1045/234 2249/1043/231
f 2254/1044/233 2253/1047/233 2251/1045/234
f 2256/1046/235 2255/1049/235 2253/1047/233
f 2258/1048/236 2257/1051/236 2255/1049/235
f 2260/1050/237 2259/1053/239 2257/1051/236
f 2262/1052/238 2261/1055/241 2259/1053/239
f 2264/1054/240 2263/1057/240 2261/1055/241
f 2266/1056/242 2265/1059/244 2263/1057/240
f 2268/1058/243 2267/1061/246 2265/1059/244
f 2270/1060/245 2269/1063/248 2267/1061/246
f 2272/1062/247 2271/1065/247 2269/1063/248
f 2274/1064/249 2273/1067/249 2271/1065/247
f 2276/1066/250 2275/1069/250 2273/1067/249
f 2278/1068/251 2277/1071/251 2275/1069/250
f 2280/1070/252 2279/1073/252 2277/1071/251
f 2282/1072/253 2281/1075/255 2279/1073/252
f 2284/1074/254 2283/1077/254 2281/1075/255
f 2286/1076/256 2285/1079/256 2283/1077/254
f 2288/1078/257 2287/1081/257 2285/1079/256
f 2290/1080/258 2289/1083/258 2287/1081/257
f 2292/1082/259 2291/1085/261 2289/1083/258
f 2294/1084/260 2293/1087/260 2291/1085/261
f 2296/1086/262 2295/1089/262 2293/1087/260
f 2298/1088/263 2297/1091/263 2295/1089/262
f 2300/1090/264 2299/1093/264 2297/1091/263
f 2302/1092/265 2301/1094/265 2299/1093/264
f 2030/821/113 2029/13/113 2301/1094/265
f 2306/1095/266 2305/1097/266 2303/15/267
f 2308/1096/268 2307/1099/268 2305/1097/266
f 2310/1098/269 2309/1101/269 2307/1099/268
f 2312/1100/270 2311/1103/270 2309/1101/269
f 2314/1102/271 2313/1105/271 2311/1103/270
f 2316/1104/272 2315/1107/272 2313/1105/271
f 2318/1106/273 2317/1109/273 2315/1107/272
f 2320/1108/274 2319/1111/274 2317/1109/273
f 2322/1110/275 2321/1113/275 2319/1111/274
f 2324/1112/276 2323/1115/276 2321/1113/275
f 2326/1114/277 2325/1117/277 2323/1115/276
f 2328/1116/278 2327/1119/278 2325/1117/277
f 2330/1118/279 2329/1121/281 2327/1119/278
f 2332/1120/280 2331/1123/280 2329/1121/281
f 2334/1122/282 2333/1125/282 2331/1123/280
f 2336/1124/283 2335/1127/283 2333/1125/282
f 2338/1126/284 2337/1129/284 2335/1127/283
f 2340/1128/285 2339/1131/285 2337/1129/284
f 2342/1130/286 2341/1133/286 2339/1131/285
f 2344/1132/287 2343/1135/289 2341/1133/286
f 2346/1134/288 2345/1137/288 2343/1135/289
f 2348/1136/290 2347/1139/290 2345/1137/288
f 2350/1138/291 2349/1141/291 2347/1139/290
f 2352/1140/292 2351/1143/292 2349/1141/291
f 2354/1142/293 2353/1145/293 2351/1143/292
f 2356/1144/294 2355/1147/294 2353/1145/293
f 2358/1146/295 2357/1149/295 2355/1147/294
f 2360/1148/296 2359/1151/296 2357/1149/295
f 2362/1150/297 2361/1153/297 2359/1151/296
f 2364/1152/298 2363/1155/298 2361/1153/297
f 2366/1154/299 2365/1157/299 2363/1155/298
f 2368/1156/300 2367/1159/300 2365/1157/299
f 2370/1158/301 2369/1161/303 2367/1159/300
f 2372/1160/302 2371/1163/302 2369/1161/303
f 2374/1162/304 2373/1165/304 2371/1163/302
f 2376/1164/305 2375/1166/305 2373/1165/304
f 2304/821/267 2303/13/267 2375/1166/305
f 2380/1167/306 2379/1169/306 2377/15/307
f 2382/1168/309 2381/1171/309 2379/1169/306
f 2384/1170/310 2383/1173/310 2381/1171/309
f 2386/1172/311 2385/1175/311 2383/1173/310
f 2388/1174/312 2387/1177/312 2385/1175/311
f 2390/1176/313 2389/1179/313 2387/1177/312
f 2392/1178/314 2391/1181/314 2389/1179/313
f 2394/1180/315 2393/1183/315 2391/1181/314
f 2396/1182/316 2395/1185/316 2393/1183/315
f 2398/1184/317 2397/1187/317 2395/1185/316
f 2400/1186/318 2399/1189/318 2397/1187/317
f 2402/1188/319 2401/1191/319 2399/1189/318
f 2404/1190/320 2403/1193/320 2401/1191/319
f 2406/1192/321 2405/1195/321 2403/1193/320
f 2408/1194/322 2407/1197/322 2405/1195/321
f 2410/1196/323 2409/1199/323 2407/1197/322
f 2412/1198/324 2411/1201/324 2409/1199/323
f 2414/1200/325 2413/1203/325 2411/1201/324
f 2416/1202/326 2415/1205/326 2413/1203/325
f 2418/1204/327 2417/1207/327 2415/1205/326
f 2420/1206/328 2419/1209/328 2417/1207/327
f 2422/1208/329 2421/1211/329 2419/1209/328
f 2424/1210/330 2423/1213/330 2421/1211/329
f 2426/1212/331 2425/1215/331 2423/1213/330
f 2428/1214/332 2427/1217/332 2425/1215/331
f 2430/1216/333 2429/1219/333 2427/1217/332
f 2432/1218/334 2431/1221/334 2429/1219/333
f 2434/1220/335 2433/1223/335 2431/1221/334
f 2436/1222/336 2435/1225/336 2433/1223/335
f 2438/1224/337 2437/1227/337 2435/1225/336
f 2440/1226/338 2439/1229/338 2437/1227/337
f 2442/1228/339 2441/1231/339 2439/1229/338
f 2444/1230/340 2443/1233/340 2441/1231/339
f 2446/1232/341 2445/1235/341 2443/1233/340
f 2448/1234/342 2447/1237/342 2445/1235/341
f 2450/1236/219 2449/1239/219 2447/1237/342
f 2452/1238/343 2451/1241/343 2449/1239/219
f 2454/1240/344 2453/1243/344 2451/1241/343
f 2456/1242/345 2455/1245/345 2453/1243/344
f 2458/1244/346 2457/1247/346 2455/1245/345
f 2460/1246/347 2459/1249/347 2457/1247/346
f 2462/1248/348 2461/1251/348 2459/1249/347
f 2464/1250/349 2463/1253/349 2461/1251/348
f 2466/1252/350 2465/1255/350 2463/1253/349
f 2468/1254/351 2467/1257/351 2465/1255/350
f 2470/1256/352 2469/1259/352 2467/1257/351
f 2472/1258/353 2471/1261/353 2469/1259/352
f 2474/1260/354 2473/1263/354 2471/1261/353
f 2476/1262/355 2475/1265/355 2473/1263/354
f 2478/1264/108 2477/1267/108 2475/1265/355
f 2480/1266/356 2479/1269/356 2477/1267/108
f 2482/1268/357 2481/1271/357 2479/1269/356
f 2484/1270/358 2483/1273/358 2481/1271/357
f 2486/1272/359 2485/1275/359 2483/1273/358
f 2488/1274/360 2487/1277/360 2485/1275/359
f 2490/1276/361 2489/1279/361 2487/1277/360
f 2492/1278/362 2491/1281/362 2489/1279/361
f 2494/1280/363 2493/1283/363 2491/1281/362
f 2496/1282/364 2495/1285/364 2493/1283/363
f 2498/1284/365 2497/1287/365 2495/1285/364
f 2500/1286/366 2499/1289/366 2497/1287/365
f 2502/1288/367 2501/1291/367 2499/1289/366
f 2504/1290/368 2503/1293/368 2501/1291/367
f 2506/1292/369 2505/1295/369 2503/1293/368
f 2508/1294/370 2507/1297/370 2505/1295/369
f 2510/1296/371 2509/1299/371 2507/1297/370
f 2512/1298/372 2511/1301/372 2509/1299/371
f 2514/1300/373 2513/1303/373 2511/1301/372
f 2516/1302/374 2515/1305/374 2513/1303/373
f 2518/1304/375 2517/1307/375 2515/1305/374
f 2520/1306/376 2519/1309/376 2517/1307/375
f 2522/1308/377 2521/1311/377 2519/1309/376
f 2524/1310/378 2523/1313/378 2521/1311/377
f 2526/1312/379 2525/1315/379 2523/1313/378
f 2528/1314/380 2527/1317/380 2525/1315/379
f 2530/1316/355 2529/1319/355 2527/1317/380
f 2532/1318/108 2531/1321/108 2529/1319/355
f 2534/1320/381 2533/1323/381 2531/1321/108
f 2536/1322/179 2535/1325/179 2533/1323/381
f 2538/1324/382 2537/1327/382 2535/1325/179
f 2540/1326/383 2539/1329/383 2537/1327/382
f 2542/1328/384 2541/1331/384 2539/1329/383
f 2544/1330/385 2543/1333/385 2541/1331/384
f 2546/1332/386 2545/1335/386 2543/1333/385
f 2548/1334/387 2547/1337/387 2545/1335/386
f 2550/1336/388 2549/1339/390 2547/1337/387
f 2552/1338/389 2551/1341/389 2549/1339/390
f 2554/1340/391 2553/1343/391 2551/1341/389
f 2556/1342/392 2555/1345/392 2553/1343/391
f 2558/1344/393 2557/1347/393 2555/1345/392
f 2560/1346/394 2559/1349/394 2557/1347/393
f 2562/1348/395 2561/1351/395 2559/1349/394
f 2564/1350/396 2563/1353/396 2561/1351/395
f 2566/1352/397 2565/1355/397 2563/1353/396
f 2568/1354/398 2567/1357/398 2565/1355/397
f 2570/1356/399 2569/1359/399 2567/1357/398
f 2572/1358/400 2571/1361/400 2569/1359/399
f 2574/1360/401 2573/1363/401 2571/1361/400
f 2576/1362/402 2575/1365/402 2573/1363/401
f 2578/1364/403 2577/1367/403 2575/1365/402
f 2580/1366/404 2579/1369/404 2577/1367/403
f 2582/1368/405 2581/1371/405 2579/1369/404
f 2584/1370/355 2583/1373/355 2581/1371/405
f 2586/1372/108 2585/1375/108 2583/1373/355
f 2588/1374/109 2587/1377/109 2585/1375/108
f 2590/1376/110 2589/1378/110 2587/1377/109
f 2378/821/308 2377/13/307 2589/1378/110
f 2594/1379/406 2593/1380/406 2591/15/407
f 2596/1095/408 2595/1097/408 2593/1380/406
f 2598/1381/409 2597/1382/409 2595/1097/408
f 2600/1096/410 2599/1099/410 2597/1382/409
f 2602/1383/411 2601/1384/411 2599/1099/410
f 2604/1098/412 2603/1101/412 2601/1384/411
f 2606/1385/413 2605/1386/413 2603/1101/412
f 2608/1100/414 2607/1103/414 2605/1386/413
f 2610/1387/415 2609/1388/415 2607/1103/414
f 2612/1102/416 2611/1105/416 2609/1388/415
f 2614/1389/417 2613/1390/417 2611/1105/416
f 2616/1104/418 2615/1107/418 2613/1390/417
f 2618/1391/419 2617/1392/419 2615/1107/418
f 2620/1106/420 2619/1109/420 2617/1392/419
f 2622/1393/421 2621/1394/421 2619/1109/420
f 2624/1108/422 2623/1111/422 2621/1394/421
f 2626/1395/423 2625/1396/423 2623/1111/422
f 2628/1110/424 2627/1113/424 2625/1396/423
f 2630/1397/425 2629/1398/425 2627/1113/424
f 2632/1112/426 2631/1115/426 2629/1398/425
f 2634/1399/427 2633/1400/427 2631/1115/426
f 2636/1114/428 2635/1117/428 2633/1400/427
f 2638/1401/429 2637/1402/429 2635/1117/428
f 2640/1116/430 2639/1119/430 2637/1402/429
f 2642/1403/431 2641/1404/431 2639/1119/430
f 2644/1118/432 2643/1121/432 2641/1404/431
f 2646/1405/433 2645/1406/433 2643/1121/432
f 2648/1120/434 2647/1123/434 2645/1406/433
f 2650/1407/435 2649/1408/435 2647/1123/434
f 2652/1122/436 2651/1125/436 2649/1408/435
f 2654/1409/312 2653/1410/312 2651/1125/436
f 2656/1124/437 2655/1127/437 2653/1410/312
f 2658/1411/438 2657/1412/438 2655/1127/437
f 2660/1126/439 2659/1129/439 2657/1412/438
f 2662/1413/440 2661/1414/440 2659/1129/439
f 2664/1128/441 2663/1131/441 2661/1414/440
f 2666/722/442 2665/35/442 2663/1131/441
f 2668/1130/443 2667/1133/443 2665/35/442
f 2670/1415/444 2669/1416/444 2667/1133/443
f 2672/1132/445 2671/1135/445 2669/1416/444
f 2674/1417/446 2673/1418/446 2671/1135/445
f 2676/1134/447 2675/1137/447 2673/1418/446
f 2678/1419/448 2677/1420/448 2675/1137/447
f 2680/1136/449 2679/1139/449 2677/1420/448
f 2682/1421/450 2681/1422/450 2679/1139/449
f 2684/1138/451 2683/1141/451 2681/1422/450
f 2686/1423/452 2685/1424/452 2683/1141/451
f 2688/1140/453 2687/1143/453 2685/1424/452
f 2690/1425/454 2689/1426/454 2687/1143/453
f 2692/1142/455 2691/1145/455 2689/1426/454
f 2694/1427/456 2693/1428/456 2691/1145/455
f 2696/1144/457 2695/1147/457 2693/1428/456
f 2698/1429/458 2697/1430/458 2695/1147/457
f 2700/1146/459 2699/1149/459 2697/1430/458
f 2702/1431/460 2701/1432/460 2699/1149/459
f 2704/1148/461 2703/1151/461 2701/1432/460
f 2706/1433/462 2705/1434/462 2703/1151/461
f 2708/1150/463 2707/1153/463 2705/1434/462
f 2710/1435/464 2709/1436/464 2707/1153/463
f 2712/1152/465 2711/1155/465 2709/1436/464
f 2714/1437/466 2713/1438/466 2711/1155/465
f 2716/1154/467 2715/1157/467 2713/1438/466
f 2718/1439/468 2717/1440/468 2715/1157/467
f 2720/1156/469 2719/1159/469 2717/1440/468
f 2722/1441/470 2721/1442/470 2719/1159/469
f 2724/1158/471 2723/1161/471 2721/1442/470
f 2726/1443/472 2725/1444/472 2723/1161/471
f 2728/1160/473 2727/1163/473 2725/1444/472
f 2730/1445/474 2729/1446/474 2727/1163/473
f 2732/1162/475 2731/1165/475 2729/1446/474
f 2734/1447/476 2733/1448/476 2731/1165/475
f 2736/1164/477 2735/1166/477 2733/1448/476
f 2738/1449/478 2737/1450/478 2735/1166/477
f 2592/821/407 2591/13/407 2737/1450/478
f 2742/1451/479 2741/1453/482 2739/15/480
f 2744/1452/481 2743/1455/481 2741/1453/482
f 2746/1454/483 2745/1457/483 2743/1455/481
f 2748/1456/484 2747/1459/484 2745/1457/483
f 2750/1458/485 2749/1461/485 2747/1459/484
f 2752/1460/486 2751/1463/486 2749/1461/485
f 2754/1462/487 2753/1465/489 2751/1463/486
f 2756/1464/488 2755/1467/488 2753/1465/489
f 2758/1466/490 2757/1469/490 2755/1467/488
f 2760/1468/491 2759/1471/491 2757/1469/490
f 2762/1470/492 2761/1473/492 2759/1471/491
f 2764/1472/493 2763/1475/493 2761/1473/492
f 2766/1474/494 2765/1477/494 2763/1475/493
f 2768/1476/495 2767/1479/495 2765/1477/494
f 2770/1478/496 2769/1481/496 2767/1479/495
f 2772/1480/497 2771/1483/497 2769/1481/496
f 2774/1482/498 2773/1485/498 2771/1483/497
f 2776/1484/499 2775/1487/501 2773/1485/498
f 2778/1486/500 2777/1489/500 2775/1487/501
f 2780/1488/502 2779/1491/502 2777/1489/500
f 2782/1490/503 2781/1493/503 2779/1491/502
f 2784/1492/504 2783/1495/504 2781/1493/503
f 2786/1494/505 2785/1497/505 2783/1495/504
f 2788/1496/506 2787/1498/506 2785/1497/505
f 2740/821/480 2739/13/480 2787/1498/506
f 2792/1499/507 2791/310/507 2789/15/508
f 2794/1500/509 2793/311/509 2791/310/507
f 2796/1501/510 2795/313/510 2793/311/509
f 2798/1502/511 2797/314/511 2795/313/510
f 2800/1503/512 2799/316/512 2797/314/511
f 2802/1504/513 2801/317/513 2799/316/512
f 2804/1505/514 2803/319/514 2801/317/513
f 2806/1506/515 2805/320/515 2803/319/514
f 2808/1507/516 2807/321/516 2805/320/515
f 2810/1508/517 2809/323/517 2807/321/516
f 2812/1509/518 2811/322/518 2809/323/517
f 2814/1510/519 2813/318/519 2811/322/518
f 2816/1511/520 2815/315/520 2813/318/519
f 2818/1512/521 2817/312/521 2815/315/520
f 2820/1513/522 2819/309/522 2817/312/521
f 2822/1514/523 2821/308/523 2819/309/522
f 2824/1515/524 2823/300/524 2821/308/523
f 2826/1516/525 2825/292/525 2823/300/524
f 2828/1517/526 2827/284/526 2825/292/525
f 2830/1518/527 2829/282/527 2827/284/526
f 2832/1519/528 2831/279/528 2829/282/527
f 2834/1520/529 2833/277/529 2831/279/528
f 2836/1521/530 2835/275/530 2833/277/529
f 2838/1522/531 2837/272/531 2835/275/530
f 2840/1523/532 2839/266/532 2837/272/531
f 2842/1524/533 2841/260/533 2839/266/532
f 2844/1525/534 2843/252/534 2841/260/533
f 2846/1526/535 2845/242/535 2843/252/534
f 2848/1527/536 2847/240/536 2845/242/535
f 2850/1528/537 2849/238/537 2847/240/536
f 2852/1529/538 2851/236/538 2849/238/537
f 2854/1530/539 2853/234/539 2851/236/538
f 2856/1531/540 2855/232/542 2853/234/539
f 2858/1532/541 2857/228/541 2855/232/542
f 2860/1533/543 2859/230/543 2857/228/541
f 2862/1534/544 2861/229/544 2859/230/543
f 2864/1535/545 2863/231/545 2861/229/544
f 2866/1536/546 2865/233/546 2863/231/545
f 2868/1537/547 2867/235/547 2865/233/546
f 2870/1538/548 2869/237/548 2867/235/547
f 2872/1539/549 2871/239/549 2869/237/548
f 2874/1540/550 2873/241/550 2871/239/549
f 2876/1541/551 2875/250/551 2873/241/550
f 2878/1542/552 2877/261/552 2875/250/551
f 2880/1543/553 2879/267/553 2877/261/552
f 2882/1544/554 2881/274/554 2879/267/553
f 2884/1545/555 2883/276/555 2881/274/554
f 2886/1546/556 2885/278/556 2883/276/555
f 2888/722/557 2887/35/557 2885/278/556
f 2890/1547/558 2889/280/558 2887/35/557
f 2892/1548/559 2891/281/559 2889/280/558
f 2894/1549/560 2893/283/560 2891/281/559
f 2896/1550/561 2895/285/561 2893/283/560
f 2898/1551/562 2897/289/562 2895/285/561
f 2900/1552/563 2899/293/563 2897/289/562
f 2902/1553/564 2901/296/564 2899/293/563
f 2904/1554/565 2903/298/565 2901/296/564
f 2906/1555/566 2905/302/566 2903/298/565
f 2908/1556/567 2907/304/567 2905/302/566
f 2910/1557/568 2909/307/568 2907/304/567
f 2912/1558/153 2911/306/153 2909/307/568
f 2914/1559/569 2913/305/569 2911/306/153
f 2916/1560/570 2915/303/570 2913/305/569
f 2918/1561/571 2917/301/571 2915/303/570
f 2920/1562/572 2919/299/572 2917/301/571
f 2922/1563/573 2921/297/573 2919/299/572
f 2924/1564/574 2923/295/576 2921/297/573
f 2926/1565/575 2925/294/575 2923/295/576
f 2928/1566/577 2927/291/577 2925/294/575
f 2930/1567/578 2929/290/578 2927/291/577
f 2932/1568/579 2931/286/579 2929/290/578
f 2934/1569/580 2933/288/580 2931/286/579
f 2936/1570/581 2935/287/581 2933/288/580
f 2938/1571/582 2937/271/582 2935/287/581
f 2940/1572/583 2939/269/583 2937/271/582
f 2942/1573/584 2941/265/584 2939/269/583
f 2944/1574/585 2943/263/585 2941/265/584
f 2946/1575/586 2945/259/586 2943/263/585
f 2948/1576/587 2947/257/587 2945/259/586
f 2950/1577/588 2949/255/588 2947/257/587
f 2952/1578/589 2951/253/589 2949/255/588
f 2954/1579/590 2953/249/590 2951/253/589
f 2956/1580/591 2955/247/591 2953/249/590
f 2958/1581/592 2957/245/592 2955/247/591
f 2960/1582/593 2959/243/593 2957/245/592
f 2962/1583/594 2961/244/594 2959/243/593
f 2964/1584/595 2963/246/595 2961/244/594
f 2966/1585/596 2965/248/596 2963/246/595
f 2968/1586/597 2967/251/597 2965/248/596
f 2970/1587/598 2969/254/598 2967/251/597
f 2972/1588/599 2971/256/599 2969/254/598
f 2974/1589/600 2973/258/600 2971/256/599
f 2976/1590/601 2975/262/601 2973/258/600
f 2978/1591/602 2977/264/602 2975/262/601
f 2980/1592/603 2979/268/603 2977/264/602
f 2982/1593/604 2981/270/604 2979/268/603
f 2984/1594/605 2983/273/605 2981/270/604
f 2790/821/508 2789/13/508 2983/273/605
f 2988/1595/109 2987/1596/109 2985/15/108
f 2990/722/110 2989/35/110 2987/1596/109
f 2992/1597/355 2991/1598/355 2989/35/110
f 2986/821/108 2985/13/108 2991/1598/355
f 2996/1379/406 2995/1380/406 2993/15/407
f 2998/1095/408 2997/1097/408 2995/1380/406
f 3000/1381/409 2999/1382/409 2997/1097/408
f 3002/1096/410 3001/1099/410 2999/1382/409
f 3004/1383/411 3003/1384/411 3001/1099/410
f 3006/1098/412 3005/1101/412 3003/1384/411
f 3008/1385/413 3007/1386/413 3005/1101/412
f 3010/1100/414 3009/1103/414 3007/1386/413
f 3012/1387/415 3011/1388/415 3009/1103/414
f 3014/1102/416 3013/1105/416 3011/1388/415
f 3016/1389/417 3015/1390/417 3013/1105/416
f 3018/1104/418 3017/1107/418 3015/1390/417
f 3020/1391/419 3019/1392/419 3017/1107/418
f 3022/1106/420 3021/1109/420 3019/1392/419
f 3024/1393/421 3023/1394/421 3021/1109/420
f 3026/1108/422 3025/1111/422 3023/1394/421
f 3028/1395/423 3027/1396/423 3025/1111/422
f 3030/1110/424 3029/1113/424 3027/1396/423
f 3032/1397/425 3031/1398/425 3029/1113/424
f 3034/1112/426 3033/1115/426 3031/1398/425
f 3036/1399/427 3035/1400/427 3033/1115/426
f 3038/1114/428 3037/1117/428 3035/1400/427
f 3040/1401/429 3039/1402/429 3037/1117/428
f 3042/1116/430 3041/1119/430 3039/1402/429
f 3044/1403/431 3043/1404/431 3041/1119/430
f 3046/1118/432 3045/1121/432 3043/1404/431
f 3048/1405/433 3047/1406/433 3045/1121/432
f 3050/1120/434 3049/1123/434 3047/1406/433
f 3052/1407/435 3051/1408/435 3049/1123/434
f 3054/1122/436 3053/1125/436 3051/1408/435
f 3056/1409/312 3055/1410/312 3053/1125/436
f 3058/1124/437 3057/1127/437 3055/1410/312
f 3060/1411/438 3059/1412/438 3057/1127/437
f 3062/1126/439 3061/1129/439 3059/1412/438
f 3064/1413/440 3063/1414/440 3061/1129/439
f 3066/1128/441 3065/1131/441 3063/1414/440
f 3068/722/442 3067/35/442 3065/1131/441
f 3070/1130/443 3069/1133/443 3067/35/442
f 3072/1415/444 3071/1416/444 3069/1133/443
f 3074/1132/445 3073/1135/445 3071/1416/444
f 3076/1417/446 3075/1418/446 3073/1135/445
f 3078/1134/447 3077/1137/447 3075/1418/446
f 3080/1419/448 3079/1420/448 3077/1137/447
f 3082/1136/449 3081/1139/449 3079/1420/448
f 3084/1421/450 3083/1422/450 3081/1139/449
f 3086/1138/451 3085/1141/451 3083/1422/450
f 3088/1423/452 3087/1424/452 3085/1141/451
f 3090/1140/453 3089/1143/453 3087/1424/452
f 3092/1425/454 3091/1426/454 3089/1143/453
f 3094/1142/455 3093/1145/455 3091/1426/454
f 3096/1427/456 3095/1428/456 3093/1145/455
f 3098/1144/457 3097/1147/457 3095/1428/456
f 3100/1429/458 3099/1430/458 3097/1147/457
f 3102/1146/459 3101/1149/459 3099/1430/458
f 3104/1431/460 3103/1432/460 3101/1149/459
f 3106/1148/461 3105/1151/461 3103/1432/460
f 3108/1433/462 3107/1434/462 3105/1151/461
f 3110/1150/463 3109/1153/463 3107/1434/462
f 3112/1435/464 3111/1436/464 3109/1153/463
f 3114/1152/465 3113/1155/465 3111/1436/464
f 3116/1437/466 3115/1438/466 3113/1155/465
f 3118/1154/467 3117/1157/467 3115/1438/466
f 3120/1439/468 3119/1440/468 3117/1157/467
f 3122/1156/469 3121/1159/469 3119/1440/468
f 3124/1441/470 3123/1442/470 3121/1159/469
f 3126/1158/471 3125/1161/471 3123/1442/470
f 3128/1443/472 3127/1444/472 3125/1161/471
f 3130/1160/473 3129/1163/473 3127/1444/472
f 3132/1445/474 3131/1446/474 3129/1163/473
f 3134/1162/475 3133/1165/475 3131/1446/474
f 3136/1447/476 3135/1448/476 3133/1165/475
f 3138/1164/477 3137/1166/477 3135/1448/476
f 3140/1449/478 3139/1450/478 3137/1166/477
f 2994/821/407 2993/13/407 3139/1450/478
f 3144/1451/479 3143/1453/482 3141/15/480
f 3146/1452/481 3145/1455/481 3143/1453/482
f 3148/1454/483 3147/1457/483 3145/1455/481
f 3150/1456/484 3149/1459/484 3147/1457/483
f 3152/1458/485 3151/1461/485 3149/1459/484
f 3154/1460/486 3153/1463/486 3151/1461/485
f 3156/1462/487 3155/1465/489 3153/1463/486
f 3158/1464/488 3157/1467/488 3155/1465/489
f 3160/1466/490 3159/1469/490 3157/1467/488
f 3162/1468/491 3161/1471/491 3159/1469/490
f 3164/1470/492 3163/1473/492 3161/1471/491
f 3166/1472/493 3165/1475/493 3163/1473/492
f 3168/1474/494 3167/1477/494 3165/1475/493
f 3170/1476/495 3169/1479/495 3167/1477/494
f 3172/1478/496 3171/1481/496 3169/1479/495
f 3174/1480/497 3173/1483/497 3171/1481/496
f 3176/1482/498 3175/1485/498 3173/1483/497
f 3178/1484/499 3177/1487/501 3175/1485/498
f 3180/1486/500 3179/1489/500 3177/1487/501
f 3182/1488/502 3181/1491/502 3179/1489/500
f 3184/1490/503 3183/1493/503 3181/1491/502
f 3186/1492/504 3185/1495/504 3183/1493/503
f 3188/1494/505 3187/1497/505 3185/1495/504
f 3190/1496/506 3189/1498/506 3187/1497/505
f 3142/821/480 3141/13/480 3189/1498/506
f 3194/823/112 3193/825/112 3191/15/113
f 3196/824/114 3195/827/114 3193/825/112
f 3198/826/115 3197/829/115 3195/827/114
f 3200/828/116 3199/831/116 3197/829/115
f 3202/830/117 3201/833/117 3199/831/116
f 3204/832/118 3203/835/118 3201/833/117
f 3206/834/119 3205/837/119 3203/835/118
f 3208/836/120 3207/839/606 3205/837/119
f 3210/838/121 3209/841/121 3207/839/606
f 3212/840/122 3211/843/122 3209/841/121
f 3214/842/123 3213/845/123 3211/843/122
f 3216/844/124 3215/847/124 3213/845/123
f 3218/846/125 3217/849/125 3215/847/124
f 3220/848/126 3219/851/607 3217/849/125
f 3222/850/127 3221/853/127 3219/851/607
f 3224/852/128 3223/855/130 3221/853/127
f 3226/854/129 3225/857/129 3223/855/130
f 3228/856/131 3227/859/131 3225/857/129
f 3230/858/132 3229/861/132 3227/859/131
f 3232/860/133 3231/863/135 3229/861/132
f 3234/862/137 3233/865/137 3231/863/135
f 3236/864/136 3235/867/139 3233/865/137
f 3238/866/138 3237/869/138 3235/867/139
f 3240/868/140 3239/871/140 3237/869/138
f 3242/870/141 3241/873/141 3239/871/140
f 3244/872/144 3243/875/142 3241/873/141
f 3246/874/143 3245/877/143 3243/875/142
f 3248/876/145 3247/879/145 3245/877/143
f 3250/878/146 3249/881/146 3247/879/145
f 3252/880/147 3251/883/147 3249/881/146
f 3254/882/148 3253/885/148 3251/883/147
f 3256/884/149 3255/887/149 3253/885/148
f 3258/886/150 3257/889/150 3255/887/149
f 3260/888/151 3259/891/151 3257/889/150
f 3262/890/152 3261/893/152 3259/891/151
f 3264/892/153 3263/895/153 3261/893/152
f 3266/894/154 3265/897/154 3263/895/153
f 3268/896/155 3267/899/155 3265/897/154
f 3270/898/156 3269/901/156 3267/899/155
f 3272/900/157 3271/903/157 3269/901/156
f 3274/902/158 3273/905/158 3271/903/157
f 3276/904/159 3275/907/159 3273/905/158
f 3278/906/160 3277/909/160 3275/907/159
f 3280/908/161 3279/911/161 3277/909/160
f 3282/910/162 3281/913/162 3279/911/161
f 3284/912/608 3283/915/163 3281/913/162
f 3286/914/164 3285/917/164 3283/915/163
f 3288/916/165 3287/919/165 3285/917/164
f 3290/918/166 3289/921/166 3287/919/165
f 3292/920/167 3291/923/167 3289/921/166
f 3294/922/168 3293/925/168 3291/923/167
f 3296/924/169 3295/927/169 3293/925/168
f 3298/926/170 3297/929/170 3295/927/169
f 3300/928/171 3299/931/171 3297/929/170
f 3302/930/172 3301/933/172 3299/931/171
f 3304/932/173 3303/935/173 3301/933/172
f 3306/934/174 3305/937/174 3303/935/173
f 3308/936/175 3307/939/175 3305/937/174
f 3310/938/176 3309/941/176 3307/939/175
f 3312/940/177 3311/943/177 3309/941/176
f 3314/942/178 3313/945/178 3311/943/177
f 3316/944/179 3315/947/179 3313/945/178
f 3318/946/180 3317/949/180 3315/947/179
f 3320/948/181 3319/951/181 3317/949/180
f 3322/950/182 3321/953/182 3319/951/181
f 3324/952/183 3323/955/183 3321/953/182
f 3326/954/185 3325/957/609 3323/955/183
f 3328/956/186 3327/959/186 3325/957/609
f 3330/958/187 3329/961/187 3327/959/186
f 3332/960/188 3331/963/188 3329/961/187
f 3334/962/189 3333/965/189 3331/963/188
f 3336/964/190 3335/967/190 3333/965/189
f 3338/966/191 3337/969/191 3335/967/190
f 3340/968/192 3339/971/192 3337/969/191
f 3342/970/193 3341/973/193 3339/971/192
f 3344/972/194 3343/975/196 3341/973/193
f 3346/974/195 3345/977/195 3343/975/196
f 3348/976/197 3347/979/197 3345/977/195
f 3350/978/198 3349/981/198 3347/979/197
f 3352/980/199 3351/983/199 3349/981/198
f 3354/982/200 3353/985/200 3351/983/199
f 3356/984/203 3355/987/201 3353/985/200
f 3358/986/202 3357/989/202 3355/987/201
f 3360/988/204 3359/991/204 3357/989/202
f 3362/990/205 3361/993/205 3359/991/204
f 3364/992/206 3363/995/208 3361/993/205
f 3366/994/207 3365/997/207 3363/995/208
f 3368/996/209 3367/999/209 3365/997/207
f 3370/998/210 3369/1001/210 3367/999/209
f 3372/1000/211 3371/1003/211 3369/1001/210
f 3374/1002/212 3373/1005/212 3371/1003/211
f 3376/1004/213 3375/1007/213 3373/1005/212
f 3378/1006/214 3377/1009/214 3375/1007/213
f 3380/1008/215 3379/1011/215 3377/1009/214
f 3382/1010/216 3381/1013/216 3379/1011/215
f 3384/1012/217 3383/1015/217 3381/1013/216
f 3386/1014/218 3385/1017/218 3383/1015/217
f 3388/1016/219 3387/1019/219 3385/1017/218
f 3390/1018/220 3389/1021/220 3387/1019/219
f 3392/1020/221 3391/1023/221 3389/1021/220
f 3394/1022/222 3393/1025/610 3391/1023/221
f 3396/1024/223 3395/1027/611 3393/1025/610
f 3398/1026/224 3397/1029/224 3395/1027/611
f 3400/1028/225 3399/1031/225 3397/1029/224
f 3402/1030/226 3401/1033/226 3399/1031/225
f 3404/1032/227 3403/1035/227 3401/1033/226
f 3406/1034/228 3405/1037/228 3403/1035/227
f 3408/1036/229 3407/1039/229 3405/1037/228
f 3410/1038/230 3409/1041/230 3407/1039/229
f 3412/1040/231 3411/1043/231 3409/1041/230
f 3414/1042/232 3413/1045/234 3411/1043/231
f 3416/1044/612 3415/1047/233 3413/1045/234
f 3418/1046/613 3417/1049/235 3415/1047/233
f 3420/1048/236 3419/1051/236 3417/1049/235
f 3422/1050/237 3421/1053/239 3419/1051/236
f 3424/1052/238 3423/1055/241 3421/1053/239
f 3426/1054/240 3425/1057/614 3423/1055/241
f 3428/1056/244 3427/1059/242 3425/1057/614
f 3430/1058/246 3429/1061/246 3427/1059/242
f 3432/1060/245 3431/1063/245 3429/1061/246
f 3434/1062/247 3433/1065/247 3431/1063/245
f 3436/1064/249 3435/1067/249 3433/1065/247
f 3438/1066/250 3437/1069/250 3435/1067/249
f 3440/1068/251 3439/1071/251 3437/1069/250
f 3442/1070/252 3441/1073/252 3439/1071/251
f 3444/1072/255 3443/1075/255 3441/1073/252
f 3446/1074/254 3445/1077/254 3443/1075/255
f 3448/1076/256 3447/1079/615 3445/1077/254
f 3450/1078/257 3449/1081/257 3447/1079/615
f 3452/1080/258 3451/1083/258 3449/1081/257
f 3454/1082/259 3453/1085/259 3451/1083/258
f 3456/1084/260 3455/1087/260 3453/1085/259
f 3458/1086/262 3457/1089/262 3455/1087/260
f 3460/1088/616 3459/1091/616 3457/1089/262
f 3462/1090/264 3461/1093/264 3459/1091/616
f 3464/1092/265 3463/1094/265 3461/1093/264
f 3192/821/113 3191/13/113 3463/1094/265
f 3468/1095/266 3467/1097/266 3465/15/267
f 3470/1096/268 3469/1099/268 3467/1097/266
f 3472/1098/269 3471/1101/269 3469/1099/268
f 3474/1100/270 3473/1103/270 3471/1101/269
f 3476/1102/271 3475/1105/271 3473/1103/270
f 3478/1104/272 3477/1107/272 3475/1105/271
f 3480/1106/273 3479/1109/273 3477/1107/272
f 3482/1108/274 3481/1111/274 3479/1109/273
f 3484/1110/275 3483/1113/275 3481/1111/274
f 3486/1112/276 3485/1115/276 3483/1113/275
f 3488/1114/277 3487/1117/277 3485/1115/276
f 3490/1116/278 3489/1119/278 3487/1117/277
f 3492/1118/281 3491/1121/279 3489/1119/278
f 3494/1120/280 3493/1123/280 3491/1121/279
f 3496/1122/282 3495/1125/617 3493/1123/280
f 3498/1124/283 3497/1127/283 3495/1125/617
f 3500/1126/284 3499/1129/284 3497/1127/283
f 3502/1128/285 3501/1131/285 3499/1129/284
f 3504/1130/286 3503/1133/286 3501/1131/285
f 3506/1132/287 3505/1135/287 3503/1133/286
f 3508/1134/288 3507/1137/288 3505/1135/287
f 3510/1136/290 3509/1139/290 3507/1137/288
f 3512/1138/291 3511/1141/291 3509/1139/290
f 3514/1140/292 3513/1143/292 3511/1141/291
f 3516/1142/293 3515/1145/293 3513/1143/292
f 3518/1144/294 3517/1147/294 3515/1145/293
f 3520/1146/295 3519/1149/295 3517/1147/294
f 3522/1148/296 3521/1151/296 3519/1149/295
f 3524/1150/297 3523/1153/297 3521/1151/296
f 3526/1152/298 3525/1155/298 3523/1153/297
f 3528/1154/299 3527/1157/299 3525/1155/298
f 3530/1156/300 3529/1159/300 3527/1157/299
f 3532/1158/301 3531/1161/303 3529/1159/300
f 3534/1160/302 3533/1163/302 3531/1161/303
f 3536/1162/304 3535/1165/304 3533/1163/302
f 3538/1164/305 3537/1166/305 3535/1165/304
f 3466/821/267 3465/13/267 3537/1166/305
f 3542/1599/618 3541/1601/618 3539/15/110
f 3544/1600/619 3543/1603/619 3541/1601/618
f 3546/1602/620 3545/1605/620 3543/1603/619
f 3548/1604/621 3547/1607/621 3545/1605/620
f 3550/1606/622 3549/1609/622 3547/1607/621
f 3552/1608/623 3551/1611/623 3549/1609/622
f 3554/1610/624 3553/1613/626 3551/1611/623
f 3556/1612/625 3555/1615/625 3553/1613/626
f 3558/1614/627 3557/1617/627 3555/1615/625
f 3560/1616/628 3559/1618/628 3557/1617/627
f 3562/1458/629 3561/1461/629 3559/1618/628
f 3564/1619/630 3563/1621/630 3561/1461/629
f 3566/1620/631 3565/1623/631 3563/1621/630
f 3568/1622/632 3567/1625/632 3565/1623/631
f 3570/1624/633 3569/1627/633 3567/1625/632
f 3572/1626/634 3571/1629/636 3569/1627/633
f 3574/1628/635 3573/1631/635 3571/1629/636
f 3576/1630/637 3575/1633/637 3573/1631/635
f 3578/1632/638 3577/1635/638 3575/1633/637
f 3580/1634/639 3579/1637/639 3577/1635/638
f 3582/1636/640 3581/1638/640 3579/1637/639
f 3584/1468/641 3583/1471/641 3581/1638/640
f 3586/1639/642 3585/1641/642 3583/1471/641
f 3588/1640/643 3587/1643/643 3585/1641/642
f 3590/1642/644 3589/1645/644 3587/1643/643
f 3592/1644/645 3591/1647/645 3589/1645/644
f 3594/1646/646 3593/1649/648 3591/1647/645
f 3596/1648/647 3595/1651/650 3593/1649/648
f 3598/1650/649 3597/1653/649 3595/1651/650
f 3600/1652/651 3599/1655/653 3597/1653/649
f 3602/1654/652 3601/1657/655 3599/1655/653
f 3604/1656/654 3603/1658/654 3601/1657/655
f 3606/1478/656 3605/1481/656 3603/1658/654
f 3608/1659/657 3607/1661/657 3605/1481/656
f 3610/1660/658 3609/1663/658 3607/1661/657
f 3612/1662/659 3611/1665/659 3609/1663/658
f 3614/1664/660 3613/1667/660 3611/1665/659
f 3616/1666/661 3615/1669/661 3613/1667/660
f 3618/1668/662 3617/1671/662 3615/1669/661
f 3620/1670/663 3619/1673/663 3617/1671/662
f 3622/1672/664 3621/1675/664 3619/1673/663
f 3624/1674/665 3623/1677/665 3621/1675/664
f 3626/1676/666 3625/1678/666 3623/1677/665
f 3628/1488/667 3627/1491/667 3625/1678/666
f 3630/1679/668 3629/1681/668 3627/1491/667
f 3632/1680/669 3631/1683/669 3629/1681/668
f 3634/1682/670 3633/1685/670 3631/1683/669
f 3636/1684/671 3635/1687/671 3633/1685/670
f 3638/1686/672 3637/1689/672 3635/1687/671
f 3640/1688/673 3639/1691/673 3637/1689/672
f 3642/1690/355 3641/1693/355 3639/1691/673
f 3644/1692/108 3643/1695/108 3641/1693/355
f 3646/1694/109 3645/1697/109 3643/1695/108
f 3648/1696/110 3647/1698/110 3645/1697/109
f 3540/821/110 3539/13/110 3647/1698/110
